1.828799962997400108e+00,1.459659695625300069e+00,1.828799962997400108e+00,1.459657907486000106e+00
1.459659695625300069e+00,1.108602285385100084e+00,1.459657907486000106e+00,1.108598113060000001e+00
1.108602285385100084e+00,8.128104209899900123e-01,1.108598113060000001e+00,8.128026723861699887e-01
8.128104209899900123e-01,5.879647731781000308e-01,8.128026723861699887e-01,5.879536271095300304e-01
5.879647731781000308e-01,4.300633072853100036e-01,5.879536271095300304e-01,4.300502836704300225e-01
4.300633072853100036e-01,3.252423405647300036e-01,4.300502836704300225e-01,3.252282142639200124e-01
3.252423405647300036e-01,2.582325935363800062e-01,3.252282142639200124e-01,2.582184672355700150e-01
2.582325935363800062e-01,2.164212465286300124e-01,2.582184672355700150e-01,2.164081186056099892e-01
2.164212465286300124e-01,1.907265633344699951e-01,2.164081186056099892e-01,1.907146126031900035e-01
1.907265633344699951e-01,1.750836968421899953e-01,1.907146126031900035e-01,1.750726550817499894e-01
1.750836968421899953e-01,1.656147539615600017e-01,1.750726550817499894e-01,1.656042635440800048e-01
1.656147539615600017e-01,1.599029451608700025e-01,1.656042635440800048e-01,1.598926782608000030e-01
1.599029451608700025e-01,1.564648747444200017e-01,1.598926782608000030e-01,1.564545184373900000e-01
1.564648747444200017e-01,1.543986499309500104e-01,1.564545184373900000e-01,1.543874591589000089e-01
1.543986499309500104e-01,1.531606465578100040e-01,1.543874591589000089e-01,1.531456708908099928e-01
1.531606465578100040e-01,1.524206697940800048e-01,1.531456708908099928e-01,1.524000018835099945e-01
1.524206697940800048e-01,1.516387313604400100e-01,1.524000018835099945e-01,1.516180485487000074e-01
1.516387313604400100e-01,1.502273231744800097e-01,1.516180485487000074e-01,1.502066552639000074e-01
1.502273231744800097e-01,1.483794450759899908e-01,1.502066552639000074e-01,1.483587622642499881e-01
1.483794450759899908e-01,1.445675045251799962e-01,1.483587622642499881e-01,1.445468366146100136e-01
1.445675045251799962e-01,1.384223699569699928e-01,1.445468366146100136e-01,1.383994519710499971e-01
1.384223699569699928e-01,1.321125924587200073e-01,1.383994519710499971e-01,1.320905387401599962e-01
1.321125924587200073e-01,1.256541758775699957e-01,1.320905387401599962e-01,1.256320178508799901e-01
1.256541758775699957e-01,1.190614476800000016e-01,1.256320178508799901e-01,1.190392896533000039e-01
1.190614476800000016e-01,1.123498156666799946e-01,1.190392896533000039e-01,1.123281493783000046e-01
1.123498156666799946e-01,1.055361852049799959e-01,1.123281493783000046e-01,1.055155172944099995e-01
1.055361852049799959e-01,9.863831102848100163e-02,1.055155172944099995e-01,9.861934930086099782e-02
9.863831102848100163e-02,9.167559444904299637e-02,9.861934930086099782e-02,9.165872633457200491e-02
9.167559444904299637e-02,8.466828614473299874e-02,9.165872633457200491e-02,8.465387672185900603e-02
8.466828614473299874e-02,7.763720303773899434e-02,8.465387672185900603e-02,7.762569934129699700e-02
7.763720303773899434e-02,7.060331106185900596e-02,7.762569934129699700e-02,7.059536874294300435e-02
7.060331106185900596e-02,6.358800083398799541e-02,7.059536874294300435e-02,6.358443200588199951e-02
6.358800083398799541e-02,5.661326274275799847e-02,6.358443200588199951e-02,5.661460384726500067e-02
5.661326274275799847e-02,4.970234632492100124e-02,5.661460384726500067e-02,4.970748350024199735e-02
4.970234632492100124e-02,4.287476465106000029e-02,4.970748350024199735e-02,4.288352653384199659e-02
4.287476465106000029e-02,3.614962473511700025e-02,4.288352653384199659e-02,3.616214171051999882e-02
3.614962473511700025e-02,2.954507805407000087e-02,3.616214171051999882e-02,2.956181205809100057e-02
2.954507805407000087e-02,2.307854779064700060e-02,2.956181205809100057e-02,2.310004644095900103e-02
2.307854779064700060e-02,1.676582172513000138e-02,2.310004644095900103e-02,1.679352112114399984e-02
1.676582172513000138e-02,1.062333770096299951e-02,1.679352112114399984e-02,1.066020783036900066e-02
1.062333770096299951e-02,5.923112388700199973e-03,1.066020783036900066e-02,5.966170690953700312e-03
5.923112388700199973e-03,3.440499771386400143e-03,5.966170690953700312e-03,3.503297921270099972e-03
3.440499771386400143e-03,1.966375391930300087e-03,3.503297921270099972e-03,2.055707620456800021e-03
1.966375391930300087e-03,1.021008938550900091e-03,2.055707620456800021e-03,1.153160934336499958e-03
1.021008938550900091e-03,3.752287302631899992e-04,1.153160934336499958e-03,5.803121021017399687e-04
3.752287302631899992e-04,-7.485702371923300374e-05,5.803121021017399687e-04,2.307210816070400026e-04
-7.485702371923300374e-05,-3.535000723786699793e-04,2.307210816070400026e-04,5.135254832566700192e-05
-3.535000723786699793e-04,-4.476513713598300132e-04,5.135254832566700192e-05,0.000000000000000000e+00
-4.476513713598300132e-04,-3.535000432748299816e-04,0.000000000000000000e+00,5.135254832566700192e-05
-3.535000432748299816e-04,-7.485689275199499976e-05,5.135254832566700192e-05,2.307210670551300055e-04
-7.485689275199499976e-05,3.752293414436300243e-04,2.307210670551300055e-04,5.803121021017399687e-04
3.752293414436300243e-04,1.021011034026699914e-03,5.803121021017399687e-04,1.153163029812299999e-03
1.021011034026699914e-03,1.966376556083599889e-03,1.153163029812299999e-03,2.055708551779399790e-03
1.966376556083599889e-03,3.440500702708999912e-03,2.055708551779399790e-03,3.503298852592700175e-03
3.440500702708999912e-03,5.923113320022799742e-03,3.503298852592700175e-03,5.966171622276300081e-03
5.923113320022799742e-03,1.062333863228600087e-02,5.966171622276300081e-03,1.066020876169200028e-02
1.062333863228600087e-02,1.676582172513000138e-02,1.066020876169200028e-02,1.679352112114399984e-02
1.676582172513000138e-02,2.307854965329200064e-02,1.679352112114399984e-02,2.310004644095900103e-02
2.307854965329200064e-02,2.954507991671600012e-02,2.310004644095900103e-02,2.956181392073600062e-02
2.954507991671600012e-02,3.614962473511700025e-02,2.956181392073600062e-02,3.616214171051999882e-02
3.614962473511700025e-02,4.287476465106000029e-02,3.616214171051999882e-02,4.288352653384199659e-02
4.287476465106000029e-02,4.970234632492100124e-02,4.288352653384199659e-02,4.970748350024199735e-02
4.970234632492100124e-02,5.661326274275799847e-02,4.970748350024199735e-02,5.661460384726500067e-02
5.661326274275799847e-02,6.358800083398799541e-02,5.661460384726500067e-02,6.358443200588199951e-02
6.358800083398799541e-02,7.060331106185900596e-02,6.358443200588199951e-02,7.059536874294300435e-02
7.060331106185900596e-02,7.763720303773899434e-02,7.059536874294300435e-02,7.762569934129699700e-02
7.763720303773899434e-02,8.466828614473299874e-02,7.762569934129699700e-02,8.465387672185900603e-02
8.466828614473299874e-02,9.167559444904299637e-02,8.465387672185900603e-02,9.165873378515200509e-02
9.167559444904299637e-02,9.863831847906100181e-02,9.165873378515200509e-02,9.861934930086099782e-02
9.863831847906100181e-02,1.055361852049799959e-01,9.861934930086099782e-02,1.055155172944099995e-01
1.055361852049799959e-01,1.123498156666799946e-01,1.055155172944099995e-01,1.123281493783000046e-01
1.123498156666799946e-01,1.190614476800000016e-01,1.123281493783000046e-01,1.190392896533000039e-01
1.190614476800000016e-01,1.256541758775699957e-01,1.190392896533000039e-01,1.256320178508799901e-01
1.256541758775699957e-01,1.321125924587200073e-01,1.256320178508799901e-01,1.320905387401599962e-01
1.321125924587200073e-01,1.384223699569699928e-01,1.320905387401599962e-01,1.383994519710499971e-01
1.384223699569699928e-01,1.445675045251799962e-01,1.383994519710499971e-01,1.445468366146100136e-01
1.445675045251799962e-01,1.483794450759899908e-01,1.445468366146100136e-01,1.483587622642499881e-01
1.483794450759899908e-01,1.502273231744800097e-01,1.483587622642499881e-01,1.502066552639000074e-01
1.502273231744800097e-01,1.516387313604400100e-01,1.502066552639000074e-01,1.516180485487000074e-01
1.516387313604400100e-01,1.524206697940800048e-01,1.516180485487000074e-01,1.524000018835099945e-01
1.524206697940800048e-01,1.531606465578100040e-01,1.524000018835099945e-01,1.531456708908099928e-01
1.531606465578100040e-01,1.543986499309500104e-01,1.531456708908099928e-01,1.543874591589000089e-01
1.543986499309500104e-01,1.564648747444200017e-01,1.543874591589000089e-01,1.564545184373900000e-01
1.564648747444200017e-01,1.599029451608700025e-01,1.564545184373900000e-01,1.598926782608000030e-01
1.599029451608700025e-01,1.656147539615600017e-01,1.598926782608000030e-01,1.656042635440800048e-01
1.656147539615600017e-01,1.750836968421899953e-01,1.656042635440800048e-01,1.750726550817499894e-01
1.750836968421899953e-01,1.907265633344699951e-01,1.750726550817499894e-01,1.907146126031900035e-01
1.907265633344699951e-01,2.164212465286300124e-01,1.907146126031900035e-01,2.164081186056099892e-01
2.164212465286300124e-01,2.582325935363800062e-01,2.164081186056099892e-01,2.582184672355700150e-01
2.582325935363800062e-01,3.252423405647300036e-01,2.582184672355700150e-01,3.252282142639200124e-01
3.252423405647300036e-01,4.300633072853100036e-01,3.252282142639200124e-01,4.300502836704300225e-01
4.300633072853100036e-01,5.879647731781000308e-01,4.300502836704300225e-01,5.879536271095300304e-01
5.879647731781000308e-01,8.128104209899900123e-01,5.879536271095300304e-01,8.128026723861699887e-01
8.128104209899900123e-01,1.108602285385100084e+00,8.128026723861699887e-01,1.108598113060000001e+00
1.108602285385100084e+00,1.459659695625300069e+00,1.108598113060000001e+00,1.459657907486000106e+00
1.459659695625300069e+00,1.828799962997400108e+00,1.459657907486000106e+00,1.828799962997400108e+00
1.828799962997400108e+00,1.459664106368999903e+00,1.828799962997400108e+00,1.459659695625300069e+00
1.459664106368999903e+00,1.108612298965500065e+00,1.459659695625300069e+00,1.108602285385100084e+00
1.108612298965500065e+00,8.128294944763200247e-01,1.108602285385100084e+00,8.128104209899900123e-01
8.128294944763200247e-01,5.879947543144200539e-01,8.128104209899900123e-01,5.879647731781000308e-01
5.879947543144200539e-01,4.301033020019500164e-01,5.879647731781000308e-01,4.300633072853100036e-01
4.301033020019500164e-01,3.252899944782299824e-01,4.300633072853100036e-01,3.252423405647300036e-01
3.252899944782299824e-01,2.582810819149000126e-01,3.252423405647300036e-01,2.582325935363800062e-01
2.582810819149000126e-01,2.164664864540100098e-01,2.582325935363800062e-01,2.164212465286300124e-01
2.164664864540100098e-01,1.907677352428399919e-01,2.164212465286300124e-01,1.907265633344699951e-01
1.907677352428399919e-01,1.751215308904600088e-01,1.907265633344699951e-01,1.750836968421899953e-01
1.751215308904600088e-01,1.656504720449399892e-01,1.750836968421899953e-01,1.656147539615600017e-01
1.656504720449399892e-01,1.599377244710900037e-01,1.656147539615600017e-01,1.599029451608700025e-01
1.599377244710900037e-01,1.564996391534800024e-01,1.599029451608700025e-01,1.564648747444200017e-01
1.564996391534800024e-01,1.544345319271100136e-01,1.564648747444200017e-01,1.543986499309500104e-01
1.544345319271100136e-01,1.531979888677600099e-01,1.543986499309500104e-01,1.531606465578100040e-01
1.531979888677600099e-01,1.524508744478199895e-01,1.531606465578100040e-01,1.524206697940800048e-01
1.524508744478199895e-01,1.516689211130100023e-01,1.524206697940800048e-01,1.516387313604400100e-01
1.516689211130100023e-01,1.502575278282199944e-01,1.516387313604400100e-01,1.502273231744800097e-01
1.502575278282199944e-01,1.484096348285700029e-01,1.502273231744800097e-01,1.483794450759899908e-01
1.484096348285700029e-01,1.445977091789200086e-01,1.483794450759899908e-01,1.445675045251799962e-01
1.445977091789200086e-01,1.384552121162400118e-01,1.445675045251799962e-01,1.384223699569699928e-01
1.384552121162400118e-01,1.321443170309100079e-01,1.384223699569699928e-01,1.321125924587200073e-01
1.321443170309100079e-01,1.256860345601999995e-01,1.321125924587200073e-01,1.256541758775699957e-01
1.256860345601999995e-01,1.190932914614700050e-01,1.256541758775699957e-01,1.190614476800000016e-01
1.190932914614700050e-01,1.123809590935700015e-01,1.190614476800000016e-01,1.123498156666799946e-01
1.123809590935700015e-01,1.055659055709800009e-01,1.123498156666799946e-01,1.055361852049799959e-01
1.055659055709800009e-01,9.866559505462600688e-02,1.055361852049799959e-01,9.863831102848100163e-02
9.866559505462600688e-02,9.169985353946699669e-02,9.863831102848100163e-02,9.167559444904299637e-02
9.169985353946699669e-02,8.468905091285700015e-02,9.167559444904299637e-02,8.466828614473299874e-02
8.468905091285700015e-02,7.765379548072799676e-02,8.466828614473299874e-02,7.763720303773899434e-02
7.765379548072799676e-02,7.061479985714000374e-02,7.763720303773899434e-02,7.060331106185900596e-02
7.061479985714000374e-02,6.359320878982499536e-02,7.060331106185900596e-02,6.358800083398799541e-02
6.359320878982499536e-02,5.661147832870500052e-02,6.358800083398799541e-02,5.661326274275799847e-02
5.661147832870500052e-02,4.969508573412900060e-02,5.661326274275799847e-02,4.970234632492100124e-02
4.969508573412900060e-02,4.286230355501199907e-02,4.970234632492100124e-02,4.287476465106000029e-02
4.286230355501199907e-02,3.613175079226500080e-02,4.287476465106000029e-02,3.614962473511700025e-02
3.613175079226500080e-02,2.952111512422600156e-02,3.614962473511700025e-02,2.954507805407000087e-02
2.952111512422600156e-02,2.304767444729800135e-02,2.954507805407000087e-02,2.307854779064700060e-02
2.304767444729800135e-02,1.672591082751799865e-02,2.307854779064700060e-02,1.676582172513000138e-02
1.672591082751799865e-02,1.057208981364999960e-02,1.676582172513000138e-02,1.062333770096299951e-02
1.057208981364999960e-02,5.872186738997700432e-03,1.062333770096299951e-02,5.923112388700199973e-03
5.872186738997700432e-03,3.363490803167200078e-03,5.923112388700199973e-03,3.440499771386400143e-03
3.363490803167200078e-03,1.850767177529600085e-03,3.440499771386400143e-03,1.966375391930300087e-03
1.850767177529600085e-03,8.177787531167300195e-04,1.966375391930300087e-03,1.021008938550900091e-03
8.177787531167300195e-04,2.676869189599500110e-05,1.021008938550900091e-03,3.752287302631899992e-04
2.676869189599500110e-05,-5.827493150718500393e-04,3.752287302631899992e-04,-7.485702371923300374e-05
-5.827493150718500393e-04,-9.828887414187199422e-04,-7.485702371923300374e-05,-3.535000723786699793e-04
-9.828887414187199422e-04,-1.122620189562400020e-03,-3.535000723786699793e-04,-4.476513713598300132e-04
-1.122620189562400020e-03,-9.828885085880799746e-04,-4.476513713598300132e-04,-3.535000432748299816e-04
-9.828885085880799746e-04,-5.827487912028999750e-04,-3.535000432748299816e-04,-7.485689275199499976e-05
-5.827487912028999750e-04,2.676959957170800067e-05,-7.485689275199499976e-05,3.752293414436300243e-04
2.676959957170800067e-05,8.177807321771999932e-04,3.752293414436300243e-04,1.021011034026699914e-03
8.177807321771999932e-04,1.850768341682900104e-03,1.021011034026699914e-03,1.966376556083599889e-03
1.850768341682900104e-03,3.363491734489799847e-03,1.966376556083599889e-03,3.440500702708999912e-03
3.363491734489799847e-03,5.872187670320300201e-03,3.440500702708999912e-03,5.923113320022799742e-03
5.872187670320300201e-03,1.057208981364999960e-02,5.923113320022799742e-03,1.062333863228600087e-02
1.057208981364999960e-02,1.672591269016299870e-02,1.062333863228600087e-02,1.676582172513000138e-02
1.672591269016299870e-02,2.304767444729800135e-02,1.676582172513000138e-02,2.307854965329200064e-02
2.304767444729800135e-02,2.952111698687100161e-02,2.307854965329200064e-02,2.954507991671600012e-02
2.952111698687100161e-02,3.613175079226500080e-02,2.954507991671600012e-02,3.614962473511700025e-02
3.613175079226500080e-02,4.286230355501199907e-02,3.614962473511700025e-02,4.287476465106000029e-02
4.286230355501199907e-02,4.969508573412900060e-02,4.287476465106000029e-02,4.970234632492100124e-02
4.969508573412900060e-02,5.661147832870500052e-02,4.970234632492100124e-02,5.661326274275799847e-02
5.661147832870500052e-02,6.359320878982499536e-02,5.661326274275799847e-02,6.358800083398799541e-02
6.359320878982499536e-02,7.061479985714000374e-02,6.358800083398799541e-02,7.060331106185900596e-02
7.061479985714000374e-02,7.765379548072799676e-02,7.060331106185900596e-02,7.763720303773899434e-02
7.765379548072799676e-02,8.468905091285700015e-02,7.763720303773899434e-02,8.466828614473299874e-02
8.468905091285700015e-02,9.169985353946699669e-02,8.466828614473299874e-02,9.167559444904299637e-02
9.169985353946699669e-02,9.866559505462600688e-02,9.167559444904299637e-02,9.863831847906100181e-02
9.866559505462600688e-02,1.055659055709800009e-01,9.863831847906100181e-02,1.055361852049799959e-01
1.055659055709800009e-01,1.123809590935700015e-01,1.055361852049799959e-01,1.123498156666799946e-01
1.123809590935700015e-01,1.190932914614700050e-01,1.123498156666799946e-01,1.190614476800000016e-01
1.190932914614700050e-01,1.256860345601999995e-01,1.190614476800000016e-01,1.256541758775699957e-01
1.256860345601999995e-01,1.321443170309100079e-01,1.256541758775699957e-01,1.321125924587200073e-01
1.321443170309100079e-01,1.384552121162400118e-01,1.321125924587200073e-01,1.384223699569699928e-01
1.384552121162400118e-01,1.445977091789200086e-01,1.384223699569699928e-01,1.445675045251799962e-01
1.445977091789200086e-01,1.484096348285700029e-01,1.445675045251799962e-01,1.483794450759899908e-01
1.484096348285700029e-01,1.502575278282199944e-01,1.483794450759899908e-01,1.502273231744800097e-01
1.502575278282199944e-01,1.516689211130100023e-01,1.502273231744800097e-01,1.516387313604400100e-01
1.516689211130100023e-01,1.524508744478199895e-01,1.516387313604400100e-01,1.524206697940800048e-01
1.524508744478199895e-01,1.531979888677600099e-01,1.524206697940800048e-01,1.531606465578100040e-01
1.531979888677600099e-01,1.544345319271100136e-01,1.531606465578100040e-01,1.543986499309500104e-01
1.544345319271100136e-01,1.564996391534800024e-01,1.543986499309500104e-01,1.564648747444200017e-01
1.564996391534800024e-01,1.599377244710900037e-01,1.564648747444200017e-01,1.599029451608700025e-01
1.599377244710900037e-01,1.656504720449399892e-01,1.599029451608700025e-01,1.656147539615600017e-01
1.656504720449399892e-01,1.751215308904600088e-01,1.656147539615600017e-01,1.750836968421899953e-01
1.751215308904600088e-01,1.907677352428399919e-01,1.750836968421899953e-01,1.907265633344699951e-01
1.907677352428399919e-01,2.164664864540100098e-01,1.907265633344699951e-01,2.164212465286300124e-01
2.164664864540100098e-01,2.582810819149000126e-01,2.164212465286300124e-01,2.582325935363800062e-01
2.582810819149000126e-01,3.252899944782299824e-01,2.582325935363800062e-01,3.252423405647300036e-01
3.252899944782299824e-01,4.301033020019500164e-01,3.252423405647300036e-01,4.300633072853100036e-01
4.301033020019500164e-01,5.879947543144200539e-01,4.300633072853100036e-01,5.879647731781000308e-01
5.879947543144200539e-01,8.128294944763200247e-01,5.879647731781000308e-01,8.128104209899900123e-01
8.128294944763200247e-01,1.108612298965500065e+00,8.128104209899900123e-01,1.108602285385100084e+00
1.108612298965500065e+00,1.459664106368999903e+00,1.108602285385100084e+00,1.459659695625300069e+00
1.459664106368999903e+00,1.828799962997400108e+00,1.459659695625300069e+00,1.828799962997400108e+00
1.828799962997400108e+00,1.459671378135700026e+00,1.828799962997400108e+00,1.459664106368999903e+00
1.459671378135700026e+00,1.108628630638099910e+00,1.459664106368999903e+00,1.108612298965500065e+00
1.108628630638099910e+00,8.128610253333999891e-01,1.108612298965500065e+00,8.128294944763200247e-01
8.128610253333999891e-01,5.880450010299700381e-01,8.128294944763200247e-01,5.879947543144200539e-01
5.880450010299700381e-01,4.301715791225400043e-01,5.879947543144200539e-01,4.301033020019500164e-01
4.301715791225400043e-01,3.253724277019500177e-01,4.301033020019500164e-01,3.252899944782299824e-01
3.253724277019500177e-01,2.583652436733199775e-01,3.252899944782299824e-01,2.582810819149000126e-01
2.583652436733199775e-01,2.165450006723400045e-01,2.582810819149000126e-01,2.164664864540100098e-01
2.165450006723400045e-01,1.908390671014799922e-01,2.164664864540100098e-01,1.907677352428399919e-01
1.908390671014799922e-01,1.751868724822999990e-01,1.907677352428399919e-01,1.751215308904600088e-01
1.751868724822999990e-01,1.657120287418399895e-01,1.751215308904600088e-01,1.656504720449399892e-01
1.657120287418399895e-01,1.599974632263199970e-01,1.656504720449399892e-01,1.599377244710900037e-01
1.599974632263199970e-01,1.565589010715499885e-01,1.599377244710900037e-01,1.564996391534800024e-01
1.565589010715499885e-01,1.544937789440199993e-01,1.564996391534800024e-01,1.544345319271100136e-01
1.544937789440199993e-01,1.532536000013400013e-01,1.544345319271100136e-01,1.531979888677600099e-01
1.532536000013400013e-01,1.524951308965699914e-01,1.531979888677600099e-01,1.524508744478199895e-01
1.524951308965699914e-01,1.517131924629200046e-01,1.524508744478199895e-01,1.516689211130100023e-01
1.517131924629200046e-01,1.503017842769600043e-01,1.516689211130100023e-01,1.502575278282199944e-01
1.503017842769600043e-01,1.484539061784700131e-01,1.502575278282199944e-01,1.484096348285700029e-01
1.484539061784700131e-01,1.446419656276700105e-01,1.484096348285700029e-01,1.445977091789200086e-01
1.446419656276700105e-01,1.385021358728399932e-01,1.445977091789200086e-01,1.384552121162400118e-01
1.385021358728399932e-01,1.321901232004200066e-01,1.384552121162400118e-01,1.321443170309100079e-01
1.321901232004200066e-01,1.257319003343599917e-01,1.321443170309100079e-01,1.256860345601999995e-01
1.257319003343599917e-01,1.191391348838800046e-01,1.256860345601999995e-01,1.190932914614700050e-01
1.191391348838800046e-01,1.124258264899300058e-01,1.190932914614700050e-01,1.123809590935700015e-01
1.124258264899300058e-01,1.056086942553499941e-01,1.123809590935700015e-01,1.055659055709800009e-01
1.056086942553499941e-01,9.870491176843600167e-02,1.055659055709800009e-01,9.866559505462600688e-02
9.870491176843600167e-02,9.173484146594999833e-02,9.866559505462600688e-02,9.169985353946699669e-02
9.173484146594999833e-02,8.471901714801799432e-02,9.169985353946699669e-02,8.468905091285700015e-02
8.471901714801799432e-02,7.767775654792799522e-02,8.468905091285700015e-02,7.765379548072799676e-02
7.767775654792799522e-02,7.063144445419300421e-02,7.765379548072799676e-02,7.061479985714000374e-02
7.063144445419300421e-02,6.360082328319499601e-02,7.061479985714000374e-02,6.359320878982499536e-02
6.360082328319499601e-02,5.660916492342900341e-02,6.359320878982499536e-02,5.661147832870500052e-02
5.660916492342900341e-02,4.968481510877600232e-02,5.661147832870500052e-02,4.969508573412900060e-02
4.968481510877600232e-02,4.284454137086900205e-02,4.969508573412900060e-02,4.286230355501199907e-02
4.284454137086900205e-02,3.610616922378499793e-02,4.286230355501199907e-02,3.613175079226500080e-02
3.610616922378499793e-02,2.948671579361000078e-02,3.613175079226500080e-02,2.952111512422600156e-02
2.948671579361000078e-02,2.300319075584400172e-02,2.952111512422600156e-02,2.304767444729800135e-02
2.300319075584400172e-02,1.666820980608500063e-02,2.304767444729800135e-02,1.672591082751799865e-02
1.666820980608500063e-02,1.050548534840299933e-02,1.672591082751799865e-02,1.057208981364999960e-02
1.050548534840299933e-02,5.829574540257499889e-03,1.057208981364999960e-02,5.872186738997700432e-03
5.829574540257499889e-03,3.313364693895000119e-03,5.872186738997700432e-03,3.363490803167200078e-03
3.313364693895000119e-03,1.722816727124200104e-03,3.363490803167200078e-03,1.850767177529600085e-03
1.722816727124200104e-03,4.955704207532100241e-04,1.850767177529600085e-03,8.177787531167300195e-04
4.955704207532100241e-04,-5.252906121313600119e-04,8.177787531167300195e-04,2.676869189599500110e-05
-5.252906121313600119e-04,-1.334976986981899942e-03,2.676869189599500110e-05,-5.827493150718500393e-04
-1.334976986981899942e-03,-1.868077320977999927e-03,-5.827493150718500393e-04,-9.828887414187199422e-04
-1.868077320977999927e-03,-2.055395860224999965e-03,-9.828887414187199422e-04,-1.122620189562400020e-03
-2.055395860224999965e-03,-1.868076855316800006e-03,-1.122620189562400020e-03,-9.828885085880799746e-04
-1.868076855316800006e-03,-1.334976172074700063e-03,-9.828885085880799746e-04,-5.827487912028999750e-04
-1.334976172074700063e-03,-5.252896226011200377e-04,-5.827487912028999750e-04,2.676959957170800067e-05
-5.252896226011200377e-04,4.955722833983600140e-04,2.676959957170800067e-05,8.177807321771999932e-04
4.955722833983600140e-04,1.722817891277399942e-03,8.177807321771999932e-04,1.850768341682900104e-03
1.722817891277399942e-03,3.313365858048200174e-03,1.850768341682900104e-03,3.363491734489799847e-03
3.313365858048200174e-03,5.829575937241300229e-03,3.363491734489799847e-03,5.872187670320300201e-03
5.829575937241300229e-03,1.050548627972600069e-02,5.872187670320300201e-03,1.057208981364999960e-02
1.050548627972600069e-02,1.666820980608500063e-02,1.057208981364999960e-02,1.672591269016299870e-02
1.666820980608500063e-02,2.300319075584400172e-02,1.672591269016299870e-02,2.304767444729800135e-02
2.300319075584400172e-02,2.948671765625500082e-02,2.304767444729800135e-02,2.952111698687100161e-02
2.948671765625500082e-02,3.610616922378499793e-02,2.952111698687100161e-02,3.613175079226500080e-02
3.610616922378499793e-02,4.284454137086900205e-02,3.613175079226500080e-02,4.286230355501199907e-02
4.284454137086900205e-02,4.968481510877600232e-02,4.286230355501199907e-02,4.969508573412900060e-02
4.968481510877600232e-02,5.660916492342900341e-02,4.969508573412900060e-02,5.661147832870500052e-02
5.660916492342900341e-02,6.360082328319499601e-02,5.661147832870500052e-02,6.359320878982499536e-02
6.360082328319499601e-02,7.063144445419300421e-02,6.359320878982499536e-02,7.061479985714000374e-02
7.063144445419300421e-02,7.767775654792799522e-02,7.061479985714000374e-02,7.765379548072799676e-02
7.767775654792799522e-02,8.471901714801799432e-02,7.765379548072799676e-02,8.468905091285700015e-02
8.471901714801799432e-02,9.173484146594999833e-02,8.468905091285700015e-02,9.169985353946699669e-02
9.173484146594999833e-02,9.870491176843600167e-02,9.169985353946699669e-02,9.866559505462600688e-02
9.870491176843600167e-02,1.056086942553499941e-01,9.866559505462600688e-02,1.055659055709800009e-01
1.056086942553499941e-01,1.124258264899300058e-01,1.055659055709800009e-01,1.123809590935700015e-01
1.124258264899300058e-01,1.191391348838800046e-01,1.123809590935700015e-01,1.190932914614700050e-01
1.191391348838800046e-01,1.257319003343599917e-01,1.190932914614700050e-01,1.256860345601999995e-01
1.257319003343599917e-01,1.321901232004200066e-01,1.256860345601999995e-01,1.321443170309100079e-01
1.321901232004200066e-01,1.385021358728399932e-01,1.321443170309100079e-01,1.384552121162400118e-01
1.385021358728399932e-01,1.446419656276700105e-01,1.384552121162400118e-01,1.445977091789200086e-01
1.446419656276700105e-01,1.484539061784700131e-01,1.445977091789200086e-01,1.484096348285700029e-01
1.484539061784700131e-01,1.503017842769600043e-01,1.484096348285700029e-01,1.502575278282199944e-01
1.503017842769600043e-01,1.517131924629200046e-01,1.502575278282199944e-01,1.516689211130100023e-01
1.517131924629200046e-01,1.524951308965699914e-01,1.516689211130100023e-01,1.524508744478199895e-01
1.524951308965699914e-01,1.532536000013400013e-01,1.524508744478199895e-01,1.531979888677600099e-01
1.532536000013400013e-01,1.544937789440199993e-01,1.531979888677600099e-01,1.544345319271100136e-01
1.544937789440199993e-01,1.565589010715499885e-01,1.544345319271100136e-01,1.564996391534800024e-01
1.565589010715499885e-01,1.599974632263199970e-01,1.564996391534800024e-01,1.599377244710900037e-01
1.599974632263199970e-01,1.657120287418399895e-01,1.599377244710900037e-01,1.656504720449399892e-01
1.657120287418399895e-01,1.751868724822999990e-01,1.656504720449399892e-01,1.751215308904600088e-01
1.751868724822999990e-01,1.908390671014799922e-01,1.751215308904600088e-01,1.907677352428399919e-01
1.908390671014799922e-01,2.165450006723400045e-01,1.907677352428399919e-01,2.164664864540100098e-01
2.165450006723400045e-01,2.583652436733199775e-01,2.164664864540100098e-01,2.582810819149000126e-01
2.583652436733199775e-01,3.253724277019500177e-01,2.582810819149000126e-01,3.252899944782299824e-01
3.253724277019500177e-01,4.301715791225400043e-01,3.252899944782299824e-01,4.301033020019500164e-01
4.301715791225400043e-01,5.880450010299700381e-01,4.301033020019500164e-01,5.879947543144200539e-01
5.880450010299700381e-01,8.128610253333999891e-01,5.879947543144200539e-01,8.128294944763200247e-01
8.128610253333999891e-01,1.108628630638099910e+00,8.128294944763200247e-01,1.108612298965500065e+00
1.108628630638099910e+00,1.459671378135700026e+00,1.108612298965500065e+00,1.459664106368999903e+00
1.459671378135700026e+00,1.828799962997400108e+00,1.459664106368999903e+00,1.828799962997400108e+00
1.828799962997400108e+00,1.459682345390300062e+00,1.828799962997400108e+00,1.459671378135700026e+00
1.459682345390300062e+00,1.108653545379600036e+00,1.459671378135700026e+00,1.108628630638099910e+00
1.108653545379600036e+00,8.129088878631599568e-01,1.108628630638099910e+00,8.128610253333999891e-01
8.129088878631599568e-01,5.881216526031499692e-01,8.128610253333999891e-01,5.880450010299700381e-01
5.881216526031499692e-01,4.302763044834099770e-01,5.880450010299700381e-01,4.301715791225400043e-01
4.302763044834099770e-01,3.254992663860299951e-01,4.301715791225400043e-01,3.253724277019500177e-01
3.254992663860299951e-01,2.584947943687400107e-01,3.253724277019500177e-01,2.583652436733199775e-01
2.584947943687400107e-01,2.166658639907799999e-01,2.583652436733199775e-01,2.165450006723400045e-01
2.166658639907799999e-01,1.909487694501899868e-01,2.165450006723400045e-01,1.908390671014799922e-01
1.909487694501899868e-01,1.752872169017800075e-01,1.908390671014799922e-01,1.751868724822999990e-01
1.752872169017800075e-01,1.658063679933499956e-01,1.751868724822999990e-01,1.657120287418399895e-01
1.658063679933499956e-01,1.600886285304999879e-01,1.657120287418399895e-01,1.599974632263199970e-01
1.600886285304999879e-01,1.566484421491599888e-01,1.599974632263199970e-01,1.565589010715499885e-01
1.566484421491599888e-01,1.545807719230699873e-01,1.565589010715499885e-01,1.544937789440199993e-01
1.545807719230699873e-01,1.533330529928199903e-01,1.544937789440199993e-01,1.532536000013400013e-01
1.533330529928199903e-01,1.525601893663399988e-01,1.532536000013400013e-01,1.524951308965699914e-01
1.525601893663399988e-01,1.517782360315300116e-01,1.524951308965699914e-01,1.517131924629200046e-01
1.517782360315300116e-01,1.503668278455700114e-01,1.517131924629200046e-01,1.503017842769600043e-01
1.503668278455700114e-01,1.485189497470900122e-01,1.503017842769600043e-01,1.484539061784700131e-01
1.485189497470900122e-01,1.447070091962799898e-01,1.484539061784700131e-01,1.446419656276700105e-01
1.447070091962799898e-01,1.385686546564099952e-01,1.446419656276700105e-01,1.385021358728399932e-01
1.385686546564099952e-01,1.322562098503100025e-01,1.385021358728399932e-01,1.321901232004200066e-01
1.322562098503100025e-01,1.257978975772900132e-01,1.321901232004200066e-01,1.257319003343599917e-01
1.257978975772900132e-01,1.192050725221600049e-01,1.257319003343599917e-01,1.191391348838800046e-01
1.192050725221600049e-01,1.124904081225400060e-01,1.191391348838800046e-01,1.124258264899300058e-01
1.124904081225400060e-01,1.056702733039899950e-01,1.124258264899300058e-01,1.056086942553499941e-01
1.056702733039899950e-01,9.876161068677899446e-02,1.056086942553499941e-01,9.870491176843600167e-02
9.876161068677899446e-02,9.178534150123600355e-02,9.870491176843600167e-02,9.173484146594999833e-02
9.178534150123600355e-02,8.476231247186699624e-02,9.173484146594999833e-02,8.471901714801799432e-02
8.476231247186699624e-02,7.771238684654199758e-02,8.471901714801799432e-02,7.767775654792799522e-02
7.771238684654199758e-02,7.065555453300499666e-02,7.767775654792799522e-02,7.063144445419300421e-02
7.065555453300499666e-02,6.361199170351000687e-02,7.063144445419300421e-02,6.360082328319499601e-02
6.361199170351000687e-02,5.660640075802800264e-02,6.360082328319499601e-02,5.660916492342900341e-02
5.660640075802800264e-02,4.967040196061100338e-02,5.660916492342900341e-02,4.968481510877600232e-02
4.967040196061100338e-02,4.281931743025799847e-02,4.968481510877600232e-02,4.284454137086900205e-02
4.281931743025799847e-02,3.606961667537700311e-02,4.284454137086900205e-02,3.610616922378499793e-02
3.606961667537700311e-02,2.943740040063900013e-02,3.610616922378499793e-02,2.948671579361000078e-02
2.943740040063900013e-02,2.293905802071100064e-02,2.948671579361000078e-02,2.300319075584400172e-02
2.293905802071100064e-02,1.658508740365500014e-02,2.300319075584400172e-02,1.666820980608500063e-02
1.658508740365500014e-02,1.043232064694200011e-02,1.666820980608500063e-02,1.050548534840299933e-02
1.043232064694200011e-02,5.864261649548999610e-03,1.050548534840299933e-02,5.829574540257499889e-03
5.864261649548999610e-03,3.346740035340199908e-03,5.829574540257499889e-03,3.313364693895000119e-03
3.346740035340199908e-03,1.519930781796599963e-03,3.313364693895000119e-03,1.722816727124200104e-03
1.519930781796599963e-03,-2.884363493649299854e-05,1.722816727124200104e-03,4.955704207532100241e-04
-2.884363493649299854e-05,-1.350811216980200022e-03,4.955704207532100241e-04,-5.252906121313600119e-04
-1.350811216980200022e-03,-2.397660631686400045e-03,-5.252906121313600119e-04,-1.334976986981899942e-03
-2.397660631686400045e-03,-3.079990856349499890e-03,-1.334976986981899942e-03,-1.868077320977999927e-03
-3.079990856349499890e-03,-3.319486044347300102e-03,-1.868077320977999927e-03,-2.055395860224999965e-03
-3.319486044347300102e-03,-3.079990157857499973e-03,-2.055395860224999965e-03,-1.868076855316800006e-03
-3.079990157857499973e-03,-2.397659700363900023e-03,-1.868076855316800006e-03,-1.334976172074700063e-03
-2.397659700363900023e-03,-1.350810169242299894e-03,-1.334976172074700063e-03,-5.252896226011200377e-04
-1.350810169242299894e-03,-2.884164132410700027e-05,-5.252896226011200377e-04,4.955722833983600140e-04
-2.884164132410700027e-05,1.519932062365099944e-03,4.955722833983600140e-04,1.722817891277399942e-03
1.519932062365099944e-03,3.346741432324099996e-03,1.722817891277399942e-03,3.313365858048200174e-03
3.346741432324099996e-03,5.864263046532899697e-03,3.313365858048200174e-03,5.829575937241300229e-03
5.864263046532899697e-03,1.043232157826400053e-02,5.829575937241300229e-03,1.050548627972600069e-02
1.043232157826400053e-02,1.658508740365500014e-02,1.050548627972600069e-02,1.666820980608500063e-02
1.658508740365500014e-02,2.293905802071100064e-02,1.666820980608500063e-02,2.300319075584400172e-02
2.293905802071100064e-02,2.943740040063900013e-02,2.300319075584400172e-02,2.948671765625500082e-02
2.943740040063900013e-02,3.606961667537700311e-02,2.948671765625500082e-02,3.610616922378499793e-02
3.606961667537700311e-02,4.281931743025799847e-02,3.610616922378499793e-02,4.284454137086900205e-02
4.281931743025799847e-02,4.967040196061100338e-02,4.284454137086900205e-02,4.968481510877600232e-02
4.967040196061100338e-02,5.660640075802800264e-02,4.968481510877600232e-02,5.660916492342900341e-02
5.660640075802800264e-02,6.361199170351000687e-02,5.660916492342900341e-02,6.360082328319499601e-02
6.361199170351000687e-02,7.065555453300499666e-02,6.360082328319499601e-02,7.063144445419300421e-02
7.065555453300499666e-02,7.771238684654199758e-02,7.063144445419300421e-02,7.767775654792799522e-02
7.771238684654199758e-02,8.476231247186699624e-02,7.767775654792799522e-02,8.471901714801799432e-02
8.476231247186699624e-02,9.178534895181700293e-02,8.471901714801799432e-02,9.173484146594999833e-02
9.178534895181700293e-02,9.876161068677899446e-02,9.173484146594999833e-02,9.870491176843600167e-02
9.876161068677899446e-02,1.056702733039899950e-01,9.870491176843600167e-02,1.056086942553499941e-01
1.056702733039899950e-01,1.124904081225400060e-01,1.056086942553499941e-01,1.124258264899300058e-01
1.124904081225400060e-01,1.192050725221600049e-01,1.124258264899300058e-01,1.191391348838800046e-01
1.192050725221600049e-01,1.257978975772900132e-01,1.191391348838800046e-01,1.257319003343599917e-01
1.257978975772900132e-01,1.322562098503100025e-01,1.257319003343599917e-01,1.321901232004200066e-01
1.322562098503100025e-01,1.385686546564099952e-01,1.321901232004200066e-01,1.385021358728399932e-01
1.385686546564099952e-01,1.447070091962799898e-01,1.385021358728399932e-01,1.446419656276700105e-01
1.447070091962799898e-01,1.485189497470900122e-01,1.446419656276700105e-01,1.484539061784700131e-01
1.485189497470900122e-01,1.503668278455700114e-01,1.484539061784700131e-01,1.503017842769600043e-01
1.503668278455700114e-01,1.517782360315300116e-01,1.503017842769600043e-01,1.517131924629200046e-01
1.517782360315300116e-01,1.525601893663399988e-01,1.517131924629200046e-01,1.524951308965699914e-01
1.525601893663399988e-01,1.533330529928199903e-01,1.524951308965699914e-01,1.532536000013400013e-01
1.533330529928199903e-01,1.545807719230699873e-01,1.532536000013400013e-01,1.544937789440199993e-01
1.545807719230699873e-01,1.566484421491599888e-01,1.544937789440199993e-01,1.565589010715499885e-01
1.566484421491599888e-01,1.600886285304999879e-01,1.565589010715499885e-01,1.599974632263199970e-01
1.600886285304999879e-01,1.658063679933499956e-01,1.599974632263199970e-01,1.657120287418399895e-01
1.658063679933499956e-01,1.752872169017800075e-01,1.657120287418399895e-01,1.751868724822999990e-01
1.752872169017800075e-01,1.909487694501899868e-01,1.751868724822999990e-01,1.908390671014799922e-01
1.909487694501899868e-01,2.166658639907799999e-01,1.908390671014799922e-01,2.165450006723400045e-01
2.166658639907799999e-01,2.584947943687400107e-01,2.165450006723400045e-01,2.583652436733199775e-01
2.584947943687400107e-01,3.254992663860299951e-01,2.583652436733199775e-01,3.253724277019500177e-01
3.254992663860299951e-01,4.302763044834099770e-01,3.253724277019500177e-01,4.301715791225400043e-01
4.302763044834099770e-01,5.881216526031499692e-01,4.301715791225400043e-01,5.880450010299700381e-01
5.881216526031499692e-01,8.129088878631599568e-01,5.880450010299700381e-01,8.128610253333999891e-01
8.129088878631599568e-01,1.108653545379600036e+00,8.128610253333999891e-01,1.108628630638099910e+00
1.108653545379600036e+00,1.459682345390300062e+00,1.108628630638099910e+00,1.459671378135700026e+00
1.459682345390300062e+00,1.828799962997400108e+00,1.459671378135700026e+00,1.828799962997400108e+00
1.828799962997400108e+00,1.459698557853700063e+00,1.828799962997400108e+00,1.459682345390300062e+00
1.459698557853700063e+00,1.108690381050100093e+00,1.459682345390300062e+00,1.108653545379600036e+00
1.108690381050100093e+00,8.129800558090199969e-01,1.108653545379600036e+00,8.129088878631599568e-01
8.129800558090199969e-01,5.882357358932499558e-01,8.129088878631599568e-01,5.881216526031499692e-01
5.882357358932499558e-01,4.304323792457599995e-01,5.881216526031499692e-01,4.302763044834099770e-01
4.304323792457599995e-01,3.256885409355200212e-01,4.302763044834099770e-01,3.254992663860299951e-01
3.256885409355200212e-01,2.586882412433599843e-01,3.254992663860299951e-01,2.584947943687400107e-01
2.586882412433599843e-01,2.168463617563199941e-01,2.584947943687400107e-01,2.166658639907799999e-01
2.168463617563199941e-01,1.911125332117100117e-01,2.166658639907799999e-01,1.909487694501899868e-01
1.911125332117100117e-01,1.754367947578399922e-01,1.909487694501899868e-01,1.752872169017800075e-01
1.754367947578399922e-01,1.659464985132199921e-01,1.752872169017800075e-01,1.658063679933499956e-01
1.659464985132199921e-01,1.602232158184100086e-01,1.658063679933499956e-01,1.600886285304999879e-01
1.602232158184100086e-01,1.567789912223800097e-01,1.600886285304999879e-01,1.566484421491599888e-01
1.567789912223800097e-01,1.547055542468999956e-01,1.566484421491599888e-01,1.545807719230699873e-01
1.547055542468999956e-01,1.534476876258900058e-01,1.545807719230699873e-01,1.533330529928199903e-01
1.534476876258900058e-01,1.526555866002999862e-01,1.533330529928199903e-01,1.525601893663399988e-01
1.526555866002999862e-01,1.518736481666599913e-01,1.525601893663399988e-01,1.517782360315300116e-01
1.518736481666599913e-01,1.504622399806999911e-01,1.517782360315300116e-01,1.503668278455700114e-01
1.504622399806999911e-01,1.486143469810499995e-01,1.503668278455700114e-01,1.485189497470900122e-01
1.486143469810499995e-01,1.448024213314099973e-01,1.485189497470900122e-01,1.447070091962799898e-01
1.448024213314099973e-01,1.386619508266400125e-01,1.447070091962799898e-01,1.385686546564099952e-01
1.386619508266400125e-01,1.323509961366700072e-01,1.385686546564099952e-01,1.322562098503100025e-01
1.323509961366700072e-01,1.258924007415800073e-01,1.322562098503100025e-01,1.257978975772900132e-01
1.258924007415800073e-01,1.192994639277499963e-01,1.257978975772900132e-01,1.192050725221600049e-01
1.192994639277499963e-01,1.125830039382000047e-01,1.192050725221600049e-01,1.124904081225400060e-01
1.125830039382000047e-01,1.057586297392800051e-01,1.124904081225400060e-01,1.056702733039899950e-01
1.057586297392800051e-01,9.884322434663800339e-02,1.056702733039899950e-01,9.876161068677899446e-02
9.884322434663800339e-02,9.185820072889300247e-02,9.876161068677899446e-02,9.178534150123600355e-02
9.185820072889300247e-02,8.482483029365500693e-02,9.178534150123600355e-02,8.476231247186699624e-02
8.482483029365500693e-02,7.776245474815400571e-02,8.476231247186699624e-02,7.771238684654199758e-02
7.776245474815400571e-02,7.069046795368200131e-02,7.771238684654199758e-02,7.065555453300499666e-02
7.069046795368200131e-02,6.362852454185499718e-02,7.065555453300499666e-02,6.361199170351000687e-02
6.362852454185499718e-02,5.660377070307699710e-02,6.361199170351000687e-02,5.660640075802800264e-02
5.660377070307699710e-02,4.965064302086800302e-02,5.660640075802800264e-02,4.967040196061100338e-02
4.965064302086800302e-02,4.278385639190700196e-02,4.967040196061100338e-02,4.281931743025799847e-02
4.278385639190700196e-02,3.601771220564799897e-02,4.281931743025799847e-02,3.606961667537700311e-02
3.601771220564799897e-02,2.936702966690099906e-02,3.606961667537700311e-02,2.943740040063900013e-02
2.936702966690099906e-02,2.284678258001799842e-02,2.943740040063900013e-02,2.293905802071100064e-02
2.284678258001799842e-02,1.647028326988200092e-02,2.293905802071100064e-02,1.658508740365500014e-02
1.647028326988200092e-02,1.040724758058799923e-02,1.658508740365500014e-02,1.043232064694200011e-02
1.040724758058799923e-02,6.098034325987099734e-03,1.043232064694200011e-02,5.864261649548999610e-03
6.098034325987099734e-03,3.387294476851800129e-03,5.864261649548999610e-03,3.346740035340199908e-03
3.387294476851800129e-03,1.136499107815300107e-03,3.346740035340199908e-03,1.519930781796599963e-03
1.136499107815300107e-03,-8.399059297516899740e-04,1.519930781796599963e-03,-2.884363493649299854e-05
-8.399059297516899740e-04,-2.532737795263500201e-03,-2.884363493649299854e-05,-1.350811216980200022e-03
-2.532737795263500201e-03,-3.861610312014799977e-03,-1.350811216980200022e-03,-2.397660631686400045e-03
-3.861610312014799977e-03,-4.718283191323300284e-03,-2.397660631686400045e-03,-3.079990856349499890e-03
-4.718283191323300284e-03,-5.018239375203800180e-03,-3.079990856349499890e-03,-3.319486044347300102e-03
-5.018239375203800180e-03,-4.718282725661999966e-03,-3.319486044347300102e-03,-3.079990157857499973e-03
-4.718282725661999966e-03,-3.861609147861599922e-03,-3.079990157857499973e-03,-2.397659700363900023e-03
-3.861609147861599922e-03,-2.532736631110300146e-03,-2.397659700363900023e-03,-1.350810169242299894e-03
-2.532736631110300146e-03,-8.399037760682399704e-04,-1.350810169242299894e-03,-2.884164132410700027e-05
-8.399037760682399704e-04,1.136500504799199977e-03,-2.884164132410700027e-05,1.519932062365099944e-03
1.136500504799199977e-03,3.387295873835700216e-03,1.519932062365099944e-03,3.346741432324099996e-03
3.387295873835700216e-03,6.098035722970999821e-03,3.346741432324099996e-03,5.864263046532899697e-03
6.098035722970999821e-03,1.040724851190999965e-02,5.864263046532899697e-03,1.043232157826400053e-02
1.040724851190999965e-02,1.647028513252700097e-02,1.043232157826400053e-02,1.658508740365500014e-02
1.647028513252700097e-02,2.284678258001799842e-02,1.658508740365500014e-02,2.293905802071100064e-02
2.284678258001799842e-02,2.936702966690099906e-02,2.293905802071100064e-02,2.943740040063900013e-02
2.936702966690099906e-02,3.601771220564799897e-02,2.943740040063900013e-02,3.606961667537700311e-02
3.601771220564799897e-02,4.278385639190700196e-02,3.606961667537700311e-02,4.281931743025799847e-02
4.278385639190700196e-02,4.965064302086800302e-02,4.281931743025799847e-02,4.967040196061100338e-02
4.965064302086800302e-02,5.660377070307699710e-02,4.967040196061100338e-02,5.660640075802800264e-02
5.660377070307699710e-02,6.362852454185499718e-02,5.660640075802800264e-02,6.361199170351000687e-02
6.362852454185499718e-02,7.069046795368200131e-02,6.361199170351000687e-02,7.065555453300499666e-02
7.069046795368200131e-02,7.776245474815400571e-02,7.065555453300499666e-02,7.771238684654199758e-02
7.776245474815400571e-02,8.482483029365500693e-02,7.771238684654199758e-02,8.476231247186699624e-02
8.482483029365500693e-02,9.185820072889300247e-02,8.476231247186699624e-02,9.178534895181700293e-02
9.185820072889300247e-02,9.884322434663800339e-02,9.178534895181700293e-02,9.876161068677899446e-02
9.884322434663800339e-02,1.057586297392800051e-01,9.876161068677899446e-02,1.056702733039899950e-01
1.057586297392800051e-01,1.125830039382000047e-01,1.056702733039899950e-01,1.124904081225400060e-01
1.125830039382000047e-01,1.192994639277499963e-01,1.124904081225400060e-01,1.192050725221600049e-01
1.192994639277499963e-01,1.258924007415800073e-01,1.192050725221600049e-01,1.257978975772900132e-01
1.258924007415800073e-01,1.323509961366700072e-01,1.257978975772900132e-01,1.322562098503100025e-01
1.323509961366700072e-01,1.386619508266400125e-01,1.322562098503100025e-01,1.385686546564099952e-01
1.386619508266400125e-01,1.448024213314099973e-01,1.385686546564099952e-01,1.447070091962799898e-01
1.448024213314099973e-01,1.486143469810499995e-01,1.447070091962799898e-01,1.485189497470900122e-01
1.486143469810499995e-01,1.504622399806999911e-01,1.485189497470900122e-01,1.503668278455700114e-01
1.504622399806999911e-01,1.518736481666599913e-01,1.503668278455700114e-01,1.517782360315300116e-01
1.518736481666599913e-01,1.526555866002999862e-01,1.517782360315300116e-01,1.525601893663399988e-01
1.526555866002999862e-01,1.534476876258900058e-01,1.525601893663399988e-01,1.533330529928199903e-01
1.534476876258900058e-01,1.547055542468999956e-01,1.533330529928199903e-01,1.545807719230699873e-01
1.547055542468999956e-01,1.567789912223800097e-01,1.545807719230699873e-01,1.566484421491599888e-01
1.567789912223800097e-01,1.602232158184100086e-01,1.566484421491599888e-01,1.600886285304999879e-01
1.602232158184100086e-01,1.659464985132199921e-01,1.600886285304999879e-01,1.658063679933499956e-01
1.659464985132199921e-01,1.754367947578399922e-01,1.658063679933499956e-01,1.752872169017800075e-01
1.754367947578399922e-01,1.911125332117100117e-01,1.752872169017800075e-01,1.909487694501899868e-01
1.911125332117100117e-01,2.168463617563199941e-01,1.909487694501899868e-01,2.166658639907799999e-01
2.168463617563199941e-01,2.586882412433599843e-01,2.166658639907799999e-01,2.584947943687400107e-01
2.586882412433599843e-01,3.256885409355200212e-01,2.584947943687400107e-01,3.254992663860299951e-01
3.256885409355200212e-01,4.304323792457599995e-01,3.254992663860299951e-01,4.302763044834099770e-01
4.304323792457599995e-01,5.882357358932499558e-01,4.302763044834099770e-01,5.881216526031499692e-01
5.882357358932499558e-01,8.129800558090199969e-01,5.881216526031499692e-01,8.129088878631599568e-01
8.129800558090199969e-01,1.108690381050100093e+00,8.129088878631599568e-01,1.108653545379600036e+00
1.108690381050100093e+00,1.459698557853700063e+00,1.108653545379600036e+00,1.459682345390300062e+00
1.459698557853700063e+00,1.828799962997400108e+00,1.459682345390300062e+00,1.828799962997400108e+00
1.828799962997400108e+00,1.459722518920899992e+00,1.828799962997400108e+00,1.459698557853700063e+00
1.459722518920899992e+00,1.108744978904699918e+00,1.459698557853700063e+00,1.108690381050100093e+00
1.108744978904699918e+00,8.130855560302699958e-01,1.108690381050100093e+00,8.129800558090199969e-01
8.130855560302699958e-01,5.884048342704799595e-01,8.129800558090199969e-01,5.882357358932499558e-01
5.884048342704799595e-01,4.306637346744500161e-01,5.882357358932499558e-01,4.304323792457599995e-01
4.306637346744500161e-01,3.259692192077600081e-01,4.304323792457599995e-01,3.256885409355200212e-01
3.259692192077600081e-01,2.589753568172499798e-01,3.256885409355200212e-01,2.586882412433599843e-01
2.589753568172499798e-01,2.171143144369100109e-01,2.586882412433599843e-01,2.168463617563199941e-01
2.171143144369100109e-01,1.913555115461300082e-01,2.168463617563199941e-01,1.911125332117100117e-01
1.913555115461300082e-01,1.756581664085400118e-01,1.911125332117100117e-01,1.754367947578399922e-01
1.756581664085400118e-01,1.661527305841400126e-01,1.754367947578399922e-01,1.659464985132199921e-01
1.661527305841400126e-01,1.604194492101700120e-01,1.659464985132199921e-01,1.602232158184100086e-01
1.604194492101700120e-01,1.569670140743300024e-01,1.602232158184100086e-01,1.567789912223800097e-01
1.569670140743300024e-01,1.548843085765800043e-01,1.567789912223800097e-01,1.547055542468999956e-01
1.548843085765800043e-01,1.536132395267499895e-01,1.547055542468999956e-01,1.534476876258900058e-01
1.536132395267499895e-01,1.527939587831499968e-01,1.534476876258900058e-01,1.526555866002999862e-01
1.527939587831499968e-01,1.520120054483400096e-01,1.526555866002999862e-01,1.518736481666599913e-01
1.520120054483400096e-01,1.506006121635400097e-01,1.518736481666599913e-01,1.504622399806999911e-01
1.506006121635400097e-01,1.487527191638899904e-01,1.504622399806999911e-01,1.486143469810499995e-01
1.487527191638899904e-01,1.449407935142499881e-01,1.486143469810499995e-01,1.448024213314099973e-01
1.449407935142499881e-01,1.387916505336800055e-01,1.448024213314099973e-01,1.386619508266400125e-01
1.387916505336800055e-01,1.324843168258700021e-01,1.386619508266400125e-01,1.323509961366700072e-01
1.324843168258700021e-01,1.260261684656099890e-01,1.323509961366700072e-01,1.258924007415800073e-01
1.260261684656099890e-01,1.194330155849499947e-01,1.258924007415800073e-01,1.192994639277499963e-01
1.194330155849499947e-01,1.127143576741199971e-01,1.192994639277499963e-01,1.125830039382000047e-01
1.127143576741199971e-01,1.058842912316299983e-01,1.125830039382000047e-01,1.057586297392800051e-01
1.058842912316299983e-01,9.895994514226899574e-02,1.057586297392800051e-01,9.884322434663800339e-02
9.895994514226899574e-02,9.196289628744100386e-02,9.884322434663800339e-02,9.185820072889300247e-02
9.196289628744100386e-02,8.491481840610499987e-02,9.185820072889300247e-02,8.482483029365500693e-02
8.491481840610499987e-02,7.783460617065400544e-02,8.482483029365500693e-02,7.776245474815400571e-02
7.783460617065400544e-02,7.074085623025899716e-02,7.776245474815400571e-02,7.069046795368200131e-02
7.074085623025899716e-02,6.365351378917699643e-02,7.069046795368200131e-02,6.362852454185499718e-02
6.365351378917699643e-02,5.660310015082400253e-02,6.362852454185499718e-02,5.660377070307699710e-02
5.660310015082400253e-02,4.962496832013099657e-02,5.660377070307699710e-02,4.965064302086800302e-02
4.962496832013099657e-02,4.273510724306100322e-02,4.965064302086800302e-02,4.278385639190700196e-02
4.273510724306100322e-02,3.594502061605499982e-02,4.278385639190700196e-02,3.601771220564799897e-02
3.594502061605499982e-02,2.926757559180299950e-02,3.601771220564799897e-02,2.936702966690099906e-02
2.926757559180299950e-02,2.271719835698600073e-02,2.936702966690099906e-02,2.284678258001799842e-02
2.271719835698600073e-02,1.635334640741300041e-02,2.284678258001799842e-02,1.647028326988200092e-02
1.635334640741300041e-02,1.062152441590999939e-02,1.647028326988200092e-02,1.040724758058799923e-02
1.062152441590999939e-02,6.447290536016199794e-03,1.040724758058799923e-02,6.098034325987099734e-03
6.447290536016199794e-03,3.265399252995800083e-03,6.098034325987099734e-03,3.387294476851800129e-03
3.265399252995800083e-03,4.618016828317200056e-04,3.387294476851800129e-03,1.136499107815300107e-03
4.618016828317200056e-04,-2.038796432316299784e-03,1.136499107815300107e-03,-8.399059297516899740e-04
-2.038796432316299784e-03,-4.180551040917600270e-03,-8.399059297516899740e-04,-2.532737795263500201e-03
-4.180551040917600270e-03,-5.849048960954000322e-03,-2.532737795263500201e-03,-3.861610312014799977e-03
-5.849048960954000322e-03,-6.915615405887400036e-03,-3.861610312014799977e-03,-4.718283191323300284e-03
-6.915615405887400036e-03,-7.288428023457500272e-03,-4.718283191323300284e-03,-5.018239375203800180e-03
-7.288428023457500272e-03,-6.915614940226099717e-03,-5.018239375203800180e-03,-4.718282725661999966e-03
-6.915614940226099717e-03,-5.849048029631399685e-03,-4.718282725661999966e-03,-3.861609147861599922e-03
-5.849048029631399685e-03,-4.180549643933799929e-03,-3.861609147861599922e-03,-2.532736631110300146e-03
-4.180549643933799929e-03,-2.038794104009900108e-03,-2.532736631110300146e-03,-8.399037760682399704e-04
-2.038794104009900108e-03,4.618033126462299737e-04,-8.399037760682399704e-04,1.136500504799199977e-03
4.618033126462299737e-04,3.265400882810400203e-03,1.136500504799199977e-03,3.387295873835700216e-03
3.265400882810400203e-03,6.447291933000099881e-03,3.387295873835700216e-03,6.098035722970999821e-03
6.447291933000099881e-03,1.062152534723300075e-02,6.098035722970999821e-03,1.040724851190999965e-02
1.062152534723300075e-02,1.635334827005899966e-02,1.040724851190999965e-02,1.647028513252700097e-02
1.635334827005899966e-02,2.271719835698600073e-02,1.647028513252700097e-02,2.284678258001799842e-02
2.271719835698600073e-02,2.926757745444799955e-02,2.284678258001799842e-02,2.936702966690099906e-02
2.926757745444799955e-02,3.594502061605499982e-02,2.936702966690099906e-02,3.601771220564799897e-02
3.594502061605499982e-02,4.273511096835100331e-02,3.601771220564799897e-02,4.278385639190700196e-02
4.273511096835100331e-02,4.962496832013099657e-02,4.278385639190700196e-02,4.965064302086800302e-02
4.962496832013099657e-02,5.660310015082400253e-02,4.965064302086800302e-02,5.660377070307699710e-02
5.660310015082400253e-02,6.365351378917699643e-02,5.660377070307699710e-02,6.362852454185499718e-02
6.365351378917699643e-02,7.074085623025899716e-02,6.362852454185499718e-02,7.069046795368200131e-02
7.074085623025899716e-02,7.783460617065400544e-02,7.069046795368200131e-02,7.776245474815400571e-02
7.783460617065400544e-02,8.491481840610499987e-02,7.776245474815400571e-02,8.482483029365500693e-02
8.491481840610499987e-02,9.196289628744100386e-02,8.482483029365500693e-02,9.185820072889300247e-02
9.196289628744100386e-02,9.895994514226899574e-02,9.185820072889300247e-02,9.884322434663800339e-02
9.895994514226899574e-02,1.058842912316299983e-01,9.884322434663800339e-02,1.057586297392800051e-01
1.058842912316299983e-01,1.127143576741199971e-01,1.057586297392800051e-01,1.125830039382000047e-01
1.127143576741199971e-01,1.194330155849499947e-01,1.125830039382000047e-01,1.192994639277499963e-01
1.194330155849499947e-01,1.260261684656099890e-01,1.192994639277499963e-01,1.258924007415800073e-01
1.260261684656099890e-01,1.324843168258700021e-01,1.258924007415800073e-01,1.323509961366700072e-01
1.324843168258700021e-01,1.387916505336800055e-01,1.323509961366700072e-01,1.386619508266400125e-01
1.387916505336800055e-01,1.449407935142499881e-01,1.386619508266400125e-01,1.448024213314099973e-01
1.449407935142499881e-01,1.487527191638899904e-01,1.448024213314099973e-01,1.486143469810499995e-01
1.487527191638899904e-01,1.506006121635400097e-01,1.486143469810499995e-01,1.504622399806999911e-01
1.506006121635400097e-01,1.520120054483400096e-01,1.504622399806999911e-01,1.518736481666599913e-01
1.520120054483400096e-01,1.527939587831499968e-01,1.518736481666599913e-01,1.526555866002999862e-01
1.527939587831499968e-01,1.536132395267499895e-01,1.526555866002999862e-01,1.534476876258900058e-01
1.536132395267499895e-01,1.548843085765800043e-01,1.534476876258900058e-01,1.547055542468999956e-01
1.548843085765800043e-01,1.569670140743300024e-01,1.547055542468999956e-01,1.567789912223800097e-01
1.569670140743300024e-01,1.604194492101700120e-01,1.567789912223800097e-01,1.602232158184100086e-01
1.604194492101700120e-01,1.661527305841400126e-01,1.602232158184100086e-01,1.659464985132199921e-01
1.661527305841400126e-01,1.756581664085400118e-01,1.659464985132199921e-01,1.754367947578399922e-01
1.756581664085400118e-01,1.913555115461300082e-01,1.754367947578399922e-01,1.911125332117100117e-01
1.913555115461300082e-01,2.171143144369100109e-01,1.911125332117100117e-01,2.168463617563199941e-01
2.171143144369100109e-01,2.589753568172499798e-01,2.168463617563199941e-01,2.586882412433599843e-01
2.589753568172499798e-01,3.259692192077600081e-01,2.586882412433599843e-01,3.256885409355200212e-01
3.259692192077600081e-01,4.306637346744500161e-01,3.256885409355200212e-01,4.304323792457599995e-01
4.306637346744500161e-01,5.884048342704799595e-01,4.304323792457599995e-01,5.882357358932499558e-01
5.884048342704799595e-01,8.130855560302699958e-01,5.882357358932499558e-01,8.129800558090199969e-01
8.130855560302699958e-01,1.108744978904699918e+00,8.129800558090199969e-01,1.108690381050100093e+00
1.108744978904699918e+00,1.459722518920899992e+00,1.108690381050100093e+00,1.459698557853700063e+00
1.459722518920899992e+00,1.828799962997400108e+00,1.459698557853700063e+00,1.828799962997400108e+00
1.828799962997400108e+00,1.459758043289199891e+00,1.828799962997400108e+00,1.459722518920899992e+00
1.459758043289199891e+00,1.108826160430899987e+00,1.459722518920899992e+00,1.108744978904699918e+00
1.108826160430899987e+00,8.132421374321000540e-01,1.108744978904699918e+00,8.130855560302699958e-01
8.132421374321000540e-01,5.886559486389200124e-01,8.130855560302699958e-01,5.884048342704799595e-01
5.886559486389200124e-01,4.310072362422899817e-01,5.884048342704799595e-01,4.306637346744500161e-01
4.310072362422899817e-01,3.263860344886799769e-01,4.306637346744500161e-01,3.259692192077600081e-01
3.263860344886799769e-01,2.594021856784800018e-01,3.259692192077600081e-01,2.589753568172499798e-01
2.594021856784800018e-01,2.175128161907199931e-01,2.589753568172499798e-01,2.171143144369100109e-01
2.175128161907199931e-01,1.917165815830199904e-01,2.171143144369100109e-01,1.913555115461300082e-01
1.917165815830199904e-01,1.759857535362200076e-01,1.913555115461300082e-01,1.756581664085400118e-01
1.759857535362200076e-01,1.664550900459300098e-01,1.756581664085400118e-01,1.661527305841400126e-01
1.664550900459300098e-01,1.607033610343900076e-01,1.661527305841400126e-01,1.604194492101700120e-01
1.607033610343900076e-01,1.572359502315499868e-01,1.604194492101700120e-01,1.569670140743300024e-01
1.572359502315499868e-01,1.551389396190600012e-01,1.569670140743300024e-01,1.548843085765800043e-01
1.551389396190600012e-01,1.538491845130899871e-01,1.548843085765800043e-01,1.536132395267499895e-01
1.538491845130899871e-01,1.529903113841999951e-01,1.536132395267499895e-01,1.527939587831499968e-01
1.529903113841999951e-01,1.522083729505500083e-01,1.527939587831499968e-01,1.520120054483400096e-01
1.522083729505500083e-01,1.507969647646000000e-01,1.520120054483400096e-01,1.506006121635400097e-01
1.507969647646000000e-01,1.489490717649500084e-01,1.506006121635400097e-01,1.487527191638899904e-01
1.489490717649500084e-01,1.451371461152999864e-01,1.487527191638899904e-01,1.449407935142499881e-01
1.451371461152999864e-01,1.389706581831000043e-01,1.449407935142499881e-01,1.387916505336800055e-01
1.389706581831000043e-01,1.326649785041799923e-01,1.387916505336800055e-01,1.324843168258700021e-01
1.326649785041799923e-01,1.262103021144899972e-01,1.324843168258700021e-01,1.260261684656099890e-01
1.262103021144899972e-01,1.196173056960100067e-01,1.260261684656099890e-01,1.194330155849499947e-01
1.196173056960100067e-01,1.128963604569400009e-01,1.194330155849499947e-01,1.127143576741199971e-01
1.128963604569400009e-01,1.060596108436600016e-01,1.127143576741199971e-01,1.058842912316299983e-01
1.060596108436600016e-01,9.912431240081799599e-02,1.058842912316299983e-01,9.895994514226899574e-02
9.912431240081799599e-02,9.211159497499500637e-02,9.895994514226899574e-02,9.196289628744100386e-02
9.211159497499500637e-02,8.504300564527500494e-02,9.196289628744100386e-02,8.491481840610499987e-02
8.504300564527500494e-02,7.793748378753699579e-02,8.491481840610499987e-02,7.783460617065400544e-02
7.793748378753699579e-02,7.081316411495200414e-02,7.783460617065400544e-02,7.074085623025899716e-02
7.081316411495200414e-02,6.369256973266600175e-02,7.074085623025899716e-02,6.365351378917699643e-02
6.369256973266600175e-02,5.660890787839899935e-02,6.365351378917699643e-02,5.660310015082400253e-02
5.660890787839899935e-02,4.959536343812900178e-02,5.660310015082400253e-02,4.962496832013099657e-02
4.959536343812900178e-02,4.267113283276600250e-02,4.962496832013099657e-02,4.273510724306100322e-02
4.267113283276600250e-02,3.584606945514699772e-02,4.273510724306100322e-02,3.594502061605499982e-02
3.584606945514699772e-02,2.913301251828699992e-02,3.594502061605499982e-02,2.926757559180299950e-02
2.913301251828699992e-02,2.258014120161500049e-02,2.926757559180299950e-02,2.271719835698600073e-02
2.258014120161500049e-02,1.645302213728400131e-02,2.271719835698600073e-02,1.635334640741300041e-02
1.645302213728400131e-02,1.115530636161599955e-02,1.635334640741300041e-02,1.062152441590999939e-02
1.115530636161599955e-02,6.605883128941099879e-03,1.062152441590999939e-02,6.447290536016199794e-03
6.605883128941099879e-03,2.786046359687999793e-03,6.447290536016199794e-03,3.265399252995800083e-03
2.786046359687999793e-03,-6.626771064475200403e-04,3.265399252995800083e-03,4.618016828317200056e-04
-6.626771064475200403e-04,-3.775669028982500154e-03,4.618016828317200056e-04,-2.038796432316299784e-03
-3.775669028982500154e-03,-6.450195331126500065e-03,-2.038796432316299784e-03,-4.180551040917600270e-03
-6.450195331126500065e-03,-8.527925238013300477e-03,-4.180551040917600270e-03,-5.849048960954000322e-03
-8.527925238013300477e-03,-9.850520640611599987e-03,-5.849048960954000322e-03,-6.915615405887400036e-03
-9.850520640611599987e-03,-1.031239889562099964e-02,-6.915615405887400036e-03,-7.288428023457500272e-03
-1.031239889562099964e-02,-9.850520640611599987e-03,-7.288428023457500272e-03,-6.915614940226099717e-03
-9.850520640611599987e-03,-8.527924306690699841e-03,-6.915614940226099717e-03,-5.849048029631399685e-03
-8.527924306690699841e-03,-6.450193934142599977e-03,-5.849048029631399685e-03,-4.180549643933799929e-03
-6.450193934142599977e-03,-3.775666467845400012e-03,-4.180549643933799929e-03,-2.038794104009900108e-03
-3.775666467845400012e-03,-6.626752438023700504e-04,-2.038794104009900108e-03,4.618033126462299737e-04
-6.626752438023700504e-04,2.786048222333200198e-03,4.618033126462299737e-04,3.265400882810400203e-03
2.786048222333200198e-03,6.605884525924900219e-03,3.265400882810400203e-03,6.447291933000099881e-03
6.605884525924900219e-03,1.115530729293799997e-02,6.447291933000099881e-03,1.062152534723300075e-02
1.115530729293799997e-02,1.645302213728400131e-02,1.062152534723300075e-02,1.635334827005899966e-02
1.645302213728400131e-02,2.258014306426000053e-02,1.635334827005899966e-02,2.271719835698600073e-02
2.258014306426000053e-02,2.913301438093199996e-02,2.271719835698600073e-02,2.926757745444799955e-02
2.913301438093199996e-02,3.584606945514699772e-02,2.926757745444799955e-02,3.594502061605499982e-02
3.584606945514699772e-02,4.267113283276600250e-02,3.594502061605499982e-02,4.273511096835100331e-02
4.267113283276600250e-02,4.959536343812900178e-02,4.273511096835100331e-02,4.962496832013099657e-02
4.959536343812900178e-02,5.660890787839899935e-02,4.962496832013099657e-02,5.660310015082400253e-02
5.660890787839899935e-02,6.369256973266600175e-02,5.660310015082400253e-02,6.365351378917699643e-02
6.369256973266600175e-02,7.081316411495200414e-02,6.365351378917699643e-02,7.074085623025899716e-02
7.081316411495200414e-02,7.793748378753699579e-02,7.074085623025899716e-02,7.783460617065400544e-02
7.793748378753699579e-02,8.504300564527500494e-02,7.783460617065400544e-02,8.491481840610499987e-02
8.504300564527500494e-02,9.211159497499500637e-02,8.491481840610499987e-02,9.196289628744100386e-02
9.211159497499500637e-02,9.912431240081799599e-02,9.196289628744100386e-02,9.895994514226899574e-02
9.912431240081799599e-02,1.060596108436600016e-01,9.895994514226899574e-02,1.058842912316299983e-01
1.060596108436600016e-01,1.128963604569400009e-01,1.058842912316299983e-01,1.127143576741199971e-01
1.128963604569400009e-01,1.196173056960100067e-01,1.127143576741199971e-01,1.194330155849499947e-01
1.196173056960100067e-01,1.262103021144899972e-01,1.194330155849499947e-01,1.260261684656099890e-01
1.262103021144899972e-01,1.326649785041799923e-01,1.260261684656099890e-01,1.324843168258700021e-01
1.326649785041799923e-01,1.389706581831000043e-01,1.324843168258700021e-01,1.387916505336800055e-01
1.389706581831000043e-01,1.451371461152999864e-01,1.387916505336800055e-01,1.449407935142499881e-01
1.451371461152999864e-01,1.489490717649500084e-01,1.449407935142499881e-01,1.487527191638899904e-01
1.489490717649500084e-01,1.507969647646000000e-01,1.487527191638899904e-01,1.506006121635400097e-01
1.507969647646000000e-01,1.522083729505500083e-01,1.506006121635400097e-01,1.520120054483400096e-01
1.522083729505500083e-01,1.529903113841999951e-01,1.520120054483400096e-01,1.527939587831499968e-01
1.529903113841999951e-01,1.538491845130899871e-01,1.527939587831499968e-01,1.536132395267499895e-01
1.538491845130899871e-01,1.551389396190600012e-01,1.536132395267499895e-01,1.548843085765800043e-01
1.551389396190600012e-01,1.572359502315499868e-01,1.548843085765800043e-01,1.569670140743300024e-01
1.572359502315499868e-01,1.607033610343900076e-01,1.569670140743300024e-01,1.604194492101700120e-01
1.607033610343900076e-01,1.664550900459300098e-01,1.604194492101700120e-01,1.661527305841400126e-01
1.664550900459300098e-01,1.759857535362200076e-01,1.661527305841400126e-01,1.756581664085400118e-01
1.759857535362200076e-01,1.917165815830199904e-01,1.756581664085400118e-01,1.913555115461300082e-01
1.917165815830199904e-01,2.175128161907199931e-01,1.913555115461300082e-01,2.171143144369100109e-01
2.175128161907199931e-01,2.594021856784800018e-01,2.171143144369100109e-01,2.589753568172499798e-01
2.594021856784800018e-01,3.263860344886799769e-01,2.589753568172499798e-01,3.259692192077600081e-01
3.263860344886799769e-01,4.310072362422899817e-01,3.259692192077600081e-01,4.306637346744500161e-01
4.310072362422899817e-01,5.886559486389200124e-01,4.306637346744500161e-01,5.884048342704799595e-01
5.886559486389200124e-01,8.132421374321000540e-01,5.884048342704799595e-01,8.130855560302699958e-01
8.132421374321000540e-01,1.108826160430899987e+00,8.130855560302699958e-01,1.108744978904699918e+00
1.108826160430899987e+00,1.459758043289199891e+00,1.108744978904699918e+00,1.459722518920899992e+00
1.459758043289199891e+00,1.828799962997400108e+00,1.459722518920899992e+00,1.828799962997400108e+00
1.828799962997400108e+00,1.459811210632300016e+00,1.828799962997400108e+00,1.459758043289199891e+00
1.459811210632300016e+00,1.108947396278399999e+00,1.459758043289199891e+00,1.108826160430899987e+00
1.108947396278399999e+00,8.134760856628400205e-01,1.108826160430899987e+00,8.132421374321000540e-01
8.134760856628400205e-01,5.890308618545500030e-01,8.132421374321000540e-01,5.886559486389200124e-01
5.890308618545500030e-01,4.315198361873600064e-01,5.886559486389200124e-01,4.310072362422899817e-01
4.315198361873600064e-01,3.270080685615500138e-01,4.310072362422899817e-01,3.263860344886799769e-01
3.270080685615500138e-01,2.600401341915100084e-01,3.263860344886799769e-01,2.594021856784800018e-01
2.600401341915100084e-01,2.181088477373100132e-01,2.594021856784800018e-01,2.175128161907199931e-01
2.181088477373100132e-01,1.922558993101100011e-01,2.175128161907199931e-01,1.917165815830199904e-01
1.922558993101100011e-01,1.764717102050800124e-01,1.917165815830199904e-01,1.759857535362200076e-01
1.764717102050800124e-01,1.668970733881000035e-01,1.759857535362200076e-01,1.664550900459300098e-01
1.668970733881000035e-01,1.611109226942100126e-01,1.664550900459300098e-01,1.607033610343900076e-01
1.611109226942100126e-01,1.576164662837999941e-01,1.607033610343900076e-01,1.572359502315499868e-01
1.576164662837999941e-01,1.554960012435900041e-01,1.572359502315499868e-01,1.551389396190600012e-01
1.554960012435900041e-01,1.541781425476100031e-01,1.551389396190600012e-01,1.538491845130899871e-01
1.541781425476100031e-01,1.532608568668399895e-01,1.538491845130899871e-01,1.529903113841999951e-01
1.532608568668399895e-01,1.524789184331900027e-01,1.529903113841999951e-01,1.522083729505500083e-01
1.524789184331900027e-01,1.510675102472300024e-01,1.522083729505500083e-01,1.507969647646000000e-01
1.510675102472300024e-01,1.492196172475800109e-01,1.507969647646000000e-01,1.489490717649500084e-01
1.492196172475800109e-01,1.454076915979400086e-01,1.489490717649500084e-01,1.451371461152999864e-01
1.454076915979400086e-01,1.392133831977800107e-01,1.451371461152999864e-01,1.389706581831000043e-01
1.392133831977800107e-01,1.328980028629299925e-01,1.389706581831000043e-01,1.326649785041799923e-01
1.328980028629299925e-01,1.264477074146299895e-01,1.326649785041799923e-01,1.262103021144899972e-01
1.264477074146299895e-01,1.198578029870999984e-01,1.262103021144899972e-01,1.196173056960100067e-01
1.198578029870999984e-01,1.131360754370699939e-01,1.196173056960100067e-01,1.128963604569400009e-01
1.131360754370699939e-01,1.062939316034299947e-01,1.128963604569400009e-01,1.060596108436600016e-01
1.062939316034299947e-01,9.934750944376000148e-02,1.060596108436600016e-01,9.912431240081799599e-02
9.934750944376000148e-02,9.231631457805600238e-02,9.912431240081799599e-02,9.211159497499500637e-02
9.231631457805600238e-02,8.522079885005999500e-02,9.211159497499500637e-02,8.504300564527500494e-02
8.522079885005999500e-02,7.808078825473800666e-02,8.504300564527500494e-02,7.793748378753699579e-02
7.808078825473800666e-02,7.091683894395800491e-02,7.793748378753699579e-02,7.081316411495200414e-02
7.091683894395800491e-02,6.375620514154399510e-02,7.081316411495200414e-02,6.369256973266600175e-02
6.375620514154399510e-02,5.663119629025500229e-02,6.369256973266600175e-02,5.660890787839899935e-02
5.663119629025500229e-02,4.957047849893599784e-02,5.660890787839899935e-02,4.959536343812900178e-02
4.957047849893599784e-02,4.259693622589100226e-02,4.959536343812900178e-02,4.267113283276600250e-02
4.259693622589100226e-02,3.573104739189100071e-02,4.267113283276600250e-02,3.584606945514699772e-02
3.573104739189100071e-02,2.903510630130800088e-02,3.584606945514699772e-02,2.913301251828699992e-02
2.903510630130800088e-02,2.272435650229499837e-02,2.913301251828699992e-02,2.258014120161500049e-02
2.272435650229499837e-02,1.703394018113599945e-02,2.258014120161500049e-02,1.645302213728400131e-02
1.703394018113599945e-02,1.152471173554700003e-02,1.645302213728400131e-02,1.115530636161599955e-02
1.152471173554700003e-02,6.254219450056599724e-03,1.115530636161599955e-02,6.605883128941099879e-03
6.254219450056599724e-03,1.690120319835800022e-03,6.605883128941099879e-03,2.786046359687999793e-03
1.690120319835800022e-03,-2.486703684553500087e-03,2.786046359687999793e-03,-6.626771064475200403e-04
-2.486703684553500087e-03,-6.290825549513099843e-03,-6.626771064475200403e-04,-3.775669028982500154e-03
-6.290825549513099843e-03,-9.578633122146100118e-03,-3.775669028982500154e-03,-6.450195331126500065e-03
-9.578633122146100118e-03,-1.213994435965999943e-02,-6.450195331126500065e-03,-8.527925238013300477e-03
-1.213994435965999943e-02,-1.377170812338599989e-02,-8.527925238013300477e-03,-9.850520640611599987e-03
-1.377170812338599989e-02,-1.434204634279000017e-02,-9.850520640611599987e-03,-1.031239889562099964e-02
-1.434204634279000017e-02,-1.377170719206300027e-02,-1.031239889562099964e-02,-9.850520640611599987e-03
-1.377170719206300027e-02,-1.213994249701499939e-02,-9.850520640611599987e-03,-8.527924306690699841e-03
-1.213994249701499939e-02,-9.578631259500999459e-03,-8.527924306690699841e-03,-6.450193934142599977e-03
-9.578631259500999459e-03,-6.290822289884099965e-03,-6.450193934142599977e-03,-3.775666467845400012e-03
-6.290822289884099965e-03,-2.486701589077699830e-03,-3.775666467845400012e-03,-6.626752438023700504e-04
-2.486701589077699830e-03,1.690122298896299920e-03,-6.626752438023700504e-04,2.786048222333200198e-03
1.690122298896299920e-03,6.254221312701700383e-03,2.786048222333200198e-03,6.605884525924900219e-03
6.254221312701700383e-03,1.152471359819200007e-02,6.605884525924900219e-03,1.115530729293799997e-02
1.152471359819200007e-02,1.703394204378099949e-02,1.115530729293799997e-02,1.645302213728400131e-02
1.703394204378099949e-02,2.272435650229499837e-02,1.645302213728400131e-02,2.258014306426000053e-02
2.272435650229499837e-02,2.903510816395300093e-02,2.258014306426000053e-02,2.913301438093199996e-02
2.903510816395300093e-02,3.573105111718200000e-02,2.913301438093199996e-02,3.584606945514699772e-02
3.573105111718200000e-02,4.259693622589100226e-02,3.584606945514699772e-02,4.267113283276600250e-02
4.259693622589100226e-02,4.957047849893599784e-02,4.267113283276600250e-02,4.959536343812900178e-02
4.957047849893599784e-02,5.663119629025500229e-02,4.959536343812900178e-02,5.660890787839899935e-02
5.663119629025500229e-02,6.375620514154399510e-02,5.660890787839899935e-02,6.369256973266600175e-02
6.375620514154399510e-02,7.091683894395800491e-02,6.369256973266600175e-02,7.081316411495200414e-02
7.091683894395800491e-02,7.808078825473800666e-02,7.081316411495200414e-02,7.793748378753699579e-02
7.808078825473800666e-02,8.522079885005999500e-02,7.793748378753699579e-02,8.504300564527500494e-02
8.522079885005999500e-02,9.231631457805600238e-02,8.504300564527500494e-02,9.211159497499500637e-02
9.231631457805600238e-02,9.934750944376000148e-02,9.211159497499500637e-02,9.912431240081799599e-02
9.934750944376000148e-02,1.062939316034299947e-01,9.912431240081799599e-02,1.060596108436600016e-01
1.062939316034299947e-01,1.131360754370699939e-01,1.060596108436600016e-01,1.128963604569400009e-01
1.131360754370699939e-01,1.198578029870999984e-01,1.128963604569400009e-01,1.196173056960100067e-01
1.198578029870999984e-01,1.264477074146299895e-01,1.196173056960100067e-01,1.262103021144899972e-01
1.264477074146299895e-01,1.328980028629299925e-01,1.262103021144899972e-01,1.326649785041799923e-01
1.328980028629299925e-01,1.392133831977800107e-01,1.326649785041799923e-01,1.389706581831000043e-01
1.392133831977800107e-01,1.454076915979400086e-01,1.389706581831000043e-01,1.451371461152999864e-01
1.454076915979400086e-01,1.492196172475800109e-01,1.451371461152999864e-01,1.489490717649500084e-01
1.492196172475800109e-01,1.510675102472300024e-01,1.489490717649500084e-01,1.507969647646000000e-01
1.510675102472300024e-01,1.524789184331900027e-01,1.507969647646000000e-01,1.522083729505500083e-01
1.524789184331900027e-01,1.532608568668399895e-01,1.522083729505500083e-01,1.529903113841999951e-01
1.532608568668399895e-01,1.541781425476100031e-01,1.529903113841999951e-01,1.538491845130899871e-01
1.541781425476100031e-01,1.554960012435900041e-01,1.538491845130899871e-01,1.551389396190600012e-01
1.554960012435900041e-01,1.576164662837999941e-01,1.551389396190600012e-01,1.572359502315499868e-01
1.576164662837999941e-01,1.611109226942100126e-01,1.572359502315499868e-01,1.607033610343900076e-01
1.611109226942100126e-01,1.668970733881000035e-01,1.607033610343900076e-01,1.664550900459300098e-01
1.668970733881000035e-01,1.764717102050800124e-01,1.664550900459300098e-01,1.759857535362200076e-01
1.764717102050800124e-01,1.922558993101100011e-01,1.759857535362200076e-01,1.917165815830199904e-01
1.922558993101100011e-01,2.181088477373100132e-01,1.917165815830199904e-01,2.175128161907199931e-01
2.181088477373100132e-01,2.600401341915100084e-01,2.175128161907199931e-01,2.594021856784800018e-01
2.600401341915100084e-01,3.270080685615500138e-01,2.594021856784800018e-01,3.263860344886799769e-01
3.270080685615500138e-01,4.315198361873600064e-01,3.263860344886799769e-01,4.310072362422899817e-01
4.315198361873600064e-01,5.890308618545500030e-01,4.310072362422899817e-01,5.886559486389200124e-01
5.890308618545500030e-01,8.134760856628400205e-01,5.886559486389200124e-01,8.132421374321000540e-01
8.134760856628400205e-01,1.108947396278399999e+00,8.132421374321000540e-01,1.108826160430899987e+00
1.108947396278399999e+00,1.459811210632300016e+00,1.108826160430899987e+00,1.459758043289199891e+00
1.459811210632300016e+00,1.828799962997400108e+00,1.459758043289199891e+00,1.828799962997400108e+00
1.828799962997400108e+00,1.459891319274899901e+00,1.828799962997400108e+00,1.459811210632300016e+00
1.459891319274899901e+00,1.109130024910000012e+00,1.459811210632300016e+00,1.108947396278399999e+00
1.109130024910000012e+00,8.138282895088200242e-01,1.108947396278399999e+00,8.134760856628400205e-01
8.138282895088200242e-01,5.895948410034199672e-01,8.134760856628400205e-01,5.890308618545500030e-01
5.895948410034199672e-01,4.322905242443100260e-01,5.890308618545500030e-01,4.315198361873600064e-01
4.322905242443100260e-01,3.279435336589799910e-01,4.315198361873600064e-01,3.270080685615500138e-01
3.279435336589799910e-01,2.610014677047700071e-01,3.270080685615500138e-01,2.600401341915100084e-01
2.610014677047700071e-01,2.190079092979400066e-01,2.600401341915100084e-01,2.181088477373100132e-01
2.190079092979400066e-01,1.930679976940199993e-01,2.181088477373100132e-01,1.922558993101100011e-01
1.930679976940199993e-01,1.771968007087700026e-01,1.922558993101100011e-01,1.764717102050800124e-01
1.771968007087700026e-01,1.675432026386300122e-01,1.764717102050800124e-01,1.668970733881000035e-01
1.675432026386300122e-01,1.616909056901900121e-01,1.668970733881000035e-01,1.611109226942100126e-01
1.616909056901900121e-01,1.581448018550900003e-01,1.611109226942100126e-01,1.576164662837999941e-01
1.581448018550900003e-01,1.559825837612200117e-01,1.576164662837999941e-01,1.554960012435900041e-01
1.559825837612200117e-01,1.546202301979099913e-01,1.554960012435900041e-01,1.541781425476100031e-01
1.546202301979099913e-01,1.536156833171800074e-01,1.541781425476100031e-01,1.532608568668399895e-01
1.536156833171800074e-01,1.528337448835400125e-01,1.532608568668399895e-01,1.524789184331900027e-01
1.528337448835400125e-01,1.514223366975800122e-01,1.524789184331900027e-01,1.510675102472300024e-01
1.514223366975800122e-01,1.495744436979299929e-01,1.510675102472300024e-01,1.492196172475800109e-01
1.495744436979299929e-01,1.457625180482899907e-01,1.492196172475800109e-01,1.454076915979400086e-01
1.457625180482899907e-01,1.395239382982300103e-01,1.454076915979400086e-01,1.392133831977800107e-01
1.395239382982300103e-01,1.331771314144100105e-01,1.392133831977800107e-01,1.328980028629299925e-01
1.331771314144100105e-01,1.267160475254099916e-01,1.328980028629299925e-01,1.264477074146299895e-01
1.267160475254099916e-01,1.201296448707599995e-01,1.264477074146299895e-01,1.198578029870999984e-01
1.201296448707599995e-01,1.134135052561800056e-01,1.198578029870999984e-01,1.131360754370699939e-01
1.134135052561800056e-01,1.065735295414900058e-01,1.131360754370699939e-01,1.062939316034299947e-01
1.065735295414900058e-01,9.962188452482199919e-02,1.062939316034299947e-01,9.934750944376000148e-02
9.962188452482199919e-02,9.257444739341699758e-02,9.934750944376000148e-02,9.231631457805600238e-02
9.257444739341699758e-02,8.545021712780000167e-02,9.231631457805600238e-02,8.522079885005999500e-02
8.545021712780000167e-02,7.827182859182399421e-02,8.522079885005999500e-02,7.808078825473800666e-02
7.827182859182399421e-02,7.106634229421600335e-02,7.808078825473800666e-02,7.091683894395800491e-02
7.106634229421600335e-02,6.386400014162099681e-02,7.091683894395800491e-02,6.375620514154399510e-02
6.386400014162099681e-02,5.669376626610800329e-02,6.375620514154399510e-02,5.663119629025500229e-02
5.669376626610800329e-02,4.958655685186399986e-02,5.663119629025500229e-02,4.957047849893599784e-02
4.958655685186399986e-02,4.259335622191399995e-02,4.957047849893599784e-02,4.259693622589100226e-02
4.259335622191399995e-02,3.582060709595699666e-02,4.259693622589100226e-02,3.573104739189100071e-02
3.582060709595699666e-02,2.943339757621300096e-02,3.573104739189100071e-02,2.903510630130800088e-02
2.943339757621300096e-02,2.343149296939400078e-02,2.903510630130800088e-02,2.272435650229499837e-02
2.343149296939400078e-02,1.744711399078400019e-02,2.272435650229499837e-02,1.703394018113599945e-02
1.744711399078400019e-02,1.112867984920700055e-02,1.703394018113599945e-02,1.152471173554700003e-02
1.112867984920700055e-02,5.007861647754899802e-03,1.152471173554700003e-02,6.254219450056599724e-03
5.007861647754899802e-03,-3.965701034758199869e-04,6.254219450056599724e-03,1.690120319835800022e-03
-3.965701034758199869e-04,-5.386920180171700379e-03,1.690120319835800022e-03,-2.486703684553500087e-03
-5.386920180171700379e-03,-9.954871609807000588e-03,-2.486703684553500087e-03,-6.290825549513099843e-03
-9.954871609807000588e-03,-1.392408646643199938e-02,-6.290825549513099843e-03,-9.578633122146100118e-03
-1.392408646643199938e-02,-1.703423447907000121e-02,-9.578633122146100118e-03,-1.213994435965999943e-02
-1.703423447907000121e-02,-1.902565546333799887e-02,-1.213994435965999943e-02,-1.377170812338599989e-02
-1.902565546333799887e-02,-1.972481235861800117e-02,-1.377170812338599989e-02,-1.434204634279000017e-02
-1.972481235861800117e-02,-1.902565546333799887e-02,-1.434204634279000017e-02,-1.377170719206300027e-02
-1.902565546333799887e-02,-1.703423261642500117e-02,-1.377170719206300027e-02,-1.213994249701499939e-02
-1.703423261642500117e-02,-1.392408460378600013e-02,-1.213994249701499939e-02,-9.578631259500999459e-03
-1.392408460378600013e-02,-9.954868815839299293e-03,-9.578631259500999459e-03,-6.290822289884099965e-03
-9.954868815839299293e-03,-5.386917386203999951e-03,-6.290822289884099965e-03,-2.486701589077699830e-03
-5.386917386203999951e-03,-3.965677460655599846e-04,-2.486701589077699830e-03,1.690122298896299920e-03
-3.965677460655599846e-04,5.007863510400100207e-03,1.690122298896299920e-03,6.254221312701700383e-03
5.007863510400100207e-03,1.112868171185299980e-02,6.254221312701700383e-03,1.152471359819200007e-02
1.112868171185299980e-02,1.744711585342900023e-02,1.152471359819200007e-02,1.703394204378099949e-02
1.744711585342900023e-02,2.343149483203900083e-02,1.703394204378099949e-02,2.272435650229499837e-02
2.343149483203900083e-02,2.943339757621300096e-02,2.272435650229499837e-02,2.903510816395300093e-02
2.943339757621300096e-02,3.582061082124699675e-02,2.903510816395300093e-02,3.573105111718200000e-02
3.582061082124699675e-02,4.259335622191399995e-02,3.573105111718200000e-02,4.259693622589100226e-02
4.259335622191399995e-02,4.958655685186399986e-02,4.259693622589100226e-02,4.957047849893599784e-02
4.958655685186399986e-02,5.669376626610800329e-02,4.957047849893599784e-02,5.663119629025500229e-02
5.669376626610800329e-02,6.386400014162099681e-02,5.663119629025500229e-02,6.375620514154399510e-02
6.386400014162099681e-02,7.106634229421600335e-02,6.375620514154399510e-02,7.091683894395800491e-02
7.106634229421600335e-02,7.827182859182399421e-02,7.091683894395800491e-02,7.808078825473800666e-02
7.827182859182399421e-02,8.545021712780000167e-02,7.808078825473800666e-02,8.522079885005999500e-02
8.545021712780000167e-02,9.257444739341699758e-02,8.522079885005999500e-02,9.231631457805600238e-02
9.257444739341699758e-02,9.962188452482199919e-02,9.231631457805600238e-02,9.934750944376000148e-02
9.962188452482199919e-02,1.065735295414900058e-01,9.934750944376000148e-02,1.062939316034299947e-01
1.065735295414900058e-01,1.134135052561800056e-01,1.062939316034299947e-01,1.131360754370699939e-01
1.134135052561800056e-01,1.201296448707599995e-01,1.131360754370699939e-01,1.198578029870999984e-01
1.201296448707599995e-01,1.267160475254099916e-01,1.198578029870999984e-01,1.264477074146299895e-01
1.267160475254099916e-01,1.331771314144100105e-01,1.264477074146299895e-01,1.328980028629299925e-01
1.331771314144100105e-01,1.395239382982300103e-01,1.328980028629299925e-01,1.392133831977800107e-01
1.395239382982300103e-01,1.457625180482899907e-01,1.392133831977800107e-01,1.454076915979400086e-01
1.457625180482899907e-01,1.495744436979299929e-01,1.454076915979400086e-01,1.492196172475800109e-01
1.495744436979299929e-01,1.514223366975800122e-01,1.492196172475800109e-01,1.510675102472300024e-01
1.514223366975800122e-01,1.528337448835400125e-01,1.510675102472300024e-01,1.524789184331900027e-01
1.528337448835400125e-01,1.536156833171800074e-01,1.524789184331900027e-01,1.532608568668399895e-01
1.536156833171800074e-01,1.546202301979099913e-01,1.532608568668399895e-01,1.541781425476100031e-01
1.546202301979099913e-01,1.559825837612200117e-01,1.541781425476100031e-01,1.554960012435900041e-01
1.559825837612200117e-01,1.581448018550900003e-01,1.554960012435900041e-01,1.576164662837999941e-01
1.581448018550900003e-01,1.616909056901900121e-01,1.576164662837999941e-01,1.611109226942100126e-01
1.616909056901900121e-01,1.675432026386300122e-01,1.611109226942100126e-01,1.668970733881000035e-01
1.675432026386300122e-01,1.771968007087700026e-01,1.668970733881000035e-01,1.764717102050800124e-01
1.771968007087700026e-01,1.930679976940199993e-01,1.764717102050800124e-01,1.922558993101100011e-01
1.930679976940199993e-01,2.190079092979400066e-01,1.922558993101100011e-01,2.181088477373100132e-01
2.190079092979400066e-01,2.610014677047700071e-01,2.181088477373100132e-01,2.600401341915100084e-01
2.610014677047700071e-01,3.279435336589799910e-01,2.600401341915100084e-01,3.270080685615500138e-01
3.279435336589799910e-01,4.322905242443100260e-01,3.270080685615500138e-01,4.315198361873600064e-01
4.322905242443100260e-01,5.895948410034199672e-01,4.315198361873600064e-01,5.890308618545500030e-01
5.895948410034199672e-01,8.138282895088200242e-01,5.890308618545500030e-01,8.134760856628400205e-01
8.138282895088200242e-01,1.109130024910000012e+00,8.134760856628400205e-01,1.108947396278399999e+00
1.109130024910000012e+00,1.459891319274899901e+00,1.108947396278399999e+00,1.459811210632300016e+00
1.459891319274899901e+00,1.828799962997400108e+00,1.459811210632300016e+00,1.828799962997400108e+00
1.828799962997400108e+00,1.460013389587399901e+00,1.828799962997400108e+00,1.459891319274899901e+00
1.460013389587399901e+00,1.109408020973200015e+00,1.459891319274899901e+00,1.109130024910000012e+00
1.109408020973200015e+00,8.143638372421300176e-01,1.109130024910000012e+00,8.138282895088200242e-01
8.143638372421300176e-01,5.904514193534899924e-01,8.138282895088200242e-01,5.895948410034199672e-01
5.904514193534899924e-01,4.334599077701600245e-01,5.895948410034199672e-01,4.322905242443100260e-01
4.334599077701600245e-01,3.293636739254000023e-01,4.322905242443100260e-01,3.279435336589799910e-01
3.293636739254000023e-01,2.624649703502699993e-01,3.279435336589799910e-01,2.610014677047700071e-01
2.624649703502699993e-01,2.203788757324199876e-01,2.610014677047700071e-01,2.190079092979400066e-01
2.203788757324199876e-01,1.943052858114200088e-01,2.190079092979400066e-01,1.930679976940199993e-01
1.943052858114200088e-01,1.782958358526199882e-01,1.930679976940199993e-01,1.771968007087700026e-01
1.782958358526199882e-01,1.685107499360999905e-01,1.771968007087700026e-01,1.675432026386300122e-01
1.685107499360999905e-01,1.625381410121899961e-01,1.675432026386300122e-01,1.616909056901900121e-01
1.625381410121899961e-01,1.588853001594499881e-01,1.616909056901900121e-01,1.581448018550900003e-01
1.588853001594499881e-01,1.566288620233499962e-01,1.581448018550900003e-01,1.559825837612200117e-01
1.566288620233499962e-01,1.551745384931600136e-01,1.559825837612200117e-01,1.546202301979099913e-01
1.551745384931600136e-01,1.540292352437999945e-01,1.546202301979099913e-01,1.536156833171800074e-01
1.540292352437999945e-01,1.532472968101500077e-01,1.536156833171800074e-01,1.528337448835400125e-01
1.532472968101500077e-01,1.518358886241900074e-01,1.528337448835400125e-01,1.514223366975800122e-01
1.518358886241900074e-01,1.499879956245399881e-01,1.514223366975800122e-01,1.495744436979299929e-01
1.499879956245399881e-01,1.461760699749000136e-01,1.495744436979299929e-01,1.457625180482899907e-01
1.461760699749000136e-01,1.398645788431200077e-01,1.457625180482899907e-01,1.395239382982300103e-01
1.398645788431200077e-01,1.334556788206099909e-01,1.395239382982300103e-01,1.331771314144100105e-01
1.334556788206099909e-01,1.269490718841599919e-01,1.331771314144100105e-01,1.267160475254099916e-01
1.269490718841599919e-01,1.203422173857700006e-01,1.267160475254099916e-01,1.201296448707599995e-01
1.203422173857700006e-01,1.136285141110399965e-01,1.201296448707599995e-01,1.134135052561800056e-01
1.136285141110399965e-01,1.068022772669799947e-01,1.134135052561800056e-01,1.065735295414900058e-01
1.068022772669799947e-01,9.986383467912700318e-02,1.065735295414900058e-01,9.962188452482199919e-02
9.986383467912700318e-02,9.282165020704299940e-02,9.962188452482199919e-02,9.257444739341699758e-02
9.282165020704299940e-02,8.569293469190600310e-02,9.257444739341699758e-02,8.545021712780000167e-02
8.569293469190600310e-02,7.850345969200099583e-02,8.545021712780000167e-02,7.827182859182399421e-02
7.850345969200099583e-02,7.128604501485799605e-02,7.827182859182399421e-02,7.106634229421600335e-02
7.128604501485799605e-02,6.408023834228500359e-02,7.106634229421600335e-02,6.386400014162099681e-02
6.408023834228500359e-02,5.694026127457599978e-02,6.386400014162099681e-02,5.669376626610800329e-02
5.694026127457599978e-02,4.994695633649799682e-02,5.669376626610800329e-02,4.958655685186399986e-02
4.994695633649799682e-02,4.318964108824700082e-02,4.958655685186399986e-02,4.259335622191399995e-02
4.318964108824700082e-02,3.667226433753999898e-02,4.259335622191399995e-02,3.582060709595699666e-02
3.667226433753999898e-02,3.022661060094800067e-02,3.582060709595699666e-02,2.943339757621300096e-02
3.022661060094800067e-02,2.360995672643199927e-02,2.943339757621300096e-02,2.343149296939400078e-02
2.360995672643199927e-02,1.666737534105799945e-02,2.343149296939400078e-02,1.744711399078400019e-02
1.666737534105799945e-02,9.359900839626799501e-03,1.744711399078400019e-02,1.112867984920700055e-02
9.359900839626799501e-03,2.303797984495800210e-03,1.112867984920700055e-02,5.007861647754899802e-03
2.303797984495800210e-03,-4.040291067212800104e-03,5.007861647754899802e-03,-3.965701034758199869e-04
-4.040291067212800104e-03,-9.933843277394799332e-03,-3.965701034758199869e-04,-5.386920180171700379e-03
-9.933843277394799332e-03,-1.533554494381000020e-02,-5.386920180171700379e-03,-9.954871609807000588e-03
-1.533554494381000020e-02,-2.003861777484399961e-02,-9.954871609807000588e-03,-1.392408646643199938e-02
-2.003861777484399961e-02,-2.374092675745500050e-02,-1.392408646643199938e-02,-1.703423447907000121e-02
-2.374092675745500050e-02,-2.612592838704599907e-02,-1.703423447907000121e-02,-1.902565546333799887e-02
-2.612592838704599907e-02,-2.696791850030400006e-02,-1.902565546333799887e-02,-1.972481235861800117e-02
-2.696791850030400006e-02,-2.612592652440099902e-02,-1.972481235861800117e-02,-1.902565546333799887e-02
-2.612592652440099902e-02,-2.374092489481000046e-02,-1.902565546333799887e-02,-1.703423261642500117e-02
-2.374092489481000046e-02,-2.003861404955399952e-02,-1.703423261642500117e-02,-1.392408460378600013e-02
-2.003861404955399952e-02,-1.533554214984200054e-02,-1.392408460378600013e-02,-9.954868815839299293e-03
-1.533554214984200054e-02,-9.933840483426999157e-03,-9.954868815839299293e-03,-5.386917386203999951e-03
-9.933840483426999157e-03,-4.040288273245099676e-03,-5.386917386203999951e-03,-3.965677460655599846e-04
-4.040288273245099676e-03,2.303800545632800172e-03,-3.965677460655599846e-04,5.007863510400100207e-03
2.303800545632800172e-03,9.359902702271900160e-03,5.007863510400100207e-03,1.112868171185299980e-02
9.359902702271900160e-03,1.666737720370299949e-02,1.112868171185299980e-02,1.744711585342900023e-02
1.666737720370299949e-02,2.360995858907699932e-02,1.744711585342900023e-02,2.343149483203900083e-02
2.360995858907699932e-02,3.022661246359300072e-02,2.343149483203900083e-02,2.943339757621300096e-02
3.022661246359300072e-02,3.667226806282999907e-02,2.943339757621300096e-02,3.582061082124699675e-02
3.667226806282999907e-02,4.318964108824700082e-02,3.582061082124699675e-02,4.259335622191399995e-02
4.318964108824700082e-02,4.994695633649799682e-02,4.259335622191399995e-02,4.958655685186399986e-02
4.994695633649799682e-02,5.694026127457599978e-02,4.958655685186399986e-02,5.669376626610800329e-02
5.694026127457599978e-02,6.408023834228500359e-02,5.669376626610800329e-02,6.386400014162099681e-02
6.408023834228500359e-02,7.128604501485799605e-02,6.386400014162099681e-02,7.106634229421600335e-02
7.128604501485799605e-02,7.850345969200099583e-02,7.106634229421600335e-02,7.827182859182399421e-02
7.850345969200099583e-02,8.569293469190600310e-02,7.827182859182399421e-02,8.545021712780000167e-02
8.569293469190600310e-02,9.282165020704299940e-02,8.545021712780000167e-02,9.257444739341699758e-02
9.282165020704299940e-02,9.986383467912700318e-02,9.257444739341699758e-02,9.962188452482199919e-02
9.986383467912700318e-02,1.068022772669799947e-01,9.962188452482199919e-02,1.065735295414900058e-01
1.068022772669799947e-01,1.136285141110399965e-01,1.065735295414900058e-01,1.134135052561800056e-01
1.136285141110399965e-01,1.203422173857700006e-01,1.134135052561800056e-01,1.201296448707599995e-01
1.203422173857700006e-01,1.269490718841599919e-01,1.201296448707599995e-01,1.267160475254099916e-01
1.269490718841599919e-01,1.334556788206099909e-01,1.267160475254099916e-01,1.331771314144100105e-01
1.334556788206099909e-01,1.398645788431200077e-01,1.331771314144100105e-01,1.395239382982300103e-01
1.398645788431200077e-01,1.461760699749000136e-01,1.395239382982300103e-01,1.457625180482899907e-01
1.461760699749000136e-01,1.499879956245399881e-01,1.457625180482899907e-01,1.495744436979299929e-01
1.499879956245399881e-01,1.518358886241900074e-01,1.495744436979299929e-01,1.514223366975800122e-01
1.518358886241900074e-01,1.532472968101500077e-01,1.514223366975800122e-01,1.528337448835400125e-01
1.532472968101500077e-01,1.540292352437999945e-01,1.528337448835400125e-01,1.536156833171800074e-01
1.540292352437999945e-01,1.551745384931600136e-01,1.536156833171800074e-01,1.546202301979099913e-01
1.551745384931600136e-01,1.566288620233499962e-01,1.546202301979099913e-01,1.559825837612200117e-01
1.566288620233499962e-01,1.588853001594499881e-01,1.559825837612200117e-01,1.581448018550900003e-01
1.588853001594499881e-01,1.625381410121899961e-01,1.581448018550900003e-01,1.616909056901900121e-01
1.625381410121899961e-01,1.685107499360999905e-01,1.616909056901900121e-01,1.675432026386300122e-01
1.685107499360999905e-01,1.782958507537799886e-01,1.675432026386300122e-01,1.771968007087700026e-01
1.782958507537799886e-01,1.943052858114200088e-01,1.771968007087700026e-01,1.930679976940199993e-01
1.943052858114200088e-01,2.203788757324199876e-01,1.930679976940199993e-01,2.190079092979400066e-01
2.203788757324199876e-01,2.624649703502699993e-01,2.190079092979400066e-01,2.610014677047700071e-01
2.624649703502699993e-01,3.293636739254000023e-01,2.610014677047700071e-01,3.279435336589799910e-01
3.293636739254000023e-01,4.334599077701600245e-01,3.279435336589799910e-01,4.322905242443100260e-01
4.334599077701600245e-01,5.904514193534899924e-01,4.322905242443100260e-01,5.895948410034199672e-01
5.904514193534899924e-01,8.143638372421300176e-01,5.895948410034199672e-01,8.138282895088200242e-01
8.143638372421300176e-01,1.109408020973200015e+00,8.138282895088200242e-01,1.109130024910000012e+00
1.109408020973200015e+00,1.460013389587399901e+00,1.109130024910000012e+00,1.459891319274899901e+00
1.460013389587399901e+00,1.828799962997400108e+00,1.459891319274899901e+00,1.828799962997400108e+00
1.828799962997400108e+00,1.460162401199299964e+00,1.828799962997400108e+00,1.460013389587399901e+00
1.460162401199299964e+00,1.109747171401999966e+00,1.460013389587399901e+00,1.109408020973200015e+00
1.109747171401999966e+00,8.150160908699000117e-01,1.109408020973200015e+00,8.143638372421300176e-01
8.150160908699000117e-01,5.914930701255799450e-01,8.143638372421300176e-01,5.904514193534899924e-01
5.914930701255799450e-01,4.348804056644399729e-01,5.904514193534899924e-01,4.334599077701600245e-01
4.348804056644399729e-01,3.310902714729300200e-01,4.334599077701600245e-01,3.293636739254000023e-01
3.310902714729300200e-01,2.642502784729000020e-01,3.293636739254000023e-01,2.624649703502699993e-01
2.642502784729000020e-01,2.220554053783400095e-01,2.624649703502699993e-01,2.203788757324199876e-01
2.220554053783400095e-01,1.958218514919299880e-01,2.203788757324199876e-01,1.943052858114200088e-01
1.958218514919299880e-01,1.796533465385400097e-01,1.943052858114200088e-01,1.782958358526199882e-01
1.796533465385400097e-01,1.697345525026300039e-01,1.782958358526199882e-01,1.685107499360999905e-01
1.697345525026300039e-01,1.636634320020700084e-01,1.685107499360999905e-01,1.625381410121899961e-01
1.636634320020700084e-01,1.599447727203399949e-01,1.625381410121899961e-01,1.588853001594499881e-01
1.599447727203399949e-01,1.576426178216900065e-01,1.588853001594499881e-01,1.566288620233499962e-01
1.576426178216900065e-01,1.561373174190499868e-01,1.566288620233499962e-01,1.551745384931600136e-01
1.561373174190499868e-01,1.548497229814499998e-01,1.551745384931600136e-01,1.540292352437999945e-01
1.548497229814499998e-01,1.535384058952299902e-01,1.540292352437999945e-01,1.532472968101500077e-01
1.535384058952299902e-01,1.511077880859399980e-01,1.532472968101500077e-01,1.518358886241900074e-01
1.511077880859399980e-01,1.480052024126100041e-01,1.518358886241900074e-01,1.499879956245399881e-01
1.480052024126100041e-01,1.435778141021699927e-01,1.499879956245399881e-01,1.461760699749000136e-01
1.435778141021699927e-01,1.376824527978899870e-01,1.461760699749000136e-01,1.398645788431200077e-01
1.376824527978899870e-01,1.314361840486500121e-01,1.398645788431200077e-01,1.334556788206099909e-01
1.314361840486500121e-01,1.249626502394699940e-01,1.334556788206099909e-01,1.269490718841599919e-01
1.249626502394699940e-01,1.183238551020600049e-01,1.269490718841599919e-01,1.203422173857700006e-01
1.183238551020600049e-01,1.115481555461900059e-01,1.203422173857700006e-01,1.136285141110399965e-01
1.115481555461900059e-01,1.046478524804100030e-01,1.136285141110399965e-01,1.068022772669799947e-01
1.046478524804100030e-01,9.763121604919400287e-02,1.068022772669799947e-01,9.986383467912700318e-02
9.763121604919400287e-02,9.051002562046099598e-02,9.986383467912700318e-02,9.282165020704299940e-02
9.051002562046099598e-02,8.330321311950700247e-02,9.282165020704299940e-02,8.569293469190600310e-02
8.330321311950700247e-02,7.603790611028700408e-02,8.569293469190600310e-02,7.850345969200099583e-02
7.603790611028700408e-02,6.874919682741199856e-02,7.850345969200099583e-02,7.128604501485799605e-02
6.874919682741199856e-02,6.148045510053599949e-02,7.128604501485799605e-02,6.408023834228500359e-02
6.148045510053599949e-02,5.428257584571800215e-02,6.408023834228500359e-02,5.694026127457599978e-02
5.428257584571800215e-02,4.719848558306700276e-02,5.694026127457599978e-02,4.994695633649799682e-02
4.719848558306700276e-02,4.021655023098000270e-02,4.994695633649799682e-02,4.318964108824700082e-02
4.021655023098000270e-02,3.321936354041100242e-02,4.318964108824700082e-02,3.667226433753999898e-02
3.321936354041100242e-02,2.602162770926999893e-02,3.667226433753999898e-02,3.022661060094800067e-02
2.602162770926999893e-02,1.849818974733399846e-02,3.022661060094800067e-02,2.360995672643199927e-02
1.849818974733399846e-02,1.064866036176700080e-02,2.360995672643199927e-02,1.666737534105799945e-02
1.064866036176700080e-02,2.578358398750400099e-03,1.666737534105799945e-02,9.359900839626799501e-03
2.578358398750400099e-03,-5.218812264501999920e-03,9.359900839626799501e-03,2.303797984495800210e-03
-5.218812264501999920e-03,-1.243797410279499915e-02,2.303797984495800210e-03,-4.040291067212800104e-03
-1.243797410279499915e-02,-1.915844902396200006e-02,-4.040291067212800104e-03,-9.933843277394799332e-03
-1.915844902396200006e-02,-2.525025419890900014e-02,-9.933843277394799332e-03,-1.533554494381000020e-02
-2.525025419890900014e-02,-3.045844472944700052e-02,-1.533554494381000020e-02,-2.003861777484399961e-02
-3.045844472944700052e-02,-3.444131836295100113e-02,-2.003861777484399961e-02,-2.374092675745500050e-02
-3.444131836295100113e-02,-3.682123497128499817e-02,-2.374092675745500050e-02,-2.612592838704599907e-02
-3.682123497128499817e-02,-3.742034733295399734e-02,-2.612592838704599907e-02,-2.696791850030400006e-02
-3.742034733295399734e-02,-3.682123497128499817e-02,-2.696791850030400006e-02,-2.612592652440099902e-02
-3.682123497128499817e-02,-3.444131836295100113e-02,-2.612592652440099902e-02,-2.374092489481000046e-02
-3.444131836295100113e-02,-3.045844472944700052e-02,-2.374092489481000046e-02,-2.003861404955399952e-02
-3.045844472944700052e-02,-2.525025419890900014e-02,-2.003861404955399952e-02,-1.533554214984200054e-02
-2.525025419890900014e-02,-1.915844902396200006e-02,-1.533554214984200054e-02,-9.933840483426999157e-03
-1.915844902396200006e-02,-1.243797224015000084e-02,-9.933840483426999157e-03,-4.040288273245099676e-03
-1.243797224015000084e-02,-5.218810867518199580e-03,-4.040288273245099676e-03,2.303800545632800172e-03
-5.218810867518199580e-03,2.578359562903600154e-03,2.303800545632800172e-03,9.359902702271900160e-03
2.578359562903600154e-03,1.064866222441200085e-02,9.359902702271900160e-03,1.666737720370299949e-02
1.064866222441200085e-02,1.849818974733399846e-02,1.666737720370299949e-02,2.360995858907699932e-02
1.849818974733399846e-02,2.602162770926999893e-02,2.360995858907699932e-02,3.022661246359300072e-02
2.602162770926999893e-02,3.321936354041100242e-02,3.022661246359300072e-02,3.667226806282999907e-02
3.321936354041100242e-02,4.021655395627000279e-02,3.667226806282999907e-02,4.318964108824700082e-02
4.021655395627000279e-02,4.719848558306700276e-02,4.318964108824700082e-02,4.994695633649799682e-02
4.719848558306700276e-02,5.428257584571800215e-02,4.994695633649799682e-02,5.694026127457599978e-02
5.428257584571800215e-02,6.148045510053599949e-02,5.694026127457599978e-02,6.408023834228500359e-02
6.148045510053599949e-02,6.874919682741199856e-02,6.408023834228500359e-02,7.128604501485799605e-02
6.874919682741199856e-02,7.603790611028700408e-02,7.128604501485799605e-02,7.850345969200099583e-02
7.603790611028700408e-02,8.330321311950700247e-02,7.850345969200099583e-02,8.569293469190600310e-02
8.330321311950700247e-02,9.051002562046099598e-02,8.569293469190600310e-02,9.282165020704299940e-02
9.051002562046099598e-02,9.763121604919400287e-02,9.282165020704299940e-02,9.986383467912700318e-02
9.763121604919400287e-02,1.046478524804100030e-01,9.986383467912700318e-02,1.068022772669799947e-01
1.046478524804100030e-01,1.115481555461900059e-01,1.068022772669799947e-01,1.136285141110399965e-01
1.115481555461900059e-01,1.183238551020600049e-01,1.136285141110399965e-01,1.203422173857700006e-01
1.183238551020600049e-01,1.249626502394699940e-01,1.203422173857700006e-01,1.269490718841599919e-01
1.249626502394699940e-01,1.314361840486500121e-01,1.269490718841599919e-01,1.334556788206099909e-01
1.314361840486500121e-01,1.376824527978899870e-01,1.334556788206099909e-01,1.398645788431200077e-01
1.376824527978899870e-01,1.435778141021699927e-01,1.398645788431200077e-01,1.461760699749000136e-01
1.435778141021699927e-01,1.480052024126100041e-01,1.461760699749000136e-01,1.499879956245399881e-01
1.480052024126100041e-01,1.511077880859399980e-01,1.499879956245399881e-01,1.518358886241900074e-01
1.511077880859399980e-01,1.535384058952299902e-01,1.518358886241900074e-01,1.532472968101500077e-01
1.535384058952299902e-01,1.548497229814499998e-01,1.532472968101500077e-01,1.540292352437999945e-01
1.548497229814499998e-01,1.561373174190499868e-01,1.540292352437999945e-01,1.551745384931600136e-01
1.561373174190499868e-01,1.576426178216900065e-01,1.551745384931600136e-01,1.566288620233499962e-01
1.576426178216900065e-01,1.599447727203399949e-01,1.566288620233499962e-01,1.588853001594499881e-01
1.599447727203399949e-01,1.636634320020700084e-01,1.588853001594499881e-01,1.625381410121899961e-01
1.636634320020700084e-01,1.697345525026300039e-01,1.625381410121899961e-01,1.685107499360999905e-01
1.697345525026300039e-01,1.796533465385400097e-01,1.685107499360999905e-01,1.782958507537799886e-01
1.796533465385400097e-01,1.958218514919299880e-01,1.782958507537799886e-01,1.943052858114200088e-01
1.958218514919299880e-01,2.220554053783400095e-01,1.943052858114200088e-01,2.203788757324199876e-01
2.220554053783400095e-01,2.642502784729000020e-01,2.203788757324199876e-01,2.624649703502699993e-01
2.642502784729000020e-01,3.310902714729300200e-01,2.624649703502699993e-01,3.293636739254000023e-01
3.310902714729300200e-01,4.348804056644399729e-01,3.293636739254000023e-01,4.334599077701600245e-01
4.348804056644399729e-01,5.914930701255799450e-01,4.334599077701600245e-01,5.904514193534899924e-01
5.914930701255799450e-01,8.150160908699000117e-01,5.904514193534899924e-01,8.143638372421300176e-01
8.150160908699000117e-01,1.109747171401999966e+00,8.143638372421300176e-01,1.109408020973200015e+00
1.109747171401999966e+00,1.460162401199299964e+00,1.109408020973200015e+00,1.460013389587399901e+00
1.460162401199299964e+00,1.828799962997400108e+00,1.460013389587399901e+00,1.828799962997400108e+00
1.828799962997400108e+00,1.460337638855000009e+00,1.828799962997400108e+00,1.460162401199299964e+00
1.460337638855000009e+00,1.110145926475500033e+00,1.460162401199299964e+00,1.109747171401999966e+00
1.110145926475500033e+00,8.157816529274000139e-01,1.109747171401999966e+00,8.150160908699000117e-01
8.157816529274000139e-01,5.927136540412899501e-01,8.150160908699000117e-01,5.914930701255799450e-01
5.927136540412899501e-01,4.365434050559999779e-01,5.914930701255799450e-01,4.348804056644399729e-01
4.365434050559999779e-01,3.331140577793100244e-01,4.348804056644399729e-01,3.310902714729300200e-01
3.331140577793100244e-01,2.663502097129800128e-01,3.310902714729300200e-01,2.642502784729000020e-01
2.663502097129800128e-01,2.240335643291500034e-01,2.642502784729000020e-01,2.220554053783400095e-01
2.240335643291500034e-01,1.976186484098400031e-01,2.220554053783400095e-01,1.958218514919299880e-01
1.976186484098400031e-01,1.812745630741099956e-01,1.958218514919299880e-01,1.796533465385400097e-01
1.812745630741099956e-01,1.712114363908799897e-01,1.796533465385400097e-01,1.697345525026300039e-01
1.712114363908799897e-01,1.650293618440600019e-01,1.697345525026300039e-01,1.636634320020700084e-01
1.650293618440600019e-01,1.612258851528199921e-01,1.636634320020700084e-01,1.599447727203399949e-01
1.612258851528199921e-01,1.588542610406900035e-01,1.599447727203399949e-01,1.576426178216900065e-01
1.588542610406900035e-01,1.572741568088500130e-01,1.576426178216900065e-01,1.561373174190499868e-01
1.572741568088500130e-01,1.558148562908200085e-01,1.561373174190499868e-01,1.548497229814499998e-01
1.558148562908200085e-01,1.537918150425000019e-01,1.548497229814499998e-01,1.535384058952299902e-01
1.537918150425000019e-01,1.498612761497500057e-01,1.535384058952299902e-01,1.511077880859399980e-01
1.498612761497500057e-01,1.449824571609500123e-01,1.511077880859399980e-01,1.480052024126100041e-01
1.449824571609500123e-01,1.393089592456799863e-01,1.480052024126100041e-01,1.435778141021699927e-01
1.393089592456799863e-01,1.329609900712999948e-01,1.435778141021699927e-01,1.376824527978899870e-01
1.329609900712999948e-01,1.262879520654699994e-01,1.376824527978899870e-01,1.314361840486500121e-01
1.262879520654699994e-01,1.193572878837600021e-01,1.314361840486500121e-01,1.249626502394699940e-01
1.193572878837600021e-01,1.122148111462600018e-01,1.249626502394699940e-01,1.183238551020600049e-01
1.122148111462600018e-01,1.048928424715999952e-01,1.183238551020600049e-01,1.115481555461900059e-01
1.048928424715999952e-01,9.741564095020299741e-02,1.115481555461900059e-01,1.046478524804100030e-01
9.741564095020299741e-02,8.980372548103300601e-02,1.046478524804100030e-01,9.763121604919400287e-02
8.980372548103300601e-02,8.207670599222199881e-02,9.763121604919400287e-02,9.051002562046099598e-02
8.207670599222199881e-02,7.425452768802599801e-02,9.051002562046099598e-02,8.330321311950700247e-02
7.425452768802599801e-02,6.635729223489800210e-02,8.330321311950700247e-02,7.603790611028700408e-02
6.635729223489800210e-02,5.840358510613399834e-02,7.603790611028700408e-02,6.874919682741199856e-02
5.840358510613399834e-02,5.040808022022200130e-02,6.874919682741199856e-02,6.148045510053599949e-02
5.040808022022200130e-02,4.237854108214399868e-02,6.148045510053599949e-02,5.428257584571800215e-02
4.237854108214399868e-02,3.431172296404799704e-02,5.428257584571800215e-02,4.719848558306700276e-02
3.431172296404799704e-02,2.618813514709500065e-02,4.719848558306700276e-02,4.021655023098000270e-02
2.618813514709500065e-02,1.797301508486300048e-02,4.021655023098000270e-02,3.321936354041100242e-02
1.797301508486300048e-02,9.640475735068300411e-03,3.321936354041100242e-02,2.602162770926999893e-02
9.640475735068300411e-03,1.212073140777600007e-03,2.602162770926999893e-02,1.849818974733399846e-02
1.212073140777600007e-03,-7.229703478515099591e-03,1.849818974733399846e-02,1.064866036176700080e-02
-7.229703478515099591e-03,-1.555608119815599967e-02,1.064866036176700080e-02,2.578358398750400099e-03
-1.555608119815599967e-02,-2.355007641017399858e-02,2.578358398750400099e-03,-5.218812264501999920e-03
-2.355007641017399858e-02,-3.102714754641100123e-02,-5.218812264501999920e-03,-1.243797410279499915e-02
-3.102714754641100123e-02,-3.788368403911600291e-02,-1.243797410279499915e-02,-1.915844902396200006e-02
-3.788368403911600291e-02,-4.396083205938299682e-02,-1.915844902396200006e-02,-2.525025419890900014e-02
-4.396083205938299682e-02,-4.906034097075499811e-02,-2.525025419890900014e-02,-3.045844472944700052e-02
-4.906034097075499811e-02,-5.295426398515699906e-02,-3.045844472944700052e-02,-3.444131836295100113e-02
-5.295426398515699906e-02,-5.538778752088500262e-02,-3.444131836295100113e-02,-3.682123497128499817e-02
-5.538778752088500262e-02,-5.608886107802400073e-02,-3.682123497128499817e-02,-3.742034733295399734e-02
-5.608886107802400073e-02,-5.538779497146600200e-02,-3.742034733295399734e-02,-3.682123497128499817e-02
-5.538779497146600200e-02,-5.295427143573799844e-02,-3.682123497128499817e-02,-3.444131836295100113e-02
-5.295427143573799844e-02,-4.906034469604499820e-02,-3.444131836295100113e-02,-3.045844472944700052e-02
-4.906034469604499820e-02,-4.396083950996400314e-02,-3.045844472944700052e-02,-2.525025419890900014e-02
-4.396083950996400314e-02,-3.788368776440600300e-02,-2.525025419890900014e-02,-1.915844902396200006e-02
-3.788368776440600300e-02,-3.102715313434600136e-02,-1.915844902396200006e-02,-1.243797224015000084e-02
-3.102715313434600136e-02,-2.355008013546500134e-02,-1.243797224015000084e-02,-5.218810867518199580e-03
-2.355008013546500134e-02,-1.555608585476899938e-02,-5.218810867518199580e-03,2.578359562903600154e-03
-1.555608585476899938e-02,-7.229707669466700105e-03,2.578359562903600154e-03,1.064866222441200085e-02
-7.229707669466700105e-03,1.212069531902699917e-03,1.064866222441200085e-02,1.849818974733399846e-02
1.212069531902699917e-03,9.640472009778000215e-03,1.849818974733399846e-02,2.602162770926999893e-02
9.640472009778000215e-03,1.797301135957200119e-02,2.602162770926999893e-02,3.321936354041100242e-02
1.797301135957200119e-02,2.618813328445000060e-02,3.321936354041100242e-02,4.021655395627000279e-02
2.618813328445000060e-02,3.431171923875799695e-02,4.021655395627000279e-02,4.719848558306700276e-02
3.431171923875799695e-02,4.237854108214399868e-02,4.719848558306700276e-02,5.428257584571800215e-02
4.237854108214399868e-02,5.040808022022200130e-02,5.428257584571800215e-02,6.148045510053599949e-02
5.040808022022200130e-02,5.840358138084399825e-02,6.148045510053599949e-02,6.874919682741199856e-02
5.840358138084399825e-02,6.635728478431700272e-02,6.874919682741199856e-02,7.603790611028700408e-02
6.635728478431700272e-02,7.425452768802599801e-02,7.603790611028700408e-02,8.330321311950700247e-02
7.425452768802599801e-02,8.207669854164099943e-02,8.330321311950700247e-02,9.051002562046099598e-02
8.207669854164099943e-02,8.980372548103300601e-02,9.051002562046099598e-02,9.763121604919400287e-02
8.980372548103300601e-02,9.741564095020299741e-02,9.763121604919400287e-02,1.046478524804100030e-01
9.741564095020299741e-02,1.048928350210199950e-01,1.046478524804100030e-01,1.115481555461900059e-01
1.048928350210199950e-01,1.122148111462600018e-01,1.115481555461900059e-01,1.183238551020600049e-01
1.122148111462600018e-01,1.193572878837600021e-01,1.183238551020600049e-01,1.249626502394699940e-01
1.193572878837600021e-01,1.262879520654699994e-01,1.249626502394699940e-01,1.314361840486500121e-01
1.262879520654699994e-01,1.329609900712999948e-01,1.314361840486500121e-01,1.376824527978899870e-01
1.329609900712999948e-01,1.393089592456799863e-01,1.376824527978899870e-01,1.435778141021699927e-01
1.393089592456799863e-01,1.449824571609500123e-01,1.435778141021699927e-01,1.480052024126100041e-01
1.449824571609500123e-01,1.498612761497500057e-01,1.480052024126100041e-01,1.511077880859399980e-01
1.498612761497500057e-01,1.537918150425000019e-01,1.511077880859399980e-01,1.535384058952299902e-01
1.537918150425000019e-01,1.558148562908200085e-01,1.535384058952299902e-01,1.548497229814499998e-01
1.558148562908200085e-01,1.572741568088500130e-01,1.548497229814499998e-01,1.561373174190499868e-01
1.572741568088500130e-01,1.588542610406900035e-01,1.561373174190499868e-01,1.576426178216900065e-01
1.588542610406900035e-01,1.612258851528199921e-01,1.576426178216900065e-01,1.599447727203399949e-01
1.612258851528199921e-01,1.650293618440600019e-01,1.599447727203399949e-01,1.636634320020700084e-01
1.650293618440600019e-01,1.712114363908799897e-01,1.636634320020700084e-01,1.697345525026300039e-01
1.712114363908799897e-01,1.812745630741099956e-01,1.697345525026300039e-01,1.796533465385400097e-01
1.812745630741099956e-01,1.976186484098400031e-01,1.796533465385400097e-01,1.958218514919299880e-01
1.976186484098400031e-01,2.240335643291500034e-01,1.958218514919299880e-01,2.220554053783400095e-01
2.240335643291500034e-01,2.663502097129800128e-01,2.220554053783400095e-01,2.642502784729000020e-01
2.663502097129800128e-01,3.331140577793100244e-01,2.642502784729000020e-01,3.310902714729300200e-01
3.331140577793100244e-01,4.365434050559999779e-01,3.310902714729300200e-01,4.348804056644399729e-01
4.365434050559999779e-01,5.927136540412899501e-01,4.348804056644399729e-01,5.914930701255799450e-01
5.927136540412899501e-01,8.157816529274000139e-01,5.914930701255799450e-01,8.150160908699000117e-01
8.157816529274000139e-01,1.110145926475500033e+00,8.150160908699000117e-01,1.109747171401999966e+00
1.110145926475500033e+00,1.460337638855000009e+00,1.109747171401999966e+00,1.460162401199299964e+00
1.460337638855000009e+00,1.828799962997400108e+00,1.460162401199299964e+00,1.828799962997400108e+00
1.828799962997400108e+00,1.460561037063599965e+00,1.828799962997400108e+00,1.460337638855000009e+00
1.460561037063599965e+00,1.110653519630399932e+00,1.460337638855000009e+00,1.110145926475500033e+00
1.110653519630399932e+00,8.167544603347800525e-01,1.110145926475500033e+00,8.157816529274000139e-01
8.167544603347800525e-01,5.942615270614599599e-01,8.157816529274000139e-01,5.927136540412899501e-01
5.942615270614599599e-01,4.386504888534499824e-01,5.927136540412899501e-01,4.365434050559999779e-01
4.386504888534499824e-01,3.356823623180399951e-01,4.365434050559999779e-01,3.331140577793100244e-01
3.356823623180399951e-01,2.690250277519199984e-01,3.331140577793100244e-01,2.663502097129800128e-01
2.690250277519199984e-01,2.265620678663300136e-01,2.663502097129800128e-01,2.240335643291500034e-01
2.265620678663300136e-01,1.999228149652499953e-01,2.240335643291500034e-01,1.976186484098400031e-01
1.999228149652499953e-01,1.833579391241099976e-01,1.976186484098400031e-01,1.812745630741099956e-01
1.833579391241099976e-01,1.731073558330500084e-01,1.812745630741099956e-01,1.712114363908799897e-01
1.731073558330500084e-01,1.667764335870700054e-01,1.712114363908799897e-01,1.650293618440600019e-01
1.667764335870700054e-01,1.628577262163199979e-01,1.650293618440600019e-01,1.612258851528199921e-01
1.628577262163199979e-01,1.603931188583400114e-01,1.612258851528199921e-01,1.588542610406900035e-01
1.603931188583400114e-01,1.587177962064700021e-01,1.588542610406900035e-01,1.572741568088500130e-01
1.587177962064700021e-01,1.570436060428599956e-01,1.572741568088500130e-01,1.558148562908200085e-01
1.570436060428599956e-01,1.543375998735400101e-01,1.558148562908200085e-01,1.537918150425000019e-01
1.543375998735400101e-01,1.491188853979099893e-01,1.537918150425000019e-01,1.498612761497500057e-01
1.491188853979099893e-01,1.427577286958700009e-01,1.498612761497500057e-01,1.449824571609500123e-01
1.427577286958700009e-01,1.357679516076999993e-01,1.449824571609500123e-01,1.393089592456799863e-01
1.357679516076999993e-01,1.283349245786699899e-01,1.393089592456799863e-01,1.329609900712999948e-01
1.283349245786699899e-01,1.206014603376400068e-01,1.329609900712999948e-01,1.262879520654699994e-01
1.206014603376400068e-01,1.126104146242099951e-01,1.262879520654699994e-01,1.193572878837600021e-01
1.126104146242099951e-01,1.043926998972899978e-01,1.193572878837600021e-01,1.122148111462600018e-01
1.043926998972899978e-01,9.597371518611899632e-02,1.122148111462600018e-01,1.048928424715999952e-01
9.597371518611899632e-02,8.737572282552699687e-02,1.048928424715999952e-01,9.741564095020299741e-02
8.737572282552699687e-02,7.861901819706000605e-02,9.741564095020299741e-02,8.980372548103300601e-02
7.861901819706000605e-02,6.972257792949700106e-02,8.980372548103300601e-02,8.207670599222199881e-02
6.972257792949700106e-02,6.070430949330300058e-02,8.207670599222199881e-02,7.425452768802599801e-02
6.070430949330300058e-02,5.158112198114399999e-02,7.425452768802599801e-02,6.635729223489800210e-02
5.158112198114399999e-02,4.236898198723799969e-02,6.635729223489800210e-02,5.840358510613399834e-02
4.236898198723799969e-02,3.308340907096900263e-02,5.840358510613399834e-02,5.040808022022200130e-02
3.308340907096900263e-02,2.374062500894099856e-02,5.040808022022200130e-02,4.237854108214399868e-02
2.374062500894099856e-02,1.435918547213099923e-02,4.237854108214399868e-02,3.431172296404799704e-02
1.435918547213099923e-02,4.961562342941800048e-03,3.431172296404799704e-02,2.618813514709500065e-02
4.961562342941800048e-03,-4.423235543072200245e-03,2.618813514709500065e-02,1.797301508486300048e-02
-4.423235543072200245e-03,-1.375276315957300009e-02,1.797301508486300048e-02,9.640475735068300411e-03
-1.375276315957300009e-02,-2.296295575797600158e-02,9.640475735068300411e-03,1.212073140777600007e-03
-2.296295575797600158e-02,-3.196756169199899827e-02,1.212073140777600007e-03,-7.229703478515099591e-03
-3.196756169199899827e-02,-4.066411405801800133e-02,-7.229703478515099591e-03,-1.555608119815599967e-02
-4.066411405801800133e-02,-4.892596602439899800e-02,-1.555608119815599967e-02,-2.355007641017399858e-02
-4.892596602439899800e-02,-5.663108453154599986e-02,-2.355007641017399858e-02,-3.102714754641100123e-02
-5.663108453154599986e-02,-6.368189305067099848e-02,-3.102714754641100123e-02,-3.788368403911600291e-02
-6.368189305067099848e-02,-6.998351216316199552e-02,-3.788368403911600291e-02,-4.396083205938299682e-02
-6.998351216316199552e-02,-7.545524835586500667e-02,-4.396083205938299682e-02,-4.906034097075499811e-02
-7.545524835586500667e-02,-8.002370595931999897e-02,-4.906034097075499811e-02,-5.295426398515699906e-02
-8.002370595931999897e-02,-8.350132405757899889e-02,-5.295426398515699906e-02,-5.538778752088500262e-02
-8.350132405757899889e-02,-8.488013595342600026e-02,-5.538778752088500262e-02,-5.608886107802400073e-02
-8.488013595342600026e-02,-8.350133895873999845e-02,-5.608886107802400073e-02,-5.538779497146600200e-02
-8.350133895873999845e-02,-8.002372086048099853e-02,-5.538779497146600200e-02,-5.295427143573799844e-02
-8.002372086048099853e-02,-7.545525580644600605e-02,-5.295427143573799844e-02,-4.906034469604499820e-02
-7.545525580644600605e-02,-6.998352706432299508e-02,-4.906034469604499820e-02,-4.396083950996400314e-02
-6.998352706432299508e-02,-6.368190795183199804e-02,-4.396083950996400314e-02,-3.788368776440600300e-02
-6.368190795183199804e-02,-5.663109943270699942e-02,-3.788368776440600300e-02,-3.102715313434600136e-02
-5.663109943270699942e-02,-4.892597720026999747e-02,-3.102715313434600136e-02,-2.355008013546500134e-02
-4.892597720026999747e-02,-4.066412895917900089e-02,-2.355008013546500134e-02,-1.555608585476899938e-02
-4.066412895917900089e-02,-3.196757286786999774e-02,-1.555608585476899938e-02,-7.229707669466700105e-03
-3.196757286786999774e-02,-2.296296693384599838e-02,-7.229707669466700105e-03,1.212069531902699917e-03
-2.296296693384599838e-02,-1.375277433544399956e-02,1.212069531902699917e-03,9.640472009778000215e-03
-1.375277433544399956e-02,-4.423245787620500198e-03,9.640472009778000215e-03,1.797301135957200119e-02
-4.423245787620500198e-03,4.961553029716000117e-03,1.797301135957200119e-02,2.618813328445000060e-02
4.961553029716000117e-03,1.435917709022799943e-02,2.618813328445000060e-02,3.431171923875799695e-02
1.435917709022799943e-02,2.374061755835999918e-02,3.431171923875799695e-02,4.237854108214399868e-02
2.374061755835999918e-02,3.308340162038800325e-02,4.237854108214399868e-02,5.040808022022200130e-02
3.308340162038800325e-02,4.236897826194799960e-02,5.040808022022200130e-02,5.840358138084399825e-02
4.236897826194799960e-02,5.158111825585399990e-02,5.840358138084399825e-02,6.635728478431700272e-02
5.158111825585399990e-02,6.070430576801300049e-02,6.635728478431700272e-02,7.425452768802599801e-02
6.070430576801300049e-02,6.972257047891600168e-02,7.425452768802599801e-02,8.207669854164099943e-02
6.972257047891600168e-02,7.861901074647900667e-02,8.207669854164099943e-02,8.980372548103300601e-02
7.861901074647900667e-02,8.737571537494699669e-02,8.980372548103300601e-02,9.741564095020299741e-02
8.737571537494699669e-02,9.597370773553799694e-02,9.741564095020299741e-02,1.048928350210199950e-01
9.597370773553799694e-02,1.043926924467099976e-01,1.048928350210199950e-01,1.122148111462600018e-01
1.043926924467099976e-01,1.126104146242099951e-01,1.122148111462600018e-01,1.193572878837600021e-01
1.126104146242099951e-01,1.206014603376400068e-01,1.193572878837600021e-01,1.262879520654699994e-01
1.206014603376400068e-01,1.283349096775099896e-01,1.262879520654699994e-01,1.329609900712999948e-01
1.283349096775099896e-01,1.357679516076999993e-01,1.329609900712999948e-01,1.393089592456799863e-01
1.357679516076999993e-01,1.427577286958700009e-01,1.393089592456799863e-01,1.449824571609500123e-01
1.427577286958700009e-01,1.491188853979099893e-01,1.449824571609500123e-01,1.498612761497500057e-01
1.491188853979099893e-01,1.543375998735400101e-01,1.498612761497500057e-01,1.537918150425000019e-01
1.543375998735400101e-01,1.570436060428599956e-01,1.537918150425000019e-01,1.558148562908200085e-01
1.570436060428599956e-01,1.587177962064700021e-01,1.558148562908200085e-01,1.572741568088500130e-01
1.587177962064700021e-01,1.603931188583400114e-01,1.572741568088500130e-01,1.588542610406900035e-01
1.603931188583400114e-01,1.628577262163199979e-01,1.588542610406900035e-01,1.612258851528199921e-01
1.628577262163199979e-01,1.667764335870700054e-01,1.612258851528199921e-01,1.650293618440600019e-01
1.667764335870700054e-01,1.731073558330500084e-01,1.650293618440600019e-01,1.712114363908799897e-01
1.731073558330500084e-01,1.833579391241099976e-01,1.712114363908799897e-01,1.812745630741099956e-01
1.833579391241099976e-01,1.999228149652499953e-01,1.812745630741099956e-01,1.976186484098400031e-01
1.999228149652499953e-01,2.265620678663300136e-01,1.976186484098400031e-01,2.240335643291500034e-01
2.265620678663300136e-01,2.690250277519199984e-01,2.240335643291500034e-01,2.663502097129800128e-01
2.690250277519199984e-01,3.356823623180399951e-01,2.663502097129800128e-01,3.331140577793100244e-01
3.356823623180399951e-01,4.386504888534499824e-01,3.331140577793100244e-01,4.365434050559999779e-01
4.386504888534499824e-01,5.942615270614599599e-01,4.365434050559999779e-01,5.927136540412899501e-01
5.942615270614599599e-01,8.167544603347800525e-01,5.927136540412899501e-01,8.157816529274000139e-01
8.167544603347800525e-01,1.110653519630399932e+00,8.157816529274000139e-01,1.110145926475500033e+00
1.110653519630399932e+00,1.460561037063599965e+00,1.110145926475500033e+00,1.460337638855000009e+00
1.460561037063599965e+00,1.828799962997400108e+00,1.460337638855000009e+00,1.828799962997400108e+00
1.828799962997400108e+00,1.460876345634499973e+00,1.828799962997400108e+00,1.460561037063599965e+00
1.460876345634499973e+00,1.111369967460599906e+00,1.460561037063599965e+00,1.110653519630399932e+00
1.111369967460599906e+00,8.181234002113300097e-01,1.110653519630399932e+00,8.167544603347800525e-01
8.181234002113300097e-01,5.964345335960400396e-01,8.167544603347800525e-01,5.942615270614599599e-01
5.964345335960400396e-01,4.416061937808999915e-01,5.942615270614599599e-01,4.386504888534499824e-01
4.416061937808999915e-01,3.392926454544100134e-01,4.386504888534499824e-01,3.356823623180399951e-01
3.392926454544100134e-01,2.728007435798600055e-01,3.356823623180399951e-01,2.690250277519199984e-01
2.728007435798600055e-01,2.301442027091999964e-01,2.690250277519199984e-01,2.265620678663300136e-01
2.301442027091999964e-01,2.031940221786500134e-01,2.265620678663300136e-01,1.999228149652499953e-01
2.031940221786500134e-01,1.863153576850899995e-01,1.999228149652499953e-01,1.833579391241099976e-01
1.863153576850899995e-01,1.757933497428899872e-01,1.833579391241099976e-01,1.731073558330500084e-01
1.757933497428899872e-01,1.692446321249000130e-01,1.731073558330500084e-01,1.667764335870700054e-01
1.692446321249000130e-01,1.651568710804000029e-01,1.667764335870700054e-01,1.628577262163199979e-01
1.651568710804000029e-01,1.625571995973600081e-01,1.628577262163199979e-01,1.603931188583400114e-01
1.625571995973600081e-01,1.607482135295900116e-01,1.603931188583400114e-01,1.587177962064700021e-01
1.607482135295900116e-01,1.587758958339700044e-01,1.587177962064700021e-01,1.570436060428599956e-01
1.587758958339700044e-01,1.552443057298699969e-01,1.570436060428599956e-01,1.543375998735400101e-01
1.552443057298699969e-01,1.486500650644299870e-01,1.543375998735400101e-01,1.491188853979099893e-01
1.486500650644299870e-01,1.407592296600299886e-01,1.491188853979099893e-01,1.427577286958700009e-01
1.407592296600299886e-01,1.322602629661600027e-01,1.427577286958700009e-01,1.357679516076999993e-01
1.322602629661600027e-01,1.233590692281699985e-01,1.357679516076999993e-01,1.283349245786699899e-01
1.233590692281699985e-01,1.141440719366099976e-01,1.283349245786699899e-01,1.206014603376400068e-01
1.141440719366099976e-01,1.046522036194799943e-01,1.206014603376400068e-01,1.126104146242099951e-01
1.046522036194799943e-01,9.491147845983499698e-02,1.126104146242099951e-01,1.043926998972899978e-01
9.491147845983499698e-02,8.494722098112099384e-02,1.043926998972899978e-01,9.597371518611899632e-02
8.494722098112099384e-02,7.478378713130999500e-02,9.597371518611899632e-02,8.737572282552699687e-02
7.478378713130999500e-02,6.444518268108399839e-02,8.737572282552699687e-02,7.861901819706000605e-02
6.444518268108399839e-02,5.395560711622199995e-02,7.861901819706000605e-02,6.972257792949700106e-02
5.395560711622199995e-02,4.333984479308099907e-02,6.972257792949700106e-02,6.070430949330300058e-02
4.333984479308099907e-02,3.262390568852400335e-02,6.070430949330300058e-02,5.158112198114399999e-02
3.262390568852400335e-02,2.183571085333799872e-02,5.158112198114399999e-02,4.236898198723799969e-02
2.183571085333799872e-02,1.100605446845299984e-02,4.236898198723799969e-02,3.308340907096900263e-02
1.100605446845299984e-02,1.697118568699799881e-04,3.308340907096900263e-02,2.374062500894099856e-02
1.697118568699799881e-04,-1.063341367989800029e-02,2.374062500894099856e-02,1.435918547213099923e-02
-1.063341367989800029e-02,-2.135738916695099909e-02,1.435918547213099923e-02,4.961562342941800048e-03
-2.135738916695099909e-02,-3.194941580295600214e-02,4.961562342941800048e-03,-4.423235543072200245e-03
-3.194941580295600214e-02,-4.234836623072599920e-02,-4.423235543072200245e-03,-1.375276315957300009e-02
-4.234836623072599920e-02,-5.248352140188199816e-02,-1.375276315957300009e-02,-2.296295575797600158e-02
-5.248352140188199816e-02,-6.227559968829200071e-02,-2.296295575797600158e-02,-3.196756169199899827e-02
-6.227559968829200071e-02,-7.163988053798700517e-02,-3.196756169199899827e-02,-4.066411405801800133e-02
-7.163988053798700517e-02,-8.048678934574099442e-02,-4.066411405801800133e-02,-4.892596602439899800e-02
-8.048678934574099442e-02,-8.873184770345700356e-02,-4.892596602439899800e-02,-5.663108453154599986e-02
-8.873184770345700356e-02,-9.630525857210199547e-02,-5.663108453154599986e-02,-6.368189305067099848e-02
-9.630525857210199547e-02,-1.031513959169400030e-01,-6.368189305067099848e-02,-6.998351216316199552e-02
-1.031513959169400030e-01,-1.092320978641500018e-01,-6.998351216316199552e-02,-7.545524835586500667e-02
-1.092320978641500018e-01,-1.145036518573799983e-01,-7.545524835586500667e-02,-8.002370595931999897e-02
-1.145036518573799983e-01,-1.187526732683199943e-01,-8.002370595931999897e-02,-8.350132405757899889e-02
-1.187526732683199943e-01,-1.205793544650100024e-01,-8.350132405757899889e-02,-8.488013595342600026e-02
-1.205793544650100024e-01,-1.187526807188999944e-01,-8.488013595342600026e-02,-8.350133895873999845e-02
-1.187526807188999944e-01,-1.145036667585399986e-01,-8.350133895873999845e-02,-8.002372086048099853e-02
-1.145036667585399986e-01,-1.092321127653100021e-01,-8.002372086048099853e-02,-7.545525580644600605e-02
-1.092321127653100021e-01,-1.031514182686800035e-01,-7.545525580644600605e-02,-6.998352706432299508e-02
-1.031514182686800035e-01,-9.630528092384299521e-02,-6.998352706432299508e-02,-6.368190795183199804e-02
-9.630528092384299521e-02,-8.873187005519900250e-02,-6.368190795183199804e-02,-5.663109943270699942e-02
-8.873187005519900250e-02,-8.048681169748299336e-02,-5.663109943270699942e-02,-4.892597720026999747e-02
-8.048681169748299336e-02,-7.163990288972900411e-02,-4.892597720026999747e-02,-4.066412895917900089e-02
-7.163990288972900411e-02,-6.227562204003300045e-02,-4.066412895917900089e-02,-3.196757286786999774e-02
-6.227562204003300045e-02,-5.248354375362399710e-02,-3.196757286786999774e-02,-2.296296693384599838e-02
-5.248354375362399710e-02,-4.234838858246799814e-02,-2.296296693384599838e-02,-1.375277433544399956e-02
-4.234838858246799814e-02,-3.194943442940700179e-02,-1.375277433544399956e-02,-4.423245787620500198e-03
-3.194943442940700179e-02,-2.135740779340300141e-02,-4.423245787620500198e-03,4.961553029716000117e-03
-2.135740779340300141e-02,-1.063343137502699952e-02,4.961553029716000117e-03,1.435917709022799943e-02
-1.063343137502699952e-02,1.696961553534499898e-04,1.435917709022799943e-02,2.374061755835999918e-02
1.696961553534499898e-04,1.100604049861400070e-02,2.374061755835999918e-02,3.308340162038800325e-02
1.100604049861400070e-02,2.183569781482199920e-02,3.308340162038800325e-02,4.236897826194799960e-02
2.183569781482199920e-02,3.262389078736299686e-02,4.236897826194799960e-02,5.158111825585399990e-02
3.262389078736299686e-02,4.333983361720999961e-02,5.158111825585399990e-02,6.070430576801300049e-02
4.333983361720999961e-02,5.395559594035100048e-02,6.070430576801300049e-02,6.972257047891600168e-02
5.395559594035100048e-02,6.444517523050299901e-02,6.972257047891600168e-02,7.861901074647900667e-02
6.444517523050299901e-02,7.478377968072899562e-02,7.861901074647900667e-02,8.737571537494699669e-02
7.478377968072899562e-02,8.494721353053999446e-02,8.737571537494699669e-02,9.597370773553799694e-02
8.494721353053999446e-02,9.491147100925399760e-02,9.597370773553799694e-02,1.043926924467099976e-01
9.491147100925399760e-02,1.046522036194799943e-01,1.043926924467099976e-01,1.126104146242099951e-01
1.046522036194799943e-01,1.141440719366099976e-01,1.126104146242099951e-01,1.206014603376400068e-01
1.141440719366099976e-01,1.233590617775899984e-01,1.206014603376400068e-01,1.283349096775099896e-01
1.233590617775899984e-01,1.322602629661600027e-01,1.283349096775099896e-01,1.357679516076999993e-01
1.322602629661600027e-01,1.407592296600299886e-01,1.357679516076999993e-01,1.427577286958700009e-01
1.407592296600299886e-01,1.486500650644299870e-01,1.427577286958700009e-01,1.491188853979099893e-01
1.486500650644299870e-01,1.552443057298699969e-01,1.491188853979099893e-01,1.543375998735400101e-01
1.552443057298699969e-01,1.587758958339700044e-01,1.543375998735400101e-01,1.570436060428599956e-01
1.587758958339700044e-01,1.607482135295900116e-01,1.570436060428599956e-01,1.587177962064700021e-01
1.607482135295900116e-01,1.625571995973600081e-01,1.587177962064700021e-01,1.603931188583400114e-01
1.625571995973600081e-01,1.651568710804000029e-01,1.603931188583400114e-01,1.628577262163199979e-01
1.651568710804000029e-01,1.692446321249000130e-01,1.628577262163199979e-01,1.667764335870700054e-01
1.692446321249000130e-01,1.757933497428899872e-01,1.667764335870700054e-01,1.731073558330500084e-01
1.757933497428899872e-01,1.863153576850899995e-01,1.731073558330500084e-01,1.833579391241099976e-01
1.863153576850899995e-01,2.031940221786500134e-01,1.833579391241099976e-01,1.999228149652499953e-01
2.031940221786500134e-01,2.301442027091999964e-01,1.999228149652499953e-01,2.265620678663300136e-01
2.301442027091999964e-01,2.728007435798600055e-01,2.265620678663300136e-01,2.690250277519199984e-01
2.728007435798600055e-01,3.392926454544100134e-01,2.690250277519199984e-01,3.356823623180399951e-01
3.392926454544100134e-01,4.416061937808999915e-01,3.356823623180399951e-01,4.386504888534499824e-01
4.416061937808999915e-01,5.964345335960400396e-01,4.386504888534499824e-01,5.942615270614599599e-01
5.964345335960400396e-01,8.181234002113300097e-01,5.942615270614599599e-01,8.167544603347800525e-01
8.181234002113300097e-01,1.111369967460599906e+00,8.167544603347800525e-01,1.110653519630399932e+00
1.111369967460599906e+00,1.460876345634499973e+00,1.110653519630399932e+00,1.460561037063599965e+00
1.460876345634499973e+00,1.828799962997400108e+00,1.460561037063599965e+00,1.828799962997400108e+00
1.828799962997400108e+00,1.461278200149499940e+00,1.828799962997400108e+00,1.460876345634499973e+00
1.461278200149499940e+00,1.112283110618599968e+00,1.460876345634499973e+00,1.111369967460599906e+00
1.112283110618599968e+00,8.198623657226600248e-01,1.111369967460599906e+00,8.181234002113300097e-01
8.198623657226600248e-01,5.991866588592500431e-01,8.181234002113300097e-01,5.964345335960400396e-01
5.991866588592500431e-01,4.453477263450599799e-01,5.964345335960400396e-01,4.416061937808999915e-01
4.453477263450599799e-01,3.438738286495199858e-01,4.416061937808999915e-01,3.392926454544100134e-01
3.438738286495199858e-01,2.776125669479400093e-01,3.392926454544100134e-01,2.728007435798600055e-01
2.776125669479400093e-01,2.347257286310200086e-01,2.728007435798600055e-01,2.301442027091999964e-01
2.347257286310200086e-01,2.073847651481600107e-01,2.301442027091999964e-01,2.031940221786500134e-01
2.073847651481600107e-01,1.901029646396600048e-01,2.031940221786500134e-01,1.863153576850899995e-01
1.901029646396600048e-01,1.792274266481400091e-01,1.863153576850899995e-01,1.757933497428899872e-01
1.792274266481400091e-01,1.723923236131700010e-01,1.757933497428899872e-01,1.692446321249000130e-01
1.723923236131700010e-01,1.680809557437900059e-01,1.692446321249000130e-01,1.651568710804000029e-01
1.680809557437900059e-01,1.653032749891300002e-01,1.651568710804000029e-01,1.625571995973600081e-01
1.653032749891300002e-01,1.633228361606600121e-01,1.625571995973600081e-01,1.607482135295900116e-01
1.633228361606600121e-01,1.609757393598600095e-01,1.607482135295900116e-01,1.587758958339700044e-01
1.609757393598600095e-01,1.564521193504299912e-01,1.587758958339700044e-01,1.552443057298699969e-01
1.564521193504299912e-01,1.482601314783099922e-01,1.552443057298699969e-01,1.486500650644299870e-01
1.482601314783099922e-01,1.385688632726700120e-01,1.486500650644299870e-01,1.407592296600299886e-01
1.385688632726700120e-01,1.282150149345399892e-01,1.407592296600299886e-01,1.322602629661600027e-01
1.282150149345399892e-01,1.174381524324400045e-01,1.322602629661600027e-01,1.233590692281699985e-01
1.174381524324400045e-01,1.063224673271200016e-01,1.233590692281699985e-01,1.141440719366099976e-01
1.063224673271200016e-01,9.490926563739800204e-02,1.141440719366099976e-01,1.046522036194799943e-01
9.490926563739800204e-02,8.323115110397300009e-02,1.046522036194799943e-01,9.491147845983499698e-02
8.323115110397300009e-02,7.131905108690299311e-02,9.491147845983499698e-02,8.494722098112099384e-02
7.131905108690299311e-02,5.920403450727500239e-02,8.494722098112099384e-02,7.478378713130999500e-02
5.920403450727500239e-02,4.691801220178599963e-02,7.478378713130999500e-02,6.444518268108399839e-02
4.691801220178599963e-02,3.449416905641600195e-02,6.444518268108399839e-02,5.395560711622199995e-02
3.449416905641600195e-02,2.196744829416300004e-02,5.395560711622199995e-02,4.333984479308099907e-02
2.196744829416300004e-02,9.375100024044499825e-03,4.333984479308099907e-02,3.262390568852400335e-02
9.375100024044499825e-03,-3.242750186473099955e-03,3.262390568852400335e-02,2.183571085333799872e-02
-3.242750186473099955e-03,-1.584246195852799868e-02,2.183571085333799872e-02,1.100605446845299984e-02
-1.584246195852799868e-02,-2.837625145912199900e-02,1.100605446845299984e-02,1.697118568699799881e-04
-2.837625145912199900e-02,-4.079165309667599770e-02,1.697118568699799881e-04,-1.063341367989800029e-02
-4.079165309667599770e-02,-5.303113162517499729e-02,-1.063341367989800029e-02,-2.135738916695099909e-02
-5.303113162517499729e-02,-6.503187865018800196e-02,-2.135738916695099909e-02,-3.194941580295600214e-02
-6.503187865018800196e-02,-7.672563940286600270e-02,-3.194941580295600214e-02,-4.234836623072599920e-02
-7.672563940286600270e-02,-8.803872764110599880e-02,-4.234836623072599920e-02,-5.248352140188199816e-02
-8.803872764110599880e-02,-9.889288246631600110e-02,-5.248352140188199816e-02,-6.227559968829200071e-02
-9.889288246631600110e-02,-1.092066243290899935e-01,-6.227559968829200071e-02,-7.163988053798700517e-02
-1.092066243290899935e-01,-1.188960671424900001e-01,-7.163988053798700517e-02,-8.048678934574099442e-02
-1.188960671424900001e-01,-1.278775185346600063e-01,-8.048678934574099442e-02,-8.873184770345700356e-02
-1.278775185346600063e-01,-1.360690295696299901e-01,-8.873184770345700356e-02,-9.630525857210199547e-02
-1.360690295696299901e-01,-1.433874517679200045e-01,-9.630525857210199547e-02,-1.031513959169400030e-01
-1.433874517679200045e-01,-1.497420221567200005e-01,-1.031513959169400030e-01,-1.092320978641500018e-01
-1.497420221567200005e-01,-1.550112515687900039e-01,-1.092320978641500018e-01,-1.145036518573799983e-01
-1.550112515687900039e-01,-1.589391529560099936e-01,-1.145036518573799983e-01,-1.187526732683199943e-01
-1.589391529560099936e-01,-1.604792773723600074e-01,-1.187526732683199943e-01,-1.205793544650100024e-01
-1.604792773723600074e-01,-1.589391678571699940e-01,-1.205793544650100024e-01,-1.187526807188999944e-01
-1.589391678571699940e-01,-1.550112664699599963e-01,-1.187526807188999944e-01,-1.145036667585399986e-01
-1.550112664699599963e-01,-1.497420519590400012e-01,-1.145036667585399986e-01,-1.092321127653100021e-01
-1.497420519590400012e-01,-1.433874815702400052e-01,-1.092321127653100021e-01,-1.031514182686800035e-01
-1.433874815702400052e-01,-1.360690593719499908e-01,-1.031514182686800035e-01,-9.630528092384299521e-02
-1.360690593719499908e-01,-1.278775483369800070e-01,-9.630528092384299521e-02,-8.873187005519900250e-02
-1.278775483369800070e-01,-1.188961043953900010e-01,-8.873187005519900250e-02,-8.048681169748299336e-02
-1.188961043953900010e-01,-1.092066615819899944e-01,-8.048681169748299336e-02,-7.163990288972900411e-02
-1.092066615819899944e-01,-9.889291971921899960e-02,-7.163990288972900411e-02,-6.227562204003300045e-02
-9.889291971921899960e-02,-8.803876489400899730e-02,-6.227562204003300045e-02,-5.248354375362399710e-02
-8.803876489400899730e-02,-7.672566920518900102e-02,-5.248354375362399710e-02,-4.234838858246799814e-02
-7.672566920518900102e-02,-6.503190845251100027e-02,-4.234838858246799814e-02,-3.194943442940700179e-02
-6.503190845251100027e-02,-5.303116142749800255e-02,-3.194943442940700179e-02,-2.135740779340300141e-02
-5.303116142749800255e-02,-4.079168289899799682e-02,-2.135740779340300141e-02,-1.063343137502699952e-02
-4.079168289899799682e-02,-2.837627939879900155e-02,-1.063343137502699952e-02,1.696961553534499898e-04
-2.837627939879900155e-02,-1.584248617291500114e-02,1.696961553534499898e-04,1.100604049861400070e-02
-1.584248617291500114e-02,-3.242772771045599866e-03,1.100604049861400070e-02,2.183569781482199920e-02
-3.242772771045599866e-03,9.375079534947899917e-03,2.183569781482199920e-02,3.262389078736299686e-02
9.375079534947899917e-03,2.196742966771100120e-02,3.262389078736299686e-02,4.333983361720999961e-02
2.196742966771100120e-02,3.449415042996400310e-02,4.333983361720999961e-02,5.395559594035100048e-02
3.449415042996400310e-02,4.691799730062500007e-02,5.395559594035100048e-02,6.444517523050299901e-02
4.691799730062500007e-02,5.920402333140400292e-02,6.444517523050299901e-02,7.478377968072899562e-02
5.920402333140400292e-02,7.131903618574099435e-02,7.478377968072899562e-02,8.494721353053999446e-02
7.131903618574099435e-02,8.323114365339299991e-02,8.494721353053999446e-02,9.491147100925399760e-02
8.323114365339299991e-02,9.490925818681700266e-02,9.491147100925399760e-02,1.046522036194799943e-01
9.490925818681700266e-02,1.063224598765400014e-01,1.046522036194799943e-01,1.141440719366099976e-01
1.063224598765400014e-01,1.174381524324400045e-01,1.141440719366099976e-01,1.233590617775899984e-01
1.174381524324400045e-01,1.282150149345399892e-01,1.233590617775899984e-01,1.322602629661600027e-01
1.282150149345399892e-01,1.385688632726700120e-01,1.322602629661600027e-01,1.407592296600299886e-01
1.385688632726700120e-01,1.482601314783099922e-01,1.407592296600299886e-01,1.486500650644299870e-01
1.482601314783099922e-01,1.564521193504299912e-01,1.486500650644299870e-01,1.552443057298699969e-01
1.564521193504299912e-01,1.609757393598600095e-01,1.552443057298699969e-01,1.587758958339700044e-01
1.609757393598600095e-01,1.633228361606600121e-01,1.587758958339700044e-01,1.607482135295900116e-01
1.633228361606600121e-01,1.653032749891300002e-01,1.607482135295900116e-01,1.625571995973600081e-01
1.653032749891300002e-01,1.680809557437900059e-01,1.625571995973600081e-01,1.651568710804000029e-01
1.680809557437900059e-01,1.723923236131700010e-01,1.651568710804000029e-01,1.692446321249000130e-01
1.723923236131700010e-01,1.792274266481400091e-01,1.692446321249000130e-01,1.757933497428899872e-01
1.792274266481400091e-01,1.901029646396600048e-01,1.757933497428899872e-01,1.863153576850899995e-01
1.901029646396600048e-01,2.073847651481600107e-01,1.863153576850899995e-01,2.031940221786500134e-01
2.073847651481600107e-01,2.347257286310200086e-01,2.031940221786500134e-01,2.301442027091999964e-01
2.347257286310200086e-01,2.776125669479400093e-01,2.301442027091999964e-01,2.728007435798600055e-01
2.776125669479400093e-01,3.438738286495199858e-01,2.728007435798600055e-01,3.392926454544100134e-01
3.438738286495199858e-01,4.453477263450599799e-01,3.392926454544100134e-01,4.416061937808999915e-01
4.453477263450599799e-01,5.991866588592500431e-01,4.416061937808999915e-01,5.964345335960400396e-01
5.991866588592500431e-01,8.198623657226600248e-01,5.964345335960400396e-01,8.181234002113300097e-01
8.198623657226600248e-01,1.112283110618599968e+00,8.181234002113300097e-01,1.111369967460599906e+00
1.112283110618599968e+00,1.461278200149499940e+00,1.111369967460599906e+00,1.460876345634499973e+00
1.461278200149499940e+00,1.828799962997400108e+00,1.460876345634499973e+00,1.828799962997400108e+00
1.828799962997400108e+00,1.461789250373799920e+00,1.828799962997400108e+00,1.461278200149499940e+00
1.461789250373799920e+00,1.113445758819600062e+00,1.461278200149499940e+00,1.112283110618599968e+00
1.113445758819600062e+00,8.220675587654100447e-01,1.112283110618599968e+00,8.198623657226600248e-01
8.220675587654100447e-01,6.026647090911899651e-01,8.198623657226600248e-01,5.991866588592500431e-01
6.026647090911899651e-01,4.500743746757500108e-01,5.991866588592500431e-01,4.453477263450599799e-01
4.500743746757500108e-01,3.496740460395800221e-01,4.453477263450599799e-01,3.438738286495199858e-01
3.496740460395800221e-01,2.837299108505200174e-01,3.438738286495199858e-01,2.776125669479400093e-01
2.837299108505200174e-01,2.405709922313699900e-01,2.776125669479400093e-01,2.347257286310200086e-01
2.405709922313699900e-01,2.127410769462599882e-01,2.347257286310200086e-01,2.073847651481600107e-01
2.127410769462599882e-01,1.949438899755500110e-01,2.073847651481600107e-01,1.901029646396600048e-01
1.949438899755500110e-01,1.836096197366700045e-01,1.901029646396600048e-01,1.792274266481400091e-01
1.836096197366700045e-01,1.763983070850400070e-01,1.792274266481400091e-01,1.723923236131700010e-01
1.763983070850400070e-01,1.717904061079000011e-01,1.723923236131700010e-01,1.680809557437900059e-01
1.717904061079000011e-01,1.687762439250899971e-01,1.680809557437900059e-01,1.653032749891300002e-01
1.687762439250899971e-01,1.665725857019400014e-01,1.653032749891300002e-01,1.633228361606600121e-01
1.665725857019400014e-01,1.637529283762000076e-01,1.633228361606600121e-01,1.609757393598600095e-01
1.637529283762000076e-01,1.579886227846100111e-01,1.609757393598600095e-01,1.564521193504299912e-01
1.579886227846100111e-01,1.478114426135999915e-01,1.564521193504299912e-01,1.482601314783099922e-01
1.478114426135999915e-01,1.358895748853700125e-01,1.482601314783099922e-01,1.385688632726700120e-01
1.358895748853700125e-01,1.232314929366099959e-01,1.385688632726700120e-01,1.282150149345399892e-01
1.232314929366099959e-01,1.101226881146400022e-01,1.282150149345399892e-01,1.174381524324400045e-01
1.101226881146400022e-01,9.665937721729299381e-02,1.174381524324400045e-01,1.063224673271200016e-01
9.665937721729299381e-02,8.289141207933399536e-02,1.063224673271200016e-01,9.490926563739800204e-02
8.289141207933399536e-02,6.885860115289700600e-02,9.490926563739800204e-02,8.323115110397300009e-02
6.885860115289700600e-02,5.459897965192799657e-02,8.323115110397300009e-02,7.131905108690299311e-02
5.459897965192799657e-02,4.015104845166200115e-02,7.131905108690299311e-02,5.920403450727500239e-02
4.015104845166200115e-02,2.555451728403599840e-02,5.920403450727500239e-02,4.691801220178599963e-02
2.555451728403599840e-02,1.085079740732899922e-02,4.691801220178599963e-02,3.449416905641600195e-02
1.085079740732899922e-02,-3.916545305401099818e-03,3.449416905641600195e-02,2.196744829416300004e-02
-3.916545305401099818e-03,-1.870133355259899835e-02,2.196744829416300004e-02,9.375100024044499825e-03
-1.870133355259899835e-02,-3.345429897308300343e-02,9.375100024044499825e-03,-3.242750186473099955e-03
-3.345429897308300343e-02,-4.812260717153499928e-02,-3.242750186473099955e-03,-1.584246195852799868e-02
-4.812260717153499928e-02,-6.264941394329100188e-02,-1.584246195852799868e-02,-2.837625145912199900e-02
-6.264941394329100188e-02,-7.697349786758400647e-02,-2.837625145912199900e-02,-4.079165309667599770e-02
-7.697349786758400647e-02,-9.102898836135900340e-02,-4.079165309667599770e-02,-5.303113162517499729e-02
-9.102898836135900340e-02,-1.047452092170700066e-01,-5.303113162517499729e-02,-6.503187865018800196e-02
-1.047452092170700066e-01,-1.180466562509499967e-01,-6.503187865018800196e-02,-7.672563940286600270e-02
-1.180466562509499967e-01,-1.308531314134599999e-01,-7.672563940286600270e-02,-8.803872764110599880e-02
-1.308531314134599999e-01,-1.430800706148100121e-01,-8.803872764110599880e-02,-9.889288246631600110e-02
-1.430800706148100121e-01,-1.546392738819100110e-01,-9.889288246631600110e-02,-1.092066243290899935e-01
-1.546392738819100110e-01,-1.654394268989599903e-01,-1.092066243290899935e-01,-1.188960671424900001e-01
-1.654394268989599903e-01,-1.753872185945500040e-01,-1.188960671424900001e-01,-1.278775185346600063e-01
-1.753872185945500040e-01,-1.843883693218200115e-01,-1.278775185346600063e-01,-1.360690295696299901e-01
-1.843883693218200115e-01,-1.923477798700299890e-01,-1.360690295696299901e-01,-1.433874517679200045e-01
-1.923477798700299890e-01,-1.991680860519400020e-01,-1.433874517679200045e-01,-1.497420221567200005e-01
-1.991680860519400020e-01,-2.047353535890600040e-01,-1.497420221567200005e-01,-1.550112515687900039e-01
-2.047353535890600040e-01,-2.088251262903199901e-01,-1.550112515687900039e-01,-1.589391529560099936e-01
-2.088251262903199901e-01,-2.104223370552099903e-01,-1.589391529560099936e-01,-1.604792773723600074e-01
-2.104223370552099903e-01,-2.088251411914799904e-01,-1.604792773723600074e-01,-1.589391678571699940e-01
-2.088251411914799904e-01,-2.047353833913800047e-01,-1.589391678571699940e-01,-1.550112664699599963e-01
-2.047353833913800047e-01,-1.991681158542600028e-01,-1.550112664699599963e-01,-1.497420519590400012e-01
-1.991681158542600028e-01,-1.923478245735200098e-01,-1.497420519590400012e-01,-1.433874815702400052e-01
-1.923478245735200098e-01,-1.843884140253100046e-01,-1.433874815702400052e-01,-1.360690593719499908e-01
-1.843884140253100046e-01,-1.753872632980300050e-01,-1.360690593719499908e-01,-1.278775483369800070e-01
-1.753872632980300050e-01,-1.654394716024399914e-01,-1.278775483369800070e-01,-1.188961043953900010e-01
-1.654394716024399914e-01,-1.546393185854000041e-01,-1.188961043953900010e-01,-1.092066615819899944e-01
-1.546393185854000041e-01,-1.430801153183000052e-01,-1.092066615819899944e-01,-9.889291971921899960e-02
-1.430801153183000052e-01,-1.308531761169400010e-01,-9.889291971921899960e-02,-8.803876489400899730e-02
-1.308531761169400010e-01,-1.180467084050200038e-01,-8.803876489400899730e-02,-7.672566920518900102e-02
-1.180467084050200038e-01,-1.047452539205599997e-01,-7.672566920518900102e-02,-6.503190845251100027e-02
-1.047452539205599997e-01,-9.102903306484200208e-02,-6.503190845251100027e-02,-5.303116142749800255e-02
-9.102903306484200208e-02,-7.697354257106800435e-02,-5.303116142749800255e-02,-4.079168289899799682e-02
-7.697354257106800435e-02,-6.264945864677400056e-02,-4.079168289899799682e-02,-2.837627939879900155e-02
-6.264945864677400056e-02,-4.812264442443799778e-02,-2.837627939879900155e-02,-1.584248617291500114e-02
-4.812264442443799778e-02,-3.345433250069600184e-02,-1.584248617291500114e-02,-3.242772771045599866e-03
-3.345433250069600184e-02,-1.870136521756600098e-02,-3.242772771045599866e-03,9.375079534947899917e-03
-1.870136521756600098e-02,-3.916574176400899887e-03,9.375079534947899917e-03,2.196742966771100120e-02
-3.916574176400899887e-03,1.085077133029700019e-02,2.196742966771100120e-02,3.449415042996400310e-02
1.085077133029700019e-02,2.555449306964899941e-02,3.449415042996400310e-02,4.691799730062500007e-02
2.555449306964899941e-02,4.015102609992000221e-02,4.691799730062500007e-02,5.920402333140400292e-02
4.015102609992000221e-02,5.459896102547599772e-02,5.920402333140400292e-02,7.131903618574099435e-02
5.459896102547599772e-02,6.885858625173600644e-02,7.131903618574099435e-02,8.323114365339299991e-02
6.885858625173600644e-02,8.289140462875399518e-02,8.323114365339299991e-02,9.490925818681700266e-02
8.289140462875399518e-02,9.665936976671199443e-02,9.490925818681700266e-02,1.063224598765400014e-01
9.665936976671199443e-02,1.101226806640600020e-01,1.063224598765400014e-01,1.174381524324400045e-01
1.101226806640600020e-01,1.232314854860299957e-01,1.174381524324400045e-01,1.282150149345399892e-01
1.232314854860299957e-01,1.358895748853700125e-01,1.282150149345399892e-01,1.385688632726700120e-01
1.358895748853700125e-01,1.478114426135999915e-01,1.385688632726700120e-01,1.482601314783099922e-01
1.478114426135999915e-01,1.579886078834500107e-01,1.482601314783099922e-01,1.564521193504299912e-01
1.579886078834500107e-01,1.637529283762000076e-01,1.564521193504299912e-01,1.609757393598600095e-01
1.637529283762000076e-01,1.665725857019400014e-01,1.609757393598600095e-01,1.633228361606600121e-01
1.665725857019400014e-01,1.687762439250899971e-01,1.633228361606600121e-01,1.653032749891300002e-01
1.687762439250899971e-01,1.717904061079000011e-01,1.653032749891300002e-01,1.680809557437900059e-01
1.717904061079000011e-01,1.763983070850400070e-01,1.680809557437900059e-01,1.723923236131700010e-01
1.763983070850400070e-01,1.836096197366700045e-01,1.723923236131700010e-01,1.792274266481400091e-01
1.836096197366700045e-01,1.949438899755500110e-01,1.792274266481400091e-01,1.901029646396600048e-01
1.949438899755500110e-01,2.127410769462599882e-01,1.901029646396600048e-01,2.073847651481600107e-01
2.127410769462599882e-01,2.405709922313699900e-01,2.073847651481600107e-01,2.347257286310200086e-01
2.405709922313699900e-01,2.837299108505200174e-01,2.347257286310200086e-01,2.776125669479400093e-01
2.837299108505200174e-01,3.496740460395800221e-01,2.776125669479400093e-01,3.438738286495199858e-01
3.496740460395800221e-01,4.500743746757500108e-01,3.438738286495199858e-01,4.453477263450599799e-01
4.500743746757500108e-01,6.026647090911899651e-01,4.453477263450599799e-01,5.991866588592500431e-01
6.026647090911899651e-01,8.220675587654100447e-01,5.991866588592500431e-01,8.198623657226600248e-01
8.220675587654100447e-01,1.113445758819600062e+00,8.198623657226600248e-01,1.112283110618599968e+00
1.113445758819600062e+00,1.461789250373799920e+00,1.112283110618599968e+00,1.461278200149499940e+00
1.461789250373799920e+00,1.828799962997400108e+00,1.461278200149499940e+00,1.828799962997400108e+00
1.828799962997400108e+00,1.462439656257600085e+00,1.828799962997400108e+00,1.461789250373799920e+00
1.462439656257600085e+00,1.114930510520899976e+00,1.461789250373799920e+00,1.113445758819600062e+00
1.114930510520899976e+00,8.248699307441700324e-01,1.113445758819600062e+00,8.220675587654100447e-01
8.248699307441700324e-01,6.070669889450099888e-01,8.220675587654100447e-01,6.026647090911899651e-01
6.070669889450099888e-01,4.560531675815600039e-01,6.026647090911899651e-01,4.500743746757500108e-01
4.560531675815600039e-01,3.570207655429800120e-01,4.500743746757500108e-01,3.496740460395800221e-01
3.570207655429800120e-01,2.915076017379800155e-01,3.496740460395800221e-01,2.837299108505200174e-01
2.915076017379800155e-01,2.480307519435900054e-01,2.837299108505200174e-01,2.405709922313699900e-01
2.480307519435900054e-01,2.195918262004900035e-01,2.405709922313699900e-01,2.127410769462599882e-01
2.195918262004900035e-01,2.011369168758400106e-01,2.127410769462599882e-01,1.949438899755500110e-01
2.011369168758400106e-01,1.892065554857300103e-01,1.949438899755500110e-01,1.836096197366700045e-01
1.892065554857300103e-01,1.814986318349799954e-01,1.836096197366700045e-01,1.763983070850400070e-01
1.814986318349799954e-01,1.764940321445500060e-01,1.763983070850400070e-01,1.717904061079000011e-01
1.764940321445500060e-01,1.731613129377400084e-01,1.717904061079000011e-01,1.687762439250899971e-01
1.731613129377400084e-01,1.706611067056700015e-01,1.687762439250899971e-01,1.665725857019400014e-01
1.706611067056700015e-01,1.672421097755399932e-01,1.665725857019400014e-01,1.637529283762000076e-01
1.672421097755399932e-01,1.599206328391999943e-01,1.637529283762000076e-01,1.579886227846100111e-01
1.599206328391999943e-01,1.472623050212900075e-01,1.579886227846100111e-01,1.478114426135999915e-01
1.472623050212900075e-01,1.325782388448699944e-01,1.478114426135999915e-01,1.358895748853700125e-01
1.325782388448699944e-01,1.170937344431900035e-01,1.358895748853700125e-01,1.232314929366099959e-01
1.170937344431900035e-01,1.011493355035800040e-01,1.232314929366099959e-01,1.101226881146400022e-01
1.011493355035800040e-01,8.485624939203299799e-02,1.101226881146400022e-01,9.665937721729299381e-02
8.485624939203299799e-02,6.827148050069800633e-02,9.665937721729299381e-02,8.289141207933399536e-02
6.827148050069800633e-02,5.144001916050899847e-02,8.289141207933399536e-02,6.885860115289700600e-02
5.144001916050899847e-02,3.440478816628499831e-02,6.885860115289700600e-02,5.459897965192799657e-02
3.440478816628499831e-02,1.720915362238899932e-02,5.459897965192799657e-02,4.015104845166200115e-02
1.720915362238899932e-02,-1.020948548102800028e-04,4.015104845166200115e-02,2.555451728403599840e-02
-1.020948548102800028e-04,-1.748220995068600070e-02,2.555451728403599840e-02,1.085079740732899922e-02
-1.748220995068600070e-02,-3.488196432590499885e-02,1.085079740732899922e-02,-3.916545305401099818e-03
-3.488196432590499885e-02,-5.224916338920600201e-02,-3.916545305401099818e-03,-1.870133355259899835e-02
-5.224916338920600201e-02,-6.952814757823899683e-02,-1.870133355259899835e-02,-3.345429897308300343e-02
-6.952814757823899683e-02,-8.665928989648799541e-02,-3.345429897308300343e-02,-4.812260717153499928e-02
-8.665928989648799541e-02,-1.035785451531399948e-01,-4.812260717153499928e-02,-6.264941394329100188e-02
-1.035785451531399948e-01,-1.202170550823200013e-01,-6.264941394329100188e-02,-7.697349786758400647e-02
-1.202170550823200013e-01,-1.365008354187000061e-01,-7.697349786758400647e-02,-9.102898836135900340e-02
-1.365008354187000061e-01,-1.523506194353100029e-01,-9.102898836135900340e-02,-1.047452092170700066e-01
-1.523506194353100029e-01,-1.676817387342499910e-01,-1.047452092170700066e-01,-1.180466562509499967e-01
-1.676817387342499910e-01,-1.824043691158299951e-01,-1.180466562509499967e-01,-1.308531314134599999e-01
-1.824043691158299951e-01,-1.964237838983499962e-01,-1.308531314134599999e-01,-1.430800706148100121e-01
-1.964237838983499962e-01,-2.096411883831000023e-01,-1.430800706148100121e-01,-1.546392738819100110e-01
-2.096411883831000023e-01,-2.219544947147399916e-01,-1.546392738819100110e-01,-1.654394268989599903e-01
-2.219544947147399916e-01,-2.332597970962499989e-01,-1.654394268989599903e-01,-1.753872185945500040e-01
-2.332597970962499989e-01,-2.434529960155500106e-01,-1.753872185945500040e-01,-1.843883693218200115e-01
-2.434529960155500106e-01,-2.524313926696800103e-01,-1.843883693218200115e-01,-1.923477798700299890e-01
-2.524313926696800103e-01,-2.600932121276899878e-01,-1.923477798700299890e-01,-1.991680860519400020e-01
-2.600932121276899878e-01,-2.663232088088999805e-01,-1.991680860519400020e-01,-2.047353535890600040e-01
-2.663232088088999805e-01,-2.708901166915900216e-01,-2.047353535890600040e-01,-2.088251262903199901e-01
-2.708901166915900216e-01,-2.726796269416800200e-01,-2.088251262903199901e-01,-2.104223370552099903e-01
-2.726796269416800200e-01,-2.708901166915900216e-01,-2.104223370552099903e-01,-2.088251411914799904e-01
-2.708901166915900216e-01,-2.663232684135399819e-01,-2.088251411914799904e-01,-2.047353833913800047e-01
-2.663232684135399819e-01,-2.600932717323299892e-01,-2.047353833913800047e-01,-1.991681158542600028e-01
-2.600932717323299892e-01,-2.524314224720000110e-01,-1.991681158542600028e-01,-1.923478245735200098e-01
-2.524314224720000110e-01,-2.434530556201900120e-01,-1.923478245735200098e-01,-1.843884140253100046e-01
-2.434530556201900120e-01,-2.332598567008999924e-01,-1.843884140253100046e-01,-1.753872632980300050e-01
-2.332598567008999924e-01,-2.219545543193799930e-01,-1.753872632980300050e-01,-1.654394716024399914e-01
-2.219545543193799930e-01,-2.096412479877499957e-01,-1.654394716024399914e-01,-1.546393185854000041e-01
-2.096412479877499957e-01,-1.964238584041599900e-01,-1.546393185854000041e-01,-1.430801153183000052e-01
-1.964238584041599900e-01,-1.824044287204699966e-01,-1.430801153183000052e-01,-1.308531761169400010e-01
-1.824044287204699966e-01,-1.676818132400499928e-01,-1.308531761169400010e-01,-1.180467084050200038e-01
-1.676818132400499928e-01,-1.523506790399599964e-01,-1.180467084050200038e-01,-1.047452539205599997e-01
-1.523506790399599964e-01,-1.365008950233499996e-01,-1.047452539205599997e-01,-9.102903306484200208e-02
-1.365008950233499996e-01,-1.202171146869699947e-01,-9.102903306484200208e-02,-7.697354257106800435e-02
-1.202171146869699947e-01,-1.035785973072100019e-01,-7.697354257106800435e-02,-6.264945864677400056e-02
-1.035785973072100019e-01,-8.665934205055199346e-02,-6.264945864677400056e-02,-4.812264442443799778e-02
-8.665934205055199346e-02,-6.952819228172299471e-02,-4.812264442443799778e-02,-3.345433250069600184e-02
-6.952819228172299471e-02,-5.224920809268999988e-02,-3.345433250069600184e-02,-1.870136521756600098e-02
-5.224920809268999988e-02,-3.488200530409799743e-02,-1.870136521756600098e-02,-3.916574176400899887e-03
-3.488200530409799743e-02,-1.748224720358800000e-02,-3.916574176400899887e-03,1.085077133029700019e-02
-1.748224720358800000e-02,-1.021290372591499999e-04,1.085077133029700019e-02,2.555449306964899941e-02
-1.021290372591499999e-04,1.720912382006600100e-02,2.555449306964899941e-02,4.015102609992000221e-02
1.720912382006600100e-02,3.440476208925200008e-02,4.015102609992000221e-02,5.459896102547599772e-02
3.440476208925200008e-02,5.143999680876699954e-02,5.459896102547599772e-02,6.885858625173600644e-02
5.143999680876699954e-02,6.827145814895599352e-02,6.885858625173600644e-02,8.289140462875399518e-02
6.827145814895599352e-02,8.485623449087099923e-02,8.289140462875399518e-02,9.665936976671199443e-02
8.485623449087099923e-02,1.011493206024200037e-01,9.665936976671199443e-02,1.101226806640600020e-01
1.011493206024200037e-01,1.170937195420300031e-01,1.101226806640600020e-01,1.232314854860299957e-01
1.170937195420300031e-01,1.325782388448699944e-01,1.232314854860299957e-01,1.358895748853700125e-01
1.325782388448699944e-01,1.472623050212900075e-01,1.358895748853700125e-01,1.478114426135999915e-01
1.472623050212900075e-01,1.599206328391999943e-01,1.478114426135999915e-01,1.579886078834500107e-01
1.599206328391999943e-01,1.672421097755399932e-01,1.579886078834500107e-01,1.637529283762000076e-01
1.672421097755399932e-01,1.706611067056700015e-01,1.637529283762000076e-01,1.665725857019400014e-01
1.706611067056700015e-01,1.731613129377400084e-01,1.665725857019400014e-01,1.687762439250899971e-01
1.731613129377400084e-01,1.764940321445500060e-01,1.687762439250899971e-01,1.717904061079000011e-01
1.764940321445500060e-01,1.814986318349799954e-01,1.717904061079000011e-01,1.763983070850400070e-01
1.814986318349799954e-01,1.892065554857300103e-01,1.763983070850400070e-01,1.836096197366700045e-01
1.892065554857300103e-01,2.011369168758400106e-01,1.836096197366700045e-01,1.949438899755500110e-01
2.011369168758400106e-01,2.195918262004900035e-01,1.949438899755500110e-01,2.127410769462599882e-01
2.195918262004900035e-01,2.480307519435900054e-01,2.127410769462599882e-01,2.405709922313699900e-01
2.480307519435900054e-01,2.915076017379800155e-01,2.405709922313699900e-01,2.837299108505200174e-01
2.915076017379800155e-01,3.570207655429800120e-01,2.837299108505200174e-01,3.496740460395800221e-01
3.570207655429800120e-01,4.560531675815600039e-01,3.496740460395800221e-01,4.500743746757500108e-01
4.560531675815600039e-01,6.070669889450099888e-01,4.500743746757500108e-01,6.026647090911899651e-01
6.070669889450099888e-01,8.248699307441700324e-01,6.026647090911899651e-01,8.220675587654100447e-01
8.248699307441700324e-01,1.114930510520899976e+00,8.220675587654100447e-01,1.113445758819600062e+00
1.114930510520899976e+00,1.462439656257600085e+00,1.113445758819600062e+00,1.461789250373799920e+00
1.462439656257600085e+00,1.828799962997400108e+00,1.461789250373799920e+00,1.828799962997400108e+00
1.828799962997400108e+00,1.463269233703599959e+00,1.828799962997400108e+00,1.462439656257600085e+00
1.463269233703599959e+00,1.116838216781600002e+00,1.462439656257600085e+00,1.114930510520899976e+00
1.116838216781600002e+00,8.284510970115700479e-01,1.114930510520899976e+00,8.248699307441700324e-01
8.284510970115700479e-01,6.126639842987100515e-01,8.248699307441700324e-01,6.070669889450099888e-01
6.126639842987100515e-01,4.636405706405600236e-01,6.070669889450099888e-01,4.560531675815600039e-01
4.636405706405600236e-01,3.663414716720599928e-01,4.560531675815600039e-01,3.570207655429800120e-01
3.663414716720599928e-01,3.014070391654999903e-01,3.570207655429800120e-01,2.915076017379800155e-01
3.014070391654999903e-01,2.575636506080600241e-01,2.915076017379800155e-01,2.480307519435900054e-01
2.575636506080600241e-01,2.283690422773400064e-01,2.480307519435900054e-01,2.195918262004900035e-01
2.283690422773400064e-01,2.090745419263800031e-01,2.195918262004900035e-01,2.011369168758400106e-01
2.090745419263800031e-01,1.963664293289200113e-01,2.011369168758400106e-01,1.892065554857300103e-01
1.963664293289200113e-01,1.879977434873600084e-01,1.892065554857300103e-01,1.814986318349799954e-01
1.879977434873600084e-01,1.824560463428500090e-01,1.814986318349799954e-01,1.764940321445500060e-01
1.824560463428500090e-01,1.786869168281599862e-01,1.764940321445500060e-01,1.731613129377400084e-01
1.786869168281599862e-01,1.757836639881099894e-01,1.731613129377400084e-01,1.706611067056700015e-01
1.757836639881099894e-01,1.715992689132699867e-01,1.706611067056700015e-01,1.672421097755399932e-01
1.715992689132699867e-01,1.623514592647599952e-01,1.672421097755399932e-01,1.599206328391999943e-01
1.623514592647599952e-01,1.466601043939599891e-01,1.599206328391999943e-01,1.472623050212900075e-01
1.466601043939599891e-01,1.286382377147700096e-01,1.472623050212900075e-01,1.325782388448699944e-01
1.286382377147700096e-01,1.097726523876200039e-01,1.325782388448699944e-01,1.170937344431900035e-01
1.097726523876200039e-01,9.046410024166100239e-02,1.170937344431900035e-01,1.011493355035800040e-01
9.046410024166100239e-02,7.083611190319100137e-02,1.011493355035800040e-01,8.485624939203299799e-02
7.083611190319100137e-02,5.094816163182300239e-02,8.485624939203299799e-02,6.827148050069800633e-02
5.094816163182300239e-02,3.084564022719899976e-02,6.827148050069800633e-02,5.144001916050899847e-02
3.084564022719899976e-02,1.057163160294300082e-02,5.144001916050899847e-02,3.440478816628499831e-02
1.057163160294300082e-02,-9.830089285969699497e-03,3.440478816628499831e-02,1.720915362238899932e-02
-9.830089285969699497e-03,-3.031390532851200095e-02,1.720915362238899932e-02,-1.020948548102800028e-04
-3.031390532851200095e-02,-5.083166807889900191e-02,-1.020948548102800028e-04,-1.748220995068600070e-02
-5.083166807889900191e-02,-7.133205235004400069e-02,-1.748220995068600070e-02,-3.488196432590499885e-02
-7.133205235004400069e-02,-9.175993502139999369e-02,-3.488196432590499885e-02,-5.224916338920600201e-02
-9.175993502139999369e-02,-1.120558083057399956e-01,-5.224916338920600201e-02,-6.952814757823899683e-02
-1.120558083057399956e-01,-1.321550905704499956e-01,-6.952814757823899683e-02,-8.665928989648799541e-02
-1.321550905704499956e-01,-1.519876271486300112e-01,-8.665928989648799541e-02,-1.035785451531399948e-01
-1.519876271486300112e-01,-1.714770793914799918e-01,-1.035785451531399948e-01,-1.202170550823200013e-01
-1.714770793914799918e-01,-1.905406117439299996e-01,-1.202170550823200013e-01,-1.365008354187000061e-01
-1.905406117439299996e-01,-2.090885639190699918e-01,-1.365008354187000061e-01,-1.523506194353100029e-01
-2.090885639190699918e-01,-2.270244359970099990e-01,-1.523506194353100029e-01,-1.676817387342499910e-01
-2.270244359970099990e-01,-2.442449778318399878e-01,-1.676817387342499910e-01,-1.824043691158299951e-01
-2.442449778318399878e-01,-2.606408298015600034e-01,-1.824043691158299951e-01,-1.964237838983499962e-01
-2.606408298015600034e-01,-2.760973572730999748e-01,-1.964237838983499962e-01,-2.096411883831000023e-01
-2.760973572730999748e-01,-2.904959022998799822e-01,-2.096411883831000023e-01,-2.219544947147399916e-01
-2.904959022998799822e-01,-3.037156760692599766e-01,-2.219544947147399916e-01,-2.332597970962499989e-01
-3.037156760692599766e-01,-3.156359791755700139e-01,-2.332597970962499989e-01,-2.434529960155500106e-01
-3.156359791755700139e-01,-3.261384069919600059e-01,-2.434529960155500106e-01,-2.524313926696800103e-01
-3.261384069919600059e-01,-3.351066410541500007e-01,-2.524313926696800103e-01,-2.600932121276899878e-01
-3.351066410541500007e-01,-3.424090445041699793e-01,-2.600932121276899878e-01,-2.663232088088999805e-01
-3.424090445041699793e-01,-3.477771580219299885e-01,-2.663232088088999805e-01,-2.708901166915900216e-01
-3.477771580219299885e-01,-3.498903810977900264e-01,-2.708901166915900216e-01,-2.726796269416800200e-01
-3.498903810977900264e-01,-3.477771878242499892e-01,-2.726796269416800200e-01,-2.708901166915900216e-01
-3.477771878242499892e-01,-3.424091041088099807e-01,-2.708901166915900216e-01,-2.663232684135399819e-01
-3.424091041088099807e-01,-3.351067006587999941e-01,-2.663232684135399819e-01,-2.600932717323299892e-01
-3.351067006587999941e-01,-3.261384963989300001e-01,-2.600932717323299892e-01,-2.524314224720000110e-01
-3.261384963989300001e-01,-3.156360387802100154e-01,-2.524314224720000110e-01,-2.434530556201900120e-01
-3.156360387802100154e-01,-3.037157356738999781e-01,-2.434530556201900120e-01,-2.332598567008999924e-01
-3.037157356738999781e-01,-2.904959917068499764e-01,-2.332598567008999924e-01,-2.219545543193799930e-01
-2.904959917068499764e-01,-2.760974466800700244e-01,-2.219545543193799930e-01,-2.096412479877499957e-01
-2.760974466800700244e-01,-2.606409192085299975e-01,-2.096412479877499957e-01,-1.964238584041599900e-01
-2.606409192085299975e-01,-2.442450672388100097e-01,-1.964238584041599900e-01,-1.824044287204699966e-01
-2.442450672388100097e-01,-2.270245105028199928e-01,-1.824044287204699966e-01,-1.676818132400499928e-01
-2.270245105028199928e-01,-2.090886533260299940e-01,-1.676818132400499928e-01,-1.523506790399599964e-01
-2.090886533260299940e-01,-1.905406862497300013e-01,-1.523506790399599964e-01,-1.365008950233499996e-01
-1.905406862497300013e-01,-1.714771538972900133e-01,-1.365008950233499996e-01,-1.202171146869699947e-01
-1.714771538972900133e-01,-1.519876867532700127e-01,-1.202171146869699947e-01,-1.035785973072100019e-01
-1.519876867532700127e-01,-1.321551650762599894e-01,-1.035785973072100019e-01,-8.665934205055199346e-02
-1.321551650762599894e-01,-1.120558753609700031e-01,-8.665934205055199346e-02,-6.952819228172299471e-02
-1.120558753609700031e-01,-9.176000207662600439e-02,-6.952819228172299471e-02,-5.224920809268999988e-02
-9.176000207662600439e-02,-7.133210450410799874e-02,-5.224920809268999988e-02,-3.488200530409799743e-02
-7.133210450410799874e-02,-5.083171650767299987e-02,-3.488200530409799743e-02,-1.748224720358800000e-02
-5.083171650767299987e-02,-3.031395189464099887e-02,-1.748224720358800000e-02,-1.021290372591499999e-04
-3.031395189464099887e-02,-9.830131195485600562e-03,-1.021290372591499999e-04,1.720912382006600100e-02
-9.830131195485600562e-03,1.057159435004000059e-02,1.720912382006600100e-02,3.440476208925200008e-02
1.057159435004000059e-02,3.084560669958600135e-02,3.440476208925200008e-02,5.143999680876699954e-02
3.084560669958600135e-02,5.094813182949999714e-02,5.143999680876699954e-02,6.827145814895599352e-02
5.094813182949999714e-02,7.083608955144900243e-02,6.827145814895599352e-02,8.485623449087099923e-02
7.083608955144900243e-02,9.046407788991900345e-02,8.485623449087099923e-02,1.011493206024200037e-01
9.046407788991900345e-02,1.097726374864600035e-01,1.011493206024200037e-01,1.170937195420300031e-01
1.097726374864600035e-01,1.286382228136100092e-01,1.170937195420300031e-01,1.325782388448699944e-01
1.286382228136100092e-01,1.466601043939599891e-01,1.325782388448699944e-01,1.472623050212900075e-01
1.466601043939599891e-01,1.623514592647599952e-01,1.472623050212900075e-01,1.599206328391999943e-01
1.623514592647599952e-01,1.715992689132699867e-01,1.599206328391999943e-01,1.672421097755399932e-01
1.715992689132699867e-01,1.757836639881099894e-01,1.672421097755399932e-01,1.706611067056700015e-01
1.757836639881099894e-01,1.786869168281599862e-01,1.706611067056700015e-01,1.731613129377400084e-01
1.786869168281599862e-01,1.824560463428500090e-01,1.731613129377400084e-01,1.764940321445500060e-01
1.824560463428500090e-01,1.879977434873600084e-01,1.764940321445500060e-01,1.814986318349799954e-01
1.879977434873600084e-01,1.963664293289200113e-01,1.814986318349799954e-01,1.892065554857300103e-01
1.963664293289200113e-01,2.090745419263800031e-01,1.892065554857300103e-01,2.011369168758400106e-01
2.090745419263800031e-01,2.283690422773400064e-01,2.011369168758400106e-01,2.195918262004900035e-01
2.283690422773400064e-01,2.575636506080600241e-01,2.195918262004900035e-01,2.480307519435900054e-01
2.575636506080600241e-01,3.014070391654999903e-01,2.480307519435900054e-01,2.915076017379800155e-01
3.014070391654999903e-01,3.663414716720599928e-01,2.915076017379800155e-01,3.570207655429800120e-01
3.663414716720599928e-01,4.636405706405600236e-01,3.570207655429800120e-01,4.560531675815600039e-01
4.636405706405600236e-01,6.126639842987100515e-01,4.560531675815600039e-01,6.070669889450099888e-01
6.126639842987100515e-01,8.284510970115700479e-01,6.070669889450099888e-01,8.248699307441700324e-01
8.284510970115700479e-01,1.116838216781600002e+00,8.248699307441700324e-01,1.114930510520899976e+00
1.116838216781600002e+00,1.463269233703599959e+00,1.114930510520899976e+00,1.462439656257600085e+00
1.463269233703599959e+00,1.828799962997400108e+00,1.462439656257600085e+00,1.828799962997400108e+00
1.828799962997400108e+00,1.464333295822100034e+00,1.828799962997400108e+00,1.463269233703599959e+00
1.464333295822100034e+00,1.119315981864899889e+00,1.463269233703599959e+00,1.116838216781600002e+00
1.119315981864899889e+00,8.330740928649900123e-01,1.116838216781600002e+00,8.284510970115700479e-01
8.330740928649900123e-01,6.198388934135400374e-01,8.284510970115700479e-01,6.126639842987100515e-01
6.198388934135400374e-01,4.733252823352799843e-01,6.126639842987100515e-01,4.636405706405600236e-01
4.733252823352799843e-01,3.782041668891900077e-01,4.636405706405600236e-01,3.663414716720599928e-01
3.782041668891900077e-01,3.140363097190900232e-01,3.663414716720599928e-01,3.014070391654999903e-01
3.140363097190900232e-01,2.697762846946700210e-01,3.014070391654999903e-01,2.575636506080600241e-01
2.697762846946700210e-01,2.396465241908999899e-01,2.575636506080600241e-01,2.283690422773400064e-01
2.396465241908999899e-01,2.192783951759300076e-01,2.283690422773400064e-01,2.090745419263800031e-01
2.192783951759300076e-01,2.055494934320399869e-01,2.090745419263800031e-01,1.963664293289200113e-01
2.055494934320399869e-01,1.962926983833299943e-01,1.963664293289200113e-01,1.879977434873600084e-01
1.962926983833299943e-01,1.900130659341799921e-01,1.879977434873600084e-01,1.824560463428500090e-01
1.900130659341799921e-01,1.856341511011100065e-01,1.824560463428500090e-01,1.786869168281599862e-01
1.856341511011100065e-01,1.821691244840600021e-01,1.786869168281599862e-01,1.757836639881099894e-01
1.821691244840600021e-01,1.769993603229499946e-01,1.757836639881099894e-01,1.715992689132699867e-01
1.769993603229499946e-01,1.654204726219200006e-01,1.715992689132699867e-01,1.623514592647599952e-01
1.654204726219200006e-01,1.461566835641900097e-01,1.623514592647599952e-01,1.466601043939599891e-01
1.461566835641900097e-01,1.242542043328300067e-01,1.466601043939599891e-01,1.286382377147700096e-01
1.242542043328300067e-01,1.014883443713199968e-01,1.286382377147700096e-01,1.097726523876200039e-01
1.014883443713199968e-01,7.831886410713199964e-02,1.097726523876200039e-01,9.046410024166100239e-02
7.831886410713199964e-02,5.487560853362100088e-02,9.046410024166100239e-02,7.083611190319100137e-02
5.487560853362100088e-02,3.121358528733299970e-02,7.083611190319100137e-02,5.094816163182300239e-02
3.121358528733299970e-02,7.371945772320000027e-03,5.094816163182300239e-02,3.084564022719899976e-02
7.371945772320000027e-03,-1.661234535276899862e-02,3.084564022719899976e-02,1.057163160294300082e-02
-1.661234535276899862e-02,-4.070098698139199694e-02,1.057163160294300082e-02,-9.830089285969699497e-03
-4.070098698139199694e-02,-6.485298275947599944e-02,-9.830089285969699497e-03,-3.031390532851200095e-02
-6.485298275947599944e-02,-8.902371674776099475e-02,-3.031390532851200095e-02,-5.083166807889900191e-02
-8.902371674776099475e-02,-1.131641268730199934e-01,-5.083166807889900191e-02,-7.133205235004400069e-02
-1.131641268730199934e-01,-1.372198760509500126e-01,-7.133205235004400069e-02,-9.175993502139999369e-02
-1.372198760509500126e-01,-1.611304879188500128e-01,-9.175993502139999369e-02,-1.120558083057399956e-01
-1.611304879188500128e-01,-1.848284155130399953e-01,-1.120558083057399956e-01,-1.321550905704499956e-01
-1.848284155130399953e-01,-2.082383334636699890e-01,-1.321550905704499956e-01,-1.519876271486300112e-01
-2.082383334636699890e-01,-2.312761992216099960e-01,-1.519876271486300112e-01,-1.714770793914799918e-01
-2.312761992216099960e-01,-2.538487315177900272e-01,-1.714770793914799918e-01,-1.905406117439299996e-01
-2.538487315177900272e-01,-2.758528292179099894e-01,-1.905406117439299996e-01,-2.090885639190699918e-01
-2.758528292179099894e-01,-2.971755266189600175e-01,-2.090885639190699918e-01,-2.270244359970099990e-01
-2.971755266189600175e-01,-3.176939189434099808e-01,-2.270244359970099990e-01,-2.442449778318399878e-01
-3.176939189434099808e-01,-3.372759819030800021e-01,-2.442449778318399878e-01,-2.606408298015600034e-01
-3.372759819030800021e-01,-3.557817637920400178e-01,-2.606408298015600034e-01,-2.760973572730999748e-01
-3.557817637920400178e-01,-3.730647563934300082e-01,-2.760973572730999748e-01,-2.904959022998799822e-01
-3.730647563934300082e-01,-3.889746665954599836e-01,-2.904959022998799822e-01,-3.037156760692599766e-01
-3.889746665954599836e-01,-4.033603966236100069e-01,-3.037156760692599766e-01,-3.156359791755700139e-01
-4.033603966236100069e-01,-4.160731434822099728e-01,-3.156359791755700139e-01,-3.261384069919600059e-01
-4.160731434822099728e-01,-4.269660711288499888e-01,-3.261384069919600059e-01,-3.351066410541500007e-01
-4.269660711288499888e-01,-4.358718395233199816e-01,-3.351066410541500007e-01,-3.424090445041699793e-01
-4.358718395233199816e-01,-4.424470663070699805e-01,-3.424090445041699793e-01,-3.477771580219299885e-01
-4.424470663070699805e-01,-4.450394213199599935e-01,-3.477771580219299885e-01,-3.498903810977900264e-01
-4.450394213199599935e-01,-4.424470961093899812e-01,-3.498903810977900264e-01,-3.477771878242499892e-01
-4.424470961093899812e-01,-4.358718991279599830e-01,-3.477771878242499892e-01,-3.424091041088099807e-01
-4.358718991279599830e-01,-4.269661307334899902e-01,-3.424091041088099807e-01,-3.351067006587999941e-01
-4.269661307334899902e-01,-4.160732328891800225e-01,-3.351067006587999941e-01,-3.261384963989300001e-01
-4.160732328891800225e-01,-4.033604860305800011e-01,-3.261384963989300001e-01,-3.156360387802100154e-01
-4.033604860305800011e-01,-3.889747858047499784e-01,-3.156360387802100154e-01,-3.037157356738999781e-01
-3.889747858047499784e-01,-3.730648756027200030e-01,-3.037157356738999781e-01,-2.904959917068499764e-01
-3.730648756027200030e-01,-3.557818531990100119e-01,-2.904959917068499764e-01,-2.760974466800700244e-01
-3.557818531990100119e-01,-3.372761011123699970e-01,-2.760974466800700244e-01,-2.606409192085299975e-01
-3.372761011123699970e-01,-3.176940381526899837e-01,-2.606409192085299975e-01,-2.442450672388100097e-01
-3.176940381526899837e-01,-2.971756458282500124e-01,-2.442450672388100097e-01,-2.270245105028199928e-01
-2.971756458282500124e-01,-2.758529484271999843e-01,-2.270245105028199928e-01,-2.090886533260299940e-01
-2.758529484271999843e-01,-2.538488209247600214e-01,-2.090886533260299940e-01,-1.905406862497300013e-01
-2.538488209247600214e-01,-2.312762886285799901e-01,-1.905406862497300013e-01,-1.714771538972900133e-01
-2.312762886285799901e-01,-2.082384228706400109e-01,-1.714771538972900133e-01,-1.519876867532700127e-01
-2.082384228706400109e-01,-1.848285049200099894e-01,-1.519876867532700127e-01,-1.321551650762599894e-01
-1.848285049200099894e-01,-1.611305624246600066e-01,-1.321551650762599894e-01,-1.120558753609700031e-01
-1.611305624246600066e-01,-1.372199654579200068e-01,-1.120558753609700031e-01,-9.176000207662600439e-02
-1.372199654579200068e-01,-1.131641939282399950e-01,-9.176000207662600439e-02,-7.133210450410799874e-02
-1.131641939282399950e-01,-8.902377635240600606e-02,-7.133210450410799874e-02,-5.083171650767299987e-02
-8.902377635240600606e-02,-6.485304981470099706e-02,-5.083171650767299987e-02,-3.031395189464099887e-02
-6.485304981470099706e-02,-4.070104286074600203e-02,-3.031395189464099887e-02,-9.830131195485600562e-03
-4.070104286074600203e-02,-1.661239378154300006e-02,-9.830131195485600562e-03,1.057159435004000059e-02
-1.661239378154300006e-02,7.371902931481599808e-03,1.057159435004000059e-02,3.084560669958600135e-02
7.371902931481599808e-03,3.121354803443000120e-02,3.084560669958600135e-02,5.094813182949999714e-02
3.121354803443000120e-02,5.487557500600800248e-02,5.094813182949999714e-02,7.083608955144900243e-02
5.487557500600800248e-02,7.831884175539000070e-02,7.083608955144900243e-02,9.046407788991900345e-02
7.831884175539000070e-02,1.014883220195799962e-01,9.046407788991900345e-02,1.097726374864600035e-01
1.014883220195799962e-01,1.242541894316700063e-01,1.097726374864600035e-01,1.286382228136100092e-01
1.242541894316700063e-01,1.461566835641900097e-01,1.286382228136100092e-01,1.466601043939599891e-01
1.461566835641900097e-01,1.654204726219200006e-01,1.466601043939599891e-01,1.623514592647599952e-01
1.654204726219200006e-01,1.769993603229499946e-01,1.623514592647599952e-01,1.715992689132699867e-01
1.769993603229499946e-01,1.821691244840600021e-01,1.715992689132699867e-01,1.757836639881099894e-01
1.821691244840600021e-01,1.856341511011100065e-01,1.757836639881099894e-01,1.786869168281599862e-01
1.856341511011100065e-01,1.900130659341799921e-01,1.786869168281599862e-01,1.824560463428500090e-01
1.900130659341799921e-01,1.962926983833299943e-01,1.824560463428500090e-01,1.879977434873600084e-01
1.962926983833299943e-01,2.055494934320399869e-01,1.879977434873600084e-01,1.963664293289200113e-01
2.055494934320399869e-01,2.192783951759300076e-01,1.963664293289200113e-01,2.090745419263800031e-01
2.192783951759300076e-01,2.396465241908999899e-01,2.090745419263800031e-01,2.283690422773400064e-01
2.396465241908999899e-01,2.697762846946700210e-01,2.283690422773400064e-01,2.575636506080600241e-01
2.697762846946700210e-01,3.140363097190900232e-01,2.575636506080600241e-01,3.014070391654999903e-01
3.140363097190900232e-01,3.782041668891900077e-01,3.014070391654999903e-01,3.663414716720599928e-01
3.782041668891900077e-01,4.733252823352799843e-01,3.663414716720599928e-01,4.636405706405600236e-01
4.733252823352799843e-01,6.198388934135400374e-01,4.636405706405600236e-01,6.126639842987100515e-01
6.198388934135400374e-01,8.330740928649900123e-01,6.126639842987100515e-01,8.284510970115700479e-01
8.330740928649900123e-01,1.119315981864899889e+00,8.284510970115700479e-01,1.116838216781600002e+00
1.119315981864899889e+00,1.464333295822100034e+00,1.116838216781600002e+00,1.463269233703599959e+00
1.464333295822100034e+00,1.828799962997400108e+00,1.463269233703599959e+00,1.828799962997400108e+00
1.828799962997400108e+00,1.465709209442100036e+00,1.828799962997400108e+00,1.464333295822100034e+00
1.465709209442100036e+00,1.122584939003000049e+00,1.464333295822100034e+00,1.119315981864899889e+00
1.122584939003000049e+00,8.391346931457499547e-01,1.119315981864899889e+00,8.330740928649900123e-01
8.391346931457499547e-01,6.291522979736300369e-01,8.330740928649900123e-01,6.198388934135400374e-01
6.291522979736300369e-01,4.857947528362300260e-01,6.198388934135400374e-01,4.733252823352799843e-01
4.857947528362300260e-01,3.933800458908099928e-01,4.733252823352799843e-01,3.782041668891900077e-01
3.933800458908099928e-01,3.302109241485600144e-01,3.782041668891900077e-01,3.140363097190900232e-01
3.302109241485600144e-01,2.854841351509099789e-01,3.140363097190900232e-01,2.697762846946700210e-01
2.854841351509099789e-01,2.541998326778400208e-01,2.697762846946700210e-01,2.396465241908999899e-01
2.541998326778400208e-01,2.324552685022399923e-01,2.396465241908999899e-01,2.192783951759300076e-01
2.324552685022399923e-01,2.173768430948299912e-01,2.192783951759300076e-01,2.055494934320399869e-01
2.173768430948299912e-01,2.069118171930300065e-01,2.055494934320399869e-01,1.962926983833299943e-01
2.069118171930300065e-01,1.996008157730100041e-01,1.962926983833299943e-01,1.900130659341799921e-01
1.996008157730100041e-01,1.943503916263600029e-01,1.900130659341799921e-01,1.856341511011100065e-01
1.943503916263600029e-01,1.900805234909100083e-01,1.856341511011100065e-01,1.821691244840600021e-01
1.900805234909100083e-01,1.836295723915100098e-01,1.821691244840600021e-01,1.769993603229499946e-01
1.836295723915100098e-01,1.693136543035499986e-01,1.769993603229499946e-01,1.654204726219200006e-01
1.693136543035499986e-01,1.460608392953899881e-01,1.654204726219200006e-01,1.461566835641900097e-01
1.460608392953899881e-01,1.198947876691800057e-01,1.461566835641900097e-01,1.242542043328300067e-01
1.198947876691800057e-01,9.286604821681999911e-02,1.242542043328300067e-01,1.014883443713199968e-01
9.286604821681999911e-02,6.548151373863199398e-02,1.014883443713199968e-01,7.831886410713199964e-02
6.548151373863199398e-02,3.786783292889599889e-02,7.831886410713199964e-02,5.487560853362100088e-02
3.786783292889599889e-02,1.006704848259699914e-02,5.487560853362100088e-02,3.121358528733299970e-02
1.006704848259699914e-02,-1.789595745503900007e-02,3.121358528733299970e-02,7.371945772320000027e-03
-1.789595745503900007e-02,-4.599795863032300064e-02,7.371945772320000027e-03,-1.661234535276899862e-02
-4.599795863032300064e-02,-7.421340048313100624e-02,-1.661234535276899862e-02,-4.070098698139199694e-02
-7.421340048313100624e-02,-1.025127992034000068e-01,-4.070098698139199694e-02,-6.485298275947599944e-02
-1.025127992034000068e-01,-1.308614313602400048e-01,-6.485298275947599944e-02,-8.902371674776099475e-02
-1.308614313602400048e-01,-1.592184603214299998e-01,-8.902371674776099475e-02,-1.131641268730199934e-01
-1.592184603214299998e-01,-1.875355541706099916e-01,-1.131641268730199934e-01,-1.372198760509500126e-01
-1.875355541706099916e-01,-2.157555967569400046e-01,-1.372198760509500126e-01,-1.611304879188500128e-01
-2.157555967569400046e-01,-2.438113987445799935e-01,-1.611304879188500128e-01,-1.848284155130399953e-01
-2.438113987445799935e-01,-2.716243565082600009e-01,-1.848284155130399953e-01,-2.082383334636699890e-01
-2.716243565082600009e-01,-2.991029918193799930e-01,-2.082383334636699890e-01,-2.312761992216099960e-01
-2.991029918193799930e-01,-3.261416852474199879e-01,-2.312761992216099960e-01,-2.538487315177900272e-01
-3.261416852474199879e-01,-3.526197671890299867e-01,-2.538487315177900272e-01,-2.758528292179099894e-01
-3.526197671890299867e-01,-3.784006536006899735e-01,-2.758528292179099894e-01,-2.971755266189600175e-01
-3.784006536006899735e-01,-4.033317267894699909e-01,-2.971755266189600175e-01,-3.176939189434099808e-01
-4.033317267894699909e-01,-4.272450506687199834e-01,-3.176939189434099808e-01,-3.372759819030800021e-01
-4.272450506687199834e-01,-4.499590098857900178e-01,-3.372759819030800021e-01,-3.557817637920400178e-01
-4.499590098857900178e-01,-4.712792634963999805e-01,-3.557817637920400178e-01,-3.730647563934300082e-01
-4.712792634963999805e-01,-4.910030364990199958e-01,-3.730647563934300082e-01,-3.889746665954599836e-01
-4.910030364990199958e-01,-5.089237093925500499e-01,-3.889746665954599836e-01,-4.033603966236100069e-01
-5.089237093925500499e-01,-5.248359441757199928e-01,-4.033603966236100069e-01,-4.160731434822099728e-01
-5.248359441757199928e-01,-5.385355353355399943e-01,-4.160731434822099728e-01,-4.269660711288499888e-01
-5.385355353355399943e-01,-5.497881174087499989e-01,-4.269660711288499888e-01,-4.358718395233199816e-01
-5.497881174087499989e-01,-5.581174492835999645e-01,-4.358718395233199816e-01,-4.424470663070699805e-01
-5.581174492835999645e-01,-5.613800287246699661e-01,-4.424470663070699805e-01,-4.450394213199599935e-01
-5.613800287246699661e-01,-5.581175088882399660e-01,-4.450394213199599935e-01,-4.424470961093899812e-01
-5.581175088882399660e-01,-5.497881770133999924e-01,-4.424470961093899812e-01,-4.358718991279599830e-01
-5.497881770133999924e-01,-5.385355949401899878e-01,-4.358718991279599830e-01,-4.269661307334899902e-01
-5.385355949401899878e-01,-5.248360633850099877e-01,-4.269661307334899902e-01,-4.160732328891800225e-01
-5.248360633850099877e-01,-5.089238286018400448e-01,-4.160732328891800225e-01,-4.033604860305800011e-01
-5.089238286018400448e-01,-4.910031557083099907e-01,-4.033604860305800011e-01,-3.889747858047499784e-01
-4.910031557083099907e-01,-4.712794125080099761e-01,-3.889747858047499784e-01,-3.730648756027200030e-01
-4.712794125080099761e-01,-4.499591290950800127e-01,-3.730648756027200030e-01,-3.557818531990100119e-01
-4.499591290950800127e-01,-4.272451698780099782e-01,-3.557818531990100119e-01,-3.372761011123699970e-01
-4.272451698780099782e-01,-4.033318459987599858e-01,-3.372761011123699970e-01,-3.176940381526899837e-01
-4.033318459987599858e-01,-3.784008026123000246e-01,-3.176940381526899837e-01,-2.971756458282500124e-01
-3.784008026123000246e-01,-3.526199162006399823e-01,-2.971756458282500124e-01,-2.758529484271999843e-01
-3.526199162006399823e-01,-3.261418044567099828e-01,-2.758529484271999843e-01,-2.538488209247600214e-01
-3.261418044567099828e-01,-2.991031110286699879e-01,-2.538488209247600214e-01,-2.312762886285799901e-01
-2.991031110286699879e-01,-2.716244757175400037e-01,-2.312762886285799901e-01,-2.082384228706400109e-01
-2.716244757175400037e-01,-2.438115179538699884e-01,-2.082384228706400109e-01,-1.848285049200099894e-01
-2.438115179538699884e-01,-2.157557010650600071e-01,-1.848285049200099894e-01,-1.611305624246600066e-01
-2.157557010650600071e-01,-1.875356584787400138e-01,-1.611305624246600066e-01,-1.372199654579200068e-01
-1.875356584787400138e-01,-1.592185497283900020e-01,-1.372199654579200068e-01,-1.131641939282399950e-01
-1.592185497283900020e-01,-1.308615058660499986e-01,-1.131641939282399950e-01,-8.902377635240600606e-02
-1.308615058660499986e-01,-1.025128811597799949e-01,-8.902377635240600606e-02,-6.485304981470099706e-02
-1.025128811597799949e-01,-7.421346753835700305e-02,-6.485304981470099706e-02,-4.070104286074600203e-02
-7.421346753835700305e-02,-4.599801823496799807e-02,-4.070104286074600203e-02,-1.661239378154300006e-02
-4.599801823496799807e-02,-1.789601147174800164e-02,-1.661239378154300006e-02,7.371902931481599808e-03
-1.789601147174800164e-02,1.006700191646799948e-02,7.371902931481599808e-03,3.121354803443000120e-02
1.006700191646799948e-02,3.786779195070300030e-02,3.121354803443000120e-02,5.487557500600800248e-02
3.786779195070300030e-02,6.548148393630999486e-02,5.487557500600800248e-02,7.831884175539000070e-02
6.548148393630999486e-02,9.286602586507800017e-02,7.831884175539000070e-02,1.014883220195799962e-01
9.286602586507800017e-02,1.198947653174400052e-01,1.014883220195799962e-01,1.242541894316700063e-01
1.198947653174400052e-01,1.460608243942299878e-01,1.242541894316700063e-01,1.461566835641900097e-01
1.460608243942299878e-01,1.693136394023899982e-01,1.461566835641900097e-01,1.654204726219200006e-01
1.693136394023899982e-01,1.836295723915100098e-01,1.654204726219200006e-01,1.769993603229499946e-01
1.836295723915100098e-01,1.900805234909100083e-01,1.769993603229499946e-01,1.821691244840600021e-01
1.900805234909100083e-01,1.943503916263600029e-01,1.821691244840600021e-01,1.856341511011100065e-01
1.943503916263600029e-01,1.996008157730100041e-01,1.856341511011100065e-01,1.900130659341799921e-01
1.996008157730100041e-01,2.069118171930300065e-01,1.900130659341799921e-01,1.962926983833299943e-01
2.069118171930300065e-01,2.173768430948299912e-01,1.962926983833299943e-01,2.055494934320399869e-01
2.173768430948299912e-01,2.324552685022399923e-01,2.055494934320399869e-01,2.192783951759300076e-01
2.324552685022399923e-01,2.541998326778400208e-01,2.192783951759300076e-01,2.396465241908999899e-01
2.541998326778400208e-01,2.854841351509099789e-01,2.396465241908999899e-01,2.697762846946700210e-01
2.854841351509099789e-01,3.302109241485600144e-01,2.697762846946700210e-01,3.140363097190900232e-01
3.302109241485600144e-01,3.933800458908099928e-01,3.140363097190900232e-01,3.782041668891900077e-01
3.933800458908099928e-01,4.857947528362300260e-01,3.782041668891900077e-01,4.733252823352799843e-01
4.857947528362300260e-01,6.291522979736300369e-01,4.733252823352799843e-01,6.198388934135400374e-01
6.291522979736300369e-01,8.391346931457499547e-01,6.198388934135400374e-01,8.330740928649900123e-01
8.391346931457499547e-01,1.122584939003000049e+00,8.330740928649900123e-01,1.119315981864899889e+00
1.122584939003000049e+00,1.465709209442100036e+00,1.119315981864899889e+00,1.464333295822100034e+00
1.465709209442100036e+00,1.828799962997400108e+00,1.464333295822100034e+00,1.828799962997400108e+00
1.828799962997400108e+00,1.467506647110000007e+00,1.828799962997400108e+00,1.465709209442100036e+00
1.467506647110000007e+00,1.126978397369400087e+00,1.465709209442100036e+00,1.122584939003000049e+00
1.126978397369400087e+00,8.472349047660799881e-01,1.122584939003000049e+00,8.391346931457499547e-01
8.472349047660799881e-01,6.414409279823299892e-01,8.391346931457499547e-01,6.291522979736300369e-01
6.414409279823299892e-01,5.020408630371100411e-01,6.291522979736300369e-01,4.857947528362300260e-01
5.020408630371100411e-01,4.129456877708400087e-01,4.857947528362300260e-01,3.933800458908099928e-01
4.129456877708400087e-01,3.510554432869000263e-01,3.933800458908099928e-01,3.302109241485600144e-01
3.510554432869000263e-01,3.058139681816099964e-01,3.302109241485600144e-01,2.854841351509099789e-01
3.058139681816099964e-01,2.731072902679400061e-01,2.854841351509099789e-01,2.541998326778400208e-01
2.731072902679400061e-01,2.495923936366999940e-01,2.541998326778400208e-01,2.324552685022399923e-01
2.495923936366999940e-01,2.327144294977200045e-01,2.324552685022399923e-01,2.173768430948299912e-01
2.327144294977200045e-01,2.205823510885200067e-01,2.173768430948299912e-01,2.069118171930300065e-01
2.205823510885200067e-01,2.118010967969899960e-01,2.069118171930300065e-01,1.996008157730100041e-01
2.118010967969899960e-01,2.052729129791300011e-01,1.996008157730100041e-01,1.943503916263600029e-01
2.052729129791300011e-01,1.998147368431099913e-01,1.943503916263600029e-01,1.900805234909100083e-01
1.998147368431099913e-01,1.916771531104999871e-01,1.900805234909100083e-01,1.836295723915100098e-01
1.916771531104999871e-01,1.742839813232399948e-01,1.836295723915100098e-01,1.693136543035499986e-01
1.742839813232399948e-01,1.469254493713400000e-01,1.693136543035499986e-01,1.460608392953899881e-01
1.469254493713400000e-01,1.164744272828100030e-01,1.460608392953899881e-01,1.198947876691800057e-01
1.164744272828100030e-01,8.517351001501100027e-02,1.198947876691800057e-01,9.286604821681999911e-02
8.517351001501100027e-02,5.354839563369800243e-02,9.286604821681999911e-02,6.548151373863199398e-02
5.354839563369800243e-02,2.170958556234800149e-02,6.548151373863199398e-02,3.786783292889599889e-02
2.170958556234800149e-02,-1.032356824725899971e-02,3.786783292889599889e-02,1.006704848259699914e-02
-1.032356824725899971e-02,-4.254937916994099706e-02,1.006704848259699914e-02,-1.789595745503900007e-02
-4.254937916994099706e-02,-7.496726512908899465e-02,-1.789595745503900007e-02,-4.599795863032300064e-02
-7.496726512908899465e-02,-1.075735241174699958e-01,-4.599795863032300064e-02,-7.421340048313100624e-02
-1.075735241174699958e-01,-1.403593719005599982e-01,-7.421340048313100624e-02,-1.025127992034000068e-01
-1.403593719005599982e-01,-1.733089685440100114e-01,-1.025127992034000068e-01,-1.308614313602400048e-01
-1.733089685440100114e-01,-2.063992172479600096e-01,-1.308614313602400048e-01,-1.592184603214299998e-01
-2.063992172479600096e-01,-2.395969778299300024e-01,-1.592184603214299998e-01,-1.875355541706099916e-01
-2.395969778299300024e-01,-2.728570699691800217e-01,-1.875355541706099916e-01,-2.157555967569400046e-01
-2.728570699691800217e-01,-3.061206340789799918e-01,-2.157555967569400046e-01,-2.438113987445799935e-01
-3.061206340789799918e-01,-3.393121957778900133e-01,-2.438113987445799935e-01,-2.716243565082600009e-01
-3.393121957778900133e-01,-3.723371028900099855e-01,-2.716243565082600009e-01,-2.991029918193799930e-01
-3.723371028900099855e-01,-4.050787687301600215e-01,-2.991029918193799930e-01,-3.261416852474199879e-01
-4.050787687301600215e-01,-4.373959898948699965e-01,-3.261416852474199879e-01,-3.526197671890299867e-01
-4.373959898948699965e-01,-4.691204726695999971e-01,-3.526197671890299867e-01,-3.784006536006899735e-01
-4.691204726695999971e-01,-5.000554323196400031e-01,-3.784006536006899735e-01,-4.033317267894699909e-01
-5.000554323196400031e-01,-5.299764871597300031e-01,-4.033317267894699909e-01,-4.272450506687199834e-01
-5.299764871597300031e-01,-5.586333274841299712e-01,-4.272450506687199834e-01,-4.499590098857900178e-01
-5.586333274841299712e-01,-5.857453346252400328e-01,-4.499590098857900178e-01,-4.712792634963999805e-01
-5.857453346252400328e-01,-6.110109090805100340e-01,-4.712792634963999805e-01,-4.910030364990199958e-01
-6.110109090805100340e-01,-6.341162323951700097e-01,-4.910030364990199958e-01,-5.089237093925500499e-01
-6.341162323951700097e-01,-6.547452807426500376e-01,-5.089237093925500499e-01,-5.248359441757199928e-01
-6.547452807426500376e-01,-6.725838780403099459e-01,-5.248359441757199928e-01,-5.385355353355399943e-01
-6.725838780403099459e-01,-6.872747540473900241e-01,-5.385355353355399943e-01,-5.497881174087499989e-01
-6.872747540473900241e-01,-6.981161832809400503e-01,-5.497881174087499989e-01,-5.581174492835999645e-01
-6.981161832809400503e-01,-7.022780179977400339e-01,-5.581174492835999645e-01,-5.613800287246699661e-01
-7.022780179977400339e-01,-6.981162428855900437e-01,-5.613800287246699661e-01,-5.581175088882399660e-01
-6.981162428855900437e-01,-6.872748136520400175e-01,-5.581175088882399660e-01,-5.497881770133999924e-01
-6.872748136520400175e-01,-6.725839972496000518e-01,-5.497881770133999924e-01,-5.385355949401899878e-01
-6.725839972496000518e-01,-6.547453999519300405e-01,-5.385355949401899878e-01,-5.248360633850099877e-01
-6.547453999519300405e-01,-6.341163516044600046e-01,-5.248360633850099877e-01,-5.089238286018400448e-01
-6.341163516044600046e-01,-6.110110878944400303e-01,-5.089238286018400448e-01,-4.910031557083099907e-01
-6.110110878944400303e-01,-5.857455134391800211e-01,-4.910031557083099907e-01,-4.712794125080099761e-01
-5.857455134391800211e-01,-5.586335062980699595e-01,-4.712794125080099761e-01,-4.499591290950800127e-01
-5.586335062980699595e-01,-5.299766659736599994e-01,-4.499591290950800127e-01,-4.272451698780099782e-01
-5.299766659736599994e-01,-5.000556111335799914e-01,-4.272451698780099782e-01,-4.033318459987599858e-01
-5.000556111335799914e-01,-4.691206514835399854e-01,-4.033318459987599858e-01,-3.784008026123000246e-01
-4.691206514835399854e-01,-4.373961389064799921e-01,-3.784008026123000246e-01,-3.526199162006399823e-01
-4.373961389064799921e-01,-4.050789177417800091e-01,-3.526199162006399823e-01,-3.261418044567099828e-01
-4.050789177417800091e-01,-3.723372519016299731e-01,-3.261418044567099828e-01,-2.991031110286699879e-01
-3.723372519016299731e-01,-3.393123447895100009e-01,-2.991031110286699879e-01,-2.716244757175400037e-01
-3.393123447895100009e-01,-3.061207532882699867e-01,-2.716244757175400037e-01,-2.438115179538699884e-01
-3.061207532882699867e-01,-2.728571891784700165e-01,-2.438115179538699884e-01,-2.157557010650600071e-01
-2.728571891784700165e-01,-2.395970970392199972e-01,-2.157557010650600071e-01,-1.875356584787400138e-01
-2.395970970392199972e-01,-2.063993215560900041e-01,-1.875356584787400138e-01,-1.592185497283900020e-01
-2.063993215560900041e-01,-1.733090728521299861e-01,-1.592185497283900020e-01,-1.308615058660499986e-01
-1.733090728521299861e-01,-1.403594762086899927e-01,-1.308615058660499986e-01,-1.025128811597799949e-01
-1.403594762086899927e-01,-1.075736060738600036e-01,-1.025128811597799949e-01,-7.421346753835700305e-02
-1.075736060738600036e-01,-7.496733218431500534e-02,-7.421346753835700305e-02,-4.599801823496799807e-02
-7.496733218431500534e-02,-4.254944249987600152e-02,-4.599801823496799807e-02,-1.789601147174800164e-02
-4.254944249987600152e-02,-1.032362412661299959e-02,-1.789601147174800164e-02,1.006700191646799948e-02
-1.032362412661299959e-02,2.170953899621999930e-02,1.006700191646799948e-02,3.786779195070300030e-02
2.170953899621999930e-02,5.354835838079499699e-02,3.786779195070300030e-02,6.548148393630999486e-02
5.354835838079499699e-02,8.517348021268800196e-02,6.548148393630999486e-02,9.286602586507800017e-02
8.517348021268800196e-02,1.164744049310700025e-01,9.286602586507800017e-02,1.198947653174400052e-01
1.164744049310700025e-01,1.469254344701799997e-01,1.198947653174400052e-01,1.460608243942299878e-01
1.469254344701799997e-01,1.742839813232399948e-01,1.460608243942299878e-01,1.693136394023899982e-01
1.742839813232399948e-01,1.916771531104999871e-01,1.693136394023899982e-01,1.836295723915100098e-01
1.916771531104999871e-01,1.998147368431099913e-01,1.836295723915100098e-01,1.900805234909100083e-01
1.998147368431099913e-01,2.052729129791300011e-01,1.900805234909100083e-01,1.943503916263600029e-01
2.052729129791300011e-01,2.118010967969899960e-01,1.943503916263600029e-01,1.996008157730100041e-01
2.118010967969899960e-01,2.205823510885200067e-01,1.996008157730100041e-01,2.069118171930300065e-01
2.205823510885200067e-01,2.327144294977200045e-01,2.069118171930300065e-01,2.173768430948299912e-01
2.327144294977200045e-01,2.495923936366999940e-01,2.173768430948299912e-01,2.324552685022399923e-01
2.495923936366999940e-01,2.731072902679400061e-01,2.324552685022399923e-01,2.541998326778400208e-01
2.731072902679400061e-01,3.058139681816099964e-01,2.541998326778400208e-01,2.854841351509099789e-01
3.058139681816099964e-01,3.510554432869000263e-01,2.854841351509099789e-01,3.302109241485600144e-01
3.510554432869000263e-01,4.129456877708400087e-01,3.302109241485600144e-01,3.933800458908099928e-01
4.129456877708400087e-01,5.020408630371100411e-01,3.933800458908099928e-01,4.857947528362300260e-01
5.020408630371100411e-01,6.414409279823299892e-01,4.857947528362300260e-01,6.291522979736300369e-01
6.414409279823299892e-01,8.472349047660799881e-01,6.291522979736300369e-01,8.391346931457499547e-01
8.472349047660799881e-01,1.126978397369400087e+00,8.391346931457499547e-01,1.122584939003000049e+00
1.126978397369400087e+00,1.467506647110000007e+00,1.122584939003000049e+00,1.465709209442100036e+00
1.467506647110000007e+00,1.828799962997400108e+00,1.465709209442100036e+00,1.828799962997400108e+00
1.828799962997400108e+00,1.469872236251799968e+00,1.828799962997400108e+00,1.467506647110000007e+00
1.469872236251799968e+00,1.132972478866600019e+00,1.467506647110000007e+00,1.126978397369400087e+00
1.132972478866600019e+00,8.582665920257599446e-01,1.126978397369400087e+00,8.472349047660799881e-01
8.582665920257599446e-01,6.579564809799199887e-01,8.472349047660799881e-01,6.414409279823299892e-01
6.579564809799199887e-01,5.235319733619699933e-01,6.414409279823299892e-01,5.020408630371100411e-01
5.235319733619699933e-01,4.384671747684499854e-01,5.020408630371100411e-01,4.129456877708400087e-01
4.384671747684499854e-01,3.781939446926099735e-01,4.129456877708400087e-01,3.510554432869000263e-01
3.781939446926099735e-01,3.323989510536199954e-01,3.510554432869000263e-01,3.058139681816099964e-01
3.323989510536199954e-01,2.979435026645699813e-01,3.058139681816099964e-01,2.731072902679400061e-01
2.979435026645699813e-01,2.721402943134300090e-01,2.731072902679400061e-01,2.495923936366999940e-01
2.721402943134300090e-01,2.528357803821599803e-01,2.495923936366999940e-01,2.327144294977200045e-01
2.528357803821599803e-01,2.383633852004999887e-01,2.327144294977200045e-01,2.205823510885200067e-01
2.383633852004999887e-01,2.274360954761500131e-01,2.205823510885200067e-01,2.118010967969899960e-01
2.274360954761500131e-01,2.189780771732300069e-01,2.118010967969899960e-01,2.052729129791300011e-01
2.189780771732300069e-01,2.117055207490899926e-01,2.052729129791300011e-01,1.998147368431099913e-01
2.117055207490899926e-01,2.013099193572999990e-01,1.998147368431099913e-01,1.916771531104999871e-01
2.013099193572999990e-01,1.806591302156400070e-01,1.916771531104999871e-01,1.742839813232399948e-01
1.806591302156400070e-01,1.496255993843099985e-01,1.742839813232399948e-01,1.469254493713400000e-01
1.496255993843099985e-01,1.155081242322899965e-01,1.469254493713400000e-01,1.164744272828100030e-01
1.155081242322899965e-01,8.055742830038099822e-02,1.164744272828100030e-01,8.517351001501100027e-02
8.055742830038099822e-02,4.526880383491500154e-02,8.517351001501100027e-02,5.354839563369800243e-02
4.526880383491500154e-02,9.721026755869400723e-03,5.354839563369800243e-02,2.170958556234800149e-02
9.721026755869400723e-03,-2.609942667186300122e-02,2.170958556234800149e-02,-1.032356824725899971e-02
-2.609942667186300122e-02,-6.222329661250099869e-02,-1.032356824725899971e-02,-4.254937916994099706e-02
-6.222329661250099869e-02,-9.868266433477400346e-02,-4.254937916994099706e-02,-7.496726512908899465e-02
-9.868266433477400346e-02,-1.355072855949399913e-01,-7.496726512908899465e-02,-1.075735241174699958e-01
-1.355072855949399913e-01,-1.727221310138699895e-01,-1.075735241174699958e-01,-1.403593719005599982e-01
-1.727221310138699895e-01,-2.103429436683700027e-01,-1.403593719005599982e-01,-1.733089685440100114e-01
-2.103429436683700027e-01,-2.483817785978300052e-01,-1.733089685440100114e-01,-2.063992172479600096e-01
-2.483817785978300052e-01,-2.868387401104000034e-01,-2.063992172479600096e-01,-2.395969778299300024e-01
-2.868387401104000034e-01,-3.256994187831899756e-01,-2.395969778299300024e-01,-2.728570699691800217e-01
-3.256994187831899756e-01,-3.649340867996200277e-01,-2.728570699691800217e-01,-3.061206340789799918e-01
-3.649340867996200277e-01,-4.044919610023500200e-01,-3.061206340789799918e-01,-3.393121957778900133e-01
-4.044919610023500200e-01,-4.442952275276200180e-01,-3.393121957778900133e-01,-3.723371028900099855e-01
-4.442952275276200180e-01,-4.842339456081399818e-01,-3.723371028900099855e-01,-4.050787687301600215e-01
-4.842339456081399818e-01,-5.241581797599800252e-01,-4.050787687301600215e-01,-4.373959898948699965e-01
-5.241581797599800252e-01,-5.638704895973200015e-01,-4.373959898948699965e-01,-4.691204726695999971e-01
-5.638704895973200015e-01,-6.031193137168899820e-01,-4.691204726695999971e-01,-5.000554323196400031e-01
-6.031193137168899820e-01,-6.416013240814200103e-01,-5.000554323196400031e-01,-5.299764871597300031e-01
-6.416013240814200103e-01,-6.789608001708999918e-01,-5.299764871597300031e-01,-5.586333274841299712e-01
-6.789608001708999918e-01,-7.147477269172699543e-01,-5.586333274841299712e-01,-5.857453346252400328e-01
-7.147477269172699543e-01,-7.484497427940399739e-01,-5.857453346252400328e-01,-6.110109090805100340e-01
-7.484497427940399739e-01,-7.795132994651799985e-01,-6.110109090805100340e-01,-6.341162323951700097e-01
-7.795132994651799985e-01,-8.073743581771900546e-01,-6.341162323951700097e-01,-6.547452807426500376e-01
-8.073743581771900546e-01,-8.314846754074100010e-01,-6.547452807426500376e-01,-6.725838780403099459e-01
-8.314846754074100010e-01,-8.512609601020799666e-01,-6.725838780403099459e-01,-6.872747540473900241e-01
-8.512609601020799666e-01,-8.656471967697100256e-01,-6.872747540473900241e-01,-6.981161832809400503e-01
-8.656471967697100256e-01,-8.709540367126500371e-01,-6.981161832809400503e-01,-7.022780179977400339e-01
-8.709540367126500371e-01,-8.656472563743600190e-01,-7.022780179977400339e-01,-6.981162428855900437e-01
-8.656472563743600190e-01,-8.512610793113699614e-01,-6.981162428855900437e-01,-6.872748136520400175e-01
-8.512610793113699614e-01,-8.314847946166999959e-01,-6.872748136520400175e-01,-6.725839972496000518e-01
-8.314847946166999959e-01,-8.073745369911200509e-01,-6.725839972496000518e-01,-6.547453999519300405e-01
-8.073745369911200509e-01,-7.795135378837599882e-01,-6.547453999519300405e-01,-6.341163516044600046e-01
-7.795135378837599882e-01,-7.484499216079699702e-01,-6.341163516044600046e-01,-6.110110878944400303e-01
-7.484499216079699702e-01,-7.147479653358500551e-01,-6.110110878944400303e-01,-5.857455134391800211e-01
-7.147479653358500551e-01,-6.789610385894799816e-01,-5.857455134391800211e-01,-5.586335062980699595e-01
-6.789610385894799816e-01,-6.416015625000000000e-01,-5.586335062980699595e-01,-5.299766659736599994e-01
-6.416015625000000000e-01,-6.031195521354699718e-01,-5.299766659736599994e-01,-5.000556111335799914e-01
-6.031195521354699718e-01,-5.638707280158999913e-01,-5.000556111335799914e-01,-4.691206514835399854e-01
-5.638707280158999913e-01,-5.241583585739100215e-01,-4.691206514835399854e-01,-4.373961389064799921e-01
-5.241583585739100215e-01,-4.842341244220699781e-01,-4.373961389064799921e-01,-4.050789177417800091e-01
-4.842341244220699781e-01,-4.442954063415500143e-01,-4.050789177417800091e-01,-3.723372519016299731e-01
-4.442954063415500143e-01,-4.044921398162800164e-01,-3.723372519016299731e-01,-3.393123447895100009e-01
-4.044921398162800164e-01,-3.649342358112300233e-01,-3.393123447895100009e-01,-3.061207532882699867e-01
-3.649342358112300233e-01,-3.256995379924800260e-01,-3.061207532882699867e-01,-2.728571891784700165e-01
-3.256995379924800260e-01,-2.868388891220099990e-01,-2.728571891784700165e-01,-2.395970970392199972e-01
-2.868388891220099990e-01,-2.483819127082800005e-01,-2.395970970392199972e-01,-2.063993215560900041e-01
-2.483819127082800005e-01,-2.103430479764900052e-01,-2.063993215560900041e-01,-1.733090728521299861e-01
-2.103430479764900052e-01,-1.727222353220000117e-01,-1.733090728521299861e-01,-1.403594762086899927e-01
-1.727222353220000117e-01,-1.355073750019100132e-01,-1.403594762086899927e-01,-1.075736060738600036e-01
-1.355073750019100132e-01,-9.868274629116099983e-02,-1.075736060738600036e-01,-7.496733218431500534e-02
-9.868274629116099983e-02,-6.222337111830700263e-02,-7.496733218431500534e-02,-4.254944249987600152e-02
-6.222337111830700263e-02,-2.609949186444299879e-02,-4.254944249987600152e-02,-1.032362412661299959e-02
-2.609949186444299879e-02,9.720970876514899509e-03,-1.032362412661299959e-02,2.170953899621999930e-02
9.720970876514899509e-03,4.526875913143200286e-02,2.170953899621999930e-02,5.354835838079499699e-02
4.526875913143200286e-02,8.055739104747799972e-02,5.354835838079499699e-02,8.517348021268800196e-02
8.055739104747799972e-02,1.155080944299699958e-01,8.517348021268800196e-02,1.164744049310700025e-01
1.155080944299699958e-01,1.496255844831499981e-01,1.164744049310700025e-01,1.469254344701799997e-01
1.496255844831499981e-01,1.806591153144800066e-01,1.469254344701799997e-01,1.742839813232399948e-01
1.806591153144800066e-01,2.013099193572999990e-01,1.742839813232399948e-01,1.916771531104999871e-01
2.013099193572999990e-01,2.117055207490899926e-01,1.916771531104999871e-01,1.998147368431099913e-01
2.117055207490899926e-01,2.189780771732300069e-01,1.998147368431099913e-01,2.052729129791300011e-01
2.189780771732300069e-01,2.274360954761500131e-01,2.052729129791300011e-01,2.118010967969899960e-01
2.274360954761500131e-01,2.383633852004999887e-01,2.118010967969899960e-01,2.205823510885200067e-01
2.383633852004999887e-01,2.528357803821599803e-01,2.205823510885200067e-01,2.327144294977200045e-01
2.528357803821599803e-01,2.721402943134300090e-01,2.327144294977200045e-01,2.495923936366999940e-01
2.721402943134300090e-01,2.979435026645699813e-01,2.495923936366999940e-01,2.731072902679400061e-01
2.979435026645699813e-01,3.323989510536199954e-01,2.731072902679400061e-01,3.058139681816099964e-01
3.323989510536199954e-01,3.781939446926099735e-01,3.058139681816099964e-01,3.510554432869000263e-01
3.781939446926099735e-01,4.384671747684499854e-01,3.510554432869000263e-01,4.129456877708400087e-01
4.384671747684499854e-01,5.235319733619699933e-01,4.129456877708400087e-01,5.020408630371100411e-01
5.235319733619699933e-01,6.579564809799199887e-01,5.020408630371100411e-01,6.414409279823299892e-01
6.579564809799199887e-01,8.582665920257599446e-01,6.414409279823299892e-01,8.472349047660799881e-01
8.582665920257599446e-01,1.132972478866600019e+00,8.472349047660799881e-01,1.126978397369400087e+00
1.132972478866600019e+00,1.469872236251799968e+00,1.126978397369400087e+00,1.467506647110000007e+00
1.469872236251799968e+00,1.828799962997400108e+00,1.467506647110000007e+00,1.828799962997400108e+00
1.828799962997400108e+00,1.472968101501499927e+00,1.828799962997400108e+00,1.469872236251799968e+00
1.472968101501499927e+00,1.141132950782800082e+00,1.469872236251799968e+00,1.132972478866600019e+00
1.141132950782800082e+00,8.734061717987100515e-01,1.132972478866600019e+00,8.582665920257599446e-01
8.734061717987100515e-01,6.804906129836999495e-01,8.582665920257599446e-01,6.579564809799199887e-01
6.804906129836999495e-01,5.524682402610799903e-01,6.579564809799199887e-01,5.235319733619699933e-01
5.524682402610799903e-01,4.723383486270900100e-01,5.235319733619699933e-01,4.384671747684499854e-01
4.723383486270900100e-01,4.141452610492700193e-01,4.384671747684499854e-01,3.781939446926099735e-01
4.141452610492700193e-01,3.678075969219199992e-01,3.781939446926099735e-01,3.323989510536199954e-01
3.678075969219199992e-01,3.312160372734099800e-01,3.323989510536199954e-01,2.979435026645699813e-01
3.312160372734099800e-01,3.024321794509899908e-01,2.979435026645699813e-01,2.721402943134300090e-01
3.024321794509899908e-01,2.797998189926100276e-01,2.721402943134300090e-01,2.528357803821599803e-01
2.797998189926100276e-01,2.619595229625700239e-01,2.528357803821599803e-01,2.383633852004999887e-01
2.619595229625700239e-01,2.477980554103899891e-01,2.383633852004999887e-01,2.274360954761500131e-01
2.477980554103899891e-01,2.363110929727600118e-01,2.274360954761500131e-01,2.189780771732300069e-01
2.363110929727600118e-01,2.261498719453799988e-01,2.189780771732300069e-01,2.117055207490899926e-01
2.261498719453799988e-01,2.126497179269800086e-01,2.117055207490899926e-01,2.013099193572999990e-01
2.126497179269800086e-01,1.888541281223299895e-01,2.013099193572999990e-01,1.806591302156400070e-01
1.888541281223299895e-01,1.553798615932500127e-01,1.806591302156400070e-01,1.496255993843099985e-01
1.553798615932500127e-01,1.191364452242899968e-01,1.496255993843099985e-01,1.155081242322899965e-01
1.191364452242899968e-01,8.209044486284300390e-02,1.155081242322899965e-01,8.055742830038099822e-02
8.209044486284300390e-02,4.463607072830200195e-02,8.055742830038099822e-02,4.526880383491500154e-02
4.463607072830200195e-02,6.804905366152499795e-03,4.526880383491500154e-02,9.721026755869400723e-03
6.804905366152499795e-03,-3.145960345864300123e-02,9.721026755869400723e-03,-2.609942667186300122e-02
-3.145960345864300123e-02,-7.022850215435000321e-02,-2.609942667186300122e-02,-6.222329661250099869e-02
-7.022850215435000321e-02,-1.095760911703100027e-01,-6.222329661250099869e-02,-9.868266433477400346e-02
-1.095760911703100027e-01,-1.495792120695099980e-01,-9.868266433477400346e-02,-1.355072855949399913e-01
-1.495792120695099980e-01,-1.903133243322399915e-01,-1.355072855949399913e-01,-1.727221310138699895e-01
-1.903133243322399915e-01,-2.318366318941099957e-01,-1.727221310138699895e-01,-2.103429436683700027e-01
-2.318366318941099957e-01,-2.742268145084399977e-01,-2.103429436683700027e-01,-2.483817785978300052e-01
-2.742268145084399977e-01,-3.175469040870699811e-01,-2.483817785978300052e-01,-2.868387401104000034e-01
-3.175469040870699811e-01,-3.618469238281299960e-01,-2.868387401104000034e-01,-3.256994187831899756e-01
-3.618469238281299960e-01,-4.071716666221599779e-01,-3.256994187831899756e-01,-3.649340867996200277e-01
-4.071716666221599779e-01,-4.535504281520800207e-01,-3.649340867996200277e-01,-4.044919610023500200e-01
-4.535504281520800207e-01,-5.009850263595599928e-01,-4.044919610023500200e-01,-4.442952275276200180e-01
-5.009850263595599928e-01,-5.494450330734299559e-01,-4.442952275276200180e-01,-4.842339456081399818e-01
-5.494450330734299559e-01,-5.988494753837599882e-01,-4.842339456081399818e-01,-5.241581797599800252e-01
-5.988494753837599882e-01,-6.490447521209700144e-01,-5.241581797599800252e-01,-5.638704895973200015e-01
-6.490447521209700144e-01,-6.997823119163499861e-01,-5.638704895973200015e-01,-6.031193137168899820e-01
-6.997823119163499861e-01,-7.507378458976700086e-01,-6.031193137168899820e-01,-6.416013240814200103e-01
-7.507378458976700086e-01,-8.014818429946900524e-01,-6.416013240814200103e-01,-6.789608001708999918e-01
-8.014818429946900524e-01,-8.512009382247900380e-01,-6.789608001708999918e-01,-7.147477269172699543e-01
-8.512009382247900380e-01,-8.988431096076999749e-01,-7.147477269172699543e-01,-7.484497427940399739e-01
-8.988431096076999749e-01,-9.431840181350700236e-01,-7.484497427940399739e-01,-7.795132994651799985e-01
-9.431840181350700236e-01,-9.829539656639100231e-01,-7.795132994651799985e-01,-8.073743581771900546e-01
-9.829539656639100231e-01,-1.017003774642899927e+00,-8.073743581771900546e-01,-8.314846754074100010e-01
-1.017003774642899927e+00,-1.044335246086099955e+00,-8.314846754074100010e-01,-8.512609601020799666e-01
-1.044335246086099955e+00,-1.063495039939899911e+00,-8.512609601020799666e-01,-8.656471967697100256e-01
-1.063495039939899911e+00,-1.070109844207800087e+00,-8.656471967697100256e-01,-8.709540367126500371e-01
-1.070109844207800087e+00,-1.063495159149199898e+00,-8.709540367126500371e-01,-8.656472563743600190e-01
-1.063495159149199898e+00,-1.044335365295399942e+00,-8.656472563743600190e-01,-8.512610793113699614e-01
-1.044335365295399942e+00,-1.017004013061499901e+00,-8.512610793113699614e-01,-8.314847946166999959e-01
-1.017004013061499901e+00,-9.829542040824900129e-01,-8.314847946166999959e-01,-8.073745369911200509e-01
-9.829542040824900129e-01,-9.431842565536500134e-01,-8.073745369911200509e-01,-7.795135378837599882e-01
-9.431842565536500134e-01,-8.988434076309199661e-01,-7.795135378837599882e-01,-7.484499216079699702e-01
-8.988434076309199661e-01,-8.512011766433700277e-01,-7.484499216079699702e-01,-7.147479653358500551e-01
-8.512011766433700277e-01,-8.014820814132700422e-01,-7.147479653358500551e-01,-6.789610385894799816e-01
-8.014820814132700422e-01,-7.507380843162499984e-01,-6.789610385894799816e-01,-6.416015625000000000e-01
-7.507380843162499984e-01,-6.997825503349299758e-01,-6.416015625000000000e-01,-6.031195521354699718e-01
-6.997825503349299758e-01,-6.490449905395500041e-01,-6.031195521354699718e-01,-5.638707280158999913e-01
-6.490449905395500041e-01,-5.988497138023399780e-01,-5.638707280158999913e-01,-5.241583585739100215e-01
-5.988497138023399780e-01,-5.494452714919999536e-01,-5.241583585739100215e-01,-4.842341244220699781e-01
-5.494452714919999536e-01,-5.009852647781399826e-01,-4.842341244220699781e-01,-4.442954063415500143e-01
-5.009852647781399826e-01,-4.535506069660200090e-01,-4.442954063415500143e-01,-4.044921398162800164e-01
-4.535506069660200090e-01,-4.071718454361000217e-01,-4.044921398162800164e-01,-3.649342358112300233e-01
-4.071718454361000217e-01,-3.618470728397399916e-01,-3.649342358112300233e-01,-3.256995379924800260e-01
-3.618470728397399916e-01,-3.175470530986799766e-01,-3.256995379924800260e-01,-2.868388891220099990e-01
-3.175470530986799766e-01,-2.742269635200499933e-01,-2.868388891220099990e-01,-2.483819127082800005e-01
-2.742269635200499933e-01,-2.318367660045599910e-01,-2.483819127082800005e-01,-2.103430479764900052e-01
-2.318367660045599910e-01,-1.903134435415299863e-01,-2.103430479764900052e-01,-1.727222353220000117e-01
-1.903134435415299863e-01,-1.495793163776399926e-01,-1.727222353220000117e-01,-1.355073750019100132e-01
-1.495793163776399926e-01,-1.095761880278599970e-01,-1.355073750019100132e-01,-9.868274629116099983e-02
-1.095761880278599970e-01,-7.022859156131699976e-02,-9.868274629116099983e-02,-6.222337111830700263e-02
-7.022859156131699976e-02,-3.145967796444899822e-02,-6.222337111830700263e-02,-2.609949186444299879e-02
-3.145967796444899822e-02,6.804841570556200217e-03,-2.609949186444299879e-02,9.720970876514899509e-03
6.804841570556200217e-03,4.463601857423799696e-02,9.720970876514899509e-03,4.526875913143200286e-02
4.463601857423799696e-02,8.209040015935900603e-02,4.526875913143200286e-02,8.055739104747799972e-02
8.209040015935900603e-02,1.191364154219600041e-01,8.055739104747799972e-02,1.155080944299699958e-01
1.191364154219600041e-01,1.553798466920900123e-01,1.155080944299699958e-01,1.496255844831499981e-01
1.553798466920900123e-01,1.888541281223299895e-01,1.496255844831499981e-01,1.806591153144800066e-01
1.888541281223299895e-01,2.126497179269800086e-01,1.806591153144800066e-01,2.013099193572999990e-01
2.126497179269800086e-01,2.261498719453799988e-01,2.013099193572999990e-01,2.117055207490899926e-01
2.261498719453799988e-01,2.363110929727600118e-01,2.117055207490899926e-01,2.189780771732300069e-01
2.363110929727600118e-01,2.477980554103899891e-01,2.189780771732300069e-01,2.274360954761500131e-01
2.477980554103899891e-01,2.619595229625700239e-01,2.274360954761500131e-01,2.383633852004999887e-01
2.619595229625700239e-01,2.797998189926100276e-01,2.383633852004999887e-01,2.528357803821599803e-01
2.797998189926100276e-01,3.024321794509899908e-01,2.528357803821599803e-01,2.721402943134300090e-01
3.024321794509899908e-01,3.312160372734099800e-01,2.721402943134300090e-01,2.979435026645699813e-01
3.312160372734099800e-01,3.678075969219199992e-01,2.979435026645699813e-01,3.323989510536199954e-01
3.678075969219199992e-01,4.141452610492700193e-01,3.323989510536199954e-01,3.781939446926099735e-01
4.141452610492700193e-01,4.723383486270900100e-01,3.781939446926099735e-01,4.384671747684499854e-01
4.723383486270900100e-01,5.524682402610799903e-01,4.384671747684499854e-01,5.235319733619699933e-01
5.524682402610799903e-01,6.804906129836999495e-01,5.235319733619699933e-01,6.579564809799199887e-01
6.804906129836999495e-01,8.734061717987100515e-01,6.579564809799199887e-01,8.582665920257599446e-01
8.734061717987100515e-01,1.141132950782800082e+00,8.582665920257599446e-01,1.132972478866600019e+00
1.141132950782800082e+00,1.472968101501499927e+00,1.132972478866600019e+00,1.469872236251799968e+00
1.472968101501499927e+00,1.828799962997400108e+00,1.469872236251799968e+00,1.828799962997400108e+00
1.828799962997400108e+00,1.476862907409699943e+00,1.828799962997400108e+00,1.472968101501499927e+00
1.476862907409699943e+00,1.151728987693799944e+00,1.472968101501499927e+00,1.141132950782800082e+00
1.151728987693799944e+00,8.935562372207600523e-01,1.141132950782800082e+00,8.734061717987100515e-01
8.935562372207600523e-01,7.109643220901500360e-01,8.734061717987100515e-01,6.804906129836999495e-01
7.109643220901500360e-01,5.917305350303599942e-01,6.804906129836999495e-01,5.524682402610799903e-01
5.917305350303599942e-01,5.180734992027300478e-01,5.524682402610799903e-01,4.723383486270900100e-01
5.180734992027300478e-01,4.629193842411000182e-01,4.723383486270900100e-01,4.141452610492700193e-01
4.629193842411000182e-01,4.163886308670000092e-01,4.141452610492700193e-01,3.678075969219199992e-01
4.163886308670000092e-01,3.773673474788700188e-01,3.678075969219199992e-01,3.312160372734099800e-01
3.773673474788700188e-01,3.447400927543600169e-01,3.312160372734099800e-01,3.024321794509899908e-01
3.447400927543600169e-01,3.174640238285100224e-01,3.024321794509899908e-01,2.797998189926100276e-01
3.174640238285100224e-01,2.946057915687599893e-01,2.797998189926100276e-01,2.619595229625700239e-01
2.946057915687599893e-01,2.753325402736699901e-01,2.619595229625700239e-01,2.477980554103899891e-01
2.753325402736699901e-01,2.588104307651499791e-01,2.477980554103899891e-01,2.363110929727600118e-01
2.588104307651499791e-01,2.437514662742600036e-01,2.363110929727600118e-01,2.261498719453799988e-01
2.437514662742600036e-01,2.257403135299700103e-01,2.261498719453799988e-01,2.126497179269800086e-01
2.257403135299700103e-01,1.993264853954299920e-01,2.126497179269800086e-01,1.888541281223299895e-01
1.993264853954299920e-01,1.655571311712299987e-01,1.888541281223299895e-01,1.553798615932500127e-01
1.655571311712299987e-01,1.297355741262400108e-01,1.553798615932500127e-01,1.191364452242899968e-01
1.297355741262400108e-01,9.319020062685000327e-02,1.191364452242899968e-01,8.209044486284300390e-02
9.319020062685000327e-02,5.613492056727400342e-02,8.209044486284300390e-02,4.463607072830200195e-02
5.613492056727400342e-02,1.855077408254100085e-02,4.463607072830200195e-02,6.804905366152499795e-03
1.855077408254100085e-02,-1.967373304068999879e-02,6.804905366152499795e-03,-3.145960345864300123e-02
-1.967373304068999879e-02,-5.865287035703699997e-02,-3.145960345864300123e-02,-7.022850215435000321e-02
-5.865287035703699997e-02,-9.850775450468099437e-02,-7.022850215435000321e-02,-1.095760911703100027e-01
-9.850775450468099437e-02,-1.393753886222799943e-01,-1.095760911703100027e-01,-1.495792120695099980e-01
-1.393753886222799943e-01,-1.813975572586100093e-01,-1.495792120695099980e-01,-1.903133243322399915e-01
-1.813975572586100093e-01,-2.246483266353599961e-01,-1.903133243322399915e-01,-2.318366318941099957e-01
-2.246483266353599961e-01,-2.693188488483400089e-01,-2.318366318941099957e-01,-2.742268145084399977e-01
-2.693188488483400089e-01,-3.155554831028000162e-01,-2.742268145084399977e-01,-3.175469040870699811e-01
-3.155554831028000162e-01,-3.634901344776200194e-01,-3.175469040870699811e-01,-3.618469238281299960e-01
-3.634901344776200194e-01,-4.132856726646400025e-01,-3.618469238281299960e-01,-4.071716666221599779e-01
-4.132856726646400025e-01,-4.651209414005300080e-01,-4.071716666221599779e-01,-4.535504281520800207e-01
-4.651209414005300080e-01,-5.191688537597699549e-01,-4.535504281520800207e-01,-5.009850263595599928e-01
-5.191688537597699549e-01,-5.756232142448399758e-01,-5.009850263595599928e-01,-5.494450330734299559e-01
-5.756232142448399758e-01,-6.346873044967700217e-01,-5.494450330734299559e-01,-5.988494753837599882e-01
-6.346873044967700217e-01,-6.965466141700700220e-01,-5.988494753837599882e-01,-6.490447521209700144e-01
-6.965466141700700220e-01,-7.613502740859999784e-01,-6.490447521209700144e-01,-6.997823119163499861e-01
-7.613502740859999784e-01,-8.294439911842299562e-01,-6.997823119163499861e-01,-7.507378458976700086e-01
-8.294439911842299562e-01,-9.011836647987400140e-01,-7.507378458976700086e-01,-8.014818429946900524e-01
-9.011836647987400140e-01,-9.751228094100999888e-01,-8.014818429946900524e-01,-8.512009382247900380e-01
-9.751228094100999888e-01,-1.048650145530700017e+00,-8.512009382247900380e-01,-8.988431096076999749e-01
-1.048650145530700017e+00,-1.118202447891200046e+00,-8.988431096076999749e-01,-9.431840181350700236e-01
-1.118202447891200046e+00,-1.179952144622800070e+00,-9.431840181350700236e-01,-9.829539656639100231e-01
-1.179952144622800070e+00,-1.230824589729299978e+00,-9.829539656639100231e-01,-1.017003774642899927e+00
-1.230824589729299978e+00,-1.269116044044499958e+00,-1.017003774642899927e+00,-1.044335246086099955e+00
-1.269116044044499958e+00,-1.293758869171099946e+00,-1.044335246086099955e+00,-1.063495039939899911e+00
-1.293758869171099946e+00,-1.301447629928599969e+00,-1.063495039939899911e+00,-1.070109844207800087e+00
-1.301447629928599969e+00,-1.293758988380399932e+00,-1.070109844207800087e+00,-1.063495159149199898e+00
-1.293758988380399932e+00,-1.269116282463099932e+00,-1.063495159149199898e+00,-1.044335365295399942e+00
-1.269116282463099932e+00,-1.230824947357199939e+00,-1.044335365295399942e+00,-1.017004013061499901e+00
-1.230824947357199939e+00,-1.179952502250700030e+00,-1.017004013061499901e+00,-9.829542040824900129e-01
-1.179952502250700030e+00,-1.118202805519100007e+00,-9.829542040824900129e-01,-9.431842565536500134e-01
-1.118202805519100007e+00,-1.048650622367899965e+00,-9.431842565536500134e-01,-8.988434076309199661e-01
-1.048650622367899965e+00,-9.751231670379599814e-01,-8.988434076309199661e-01,-8.512011766433700277e-01
-9.751231670379599814e-01,-9.011840224266099986e-01,-8.512011766433700277e-01,-8.014820814132700422e-01
-9.011840224266099986e-01,-8.294443488121000518e-01,-8.014820814132700422e-01,-7.507380843162499984e-01
-8.294443488121000518e-01,-7.613505721092199696e-01,-7.507380843162499984e-01,-6.997825503349299758e-01
-7.613505721092199696e-01,-6.965468525886500117e-01,-6.997825503349299758e-01,-6.490449905395500041e-01
-6.965468525886500117e-01,-6.346876025199900129e-01,-6.490449905395500041e-01,-5.988497138023399780e-01
-6.346876025199900129e-01,-5.756234526634199655e-01,-5.988497138023399780e-01,-5.494452714919999536e-01
-5.756234526634199655e-01,-5.191690921783399526e-01,-5.494452714919999536e-01,-5.009852647781399826e-01
-5.191690921783399526e-01,-4.651211500167800050e-01,-5.009852647781399826e-01,-4.535506069660200090e-01
-4.651211500167800050e-01,-4.132858812808999915e-01,-4.535506069660200090e-01,-4.071718454361000217e-01
-4.132858812808999915e-01,-3.634903132915500157e-01,-4.071718454361000217e-01,-3.618470728397399916e-01
-3.634903132915500157e-01,-3.155556619167300125e-01,-3.618470728397399916e-01,-3.175470530986799766e-01
-3.155556619167300125e-01,-2.693189978599500045e-01,-3.175470530986799766e-01,-2.742269635200499933e-01
-2.693189978599500045e-01,-2.246484756469699917e-01,-2.742269635200499933e-01,-2.318367660045599910e-01
-2.246484756469699917e-01,-1.813977062702200049e-01,-2.318367660045599910e-01,-1.903134435415299863e-01
-1.813977062702200049e-01,-1.393755227327299895e-01,-1.903134435415299863e-01,-1.495793163776399926e-01
-1.393755227327299895e-01,-9.850787371397000391e-02,-1.495793163776399926e-01,-1.095761880278599970e-01
-9.850787371397000391e-02,-5.865297093987500293e-02,-1.095761880278599970e-01,-7.022859156131699976e-02
-5.865297093987500293e-02,-1.967382058501199876e-02,-7.022859156131699976e-02,-3.145967796444899822e-02
-1.967382058501199876e-02,1.855069957673500039e-02,-3.145967796444899822e-02,6.804841570556200217e-03
1.855069957673500039e-02,5.613485723733899896e-02,6.804841570556200217e-03,4.463601857423799696e-02
5.613485723733899896e-02,9.319014847278600522e-02,4.463601857423799696e-02,8.209040015935900603e-02
9.319014847278600522e-02,1.297355294227600098e-01,8.209040015935900603e-02,1.191364154219600041e-01
1.297355294227600098e-01,1.655571013689000059e-01,1.191364154219600041e-01,1.553798466920900123e-01
1.655571013689000059e-01,1.993264704942699916e-01,1.553798466920900123e-01,1.888541281223299895e-01
1.993264704942699916e-01,2.257403135299700103e-01,1.888541281223299895e-01,2.126497179269800086e-01
2.257403135299700103e-01,2.437514662742600036e-01,2.126497179269800086e-01,2.261498719453799988e-01
2.437514662742600036e-01,2.588104307651499791e-01,2.261498719453799988e-01,2.363110929727600118e-01
2.588104307651499791e-01,2.753325402736699901e-01,2.363110929727600118e-01,2.477980554103899891e-01
2.753325402736699901e-01,2.946057915687599893e-01,2.477980554103899891e-01,2.619595229625700239e-01
2.946057915687599893e-01,3.174640238285100224e-01,2.619595229625700239e-01,2.797998189926100276e-01
3.174640238285100224e-01,3.447400927543600169e-01,2.797998189926100276e-01,3.024321794509899908e-01
3.447400927543600169e-01,3.773673474788700188e-01,3.024321794509899908e-01,3.312160372734099800e-01
3.773673474788700188e-01,4.163886308670000092e-01,3.312160372734099800e-01,3.678075969219199992e-01
4.163886308670000092e-01,4.629193842411000182e-01,3.678075969219199992e-01,4.141452610492700193e-01
4.629193842411000182e-01,5.180734992027300478e-01,4.141452610492700193e-01,4.723383486270900100e-01
5.180734992027300478e-01,5.917305350303599942e-01,4.723383486270900100e-01,5.524682402610799903e-01
5.917305350303599942e-01,7.109643220901500360e-01,5.524682402610799903e-01,6.804906129836999495e-01
7.109643220901500360e-01,8.935562372207600523e-01,6.804906129836999495e-01,8.734061717987100515e-01
8.935562372207600523e-01,1.151728987693799944e+00,8.734061717987100515e-01,1.141132950782800082e+00
1.151728987693799944e+00,1.476862907409699943e+00,1.141132950782800082e+00,1.472968101501499927e+00
1.476862907409699943e+00,1.828799962997400108e+00,1.472968101501499927e+00,1.828799962997400108e+00
1.828799962997400108e+00,1.481180071830699996e+00,1.828799962997400108e+00,1.476862907409699943e+00
1.481180071830699996e+00,1.163348197936999950e+00,1.476862907409699943e+00,1.151728987693799944e+00
1.163348197936999950e+00,9.164940714836099511e-01,1.151728987693799944e+00,8.935562372207600523e-01
9.164940714836099511e-01,7.473835945129400082e-01,8.935562372207600523e-01,7.109643220901500360e-01
7.473835945129400082e-01,6.405929327011099517e-01,7.109643220901500360e-01,5.917305350303599942e-01
6.405929327011099517e-01,5.764330625534099806e-01,5.917305350303599942e-01,5.180734992027300478e-01
5.764330625534099806e-01,5.269442200660700015e-01,5.180734992027300478e-01,4.629193842411000182e-01
5.269442200660700015e-01,4.823081791400899987e-01,4.629193842411000182e-01,4.163886308670000092e-01
4.823081791400899987e-01,4.420115947723399774e-01,4.163886308670000092e-01,3.773673474788700188e-01
4.420115947723399774e-01,4.055829048156699979e-01,3.773673474788700188e-01,3.447400927543600169e-01
4.055829048156699979e-01,3.725808262824999995e-01,3.447400927543600169e-01,3.174640238285100224e-01
3.725808262824999995e-01,3.425881564617199726e-01,3.174640238285100224e-01,2.946057915687599893e-01
3.425881564617199726e-01,3.151976168155700142e-01,2.946057915687599893e-01,2.753325402736699901e-01
3.151976168155700142e-01,2.899438440799699812e-01,2.753325402736699901e-01,2.588104307651499791e-01
2.899438440799699812e-01,2.659480869770100009e-01,2.588104307651499791e-01,2.437514662742600036e-01
2.659480869770100009e-01,2.405148595571499903e-01,2.437514662742600036e-01,2.257403135299700103e-01
2.405148595571499903e-01,2.123395502567299864e-01,2.257403135299700103e-01,1.993264853954299920e-01
2.123395502567299864e-01,1.807850003242499892e-01,1.993264853954299920e-01,1.655571311712299987e-01
1.807850003242499892e-01,1.482077389955500091e-01,1.655571311712299987e-01,1.297355741262400108e-01
1.482077389955500091e-01,1.150209009647400055e-01,1.297355741262400108e-01,9.319020062685000327e-02
1.150209009647400055e-01,8.119882643222800511e-02,9.319020062685000327e-02,5.613492056727400342e-02
8.119882643222800511e-02,4.671449586749099742e-02,5.613492056727400342e-02,1.855077408254100085e-02
4.671449586749099742e-02,1.136937644332599966e-02,1.855077408254100085e-02,-1.967373304068999879e-02
1.136937644332599966e-02,-2.499546296894599937e-02,-1.967373304068999879e-02,-5.865287035703699997e-02
-2.499546296894599937e-02,-6.255075335502599532e-02,-5.865287035703699997e-02,-9.850775450468099437e-02
-6.255075335502599532e-02,-1.015260070562400002e-01,-9.850775450468099437e-02,-1.393753886222799943e-01
-1.015260070562400002e-01,-1.421657800674399896e-01,-1.393753886222799943e-01,-1.813975572586100093e-01
-1.421657800674399896e-01,-1.843940615654000026e-01,-1.813975572586100093e-01,-2.246483266353599961e-01
-1.843940615654000026e-01,-2.286510765552499935e-01,-2.246483266353599961e-01,-2.693188488483400089e-01
-2.286510765552499935e-01,-2.751562297344199992e-01,-2.693188488483400089e-01,-3.155554831028000162e-01
-2.751562297344199992e-01,-3.240445852279699723e-01,-3.155554831028000162e-01,-3.634901344776200194e-01
-3.240445852279699723e-01,-3.755580782890299840e-01,-3.634901344776200194e-01,-4.132856726646400025e-01
-3.755580782890299840e-01,-4.299838244915000218e-01,-4.132856726646400025e-01,-4.651209414005300080e-01
-4.299838244915000218e-01,-4.875437021255499825e-01,-4.651209414005300080e-01,-5.191688537597699549e-01
-4.875437021255499825e-01,-5.485333800315900232e-01,-5.191688537597699549e-01,-5.756232142448399758e-01
-5.485333800315900232e-01,-6.133411526680000447e-01,-5.756232142448399758e-01,-6.346873044967700217e-01
-6.133411526680000447e-01,-6.824861764907800277e-01,-6.346873044967700217e-01,-6.965466141700700220e-01
-6.824861764907800277e-01,-7.569404840469400320e-01,-6.965466141700700220e-01,-7.613502740859999784e-01
-7.569404840469400320e-01,-8.402796983718899826e-01,-7.613502740859999784e-01,-8.294439911842299562e-01
-8.402796983718899826e-01,-9.389160275459299543e-01,-8.294439911842299562e-01,-9.011836647987400140e-01
-9.389160275459299543e-01,-1.051956176757800066e+00,-9.011836647987400140e-01,-9.751228094100999888e-01
-1.051956176757800066e+00,-1.173495888709999990e+00,-9.751228094100999888e-01,-1.048650145530700017e+00
-1.173495888709999990e+00,-1.292674899101299957e+00,-1.048650145530700017e+00,-1.118202447891200046e+00
-1.292674899101299957e+00,-1.396792531013500094e+00,-1.118202447891200046e+00,-1.179952144622800070e+00
-1.396792531013500094e+00,-1.476537346839899900e+00,-1.179952144622800070e+00,-1.230824589729299978e+00
-1.476537346839899900e+00,-1.529124736785899996e+00,-1.230824589729299978e+00,-1.269116044044499958e+00
-1.529124736785899996e+00,-1.557493090629600063e+00,-1.269116044044499958e+00,-1.293758869171099946e+00
-1.557493090629600063e+00,-1.565129280090300057e+00,-1.293758869171099946e+00,-1.301447629928599969e+00
-1.565129280090300057e+00,-1.557493209838900050e+00,-1.301447629928599969e+00,-1.293758988380399932e+00
-1.557493209838900050e+00,-1.529125094413799957e+00,-1.293758988380399932e+00,-1.269116282463099932e+00
-1.529125094413799957e+00,-1.476537704467800083e+00,-1.269116282463099932e+00,-1.230824947357199939e+00
-1.476537704467800083e+00,-1.396793007850599899e+00,-1.230824947357199939e+00,-1.179952502250700030e+00
-1.396793007850599899e+00,-1.292675375938399984e+00,-1.179952502250700030e+00,-1.118202805519100007e+00
-1.292675375938399984e+00,-1.173496484756499925e+00,-1.118202805519100007e+00,-1.048650622367899965e+00
-1.173496484756499925e+00,-1.051956772804300000e+00,-1.048650622367899965e+00,-9.751231670379599814e-01
-1.051956772804300000e+00,-9.389164447784400513e-01,-9.751231670379599814e-01,-9.011840224266099986e-01
-9.389164447784400513e-01,-8.402801156043999686e-01,-9.011840224266099986e-01,-8.294443488121000518e-01
-8.402801156043999686e-01,-7.569408416748000246e-01,-8.294443488121000518e-01,-7.613505721092199696e-01
-7.569408416748000246e-01,-6.824865937233000057e-01,-7.613505721092199696e-01,-6.965468525886500117e-01
-6.824865937233000057e-01,-6.133415102958700293e-01,-6.965468525886500117e-01,-6.346876025199900129e-01
-6.133415102958700293e-01,-5.485337376594500158e-01,-6.346876025199900129e-01,-5.756234526634199655e-01
-5.485337376594500158e-01,-4.875440299511000219e-01,-5.756234526634199655e-01,-5.191690921783399526e-01
-4.875440299511000219e-01,-4.299841225147200130e-01,-5.191690921783399526e-01,-4.651211500167800050e-01
-4.299841225147200130e-01,-3.755583167076099738e-01,-4.651211500167800050e-01,-4.132858812808999915e-01
-3.755583167076099738e-01,-3.240448236465500176e-01,-4.132858812808999915e-01,-3.634903132915500157e-01
-3.240448236465500176e-01,-2.751564383506799882e-01,-3.634903132915500157e-01,-3.155556619167300125e-01
-2.751564383506799882e-01,-2.286512851715100103e-01,-3.155556619167300125e-01,-2.693189978599500045e-01
-2.286512851715100103e-01,-1.843942552804899992e-01,-2.693189978599500045e-01,-2.246484756469699917e-01
-1.843942552804899992e-01,-1.421659588813800057e-01,-2.246484756469699917e-01,-1.813977062702200049e-01
-1.421659588813800057e-01,-1.015261560678499958e-01,-1.813977062702200049e-01,-1.393755227327299895e-01
-1.015261560678499958e-01,-6.255088746547700362e-02,-1.393755227327299895e-01,-9.850787371397000391e-02
-6.255088746547700362e-02,-2.499558217823499850e-02,-9.850787371397000391e-02,-5.865297093987500293e-02
-2.499558217823499850e-02,1.136927306652099970e-02,-5.865297093987500293e-02,-1.967382058501199876e-02
1.136927306652099970e-02,4.671440646052400086e-02,-1.967382058501199876e-02,1.855069957673500039e-02
4.671440646052400086e-02,8.119875937700299362e-02,1.855069957673500039e-02,5.613485723733899896e-02
8.119875937700299362e-02,1.150208413600899982e-01,5.613485723733899896e-02,9.319014847278600522e-02
1.150208413600899982e-01,1.482077091932300084e-01,9.319014847278600522e-02,1.297355294227600098e-01
1.482077091932300084e-01,1.807849705219299885e-01,1.297355294227600098e-01,1.655571013689000059e-01
1.807849705219299885e-01,2.123395502567299864e-01,1.655571013689000059e-01,1.993264704942699916e-01
2.123395502567299864e-01,2.405148595571499903e-01,1.993264704942699916e-01,2.257403135299700103e-01
2.405148595571499903e-01,2.659480869770100009e-01,2.257403135299700103e-01,2.437514662742600036e-01
2.659480869770100009e-01,2.899438440799699812e-01,2.437514662742600036e-01,2.588104307651499791e-01
2.899438440799699812e-01,3.151976168155700142e-01,2.588104307651499791e-01,2.753325402736699901e-01
3.151976168155700142e-01,3.425881564617199726e-01,2.753325402736699901e-01,2.946057915687599893e-01
3.425881564617199726e-01,3.725808262824999995e-01,2.946057915687599893e-01,3.174640238285100224e-01
3.725808262824999995e-01,4.055829048156699979e-01,3.174640238285100224e-01,3.447400927543600169e-01
4.055829048156699979e-01,4.420115947723399774e-01,3.447400927543600169e-01,3.773673474788700188e-01
4.420115947723399774e-01,4.823081791400899987e-01,3.773673474788700188e-01,4.163886308670000092e-01
4.823081791400899987e-01,5.269442200660700015e-01,4.163886308670000092e-01,4.629193842411000182e-01
5.269442200660700015e-01,5.764330625534099806e-01,4.629193842411000182e-01,5.180734992027300478e-01
5.764330625534099806e-01,6.405929327011099517e-01,5.180734992027300478e-01,5.917305350303599942e-01
6.405929327011099517e-01,7.473835945129400082e-01,5.917305350303599942e-01,7.109643220901500360e-01
7.473835945129400082e-01,9.164940714836099511e-01,7.109643220901500360e-01,8.935562372207600523e-01
9.164940714836099511e-01,1.163348197936999950e+00,8.935562372207600523e-01,1.151728987693799944e+00
1.163348197936999950e+00,1.481180071830699996e+00,1.151728987693799944e+00,1.476862907409699943e+00
1.481180071830699996e+00,1.828799962997400108e+00,1.476862907409699943e+00,1.828799962997400108e+00
1.828799962997400108e+00,1.483566284179699934e+00,1.828799962997400108e+00,1.481180071830699996e+00
1.483566284179699934e+00,1.168982625007600085e+00,1.481180071830699996e+00,1.163348197936999950e+00
1.168982625007600085e+00,9.278029799461400273e-01,1.163348197936999950e+00,9.164940714836099511e-01
9.278029799461400273e-01,7.662526369094799783e-01,9.164940714836099511e-01,7.473835945129400082e-01
7.662526369094799783e-01,6.675937771797200160e-01,7.473835945129400082e-01,6.405929327011099517e-01
6.675937771797200160e-01,6.107066869735700010e-01,6.405929327011099517e-01,5.764330625534099806e-01
6.107066869735700010e-01,5.665932893753099497e-01,5.764330625534099806e-01,5.269442200660700015e-01
5.665932893753099497e-01,5.253456234931900282e-01,5.269442200660700015e-01,4.823081791400899987e-01
5.253456234931900282e-01,4.865821003913899934e-01,4.823081791400899987e-01,4.420115947723399774e-01
4.865821003913899934e-01,4.499442577362099960e-01,4.420115947723399774e-01,4.055829048156699979e-01
4.499442577362099960e-01,4.150931537151300033e-01,4.055829048156699979e-01,3.725808262824999995e-01
4.150931537151300033e-01,3.817064464092300158e-01,3.725808262824999995e-01,3.425881564617199726e-01
3.817064464092300158e-01,3.494753241538999800e-01,3.425881564617199726e-01,3.151976168155700142e-01
3.494753241538999800e-01,3.181016743183099904e-01,3.151976168155700142e-01,2.899438440799699812e-01
3.181016743183099904e-01,2.872953116893799952e-01,2.899438440799699812e-01,2.659480869770100009e-01
2.872953116893799952e-01,2.567712962627399786e-01,2.659480869770100009e-01,2.405148595571499903e-01
2.567712962627399786e-01,2.262864112854000020e-01,2.405148595571499903e-01,2.123395502567299864e-01
2.262864112854000020e-01,1.955912411212900048e-01,2.123395502567299864e-01,1.807850003242499892e-01
1.955912411212900048e-01,1.644811779260600126e-01,1.807850003242499892e-01,1.482077389955500091e-01
1.644811779260600126e-01,1.327501088380799998e-01,1.482077389955500091e-01,1.150209009647400055e-01
1.327501088380799998e-01,1.001888066530200044e-01,1.150209009647400055e-01,8.119882643222800511e-02
1.001888066530200044e-01,6.658352166414299722e-02,8.119882643222800511e-02,4.671449586749099742e-02
6.658352166414299722e-02,3.171450272202500087e-02,4.671449586749099742e-02,1.136937644332599966e-02
3.171450272202500087e-02,-4.643980413675300421e-03,1.136937644332599966e-02,-2.499546296894599937e-02
-4.643980413675300421e-03,-4.272085800766899782e-02,-2.499546296894599937e-02,-6.255075335502599532e-02
-4.272085800766899782e-02,-8.275504410266899813e-02,-6.255075335502599532e-02,-1.015260070562400002e-01
-8.275504410266899813e-02,-1.249917224049599956e-01,-1.015260070562400002e-01,-1.421657800674399896e-01
-1.249917224049599956e-01,-1.696835011243799929e-01,-1.421657800674399896e-01,-1.843940615654000026e-01
-1.696835011243799929e-01,-2.170624881982800014e-01,-1.843940615654000026e-01,-2.286510765552499935e-01
-2.170624881982800014e-01,-2.674143910408000036e-01,-2.286510765552499935e-01,-2.751562297344199992e-01
-2.674143910408000036e-01,-3.209595680236799753e-01,-2.751562297344199992e-01,-3.240445852279699723e-01
-3.209595680236799753e-01,-3.779827952384899881e-01,-3.240445852279699723e-01,-3.755580782890299840e-01
-3.779827952384899881e-01,-4.387231171131100171e-01,-3.755580782890299840e-01,-4.299838244915000218e-01
-4.387231171131100171e-01,-5.033843517303500104e-01,-4.299838244915000218e-01,-4.875437021255499825e-01
-5.033843517303500104e-01,-5.721930265426600215e-01,-4.875437021255499825e-01,-5.485333800315900232e-01
-5.721930265426600215e-01,-6.452913284301800001e-01,-5.485333800315900232e-01,-6.133411526680000447e-01
-6.452913284301800001e-01,-7.228026390075700247e-01,-6.133411526680000447e-01,-6.824861764907800277e-01
-7.228026390075700247e-01,-8.048273921012899512e-01,-6.824861764907800277e-01,-7.569404840469400320e-01
-8.048273921012899512e-01,-8.979455232620200400e-01,-7.569404840469400320e-01,-8.402796983718899826e-01
-8.979455232620200400e-01,-1.019248247146600006e+00,-8.402796983718899826e-01,-9.389160275459299543e-01
-1.019248247146600006e+00,-1.167615771293599947e+00,-9.389160275459299543e-01,-1.051956176757800066e+00
-1.167615771293599947e+00,-1.334101557731599996e+00,-1.051956176757800066e+00,-1.173495888709999990e+00
-1.334101557731599996e+00,-1.501136183738700058e+00,-1.173495888709999990e+00,-1.292674899101299957e+00
-1.501136183738700058e+00,-1.647323369979899921e+00,-1.292674899101299957e+00,-1.396792531013500094e+00
-1.647323369979899921e+00,-1.755810499191299945e+00,-1.396792531013500094e+00,-1.476537346839899900e+00
-1.755810499191299945e+00,-1.821434974670399942e+00,-1.476537346839899900e+00,-1.529124736785899996e+00
-1.821434974670399942e+00,-1.851761937141400027e+00,-1.529124736785899996e+00,-1.557493090629600063e+00
-1.851761937141400027e+00,-1.859270811080899977e+00,-1.557493090629600063e+00,-1.565129280090300057e+00
-1.859270811080899977e+00,-1.851762056350700014e+00,-1.565129280090300057e+00,-1.557493209838900050e+00
-1.851762056350700014e+00,-1.821435332298299903e+00,-1.557493209838900050e+00,-1.529125094413799957e+00
-1.821435332298299903e+00,-1.755810976028399972e+00,-1.529125094413799957e+00,-1.476537704467800083e+00
-1.755810976028399972e+00,-1.647323966026299935e+00,-1.476537704467800083e+00,-1.396793007850599899e+00
-1.647323966026299935e+00,-1.501136898994400060e+00,-1.396793007850599899e+00,-1.292675375938399984e+00
-1.501136898994400060e+00,-1.334102153778099931e+00,-1.292675375938399984e+00,-1.173496484756499925e+00
-1.334102153778099931e+00,-1.167616367340100103e+00,-1.173496484756499925e+00,-1.051956772804300000e+00
-1.167616367340100103e+00,-1.019248843193099940e+00,-1.051956772804300000e+00,-9.389164447784400513e-01
-1.019248843193099940e+00,-8.979460597038300129e-01,-9.389164447784400513e-01,-8.402801156043999686e-01
-8.979460597038300129e-01,-8.048278689384500417e-01,-8.402801156043999686e-01,-7.569408416748000246e-01
-8.048278689384500417e-01,-7.228031158447300042e-01,-7.569408416748000246e-01,-6.824865937233000057e-01
-7.228031158447300042e-01,-6.452918052673299876e-01,-6.824865937233000057e-01,-6.133415102958700293e-01
-6.452918052673299876e-01,-5.721934437751799996e-01,-6.133415102958700293e-01,-5.485337376594500158e-01
-5.721934437751799996e-01,-5.033847093582199950e-01,-5.485337376594500158e-01,-4.875440299511000219e-01
-5.033847093582199950e-01,-4.387235045433000025e-01,-4.875440299511000219e-01,-4.299841225147200130e-01
-4.387235045433000025e-01,-3.779831230640400275e-01,-4.299841225147200130e-01,-3.755583167076099738e-01
-3.779831230640400275e-01,-3.209598660469100140e-01,-3.755583167076099738e-01,-3.240448236465500176e-01
-3.209598660469100140e-01,-2.674146890640299867e-01,-3.240448236465500176e-01,-2.751564383506799882e-01
-2.674146890640299867e-01,-2.170627415180199915e-01,-2.751564383506799882e-01,-2.286512851715100103e-01
-2.170627415180199915e-01,-1.696837246418000100e-01,-2.286512851715100103e-01,-1.843942552804899992e-01
-1.696837246418000100e-01,-1.249919310212100065e-01,-1.843942552804899992e-01,-1.421659588813800057e-01
-1.249919310212100065e-01,-8.275522291660300511e-02,-1.421659588813800057e-01,-1.015261560678499958e-01
-8.275522291660300511e-02,-4.272101819515199822e-02,-1.015261560678499958e-01,-6.255088746547700362e-02
-4.272101819515199822e-02,-4.644120112061499682e-03,-6.255088746547700362e-02,-2.499558217823499850e-02
-4.644120112061499682e-03,3.171438351273499906e-02,-2.499558217823499850e-02,1.136927306652099970e-02
3.171438351273499906e-02,6.658342480659500129e-02,1.136927306652099970e-02,4.671440646052400086e-02
6.658342480659500129e-02,1.001887246966400025e-01,4.671440646052400086e-02,8.119875937700299362e-02
1.001887246966400025e-01,1.327500492334399984e-01,8.119875937700299362e-02,1.150208413600899982e-01
1.327500492334399984e-01,1.644811332225800116e-01,1.150208413600899982e-01,1.482077091932300084e-01
1.644811332225800116e-01,1.955912113189700041e-01,1.482077091932300084e-01,1.807849705219299885e-01
1.955912113189700041e-01,2.262863963842400017e-01,1.807849705219299885e-01,2.123395502567299864e-01
2.262863963842400017e-01,2.567712962627399786e-01,2.123395502567299864e-01,2.405148595571499903e-01
2.567712962627399786e-01,2.872953116893799952e-01,2.405148595571499903e-01,2.659480869770100009e-01
2.872953116893799952e-01,3.181016743183099904e-01,2.659480869770100009e-01,2.899438440799699812e-01
3.181016743183099904e-01,3.494753241538999800e-01,2.899438440799699812e-01,3.151976168155700142e-01
3.494753241538999800e-01,3.817064464092300158e-01,3.151976168155700142e-01,3.425881564617199726e-01
3.817064464092300158e-01,4.150931537151300033e-01,3.425881564617199726e-01,3.725808262824999995e-01
4.150931537151300033e-01,4.499442577362099960e-01,3.725808262824999995e-01,4.055829048156699979e-01
4.499442577362099960e-01,4.865821003913899934e-01,4.055829048156699979e-01,4.420115947723399774e-01
4.865821003913899934e-01,5.253456234931900282e-01,4.420115947723399774e-01,4.823081791400899987e-01
5.253456234931900282e-01,5.665932893753099497e-01,4.823081791400899987e-01,5.269442200660700015e-01
5.665932893753099497e-01,6.107066869735700010e-01,5.269442200660700015e-01,5.764330625534099806e-01
6.107066869735700010e-01,6.675937771797200160e-01,5.764330625534099806e-01,6.405929327011099517e-01
6.675937771797200160e-01,7.662526369094799783e-01,6.405929327011099517e-01,7.473835945129400082e-01
7.662526369094799783e-01,9.278029799461400273e-01,7.473835945129400082e-01,9.164940714836099511e-01
9.278029799461400273e-01,1.168982625007600085e+00,9.164940714836099511e-01,1.163348197936999950e+00
1.168982625007600085e+00,1.483566284179699934e+00,1.163348197936999950e+00,1.481180071830699996e+00
1.483566284179699934e+00,1.828799962997400108e+00,1.481180071830699996e+00,1.828799962997400108e+00
