-3.512628318276300233e-04,-3.523222403600800032e-04,0.000000000000000000e+00,0.000000000000000000e+00
-3.523222403600800032e-04,-3.527530061546700103e-04,0.000000000000000000e+00,0.000000000000000000e+00
-3.527530061546700103e-04,-3.528719535097499878e-04,0.000000000000000000e+00,0.000000000000000000e+00
-3.528719535097499878e-04,-3.528994566295299748e-04,0.000000000000000000e+00,0.000000000000000000e+00
-3.528994566295299748e-04,-3.528931119944899732e-04,0.000000000000000000e+00,0.000000000000000000e+00
-3.528931119944899732e-04,-3.528485540300600092e-04,0.000000000000000000e+00,0.000000000000000000e+00
-3.528485540300600092e-04,-3.527688386384399914e-04,0.000000000000000000e+00,0.000000000000000000e+00
-3.527688386384399914e-04,-3.526560321915900168e-04,0.000000000000000000e+00,0.000000000000000000e+00
-3.526560321915900168e-04,-3.524987550917999847e-04,0.000000000000000000e+00,0.000000000000000000e+00
-3.524987550917999847e-04,-3.522586193867000112e-04,0.000000000000000000e+00,0.000000000000000000e+00
-3.522586193867000112e-04,-3.518611483741599885e-04,0.000000000000000000e+00,0.000000000000000000e+00
-3.518611483741599885e-04,-3.511847171466799759e-04,0.000000000000000000e+00,0.000000000000000000e+00
-3.511847171466799759e-04,-3.499771701172000172e-04,0.000000000000000000e+00,0.000000000000000000e+00
-3.499771701172000172e-04,-3.476900747045900074e-04,0.000000000000000000e+00,0.000000000000000000e+00
-3.476900747045900074e-04,-3.438410931266799820e-04,0.000000000000000000e+00,0.000000000000000000e+00
-3.438410931266799820e-04,-3.511833201628200042e-04,0.000000000000000000e+00,0.000000000000000000e+00
-3.511833201628200042e-04,-3.943200572393799896e-04,0.000000000000000000e+00,-4.313672980060800232e-05
-3.943200572393799896e-04,-4.721692239399999922e-04,-4.313672980060800232e-05,-1.209859037771800016e-04
-4.721692239399999922e-04,-5.743781803175800494e-04,-1.209859037771800016e-04,-2.231948456028499939e-04
-5.743781803175800494e-04,-7.773381075821799574e-04,-2.231948456028499939e-04,-4.261548165231899762e-04
-7.773381075821799574e-04,-1.164966495707600103e-03,-4.261548165231899762e-04,-8.142695878632400268e-04
-1.164966495707600103e-03,-1.575632137246399996e-03,-8.142695878632400268e-04,-1.225247746333500047e-03
-1.575632137246399996e-03,-1.987767172977300111e-03,-1.225247746333500047e-03,-1.637646579183599932e-03
-1.987767172977300111e-03,-2.410498680546900151e-03,-1.637646579183599932e-03,-2.060656202956999850e-03
-2.410498680546900151e-03,-2.835819497704499849e-03,-2.060656202956999850e-03,-2.486180281266600015e-03
-2.835819497704499849e-03,-3.253023838624399811e-03,-2.486180281266600015e-03,-2.903537126258000020e-03
-3.253023838624399811e-03,-3.648136742413000174e-03,-2.903537126258000020e-03,-3.298727795481700038e-03
-3.648136742413000174e-03,-4.007813520729500145e-03,-3.298727795481700038e-03,-3.658419707790000214e-03
-4.007813520729500145e-03,-4.322908353060500412e-03,-3.658419707790000214e-03,-3.973469603806700258e-03
-4.322908353060500412e-03,-4.585410468280299787e-03,-3.973469603806700258e-03,-4.235935863107400355e-03
-4.585410468280299787e-03,-4.781445022672400035e-03,-4.235935863107400355e-03,-4.431890323758100152e-03
-4.781445022672400035e-03,-4.898372571915400250e-03,-4.431890323758100152e-03,-4.548781551420699905e-03
-4.898372571915400250e-03,-4.916867706924700314e-03,-4.548781551420699905e-03,-4.567111376672999649e-03
-4.916867706924700314e-03,-4.849002230912400138e-03,-4.567111376672999649e-03,-4.499111324548699629e-03
-4.849002230912400138e-03,-4.709860309958499580e-03,-4.499111324548699629e-03,-4.359862301498700077e-03
-4.709860309958499580e-03,-4.502327647060200104e-03,-4.359862301498700077e-03,-4.152263514697600300e-03
-4.502327647060200104e-03,-4.223092924803499744e-03,-4.152263514697600300e-03,-3.873003879561999919e-03
-4.223092924803499744e-03,-3.865848295390599855e-03,-3.873003879561999919e-03,-3.515778109431300178e-03
-3.865848295390599855e-03,-3.420595545321699921e-03,-3.515778109431300178e-03,-3.070793114602600026e-03
-3.420595545321699921e-03,-2.853509038686800024e-03,-3.070793114602600026e-03,-2.503873780369799806e-03
-2.853509038686800024e-03,-2.284533111378599969e-03,-2.503873780369799806e-03,-1.925065880641300010e-03
-2.284533111378599969e-03,-1.889546634629400007e-03,-1.925065880641300010e-03,-1.514557050540999913e-03
-1.889546634629400007e-03,-1.589379273355000016e-03,-1.514557050540999913e-03,-1.195100601762500011e-03
-1.589379273355000016e-03,-1.335262320935699928e-03,-1.195100601762500011e-03,-9.254127508029300498e-04
-1.335262320935699928e-03,-1.076821936294400026e-03,-9.254127508029300498e-04,-6.770413601771000300e-04
-1.076821936294400026e-03,-7.699054549448199709e-04,-6.770413601771000300e-04,-4.346930072642900202e-04
-7.699054549448199709e-04,-4.027776594739400254e-04,-4.346930072642900202e-04,-2.013068442465700057e-04
-4.027776594739400254e-04,3.245127257189800120e-12,-2.013068442465700057e-04,0.000000000000000000e+00
3.245127257189800120e-12,4.027776594739400254e-04,0.000000000000000000e+00,2.013068442465700057e-04
4.027776594739400254e-04,7.699054549448199709e-04,2.013068442465700057e-04,4.346930072642900202e-04
7.699054549448199709e-04,1.076821936294400026e-03,4.346930072642900202e-04,6.770413601771000300e-04
1.076821936294400026e-03,1.335263019427700062e-03,6.770413601771000300e-04,9.254135075025299480e-04
1.335263019427700062e-03,1.589379622600999974e-03,9.254135075025299480e-04,1.195100834593200044e-03
1.589379622600999974e-03,1.889546867460000076e-03,1.195100834593200044e-03,1.514557166956400020e-03
1.889546867460000076e-03,2.284533111378599969e-03,1.514557166956400020e-03,1.925065997056699899e-03
2.284533111378599969e-03,2.853509038686800024e-03,1.925065997056699899e-03,2.503874013200400091e-03
2.853509038686800024e-03,3.420595545321699921e-03,2.503874013200400091e-03,3.070793114602600026e-03
3.420595545321699921e-03,3.865848295390599855e-03,3.070793114602600026e-03,3.515778109431300178e-03
3.865848295390599855e-03,4.223092924803499744e-03,3.515778109431300178e-03,3.873003879561999919e-03
4.223092924803499744e-03,4.502327647060200104e-03,3.873003879561999919e-03,4.152263514697600300e-03
4.502327647060200104e-03,4.709860309958499580e-03,4.152263514697600300e-03,4.359862301498700077e-03
4.709860309958499580e-03,4.849002230912400138e-03,4.359862301498700077e-03,4.499111324548699629e-03
4.849002230912400138e-03,4.916867706924700314e-03,4.499111324548699629e-03,4.567111376672999649e-03
4.916867706924700314e-03,4.898372571915400250e-03,4.567111376672999649e-03,4.548781551420699905e-03
4.898372571915400250e-03,4.781445022672400035e-03,4.548781551420699905e-03,4.431890323758100152e-03
4.781445022672400035e-03,4.585410468280299787e-03,4.431890323758100152e-03,4.235935863107400355e-03
4.585410468280299787e-03,4.322908353060500412e-03,4.235935863107400355e-03,3.973469603806700258e-03
4.322908353060500412e-03,4.007813520729500145e-03,3.973469603806700258e-03,3.658419707790000214e-03
4.007813520729500145e-03,3.648136742413000174e-03,3.658419707790000214e-03,3.298727795481700038e-03
3.648136742413000174e-03,3.253023838624399811e-03,3.298727795481700038e-03,2.903537126258000020e-03
3.253023838624399811e-03,2.835819497704499849e-03,2.903537126258000020e-03,2.486180281266600015e-03
2.835819497704499849e-03,2.410498680546900151e-03,2.486180281266600015e-03,2.060656202956999850e-03
2.410498680546900151e-03,1.987767172977300111e-03,2.060656202956999850e-03,1.637646579183599932e-03
1.987767172977300111e-03,1.575632137246399996e-03,1.637646579183599932e-03,1.225247746333500047e-03
1.575632137246399996e-03,1.164966379292299960e-03,1.225247746333500047e-03,8.142695878632400268e-04
1.164966379292299960e-03,7.773381075821799574e-04,8.142695878632400268e-04,4.261548165231899762e-04
7.773381075821799574e-04,5.743781803175800494e-04,4.261548165231899762e-04,2.231948310509299950e-04
5.743781803175800494e-04,4.721692239399999922e-04,2.231948310509299950e-04,1.209859037771800016e-04
4.721692239399999922e-04,3.943200572393799896e-04,1.209859037771800016e-04,4.313672980060800232e-05
3.943200572393799896e-04,3.511833201628200042e-04,4.313672980060800232e-05,0.000000000000000000e+00
3.511833201628200042e-04,3.438410931266799820e-04,0.000000000000000000e+00,0.000000000000000000e+00
3.438410931266799820e-04,3.476900747045900074e-04,0.000000000000000000e+00,0.000000000000000000e+00
3.476900747045900074e-04,3.499771701172000172e-04,0.000000000000000000e+00,0.000000000000000000e+00
3.499771701172000172e-04,3.511847171466799759e-04,0.000000000000000000e+00,0.000000000000000000e+00
3.511847171466799759e-04,3.518611483741599885e-04,0.000000000000000000e+00,0.000000000000000000e+00
3.518611483741599885e-04,3.522586193867000112e-04,0.000000000000000000e+00,0.000000000000000000e+00
3.522586193867000112e-04,3.524987550917999847e-04,0.000000000000000000e+00,0.000000000000000000e+00
3.524987550917999847e-04,3.526560321915900168e-04,0.000000000000000000e+00,0.000000000000000000e+00
3.526560321915900168e-04,3.527688386384399914e-04,0.000000000000000000e+00,0.000000000000000000e+00
3.527688386384399914e-04,3.528485540300600092e-04,0.000000000000000000e+00,0.000000000000000000e+00
3.528485540300600092e-04,3.528931119944899732e-04,0.000000000000000000e+00,0.000000000000000000e+00
3.528931119944899732e-04,3.528994566295299748e-04,0.000000000000000000e+00,0.000000000000000000e+00
3.528994566295299748e-04,3.528719535097499878e-04,0.000000000000000000e+00,0.000000000000000000e+00
3.528719535097499878e-04,3.527530061546700103e-04,0.000000000000000000e+00,0.000000000000000000e+00
3.527530061546700103e-04,3.523222403600800032e-04,0.000000000000000000e+00,0.000000000000000000e+00
3.523222403600800032e-04,3.512628318276300233e-04,0.000000000000000000e+00,0.000000000000000000e+00
-8.631123346276599719e-04,-8.668921072967400356e-04,-3.512628318276300233e-04,-3.523222403600800032e-04
-8.668921072967400356e-04,-8.685967768542499990e-04,-3.523222403600800032e-04,-3.527530061546700103e-04
-8.685967768542499990e-04,-8.689771639183200506e-04,-3.527530061546700103e-04,-3.528719535097499878e-04
-8.689771639183200506e-04,-8.689833921380299853e-04,-3.528719535097499878e-04,-3.528994566295299748e-04
-8.689833921380299853e-04,-8.688498055562399744e-04,-3.528994566295299748e-04,-3.528931119944899732e-04
-8.688498055562399744e-04,-8.686006185598699626e-04,-3.528931119944899732e-04,-3.528485540300600092e-04
-8.686006185598699626e-04,-8.682379266247199903e-04,-3.528485540300600092e-04,-3.527688386384399914e-04
-8.682379266247199903e-04,-8.677539299242199551e-04,-3.527688386384399914e-04,-3.526560321915900168e-04
-8.677539299242199551e-04,-8.670975803397600219e-04,-3.526560321915900168e-04,-3.524987550917999847e-04
-8.670975803397600219e-04,-8.661129977554100218e-04,-3.524987550917999847e-04,-3.522586193867000112e-04
-8.661129977554100218e-04,-8.645125781185900070e-04,-3.522586193867000112e-04,-3.518611483741599885e-04
-8.645125781185900070e-04,-8.618828142061800293e-04,-3.518611483741599885e-04,-3.511847171466799759e-04
-8.618828142061800293e-04,-8.575838874094200140e-04,-3.511847171466799759e-04,-3.499771701172000172e-04
-8.575838874094200140e-04,-8.510848274454500470e-04,-3.499771701172000172e-04,-3.476900747045900074e-04
-8.510848274454500470e-04,-8.458201191388099857e-04,-3.476900747045900074e-04,-3.438410931266799820e-04
-8.458201191388099857e-04,-8.629127987660500151e-04,-3.438410931266799820e-04,-3.511833201628200042e-04
-8.629127987660500151e-04,-9.060495649464400236e-04,-3.511833201628200042e-04,-3.943200572393799896e-04
-9.060495649464400236e-04,-9.838987607508899950e-04,-3.943200572393799896e-04,-4.721692239399999922e-04
-9.838987607508899950e-04,-1.086107688024599968e-03,-4.721692239399999922e-04,-5.743781803175800494e-04
-1.086107688024599968e-03,-1.289067673496900037e-03,-5.743781803175800494e-04,-7.773381075821799574e-04
-1.289067673496900037e-03,-1.675271312706200005e-03,-7.773381075821799574e-04,-1.164966495707600103e-03
-1.675271312706200005e-03,-2.084612846374500009e-03,-1.164966495707600103e-03,-1.575632137246399996e-03
-2.084612846374500009e-03,-2.495773602277000149e-03,-1.575632137246399996e-03,-1.987767172977300111e-03
-2.495773602277000149e-03,-2.917484845966099825e-03,-1.987767172977300111e-03,-2.410498680546900151e-03
-2.917484845966099825e-03,-3.341978415846799926e-03,-2.410498680546900151e-03,-2.835819497704499849e-03
-3.341978415846799926e-03,-3.758497536182400095e-03,-2.835819497704499849e-03,-3.253023838624399811e-03
-3.758497536182400095e-03,-4.153120331466199702e-03,-3.253023838624399811e-03,-3.648136742413000174e-03
-4.153120331466199702e-03,-4.512513056397399885e-03,-3.648136742413000174e-03,-4.007813520729500145e-03
-4.512513056397399885e-03,-4.827515222132199892e-03,-4.007813520729500145e-03,-4.322908353060500412e-03
-4.827515222132199892e-03,-5.089936312287999913e-03,-4.322908353060500412e-03,-4.585410468280299787e-03
-5.089936312287999913e-03,-5.286058411002199885e-03,-4.585410468280299787e-03,-4.781445022672400035e-03
-5.286058411002199885e-03,-5.403008777648200117e-03,-4.781445022672400035e-03,-4.898372571915400250e-03
-5.403008777648200117e-03,-5.422045476734600050e-03,-4.898372571915400250e-03,-4.916867706924700314e-03
-5.422045476734600050e-03,-5.354750435799400174e-03,-4.916867706924700314e-03,-4.849002230912400138e-03
-5.354750435799400174e-03,-5.216155201196700023e-03,-4.849002230912400138e-03,-4.709860309958499580e-03
-5.216155201196700023e-03,-5.009141750633700103e-03,-4.709860309958499580e-03,-4.502327647060200104e-03
-5.009141750633700103e-03,-4.730424378067300123e-03,-4.502327647060200104e-03,-4.223092924803499744e-03
-4.730424378067300123e-03,-4.373716190457299820e-03,-4.223092924803499744e-03,-3.865848295390599855e-03
-4.373716190457299820e-03,-3.928496036678600332e-03,-3.865848295390599855e-03,-3.420595545321699921e-03
-3.928496036678600332e-03,-3.364701522514200200e-03,-3.420595545321699921e-03,-2.853509038686800024e-03
-3.364701522514200200e-03,-2.833562437444900155e-03,-2.853509038686800024e-03,-2.284533111378599969e-03
-2.833562437444900155e-03,-2.503839554265099854e-03,-2.284533111378599969e-03,-1.889546634629400007e-03
-2.503839554265099854e-03,-2.279384760186100017e-03,-1.889546634629400007e-03,-1.589379273355000016e-03
-2.279384760186100017e-03,-2.058120444416999817e-03,-1.589379273355000016e-03,-1.335262320935699928e-03
-2.058120444416999817e-03,-1.740584033541400007e-03,-1.335262320935699928e-03,-1.076821936294400026e-03
-1.740584033541400007e-03,-1.280603697523500064e-03,-1.076821936294400026e-03,-7.699054549448199709e-04
-1.280603697523500064e-03,-6.836862303316599675e-04,-7.699054549448199709e-04,-4.027776594739400254e-04
-6.836862303316599675e-04,6.153155762689299944e-11,-4.027776594739400254e-04,3.245127257189800120e-12
6.153155762689299944e-11,6.836863467469799513e-04,3.245127257189800120e-12,4.027776594739400254e-04
6.836863467469799513e-04,1.280603813938799990e-03,4.027776594739400254e-04,7.699054549448199709e-04
1.280603813938799990e-03,1.740584266372000076e-03,7.699054549448199709e-04,1.076821936294400026e-03
1.740584266372000076e-03,2.058121142908899987e-03,1.076821936294400026e-03,1.335263019427700062e-03
2.058121142908899987e-03,2.279385225847399901e-03,1.335263019427700062e-03,1.589379622600999974e-03
2.279385225847399901e-03,2.503839787095799886e-03,1.589379622600999974e-03,1.889546867460000076e-03
2.503839787095799886e-03,2.833562670275600187e-03,1.889546867460000076e-03,2.284533111378599969e-03
2.833562670275600187e-03,3.364701522514200200e-03,2.284533111378599969e-03,2.853509038686800024e-03
3.364701522514200200e-03,3.928496036678600332e-03,2.853509038686800024e-03,3.420595545321699921e-03
3.928496036678600332e-03,4.373716190457299820e-03,3.420595545321699921e-03,3.865848295390599855e-03
4.373716190457299820e-03,4.730424843728499827e-03,3.865848295390599855e-03,4.223092924803499744e-03
4.730424843728499827e-03,5.009141750633700103e-03,4.223092924803499744e-03,4.502327647060200104e-03
5.009141750633700103e-03,5.216155201196700023e-03,4.502327647060200104e-03,4.709860309958499580e-03
5.216155201196700023e-03,5.354750435799400174e-03,4.709860309958499580e-03,4.849002230912400138e-03
5.354750435799400174e-03,5.422045476734600050e-03,4.849002230912400138e-03,4.916867706924700314e-03
5.422045476734600050e-03,5.403008777648200117e-03,4.916867706924700314e-03,4.898372571915400250e-03
5.403008777648200117e-03,5.286058411002199885e-03,4.898372571915400250e-03,4.781445022672400035e-03
5.286058411002199885e-03,5.089936312287999913e-03,4.781445022672400035e-03,4.585410468280299787e-03
5.089936312287999913e-03,4.827515222132199892e-03,4.585410468280299787e-03,4.322908353060500412e-03
4.827515222132199892e-03,4.512513056397399885e-03,4.322908353060500412e-03,4.007813520729500145e-03
4.512513056397399885e-03,4.153120331466199702e-03,4.007813520729500145e-03,3.648136742413000174e-03
4.153120331466199702e-03,3.758497303351799809e-03,3.648136742413000174e-03,3.253023838624399811e-03
3.758497303351799809e-03,3.341978183016200074e-03,3.253023838624399811e-03,2.835819497704499849e-03
3.341978183016200074e-03,2.917484845966099825e-03,2.835819497704499849e-03,2.410498680546900151e-03
2.917484845966099825e-03,2.495773602277000149e-03,2.410498680546900151e-03,1.987767172977300111e-03
2.495773602277000149e-03,2.084612846374500009e-03,1.987767172977300111e-03,1.575632137246399996e-03
2.084612846374500009e-03,1.675271312706200005e-03,1.575632137246399996e-03,1.164966379292299960e-03
1.675271312706200005e-03,1.289067673496900037e-03,1.164966379292299960e-03,7.773381075821799574e-04
1.289067673496900037e-03,1.086107688024599968e-03,7.773381075821799574e-04,5.743781803175800494e-04
1.086107688024599968e-03,9.838987607508899950e-04,5.743781803175800494e-04,4.721692239399999922e-04
9.838987607508899950e-04,9.060495649464400236e-04,4.721692239399999922e-04,3.943200572393799896e-04
9.060495649464400236e-04,8.629127987660500151e-04,3.943200572393799896e-04,3.511833201628200042e-04
8.629127987660500151e-04,8.458201191388099857e-04,3.511833201628200042e-04,3.438410931266799820e-04
8.458201191388099857e-04,8.510848274454500470e-04,3.438410931266799820e-04,3.476900747045900074e-04
8.510848274454500470e-04,8.575838874094200140e-04,3.476900747045900074e-04,3.499771701172000172e-04
8.575838874094200140e-04,8.618828142061800293e-04,3.499771701172000172e-04,3.511847171466799759e-04
8.618828142061800293e-04,8.645125781185900070e-04,3.511847171466799759e-04,3.518611483741599885e-04
8.645125781185900070e-04,8.661129977554100218e-04,3.518611483741599885e-04,3.522586193867000112e-04
8.661129977554100218e-04,8.670975803397600219e-04,3.522586193867000112e-04,3.524987550917999847e-04
8.670975803397600219e-04,8.677539299242199551e-04,3.524987550917999847e-04,3.526560321915900168e-04
8.677539299242199551e-04,8.682379266247199903e-04,3.526560321915900168e-04,3.527688386384399914e-04
8.682379266247199903e-04,8.686006185598699626e-04,3.527688386384399914e-04,3.528485540300600092e-04
8.686006185598699626e-04,8.688498055562399744e-04,3.528485540300600092e-04,3.528931119944899732e-04
8.688498055562399744e-04,8.689833921380299853e-04,3.528931119944899732e-04,3.528994566295299748e-04
8.689833921380299853e-04,8.689771639183200506e-04,3.528994566295299748e-04,3.528719535097499878e-04
8.689771639183200506e-04,8.685967768542499990e-04,3.528719535097499878e-04,3.527530061546700103e-04
8.685967768542499990e-04,8.668921072967400356e-04,3.527530061546700103e-04,3.523222403600800032e-04
8.668921072967400356e-04,8.631123346276599719e-04,3.523222403600800032e-04,3.512628318276300233e-04
-1.611112267710299939e-03,-1.619020244106700009e-03,-8.631123346276599719e-04,-8.668921072967400356e-04
-1.619020244106700009e-03,-1.622565323486900102e-03,-8.668921072967400356e-04,-8.685967768542499990e-04
-1.622565323486900102e-03,-1.623306889086999910e-03,-8.685967768542499990e-04,-8.689771639183200506e-04
-1.623306889086999910e-03,-1.623252290300999977e-03,-8.689771639183200506e-04,-8.689833921380299853e-04
-1.623252290300999977e-03,-1.622893381863799948e-03,-8.689833921380299853e-04,-8.688498055562399744e-04
-1.622893381863799948e-03,-1.622300944291100088e-03,-8.688498055562399744e-04,-8.686006185598699626e-04
-1.622300944291100088e-03,-1.621473114937500067e-03,-8.686006185598699626e-04,-8.682379266247199903e-04
-1.621473114937500067e-03,-1.620383351109900031e-03,-8.682379266247199903e-04,-8.677539299242199551e-04
-1.620383351109900031e-03,-1.618917798623399932e-03,-8.677539299242199551e-04,-8.670975803397600219e-04
-1.618917798623399932e-03,-1.616739085875499920e-03,-8.670975803397600219e-04,-8.661129977554100218e-04
-1.616739085875499920e-03,-1.613251632079500076e-03,-8.661129977554100218e-04,-8.645125781185900070e-04
-1.613251632079500076e-03,-1.607728772796700005e-03,-8.645125781185900070e-04,-8.618828142061800293e-04
-1.607728772796700005e-03,-1.599540002644099989e-03,-8.618828142061800293e-04,-8.575838874094200140e-04
-1.599540002644099989e-03,-1.589981489814799908e-03,-8.575838874094200140e-04,-8.510848274454500470e-04
-1.589981489814799908e-03,-1.587725477293099909e-03,-8.510848274454500470e-04,-8.458201191388099857e-04
-1.587725477293099909e-03,-1.610729494132100018e-03,-8.458201191388099857e-04,-8.629127987660500151e-04
-1.610729494132100018e-03,-1.653866260312500001e-03,-8.629127987660500151e-04,-9.060495649464400236e-04
-1.653866260312500001e-03,-1.731715397909299901e-03,-9.060495649464400236e-04,-9.838987607508899950e-04
-1.731715397909299901e-03,-1.833924325182999899e-03,-9.838987607508899950e-04,-1.086107688024599968e-03
-1.833924325182999899e-03,-2.036884427070599895e-03,-1.086107688024599968e-03,-1.289067673496900037e-03
-2.036884427070599895e-03,-2.420027740299699956e-03,-1.289067673496900037e-03,-1.675271312706200005e-03
-2.420027740299699956e-03,-2.826001960784199889e-03,-1.675271312706200005e-03,-2.084612846374500009e-03
-2.826001960784199889e-03,-3.234892152249800069e-03,-2.084612846374500009e-03,-2.495773602277000149e-03
-3.234892152249800069e-03,-3.654182888567399957e-03,-2.495773602277000149e-03,-2.917484845966099825e-03
-3.654182888567399957e-03,-4.076642449945200135e-03,-2.917484845966099825e-03,-3.341978415846799926e-03
-4.076642449945200135e-03,-4.491445142775800023e-03,-3.341978415846799926e-03,-3.758497536182400095e-03
-4.491445142775800023e-03,-4.884772934019600277e-03,-3.758497536182400095e-03,-4.153120331466199702e-03
-4.884772934019600277e-03,-5.243354942649600288e-03,-4.153120331466199702e-03,-4.512513056397399885e-03
-5.243354942649600288e-03,-5.557957570999899795e-03,-4.512513056397399885e-03,-4.827515222132199892e-03
-5.557957570999899795e-03,-5.820049438625600133e-03,-4.827515222132199892e-03,-5.089936312287999913e-03
-5.820049438625600133e-03,-6.016229279339299629e-03,-5.089936312287999913e-03,-5.286058411002199885e-03
-6.016229279339299629e-03,-6.133157759904899614e-03,-5.286058411002199885e-03,-5.403008777648200117e-03
-6.133157759904899614e-03,-6.153423804789799785e-03,-5.403008777648200117e-03,-5.422045476734600050e-03
-6.153423804789799785e-03,-6.087549496442100361e-03,-5.422045476734600050e-03,-5.354750435799400174e-03
-6.087549496442100361e-03,-5.950320046395099829e-03,-5.354750435799400174e-03,-5.216155201196700023e-03
-5.950320046395099829e-03,-5.744681227952200264e-03,-5.216155201196700023e-03,-5.009141750633700103e-03
-5.744681227952200264e-03,-5.467416252940900112e-03,-5.009141750633700103e-03,-4.730424378067300123e-03
-5.467416252940900112e-03,-5.112269893288600223e-03,-4.730424378067300123e-03,-4.373716190457299820e-03
-5.112269893288600223e-03,-4.667629953473800310e-03,-4.373716190457299820e-03,-3.928496036678600332e-03
-4.667629953473800310e-03,-4.118338227271999864e-03,-3.928496036678600332e-03,-3.364701522514200200e-03
-4.118338227271999864e-03,-3.678884822875299904e-03,-3.364701522514200200e-03,-2.833562437444900155e-03
-3.678884822875299904e-03,-3.508790628984599994e-03,-2.833562437444900155e-03,-2.503839554265099854e-03
-3.508790628984599994e-03,-3.389434423297599860e-03,-2.503839554265099854e-03,-2.279384760186100017e-03
-3.389434423297599860e-03,-3.126796102151299835e-03,-2.279384760186100017e-03,-2.058120444416999817e-03
-3.126796102151299835e-03,-2.647567307576499836e-03,-2.058120444416999817e-03,-1.740584033541400007e-03
-2.647567307576499836e-03,-1.938261440955100058e-03,-1.740584033541400007e-03,-1.280603697523500064e-03
-1.938261440955100058e-03,-1.028821803629400081e-03,-1.280603697523500064e-03,-6.836862303316599675e-04
-1.028821803629400081e-03,2.447990421483599870e-10,-6.836862303316599675e-04,6.153155762689299944e-11
2.447990421483599870e-10,1.028822269290699965e-03,6.153155762689299944e-11,6.836863467469799513e-04
1.028822269290699965e-03,1.938261673785699911e-03,6.836863467469799513e-04,1.280603813938799990e-03
1.938261673785699911e-03,2.647567773237800154e-03,1.280603813938799990e-03,1.740584266372000076e-03
2.647567773237800154e-03,3.126796567812600153e-03,1.740584266372000076e-03,2.058121142908899987e-03
3.126796567812600153e-03,3.389435121789600210e-03,2.058121142908899987e-03,2.279385225847399901e-03
3.389435121789600210e-03,3.508791094645899878e-03,2.279385225847399901e-03,2.503839787095799886e-03
3.508791094645899878e-03,3.678885055705900190e-03,2.503839787095799886e-03,2.833562670275600187e-03
3.678885055705900190e-03,4.118338227271999864e-03,2.833562670275600187e-03,3.364701522514200200e-03
4.118338227271999864e-03,4.667629953473800310e-03,3.364701522514200200e-03,3.928496036678600332e-03
4.667629953473800310e-03,5.112269893288600223e-03,3.928496036678600332e-03,4.373716190457299820e-03
5.112269893288600223e-03,5.467416252940900112e-03,4.373716190457299820e-03,4.730424843728499827e-03
5.467416252940900112e-03,5.744681227952200264e-03,4.730424843728499827e-03,5.009141750633700103e-03
5.744681227952200264e-03,5.950320046395099829e-03,5.009141750633700103e-03,5.216155201196700023e-03
5.950320046395099829e-03,6.087549496442100361e-03,5.216155201196700023e-03,5.354750435799400174e-03
6.087549496442100361e-03,6.153423804789799785e-03,5.354750435799400174e-03,5.422045476734600050e-03
6.153423804789799785e-03,6.133157759904899614e-03,5.422045476734600050e-03,5.403008777648200117e-03
6.133157759904899614e-03,6.016229279339299629e-03,5.403008777648200117e-03,5.286058411002199885e-03
6.016229279339299629e-03,5.820049438625600133e-03,5.286058411002199885e-03,5.089936312287999913e-03
5.820049438625600133e-03,5.557957570999899795e-03,5.089936312287999913e-03,4.827515222132199892e-03
5.557957570999899795e-03,5.243354942649600288e-03,4.827515222132199892e-03,4.512513056397399885e-03
5.243354942649600288e-03,4.884772934019600277e-03,4.512513056397399885e-03,4.153120331466199702e-03
4.884772934019600277e-03,4.491445142775800023e-03,4.153120331466199702e-03,3.758497303351799809e-03
4.491445142775800023e-03,4.076642449945200135e-03,3.758497303351799809e-03,3.341978183016200074e-03
4.076642449945200135e-03,3.654182888567399957e-03,3.341978183016200074e-03,2.917484845966099825e-03
3.654182888567399957e-03,3.234892152249800069e-03,2.917484845966099825e-03,2.495773602277000149e-03
3.234892152249800069e-03,2.826001960784199889e-03,2.495773602277000149e-03,2.084612846374500009e-03
2.826001960784199889e-03,2.420027740299699956e-03,2.084612846374500009e-03,1.675271312706200005e-03
2.420027740299699956e-03,2.036884427070599895e-03,1.675271312706200005e-03,1.289067673496900037e-03
2.036884427070599895e-03,1.833924325182999899e-03,1.289067673496900037e-03,1.086107688024599968e-03
1.833924325182999899e-03,1.731715397909299901e-03,1.086107688024599968e-03,9.838987607508899950e-04
1.731715397909299901e-03,1.653866260312500001e-03,9.838987607508899950e-04,9.060495649464400236e-04
1.653866260312500001e-03,1.610729494132100018e-03,9.060495649464400236e-04,8.629127987660500151e-04
1.610729494132100018e-03,1.587725477293099909e-03,8.629127987660500151e-04,8.458201191388099857e-04
1.587725477293099909e-03,1.589981489814799908e-03,8.458201191388099857e-04,8.510848274454500470e-04
1.589981489814799908e-03,1.599540002644099989e-03,8.510848274454500470e-04,8.575838874094200140e-04
1.599540002644099989e-03,1.607728772796700005e-03,8.575838874094200140e-04,8.618828142061800293e-04
1.607728772796700005e-03,1.613251632079500076e-03,8.618828142061800293e-04,8.645125781185900070e-04
1.613251632079500076e-03,1.616739085875499920e-03,8.645125781185900070e-04,8.661129977554100218e-04
1.616739085875499920e-03,1.618917798623399932e-03,8.661129977554100218e-04,8.670975803397600219e-04
1.618917798623399932e-03,1.620383351109900031e-03,8.670975803397600219e-04,8.677539299242199551e-04
1.620383351109900031e-03,1.621473114937500067e-03,8.677539299242199551e-04,8.682379266247199903e-04
1.621473114937500067e-03,1.622300944291100088e-03,8.682379266247199903e-04,8.686006185598699626e-04
1.622300944291100088e-03,1.622893381863799948e-03,8.686006185598699626e-04,8.688498055562399744e-04
1.622893381863799948e-03,1.623252290300999977e-03,8.688498055562399744e-04,8.689833921380299853e-04
1.623252290300999977e-03,1.623306889086999910e-03,8.689833921380299853e-04,8.689771639183200506e-04
1.623306889086999910e-03,1.622565323486900102e-03,8.689771639183200506e-04,8.685967768542499990e-04
1.622565323486900102e-03,1.619020244106700009e-03,8.685967768542499990e-04,8.668921072967400356e-04
1.619020244106700009e-03,1.611112267710299939e-03,8.668921072967400356e-04,8.631123346276599719e-04
-2.707974519580600044e-03,-2.721437485888599916e-03,-1.611112267710299939e-03,-1.619020244106700009e-03
-2.721437485888599916e-03,-2.727503888309000188e-03,-1.619020244106700009e-03,-1.622565323486900102e-03
-2.727503888309000188e-03,-2.728731837123599905e-03,-1.622565323486900102e-03,-1.623306889086999910e-03
-2.728731837123599905e-03,-2.728570951148900133e-03,-1.623306889086999910e-03,-1.623252290300999977e-03
-2.728570951148900133e-03,-2.727868035435699993e-03,-1.623252290300999977e-03,-1.622893381863799948e-03
-2.727868035435699993e-03,-2.726759295910599883e-03,-1.622893381863799948e-03,-1.622300944291100088e-03
-2.726759295910599883e-03,-2.725235186517200019e-03,-1.622300944291100088e-03,-1.621473114937500067e-03
-2.725235186517200019e-03,-2.723241690546300206e-03,-1.621473114937500067e-03,-1.620383351109900031e-03
-2.723241690546300206e-03,-2.720576710998999850e-03,-1.620383351109900031e-03,-1.618917798623399932e-03
-2.720576710998999850e-03,-2.716656075790500197e-03,-1.618917798623399932e-03,-1.616739085875499920e-03
-2.716656075790500197e-03,-2.710515866056099812e-03,-1.616739085875499920e-03,-1.613251632079500076e-03
-2.710515866056099812e-03,-2.701298100873800179e-03,-1.613251632079500076e-03,-1.607728772796700005e-03
-2.701298100873800179e-03,-2.689348068088300014e-03,-1.607728772796700005e-03,-1.599540002644099989e-03
-2.689348068088300014e-03,-2.679191762581500155e-03,-1.599540002644099989e-03,-1.589981489814799908e-03
-2.679191762581500155e-03,-2.681139390915600156e-03,-1.589981489814799908e-03,-1.587725477293099909e-03
-2.681139390915600156e-03,-2.707314677536500156e-03,-1.587725477293099909e-03,-1.610729494132100018e-03
-2.707314677536500156e-03,-2.750451210886200107e-03,-1.610729494132100018e-03,-1.653866260312500001e-03
-2.750451210886200107e-03,-2.828300464898300150e-03,-1.653866260312500001e-03,-1.731715397909299901e-03
-2.828300464898300150e-03,-2.930509392172099895e-03,-1.731715397909299901e-03,-1.833924325182999899e-03
-2.930509392172099895e-03,-3.133469494059700107e-03,-1.833924325182999899e-03,-2.036884427070599895e-03
-3.133469494059700107e-03,-3.510925685986899906e-03,-2.036884427070599895e-03,-2.420027740299699956e-03
-3.510925685986899906e-03,-3.909585066139699763e-03,-2.420027740299699956e-03,-2.826001960784199889e-03
-3.909585066139699763e-03,-4.313906654715499861e-03,-2.826001960784199889e-03,-3.234892152249800069e-03
-4.313906654715499861e-03,-4.728231113404000006e-03,-3.234892152249800069e-03,-3.654182888567399957e-03
-4.728231113404000006e-03,-5.146401934325700242e-03,-3.654182888567399957e-03,-4.076642449945200135e-03
-5.146401934325700242e-03,-5.557548720389600232e-03,-4.076642449945200135e-03,-4.491445142775800023e-03
-5.557548720389600232e-03,-5.948060192167799708e-03,-4.491445142775800023e-03,-4.884772934019600277e-03
-5.948060192167799708e-03,-6.304825190454699767e-03,-4.884772934019600277e-03,-5.243354942649600288e-03
-6.304825190454699767e-03,-6.618384271860100129e-03,-5.243354942649600288e-03,-5.557957570999899795e-03
-6.618384271860100129e-03,-6.879640277475100422e-03,-5.557957570999899795e-03,-5.820049438625600133e-03
-6.879640277475100422e-03,-7.075707893818600387e-03,-5.820049438625600133e-03,-6.016229279339299629e-03
-7.075707893818600387e-03,-7.192513439804299955e-03,-6.016229279339299629e-03,-6.133157759904899614e-03
-7.192513439804299955e-03,-7.215207442641299873e-03,-6.133157759904899614e-03,-6.153423804789799785e-03
-7.215207442641299873e-03,-7.152353413403000383e-03,-6.153423804789799785e-03,-6.087549496442100361e-03
-7.152353413403000383e-03,-7.017958909273099878e-03,-6.087549496442100361e-03,-5.950320046395099829e-03
-7.017958909273099878e-03,-6.815220694988999815e-03,-5.950320046395099829e-03,-5.744681227952200264e-03
-6.815220694988999815e-03,-6.541073787957400396e-03,-5.744681227952200264e-03,-5.467416252940900112e-03
-6.541073787957400396e-03,-6.189191248267900299e-03,-5.467416252940900112e-03,-5.112269893288600223e-03
-6.189191248267900299e-03,-5.746500566601800072e-03,-5.112269893288600223e-03,-4.667629953473800310e-03
-5.746500566601800072e-03,-5.244166590273400229e-03,-4.667629953473800310e-03,-4.118338227271999864e-03
-5.244166590273400229e-03,-5.010029301047299981e-03,-4.118338227271999864e-03,-3.678884822875299904e-03
-5.010029301047299981e-03,-5.070786923170100130e-03,-3.678884822875299904e-03,-3.508790628984599994e-03
-5.070786923170100130e-03,-4.958705510944100281e-03,-3.508790628984599994e-03,-3.389434423297599860e-03
-4.958705510944100281e-03,-4.541752394288799989e-03,-3.389434423297599860e-03,-3.126796102151299835e-03
-4.541752394288799989e-03,-3.803173545748000147e-03,-3.126796102151299835e-03,-2.647567307576499836e-03
-3.803173545748000147e-03,-2.754091517999799916e-03,-2.647567307576499836e-03,-1.938261440955100058e-03
-2.754091517999799916e-03,-1.450957730412499912e-03,-1.938261440955100058e-03,-1.028821803629400081e-03
-1.450957730412499912e-03,5.278033010647199956e-10,-1.028821803629400081e-03,2.447990421483599870e-10
5.278033010647199956e-10,1.450958661735099898e-03,2.447990421483599870e-10,1.028822269290699965e-03
1.450958661735099898e-03,2.754092216491700086e-03,1.028822269290699965e-03,1.938261673785699911e-03
2.754092216491700086e-03,3.803174244239899884e-03,1.938261673785699911e-03,2.647567773237800154e-03
3.803174244239899884e-03,4.541753325611399758e-03,2.647567773237800154e-03,3.126796567812600153e-03
4.541753325611399758e-03,4.958706442266700050e-03,3.126796567812600153e-03,3.389435121789600210e-03
4.958706442266700050e-03,5.070787388831399581e-03,3.389435121789600210e-03,3.508791094645899878e-03
5.070787388831399581e-03,5.010029766708600299e-03,3.508791094645899878e-03,3.678885055705900190e-03
5.010029766708600299e-03,5.244167055934699680e-03,3.678885055705900190e-03,4.118338227271999864e-03
5.244167055934699680e-03,5.746500566601800072e-03,4.118338227271999864e-03,4.667629953473800310e-03
5.746500566601800072e-03,6.189191248267900299e-03,4.667629953473800310e-03,5.112269893288600223e-03
6.189191248267900299e-03,6.541074253618699846e-03,5.112269893288600223e-03,5.467416252940900112e-03
6.541074253618699846e-03,6.815221160650300133e-03,5.467416252940900112e-03,5.744681227952200264e-03
6.815221160650300133e-03,7.017958909273099878e-03,5.744681227952200264e-03,5.950320046395099829e-03
7.017958909273099878e-03,7.152353413403000383e-03,5.950320046395099829e-03,6.087549496442100361e-03
7.152353413403000383e-03,7.215207442641299873e-03,6.087549496442100361e-03,6.153423804789799785e-03
7.215207442641299873e-03,7.192513439804299955e-03,6.153423804789799785e-03,6.133157759904899614e-03
7.192513439804299955e-03,7.075707893818600387e-03,6.133157759904899614e-03,6.016229279339299629e-03
7.075707893818600387e-03,6.879640277475100422e-03,6.016229279339299629e-03,5.820049438625600133e-03
6.879640277475100422e-03,6.618384271860100129e-03,5.820049438625600133e-03,5.557957570999899795e-03
6.618384271860100129e-03,6.304825190454699767e-03,5.557957570999899795e-03,5.243354942649600288e-03
6.304825190454699767e-03,5.948060192167799708e-03,5.243354942649600288e-03,4.884772934019600277e-03
5.948060192167799708e-03,5.557548720389600232e-03,4.884772934019600277e-03,4.491445142775800023e-03
5.557548720389600232e-03,5.146401934325700242e-03,4.491445142775800023e-03,4.076642449945200135e-03
5.146401934325700242e-03,4.728231113404000006e-03,4.076642449945200135e-03,3.654182888567399957e-03
4.728231113404000006e-03,4.313906654715499861e-03,3.654182888567399957e-03,3.234892152249800069e-03
4.313906654715499861e-03,3.909585066139699763e-03,3.234892152249800069e-03,2.826001960784199889e-03
3.909585066139699763e-03,3.510925685986899906e-03,2.826001960784199889e-03,2.420027740299699956e-03
3.510925685986899906e-03,3.133469494059700107e-03,2.420027740299699956e-03,2.036884427070599895e-03
3.133469494059700107e-03,2.930509392172099895e-03,2.036884427070599895e-03,1.833924325182999899e-03
2.930509392172099895e-03,2.828300464898300150e-03,1.833924325182999899e-03,1.731715397909299901e-03
2.828300464898300150e-03,2.750451210886200107e-03,1.731715397909299901e-03,1.653866260312500001e-03
2.750451210886200107e-03,2.707314677536500156e-03,1.653866260312500001e-03,1.610729494132100018e-03
2.707314677536500156e-03,2.681139390915600156e-03,1.610729494132100018e-03,1.587725477293099909e-03
2.681139390915600156e-03,2.679191762581500155e-03,1.587725477293099909e-03,1.589981489814799908e-03
2.679191762581500155e-03,2.689348068088300014e-03,1.589981489814799908e-03,1.599540002644099989e-03
2.689348068088300014e-03,2.701298100873800179e-03,1.599540002644099989e-03,1.607728772796700005e-03
2.701298100873800179e-03,2.710515866056099812e-03,1.607728772796700005e-03,1.613251632079500076e-03
2.710515866056099812e-03,2.716656075790500197e-03,1.613251632079500076e-03,1.616739085875499920e-03
2.716656075790500197e-03,2.720576710998999850e-03,1.616739085875499920e-03,1.618917798623399932e-03
2.720576710998999850e-03,2.723241690546300206e-03,1.618917798623399932e-03,1.620383351109900031e-03
2.723241690546300206e-03,2.725235186517200019e-03,1.620383351109900031e-03,1.621473114937500067e-03
2.725235186517200019e-03,2.726759295910599883e-03,1.621473114937500067e-03,1.622300944291100088e-03
2.726759295910599883e-03,2.727868035435699993e-03,1.622300944291100088e-03,1.622893381863799948e-03
2.727868035435699993e-03,2.728570951148900133e-03,1.622893381863799948e-03,1.623252290300999977e-03
2.728570951148900133e-03,2.728731837123599905e-03,1.623252290300999977e-03,1.623306889086999910e-03
2.728731837123599905e-03,2.727503888309000188e-03,1.623306889086999910e-03,1.622565323486900102e-03
2.727503888309000188e-03,2.721437485888599916e-03,1.622565323486900102e-03,1.619020244106700009e-03
2.721437485888599916e-03,2.707974519580600044e-03,1.619020244106700009e-03,1.611112267710299939e-03
-4.322786349803199764e-03,-4.343478474766000394e-03,-2.707974519580600044e-03,-2.721437485888599916e-03
-4.343478474766000394e-03,-4.352910444140399571e-03,-2.721437485888599916e-03,-2.727503888309000188e-03
-4.352910444140399571e-03,-4.354777745902500136e-03,-2.727503888309000188e-03,-2.728731837123599905e-03
-4.354777745902500136e-03,-4.354442004114399828e-03,-2.728731837123599905e-03,-2.728570951148900133e-03
-4.354442004114399828e-03,-4.353227093815800058e-03,-2.728570951148900133e-03,-2.727868035435699993e-03
-4.353227093815800058e-03,-4.351355601102099846e-03,-2.727868035435699993e-03,-2.726759295910599883e-03
-4.351355601102099846e-03,-4.348807036876700151e-03,-2.726759295910599883e-03,-2.725235186517200019e-03
-4.348807036876700151e-03,-4.345488734543300098e-03,-2.725235186517200019e-03,-2.723241690546300206e-03
-4.345488734543300098e-03,-4.341084044426700428e-03,-2.723241690546300206e-03,-2.720576710998999850e-03
-4.341084044426700428e-03,-4.334709607064699682e-03,-2.720576710998999850e-03,-2.716656075790500197e-03
-4.334709607064699682e-03,-4.325076006352899724e-03,-2.716656075790500197e-03,-2.710515866056099812e-03
-4.325076006352899724e-03,-4.311752505600500128e-03,-2.710515866056099812e-03,-2.701298100873800179e-03
-4.311752505600500128e-03,-4.297275096178099912e-03,-2.701298100873800179e-03,-2.689348068088300014e-03
-4.297275096178099912e-03,-4.288572352379600369e-03,-2.689348068088300014e-03,-2.679191762581500155e-03
-4.288572352379600369e-03,-4.293820355087499610e-03,-2.679191762581500155e-03,-2.681139390915600156e-03
-4.293820355087499610e-03,-4.321739543229299874e-03,-2.681139390915600156e-03,-2.707314677536500156e-03
-4.321739543229299874e-03,-4.364876542240400323e-03,-2.707314677536500156e-03,-2.750451210886200107e-03
-4.364876542240400323e-03,-4.442725330591200048e-03,-2.750451210886200107e-03,-2.828300464898300150e-03
-4.442725330591200048e-03,-4.544934257864999792e-03,-2.828300464898300150e-03,-2.930509392172099895e-03
-4.544934257864999792e-03,-4.747894592583200291e-03,-2.930509392172099895e-03,-3.133469494059700107e-03
-4.747894592583200291e-03,-5.115802399814100253e-03,-3.133469494059700107e-03,-3.510925685986899906e-03
-5.115802399814100253e-03,-5.500254686921800251e-03,-3.510925685986899906e-03,-3.909585066139699763e-03
-5.500254686921800251e-03,-5.895757582038600210e-03,-3.909585066139699763e-03,-4.313906654715499861e-03
-5.895757582038600210e-03,-6.300643552094699687e-03,-4.313906654715499861e-03,-4.728231113404000006e-03
-6.300643552094699687e-03,-6.710393819958000196e-03,-4.728231113404000006e-03,-5.146401934325700242e-03
-6.710393819958000196e-03,-7.114298641681699766e-03,-5.146401934325700242e-03,-5.557548720389600232e-03
-7.114298641681699766e-03,-7.499163504689899777e-03,-5.557548720389600232e-03,-5.948060192167799708e-03
-7.499163504689899777e-03,-7.852201350033300581e-03,-5.948060192167799708e-03,-6.304825190454699767e-03
-7.852201350033300581e-03,-8.163388818502400127e-03,-6.304825190454699767e-03,-6.618384271860100129e-03
-8.163388818502400127e-03,-8.422807790339000011e-03,-6.618384271860100129e-03,-6.879640277475100422e-03
-8.422807790339000011e-03,-8.618179708719300378e-03,-6.879640277475100422e-03,-7.075707893818600387e-03
-8.618179708719300378e-03,-8.734752424061300105e-03,-7.075707893818600387e-03,-7.192513439804299955e-03
-8.734752424061300105e-03,-8.761829696595700018e-03,-7.192513439804299955e-03,-7.215207442641299873e-03
-8.761829696595700018e-03,-8.704897016286799669e-03,-7.215207442641299873e-03,-7.152353413403000383e-03
-8.704897016286799669e-03,-8.575936779379799563e-03,-7.152353413403000383e-03,-7.017958909273099878e-03
-8.575936779379799563e-03,-8.378729224204999743e-03,-7.017958909273099878e-03,-6.815220694988999815e-03
-8.378729224204999743e-03,-8.110514841973800668e-03,-6.815220694988999815e-03,-6.541073787957400396e-03
-8.110514841973800668e-03,-7.764495909213999826e-03,-6.541073787957400396e-03,-6.189191248267900299e-03
-7.764495909213999826e-03,-7.331656757742200346e-03,-6.189191248267900299e-03,-5.746500566601800072e-03
-7.331656757742200346e-03,-6.976674310862999821e-03,-5.746500566601800072e-03,-5.244166590273400229e-03
-6.976674310862999821e-03,-7.098721340298700354e-03,-5.244166590273400229e-03,-5.010029301047299981e-03
-7.098721340298700354e-03,-7.255887612700499638e-03,-5.010029301047299981e-03,-5.070786923170100130e-03
-7.255887612700499638e-03,-7.014072965830600061e-03,-5.070786923170100130e-03,-4.958705510944100281e-03
-7.014072965830600061e-03,-6.343537010252500025e-03,-4.958705510944100281e-03,-4.541752394288799989e-03
-6.343537010252500025e-03,-5.249912384897499965e-03,-4.541752394288799989e-03,-3.803173545748000147e-03
-5.249912384897499965e-03,-3.764320397749499822e-03,-3.803173545748000147e-03,-2.754091517999799916e-03
-3.764320397749499822e-03,-1.971218967810300059e-03,-2.754091517999799916e-03,-1.450957730412499912e-03
-1.971218967810300059e-03,8.323700062540199871e-10,-1.450957730412499912e-03,5.278033010647199956e-10
8.323700062540199871e-10,1.971220597624799998e-03,5.278033010647199956e-10,1.450958661735099898e-03
1.971220597624799998e-03,3.764321329072100025e-03,1.450958661735099898e-03,2.754092216491700086e-03
3.764321329072100025e-03,5.249913316219999987e-03,2.754092216491700086e-03,3.803174244239899884e-03
5.249913316219999987e-03,6.343538407236300365e-03,3.803174244239899884e-03,4.541753325611399758e-03
6.343538407236300365e-03,7.014073431491900379e-03,4.541753325611399758e-03,4.958706442266700050e-03
7.014073431491900379e-03,7.255888078361700209e-03,4.958706442266700050e-03,5.070787388831399581e-03
7.255888078361700209e-03,7.098721805959900058e-03,5.070787388831399581e-03,5.010029766708600299e-03
7.098721805959900058e-03,6.976674310862999821e-03,5.010029766708600299e-03,5.244167055934699680e-03
6.976674310862999821e-03,7.331656757742200346e-03,5.244167055934699680e-03,5.746500566601800072e-03
7.331656757742200346e-03,7.764495909213999826e-03,5.746500566601800072e-03,6.189191248267900299e-03
7.764495909213999826e-03,8.110514841973800668e-03,6.189191248267900299e-03,6.541074253618699846e-03
8.110514841973800668e-03,8.378729224204999743e-03,6.541074253618699846e-03,6.815221160650300133e-03
8.378729224204999743e-03,8.575936779379799563e-03,6.815221160650300133e-03,7.017958909273099878e-03
8.575936779379799563e-03,8.704897016286799669e-03,7.017958909273099878e-03,7.152353413403000383e-03
8.704897016286799669e-03,8.761829696595700018e-03,7.152353413403000383e-03,7.215207442641299873e-03
8.761829696595700018e-03,8.734752424061300105e-03,7.215207442641299873e-03,7.192513439804299955e-03
8.734752424061300105e-03,8.618179708719300378e-03,7.192513439804299955e-03,7.075707893818600387e-03
8.618179708719300378e-03,8.422807790339000011e-03,7.075707893818600387e-03,6.879640277475100422e-03
8.422807790339000011e-03,8.163388818502400127e-03,6.879640277475100422e-03,6.618384271860100129e-03
8.163388818502400127e-03,7.852201350033300581e-03,6.618384271860100129e-03,6.304825190454699767e-03
7.852201350033300581e-03,7.499163504689899777e-03,6.304825190454699767e-03,5.948060192167799708e-03
7.499163504689899777e-03,7.114298641681699766e-03,5.948060192167799708e-03,5.557548720389600232e-03
7.114298641681699766e-03,6.710393819958000196e-03,5.557548720389600232e-03,5.146401934325700242e-03
6.710393819958000196e-03,6.300643552094699687e-03,5.146401934325700242e-03,4.728231113404000006e-03
6.300643552094699687e-03,5.895757582038600210e-03,4.728231113404000006e-03,4.313906654715499861e-03
5.895757582038600210e-03,5.500254686921800251e-03,4.313906654715499861e-03,3.909585066139699763e-03
5.500254686921800251e-03,5.115802399814100253e-03,3.909585066139699763e-03,3.510925685986899906e-03
5.115802399814100253e-03,4.747894592583200291e-03,3.510925685986899906e-03,3.133469494059700107e-03
4.747894592583200291e-03,4.544934257864999792e-03,3.133469494059700107e-03,2.930509392172099895e-03
4.544934257864999792e-03,4.442725330591200048e-03,2.930509392172099895e-03,2.828300464898300150e-03
4.442725330591200048e-03,4.364876542240400323e-03,2.828300464898300150e-03,2.750451210886200107e-03
4.364876542240400323e-03,4.321739543229299874e-03,2.750451210886200107e-03,2.707314677536500156e-03
4.321739543229299874e-03,4.293820355087499610e-03,2.707314677536500156e-03,2.681139390915600156e-03
4.293820355087499610e-03,4.288572352379600369e-03,2.681139390915600156e-03,2.679191762581500155e-03
4.288572352379600369e-03,4.297275096178099912e-03,2.679191762581500155e-03,2.689348068088300014e-03
4.297275096178099912e-03,4.311752505600500128e-03,2.689348068088300014e-03,2.701298100873800179e-03
4.311752505600500128e-03,4.325076006352899724e-03,2.701298100873800179e-03,2.710515866056099812e-03
4.325076006352899724e-03,4.334709607064699682e-03,2.710515866056099812e-03,2.716656075790500197e-03
4.334709607064699682e-03,4.341084044426700428e-03,2.716656075790500197e-03,2.720576710998999850e-03
4.341084044426700428e-03,4.345488734543300098e-03,2.720576710998999850e-03,2.723241690546300206e-03
4.345488734543300098e-03,4.348807036876700151e-03,2.723241690546300206e-03,2.725235186517200019e-03
4.348807036876700151e-03,4.351355601102099846e-03,2.725235186517200019e-03,2.726759295910599883e-03
4.351355601102099846e-03,4.353227093815800058e-03,2.726759295910599883e-03,2.727868035435699993e-03
4.353227093815800058e-03,4.354442004114399828e-03,2.727868035435699993e-03,2.728570951148900133e-03
4.354442004114399828e-03,4.354777745902500136e-03,2.728570951148900133e-03,2.728731837123599905e-03
4.354777745902500136e-03,4.352910444140399571e-03,2.728731837123599905e-03,2.727503888309000188e-03
4.352910444140399571e-03,4.343478474766000394e-03,2.727503888309000188e-03,2.721437485888599916e-03
4.343478474766000394e-03,4.322786349803199764e-03,2.721437485888599916e-03,2.707974519580600044e-03
-6.710437126457699866e-03,-6.740310229361099782e-03,-4.322786349803199764e-03,-4.343478474766000394e-03
-6.740310229361099782e-03,-6.754162255674599734e-03,-4.343478474766000394e-03,-4.352910444140399571e-03
-6.754162255674599734e-03,-6.756855174899100390e-03,-4.352910444140399571e-03,-4.354777745902500136e-03
-6.756855174899100390e-03,-6.756235379725699861e-03,-4.354777745902500136e-03,-4.354442004114399828e-03
-6.756235379725699861e-03,-6.754259113222399642e-03,-4.354442004114399828e-03,-4.353227093815800058e-03
-6.754259113222399642e-03,-6.751263514161100383e-03,-4.353227093815800058e-03,-4.351355601102099846e-03
-6.751263514161100383e-03,-6.747211329638999611e-03,-4.351355601102099846e-03,-4.348807036876700151e-03
-6.747211329638999611e-03,-6.741960998624599646e-03,-4.348807036876700151e-03,-4.345488734543300098e-03
-6.741960998624599646e-03,-6.735068280249800234e-03,-4.345488734543300098e-03,-4.341084044426700428e-03
-6.735068280249800234e-03,-6.725375074893199731e-03,-4.341084044426700428e-03,-4.334709607064699682e-03
-6.725375074893199731e-03,-6.711580324917999600e-03,-4.334709607064699682e-03,-4.325076006352899724e-03
-6.711580324917999600e-03,-6.694639567285800424e-03,-4.325076006352899724e-03,-4.311752505600500128e-03
-6.694639567285800424e-03,-6.679562851786599587e-03,-4.311752505600500128e-03,-4.297275096178099912e-03
-6.679562851786599587e-03,-6.673058960586800148e-03,-4.297275096178099912e-03,-4.288572352379600369e-03
-6.673058960586800148e-03,-6.680270656943300411e-03,-4.288572352379600369e-03,-4.293820355087499610e-03
-6.680270656943300411e-03,-6.708976346999399876e-03,-4.293820355087499610e-03,-4.321739543229299874e-03
-6.708976346999399876e-03,-6.752112880349200007e-03,-4.321739543229299874e-03,-4.364876542240400323e-03
-6.752112880349200007e-03,-6.829962134361300050e-03,-4.364876542240400323e-03,-4.442725330591200048e-03
-6.829962134361300050e-03,-6.932171061635000048e-03,-4.442725330591200048e-03,-4.544934257864999792e-03
-6.932171061635000048e-03,-7.135130930691999974e-03,-4.544934257864999792e-03,-4.747894592583200291e-03
-7.135130930691999974e-03,-7.488249335438000066e-03,-4.747894592583200291e-03,-5.115802399814100253e-03
-7.488249335438000066e-03,-7.848710753023600134e-03,-5.115802399814100253e-03,-5.500254686921800251e-03
-7.848710753023600134e-03,-8.226789534091899156e-03,-5.500254686921800251e-03,-5.895757582038600210e-03
-8.226789534091899156e-03,-8.614589460194100462e-03,-5.895757582038600210e-03,-6.300643552094699687e-03
-8.614589460194100462e-03,-9.008447639644100863e-03,-6.300643552094699687e-03,-6.710393819958000196e-03
-9.008447639644100863e-03,-9.398548863828199568e-03,-6.710393819958000196e-03,-7.114298641681699766e-03
-9.398548863828199568e-03,-9.772531688213299816e-03,-7.114298641681699766e-03,-7.499163504689899777e-03
-9.772531688213299816e-03,-1.011812873184700021e-02,-7.499163504689899777e-03,-7.852201350033300581e-03
-1.011812873184700021e-02,-1.042422372847799997e-02,-7.852201350033300581e-03,-8.163388818502400127e-03
-1.042422372847799997e-02,-1.067979913204900044e-02,-8.163388818502400127e-03,-8.422807790339000011e-03
-1.067979913204900044e-02,-1.087291724979900023e-02,-8.422807790339000011e-03,-8.618179708719300378e-03
-1.087291724979900023e-02,-1.098941266536699983e-02,-8.618179708719300378e-03,-8.734752424061300105e-03
-1.098941266536699983e-02,-1.102383527904699997e-02,-8.734752424061300105e-03,-8.761829696595700018e-03
-1.102383527904699997e-02,-1.097775250673299965e-02,-8.761829696595700018e-03,-8.704897016286799669e-03
-1.097775250673299965e-02,-1.085885148495399979e-02,-8.704897016286799669e-03,-8.575936779379799563e-03
-1.085885148495399979e-02,-1.067159883678000035e-02,-8.575936779379799563e-03,-8.378729224204999743e-03
-1.067159883678000035e-02,-1.041380595415800081e-02,-8.378729224204999743e-03,-8.110514841973800668e-03
-1.041380595415800081e-02,-1.008000038564199966e-02,-8.110514841973800668e-03,-7.764495909213999826e-03
-1.008000038564199966e-02,-9.714229032397299693e-03,-7.764495909213999826e-03,-7.331656757742200346e-03
-9.714229032397299693e-03,-9.752759709954299944e-03,-7.331656757742200346e-03,-6.976674310862999821e-03
-9.752759709954299944e-03,-1.012802775949200006e-02,-6.976674310862999821e-03,-7.098721340298700354e-03
-1.012802775949200006e-02,-1.014195010065999970e-02,-7.098721340298700354e-03,-7.255887612700499638e-03
-1.014195010065999970e-02,-9.645409882068599339e-03,-7.255887612700499638e-03,-7.014072965830600061e-03
-9.645409882068599339e-03,-8.617247454822099875e-03,-7.014072965830600061e-03,-6.343537010252500025e-03
-8.617247454822099875e-03,-7.060330826789099935e-03,-6.343537010252500025e-03,-5.249912384897499965e-03
-7.060330826789099935e-03,-5.022860132157799980e-03,-5.249912384897499965e-03,-3.764320397749499822e-03
-5.022860132157799980e-03,-2.618381753563900002e-03,-3.764320397749499822e-03,-1.971218967810300059e-03
-2.618381753563900002e-03,1.123459880680899976e-09,-1.971218967810300059e-03,8.323700062540199871e-10
1.123459880680899976e-09,2.618383616208999794e-03,8.323700062540199871e-10,1.971220597624799998e-03
2.618383616208999794e-03,5.022861994803000385e-03,1.971220597624799998e-03,3.764321329072100025e-03
5.022861994803000385e-03,7.060332689434300341e-03,3.764321329072100025e-03,5.249913316219999987e-03
7.060332689434300341e-03,8.617249317467200534e-03,5.249913316219999987e-03,6.343538407236300365e-03
8.617249317467200534e-03,9.645410813391199975e-03,6.343538407236300365e-03,7.014073431491900379e-03
9.645410813391199975e-03,1.014195010065999970e-02,7.014073431491900379e-03,7.255888078361700209e-03
1.014195010065999970e-02,1.012802775949200006e-02,7.255888078361700209e-03,7.098721805959900058e-03
1.012802775949200006e-02,9.752760641276799966e-03,7.098721805959900058e-03,6.976674310862999821e-03
9.752760641276799966e-03,9.714229032397299693e-03,6.976674310862999821e-03,7.331656757742200346e-03
9.714229032397299693e-03,1.008000038564199966e-02,7.331656757742200346e-03,7.764495909213999826e-03
1.008000038564199966e-02,1.041380595415800081e-02,7.764495909213999826e-03,8.110514841973800668e-03
1.041380595415800081e-02,1.067159883678000035e-02,8.110514841973800668e-03,8.378729224204999743e-03
1.067159883678000035e-02,1.085885148495399979e-02,8.378729224204999743e-03,8.575936779379799563e-03
1.085885148495399979e-02,1.097775250673299965e-02,8.575936779379799563e-03,8.704897016286799669e-03
1.097775250673299965e-02,1.102383527904699997e-02,8.704897016286799669e-03,8.761829696595700018e-03
1.102383527904699997e-02,1.098941266536699983e-02,8.761829696595700018e-03,8.734752424061300105e-03
1.098941266536699983e-02,1.087291724979900023e-02,8.734752424061300105e-03,8.618179708719300378e-03
1.087291724979900023e-02,1.067979913204900044e-02,8.618179708719300378e-03,8.422807790339000011e-03
1.067979913204900044e-02,1.042422372847799997e-02,8.422807790339000011e-03,8.163388818502400127e-03
1.042422372847799997e-02,1.011812873184700021e-02,8.163388818502400127e-03,7.852201350033300581e-03
1.011812873184700021e-02,9.772531688213299816e-03,7.852201350033300581e-03,7.499163504689899777e-03
9.772531688213299816e-03,9.398548863828199568e-03,7.499163504689899777e-03,7.114298641681699766e-03
9.398548863828199568e-03,9.008447639644100863e-03,7.114298641681699766e-03,6.710393819958000196e-03
9.008447639644100863e-03,8.614589460194100462e-03,6.710393819958000196e-03,6.300643552094699687e-03
8.614589460194100462e-03,8.226789534091899156e-03,6.300643552094699687e-03,5.895757582038600210e-03
8.226789534091899156e-03,7.848710753023600134e-03,5.895757582038600210e-03,5.500254686921800251e-03
7.848710753023600134e-03,7.488249335438000066e-03,5.500254686921800251e-03,5.115802399814100253e-03
7.488249335438000066e-03,7.135130930691999974e-03,5.115802399814100253e-03,4.747894592583200291e-03
7.135130930691999974e-03,6.932171061635000048e-03,4.747894592583200291e-03,4.544934257864999792e-03
6.932171061635000048e-03,6.829962134361300050e-03,4.544934257864999792e-03,4.442725330591200048e-03
6.829962134361300050e-03,6.752112880349200007e-03,4.442725330591200048e-03,4.364876542240400323e-03
6.752112880349200007e-03,6.708976346999399876e-03,4.364876542240400323e-03,4.321739543229299874e-03
6.708976346999399876e-03,6.680270656943300411e-03,4.321739543229299874e-03,4.293820355087499610e-03
6.680270656943300411e-03,6.673058960586800148e-03,4.293820355087499610e-03,4.288572352379600369e-03
6.673058960586800148e-03,6.679562851786599587e-03,4.288572352379600369e-03,4.297275096178099912e-03
6.679562851786599587e-03,6.694639567285800424e-03,4.297275096178099912e-03,4.311752505600500128e-03
6.694639567285800424e-03,6.711580324917999600e-03,4.311752505600500128e-03,4.325076006352899724e-03
6.711580324917999600e-03,6.725375074893199731e-03,4.325076006352899724e-03,4.334709607064699682e-03
6.725375074893199731e-03,6.735068280249800234e-03,4.334709607064699682e-03,4.341084044426700428e-03
6.735068280249800234e-03,6.741960998624599646e-03,4.341084044426700428e-03,4.345488734543300098e-03
6.741960998624599646e-03,6.747211329638999611e-03,4.345488734543300098e-03,4.348807036876700151e-03
6.747211329638999611e-03,6.751263514161100383e-03,4.348807036876700151e-03,4.351355601102099846e-03
6.751263514161100383e-03,6.754259113222399642e-03,4.351355601102099846e-03,4.353227093815800058e-03
6.754259113222399642e-03,6.756235379725699861e-03,4.353227093815800058e-03,4.354442004114399828e-03
6.756235379725699861e-03,6.756855174899100390e-03,4.354442004114399828e-03,4.354777745902500136e-03
6.756855174899100390e-03,6.754162255674599734e-03,4.354777745902500136e-03,4.352910444140399571e-03
6.754162255674599734e-03,6.740310229361099782e-03,4.352910444140399571e-03,4.343478474766000394e-03
6.740310229361099782e-03,6.710437126457699866e-03,4.343478474766000394e-03,4.322786349803199764e-03
-1.025861222297000039e-02,-1.029978320002600083e-02,-6.710437126457699866e-03,-6.740310229361099782e-03
-1.029978320002600083e-02,-1.031933631748000076e-02,-6.740310229361099782e-03,-6.754162255674599734e-03
-1.031933631748000076e-02,-1.032306998968099930e-02,-6.754162255674599734e-03,-6.756855174899100390e-03
-1.032306998968099930e-02,-1.032199058681699914e-02,-6.756855174899100390e-03,-6.756235379725699861e-03
-1.032199058681699914e-02,-1.031887996941800029e-02,-6.756235379725699861e-03,-6.754259113222399642e-03
-1.031887996941800029e-02,-1.031422615051300062e-02,-6.754259113222399642e-03,-6.751263514161100383e-03
-1.031422615051300062e-02,-1.030796952545600005e-02,-6.751263514161100383e-03,-6.747211329638999611e-03
-1.030796952545600005e-02,-1.029991917312099957e-02,-6.747211329638999611e-03,-6.741960998624599646e-03
-1.029991917312099957e-02,-1.028955262154299978e-02,-6.741960998624599646e-03,-6.735068280249800234e-03
-1.028955262154299978e-02,-1.027570012956900009e-02,-6.735068280249800234e-03,-6.725375074893199731e-03
-1.027570012956900009e-02,-1.025782153010399919e-02,-6.725375074893199731e-03,-6.711580324917999600e-03
-1.025782153010399919e-02,-1.023894269019400005e-02,-6.711580324917999600e-03,-6.694639567285800424e-03
-1.023894269019400005e-02,-1.022496633231599963e-02,-6.694639567285800424e-03,-6.679562851786599587e-03
-1.022496633231599963e-02,-1.022044289857100031e-02,-6.679562851786599587e-03,-6.673058960586800148e-03
-1.022044289857100031e-02,-1.022842247039099962e-02,-6.673058960586800148e-03,-6.680270656943300411e-03
-1.022842247039099962e-02,-1.025706063956000058e-02,-6.680270656943300411e-03,-6.708976346999399876e-03
-1.025706063956000058e-02,-1.030019670724899999e-02,-6.708976346999399876e-03,-6.752112880349200007e-03
-1.030019670724899999e-02,-1.037804596126100029e-02,-6.752112880349200007e-03,-6.829962134361300050e-03
-1.037804596126100029e-02,-1.048025488853500040e-02,-6.829962134361300050e-03,-6.932171061635000048e-03
-1.048025488853500040e-02,-1.068321522325300053e-02,-6.932171061635000048e-03,-7.135130930691999974e-03
-1.068321522325300053e-02,-1.101469248533199982e-02,-7.135130930691999974e-03,-7.488249335438000066e-03
-1.101469248533199982e-02,-1.134096551686500018e-02,-7.488249335438000066e-03,-7.848710753023600134e-03
-1.134096551686500018e-02,-1.168500818312200040e-02,-7.848710753023600134e-03,-8.226789534091899156e-03
-1.168500818312200040e-02,-1.204213872551899989e-02,-8.226789534091899156e-03,-8.614589460194100462e-03
-1.204213872551899989e-02,-1.240685954690000023e-02,-8.614589460194100462e-03,-9.008447639644100863e-03
-1.240685954690000023e-02,-1.277125533670200007e-02,-9.008447639644100863e-03,-9.398548863828199568e-03
-1.277125533670200007e-02,-1.312463358044600042e-02,-9.398548863828199568e-03,-9.772531688213299816e-03
-1.312463358044600042e-02,-1.345532480627299916e-02,-9.772531688213299816e-03,-1.011812873184700021e-02
-1.345532480627299916e-02,-1.375067513436100015e-02,-1.011812873184700021e-02,-1.042422372847799997e-02
-1.375067513436100015e-02,-1.399819739162900048e-02,-1.042422372847799997e-02,-1.067979913204900044e-02
-1.399819739162900048e-02,-1.418591476976899940e-02,-1.067979913204900044e-02,-1.087291724979900023e-02
-1.418591476976899940e-02,-1.430333778262100029e-02,-1.087291724979900023e-02,-1.098941266536699983e-02
-1.430333778262100029e-02,-1.434927340596900067e-02,-1.098941266536699983e-02,-1.102383527904699997e-02
-1.434927340596900067e-02,-1.432144828140700064e-02,-1.102383527904699997e-02,-1.097775250673299965e-02
-1.432144828140700064e-02,-1.422074623405900073e-02,-1.097775250673299965e-02,-1.085885148495399979e-02
-1.422074623405900073e-02,-1.405100710690000004e-02,-1.085885148495399979e-02,-1.067159883678000035e-02
-1.405100710690000004e-02,-1.381418295204600057e-02,-1.067159883678000035e-02,-1.041380595415800081e-02
-1.381418295204600057e-02,-1.354522258043299940e-02,-1.041380595415800081e-02,-1.008000038564199966e-02
-1.354522258043299940e-02,-1.349996309727399986e-02,-1.008000038564199966e-02,-9.714229032397299693e-03
-1.349996309727399986e-02,-1.400669198483200061e-02,-9.714229032397299693e-03,-9.752759709954299944e-03
-1.400669198483200061e-02,-1.422967109829200057e-02,-9.752759709954299944e-03,-1.012802775949200006e-02
-1.422967109829200057e-02,-1.390515174716699942e-02,-1.012802775949200006e-02,-1.014195010065999970e-02
-1.390515174716699942e-02,-1.301055029034599991e-02,-1.014195010065999970e-02,-9.645409882068599339e-03
-1.301055029034599991e-02,-1.149271801114100031e-02,-9.645409882068599339e-03,-8.617247454822099875e-03
-1.149271801114100031e-02,-9.337431751191600446e-03,-8.617247454822099875e-03,-7.060330826789099935e-03
-9.337431751191600446e-03,-6.602816749364100353e-03,-7.060330826789099935e-03,-5.022860132157799980e-03
-6.602816749364100353e-03,-3.430800279602400169e-03,-5.022860132157799980e-03,-2.618381753563900002e-03
-3.430800279602400169e-03,1.420451867240000059e-09,-2.618381753563900002e-03,1.123459880680899976e-09
1.420451867240000059e-09,3.430802840739499877e-03,1.123459880680899976e-09,2.618383616208999794e-03
3.430802840739499877e-03,6.602819077670600209e-03,2.618383616208999794e-03,5.022861994803000385e-03
6.602819077670600209e-03,9.337433613836799984e-03,5.022861994803000385e-03,7.060332689434300341e-03
9.337433613836799984e-03,1.149271987378600035e-02,7.060332689434300341e-03,8.617249317467200534e-03
1.149271987378600035e-02,1.301055122166899954e-02,8.617249317467200534e-03,9.645410813391199975e-03
1.301055122166899954e-02,1.390515267849000078e-02,9.645410813391199975e-03,1.014195010065999970e-02
1.390515267849000078e-02,1.422967202961399925e-02,1.014195010065999970e-02,1.012802775949200006e-02
1.422967202961399925e-02,1.400669198483200061e-02,1.012802775949200006e-02,9.752760641276799966e-03
1.400669198483200061e-02,1.349996309727399986e-02,9.752760641276799966e-03,9.714229032397299693e-03
1.349996309727399986e-02,1.354522258043299940e-02,9.714229032397299693e-03,1.008000038564199966e-02
1.354522258043299940e-02,1.381418295204600057e-02,1.008000038564199966e-02,1.041380595415800081e-02
1.381418295204600057e-02,1.405100710690000004e-02,1.041380595415800081e-02,1.067159883678000035e-02
1.405100710690000004e-02,1.422074623405900073e-02,1.067159883678000035e-02,1.085885148495399979e-02
1.422074623405900073e-02,1.432144828140700064e-02,1.085885148495399979e-02,1.097775250673299965e-02
1.432144828140700064e-02,1.434927340596900067e-02,1.097775250673299965e-02,1.102383527904699997e-02
1.434927340596900067e-02,1.430333778262100029e-02,1.102383527904699997e-02,1.098941266536699983e-02
1.430333778262100029e-02,1.418591476976899940e-02,1.098941266536699983e-02,1.087291724979900023e-02
1.418591476976899940e-02,1.399819739162900048e-02,1.087291724979900023e-02,1.067979913204900044e-02
1.399819739162900048e-02,1.375067513436100015e-02,1.067979913204900044e-02,1.042422372847799997e-02
1.375067513436100015e-02,1.345532480627299916e-02,1.042422372847799997e-02,1.011812873184700021e-02
1.345532480627299916e-02,1.312463358044600042e-02,1.011812873184700021e-02,9.772531688213299816e-03
1.312463358044600042e-02,1.277125533670200007e-02,9.772531688213299816e-03,9.398548863828199568e-03
1.277125533670200007e-02,1.240685954690000023e-02,9.398548863828199568e-03,9.008447639644100863e-03
1.240685954690000023e-02,1.204213872551899989e-02,9.008447639644100863e-03,8.614589460194100462e-03
1.204213872551899989e-02,1.168500818312200040e-02,8.614589460194100462e-03,8.226789534091899156e-03
1.168500818312200040e-02,1.134096551686500018e-02,8.226789534091899156e-03,7.848710753023600134e-03
1.134096551686500018e-02,1.101469248533199982e-02,7.848710753023600134e-03,7.488249335438000066e-03
1.101469248533199982e-02,1.068321522325300053e-02,7.488249335438000066e-03,7.135130930691999974e-03
1.068321522325300053e-02,1.048025488853500040e-02,7.135130930691999974e-03,6.932171061635000048e-03
1.048025488853500040e-02,1.037804596126100029e-02,6.932171061635000048e-03,6.829962134361300050e-03
1.037804596126100029e-02,1.030019670724899999e-02,6.829962134361300050e-03,6.752112880349200007e-03
1.030019670724899999e-02,1.025706063956000058e-02,6.752112880349200007e-03,6.708976346999399876e-03
1.025706063956000058e-02,1.022842247039099962e-02,6.708976346999399876e-03,6.680270656943300411e-03
1.022842247039099962e-02,1.022044289857100031e-02,6.680270656943300411e-03,6.673058960586800148e-03
1.022044289857100031e-02,1.022496633231599963e-02,6.673058960586800148e-03,6.679562851786599587e-03
1.022496633231599963e-02,1.023894269019400005e-02,6.679562851786599587e-03,6.694639567285800424e-03
1.023894269019400005e-02,1.025782153010399919e-02,6.694639567285800424e-03,6.711580324917999600e-03
1.025782153010399919e-02,1.027570012956900009e-02,6.711580324917999600e-03,6.725375074893199731e-03
1.027570012956900009e-02,1.028955262154299978e-02,6.725375074893199731e-03,6.735068280249800234e-03
1.028955262154299978e-02,1.029991917312099957e-02,6.735068280249800234e-03,6.741960998624599646e-03
1.029991917312099957e-02,1.030796952545600005e-02,6.741960998624599646e-03,6.747211329638999611e-03
1.030796952545600005e-02,1.031422615051300062e-02,6.747211329638999611e-03,6.751263514161100383e-03
1.031422615051300062e-02,1.031887996941800029e-02,6.751263514161100383e-03,6.754259113222399642e-03
1.031887996941800029e-02,1.032199058681699914e-02,6.754259113222399642e-03,6.756235379725699861e-03
1.032199058681699914e-02,1.032306998968099930e-02,6.756235379725699861e-03,6.756855174899100390e-03
1.032306998968099930e-02,1.031933631748000076e-02,6.756855174899100390e-03,6.754162255674599734e-03
1.031933631748000076e-02,1.029978320002600083e-02,6.754162255674599734e-03,6.740310229361099782e-03
1.029978320002600083e-02,1.025861222297000039e-02,6.740310229361099782e-03,6.710437126457699866e-03
-1.556659769266800081e-02,-1.562098693102599925e-02,-1.025861222297000039e-02,-1.029978320002600083e-02
-1.562098693102599925e-02,-1.564769633114300104e-02,-1.029978320002600083e-02,-1.031933631748000076e-02
-1.564769633114300104e-02,-1.565269008278799903e-02,-1.031933631748000076e-02,-1.032306998968099930e-02
-1.565269008278799903e-02,-1.565086469054199902e-02,-1.032306998968099930e-02,-1.032199058681699914e-02
-1.565086469054199902e-02,-1.564605906605700050e-02,-1.032199058681699914e-02,-1.031887996941800029e-02
-1.564605906605700050e-02,-1.563895680010300021e-02,-1.031887996941800029e-02,-1.031422615051300062e-02
-1.563895680010300021e-02,-1.562947593629400098e-02,-1.031422615051300062e-02,-1.030796952545600005e-02
-1.562947593629400098e-02,-1.561742275953299959e-02,-1.030796952545600005e-02,-1.029991917312099957e-02
-1.561742275953299959e-02,-1.560242474079099988e-02,-1.029991917312099957e-02,-1.028955262154299978e-02
-1.560242474079099988e-02,-1.558406651020100009e-02,-1.028955262154299978e-02,-1.027570012956900009e-02
-1.558406651020100009e-02,-1.556363888084900081e-02,-1.027570012956900009e-02,-1.025782153010399919e-02
-1.556363888084900081e-02,-1.554538309574099962e-02,-1.025782153010399919e-02,-1.023894269019400005e-02
-1.554538309574099962e-02,-1.553364749997900029e-02,-1.023894269019400005e-02,-1.022496633231599963e-02
-1.553364749997900029e-02,-1.553065888583700024e-02,-1.022496633231599963e-02,-1.022044289857100031e-02
-1.553065888583700024e-02,-1.553846057504400073e-02,-1.022044289857100031e-02,-1.022842247039099962e-02
-1.553846057504400073e-02,-1.556613761931699945e-02,-1.022842247039099962e-02,-1.025706063956000058e-02
-1.556613761931699945e-02,-1.560927368700499966e-02,-1.025706063956000058e-02,-1.030019670724899999e-02
-1.560927368700499966e-02,-1.568712294101700169e-02,-1.030019670724899999e-02,-1.037804596126100029e-02
-1.568712294101700169e-02,-1.578933186829099833e-02,-1.037804596126100029e-02,-1.048025488853500040e-02
-1.578933186829099833e-02,-1.599229127168700151e-02,-1.048025488853500040e-02,-1.068321522325300053e-02
-1.599229127168700151e-02,-1.629236154258300109e-02,-1.068321522325300053e-02,-1.101469248533199982e-02
-1.629236154258300109e-02,-1.657538674771799961e-02,-1.101469248533199982e-02,-1.134096551686500018e-02
-1.657538674771799961e-02,-1.686227135360199997e-02,-1.134096551686500018e-02,-1.168500818312200040e-02
-1.686227135360199997e-02,-1.716350577771700095e-02,-1.168500818312200040e-02,-1.204213872551899989e-02
-1.716350577771700095e-02,-1.747578196227600120e-02,-1.204213872551899989e-02,-1.240685954690000023e-02
-1.747578196227600120e-02,-1.779316924512399853e-02,-1.240685954690000023e-02,-1.277125533670200007e-02
-1.779316924512399853e-02,-1.810757443308800077e-02,-1.277125533670200007e-02,-1.312463358044600042e-02
-1.810757443308800077e-02,-1.840795390307900167e-02,-1.312463358044600042e-02,-1.345532480627299916e-02
-1.840795390307900167e-02,-1.868043467402500171e-02,-1.345532480627299916e-02,-1.375067513436100015e-02
-1.868043467402500171e-02,-1.891104504466099845e-02,-1.375067513436100015e-02,-1.399819739162900048e-02
-1.891104504466099845e-02,-1.908887922763799830e-02,-1.399819739162900048e-02,-1.418591476976899940e-02
-1.908887922763799830e-02,-1.920945942401899864e-02,-1.418591476976899940e-02,-1.430333778262100029e-02
-1.920945942401899864e-02,-1.927227899432200006e-02,-1.430333778262100029e-02,-1.434927340596900067e-02
-1.927227899432200006e-02,-1.927207037806500170e-02,-1.434927340596900067e-02,-1.432144828140700064e-02
-1.927207037806500170e-02,-1.920375972986200150e-02,-1.432144828140700064e-02,-1.422074623405900073e-02
-1.920375972986200150e-02,-1.907586120068999885e-02,-1.422074623405900073e-02,-1.405100710690000004e-02
-1.907586120068999885e-02,-1.894580945372599870e-02,-1.405100710690000004e-02,-1.381418295204600057e-02
-1.894580945372599870e-02,-1.901755854487400046e-02,-1.381418295204600057e-02,-1.354522258043299940e-02
-1.901755854487400046e-02,-1.947492361068699912e-02,-1.354522258043299940e-02,-1.349996309727399986e-02
-1.947492361068699912e-02,-1.991809159517300004e-02,-1.349996309727399986e-02,-1.400669198483200061e-02
-1.991809159517300004e-02,-1.964691281318699939e-02,-1.400669198483200061e-02,-1.422967109829200057e-02
-1.964691281318699939e-02,-1.880380138754799910e-02,-1.422967109829200057e-02,-1.390515174716699942e-02
-1.880380138754799910e-02,-1.733444631099699887e-02,-1.390515174716699942e-02,-1.301055029034599991e-02
-1.733444631099699887e-02,-1.515169534832199946e-02,-1.301055029034599991e-02,-1.149271801114100031e-02
-1.515169534832199946e-02,-1.222071703523400048e-02,-1.149271801114100031e-02,-9.337431751191600446e-03
-1.222071703523400048e-02,-8.600724861025799833e-03,-9.337431751191600446e-03,-6.602816749364100353e-03
-8.600724861025799833e-03,-4.458046518266200152e-03,-6.602816749364100353e-03,-3.430800279602400169e-03
-4.458046518266200152e-03,1.757903267396399998e-09,-3.430800279602400169e-03,1.420451867240000059e-09
1.757903267396399998e-09,4.458050243556500349e-03,1.420451867240000059e-09,3.430802840739499877e-03
4.458050243556500349e-03,8.600728586316100030e-03,3.430802840739499877e-03,6.602819077670600209e-03
8.600728586316100030e-03,1.222071982920200015e-02,6.602819077670600209e-03,9.337433613836799984e-03
1.222071982920200015e-02,1.515169814229000086e-02,9.337433613836799984e-03,1.149271987378600035e-02
1.515169814229000086e-02,1.733444817364199891e-02,1.149271987378600035e-02,1.301055122166899954e-02
1.733444817364199891e-02,1.880380325019399834e-02,1.301055122166899954e-02,1.390515267849000078e-02
1.880380325019399834e-02,1.964691467583199944e-02,1.390515267849000078e-02,1.422967202961399925e-02
1.964691467583199944e-02,1.991809159517300004e-02,1.422967202961399925e-02,1.400669198483200061e-02
1.991809159517300004e-02,1.947492361068699912e-02,1.400669198483200061e-02,1.349996309727399986e-02
1.947492361068699912e-02,1.901755854487400046e-02,1.349996309727399986e-02,1.354522258043299940e-02
1.901755854487400046e-02,1.894580945372599870e-02,1.354522258043299940e-02,1.381418295204600057e-02
1.894580945372599870e-02,1.907586120068999885e-02,1.381418295204600057e-02,1.405100710690000004e-02
1.907586120068999885e-02,1.920375972986200150e-02,1.405100710690000004e-02,1.422074623405900073e-02
1.920375972986200150e-02,1.927207037806500170e-02,1.422074623405900073e-02,1.432144828140700064e-02
1.927207037806500170e-02,1.927227899432200006e-02,1.432144828140700064e-02,1.434927340596900067e-02
1.927227899432200006e-02,1.920945942401899864e-02,1.434927340596900067e-02,1.430333778262100029e-02
1.920945942401899864e-02,1.908887922763799830e-02,1.430333778262100029e-02,1.418591476976899940e-02
1.908887922763799830e-02,1.891104504466099845e-02,1.418591476976899940e-02,1.399819739162900048e-02
1.891104504466099845e-02,1.868043467402500171e-02,1.399819739162900048e-02,1.375067513436100015e-02
1.868043467402500171e-02,1.840795390307900167e-02,1.375067513436100015e-02,1.345532480627299916e-02
1.840795390307900167e-02,1.810757443308800077e-02,1.345532480627299916e-02,1.312463358044600042e-02
1.810757443308800077e-02,1.779316924512399853e-02,1.312463358044600042e-02,1.277125533670200007e-02
1.779316924512399853e-02,1.747578196227600120e-02,1.277125533670200007e-02,1.240685954690000023e-02
1.747578196227600120e-02,1.716350577771700095e-02,1.240685954690000023e-02,1.204213872551899989e-02
1.716350577771700095e-02,1.686227135360199997e-02,1.204213872551899989e-02,1.168500818312200040e-02
1.686227135360199997e-02,1.657538674771799961e-02,1.168500818312200040e-02,1.134096551686500018e-02
1.657538674771799961e-02,1.629236154258300109e-02,1.134096551686500018e-02,1.101469248533199982e-02
1.629236154258300109e-02,1.599229313433200156e-02,1.101469248533199982e-02,1.068321522325300053e-02
1.599229313433200156e-02,1.578933186829099833e-02,1.068321522325300053e-02,1.048025488853500040e-02
1.578933186829099833e-02,1.568712294101700169e-02,1.048025488853500040e-02,1.037804596126100029e-02
1.568712294101700169e-02,1.560927368700499966e-02,1.037804596126100029e-02,1.030019670724899999e-02
1.560927368700499966e-02,1.556613761931699945e-02,1.030019670724899999e-02,1.025706063956000058e-02
1.556613761931699945e-02,1.553846057504400073e-02,1.025706063956000058e-02,1.022842247039099962e-02
1.553846057504400073e-02,1.553065888583700024e-02,1.022842247039099962e-02,1.022044289857100031e-02
1.553065888583700024e-02,1.553364749997900029e-02,1.022044289857100031e-02,1.022496633231599963e-02
1.553364749997900029e-02,1.554538309574099962e-02,1.022496633231599963e-02,1.023894269019400005e-02
1.554538309574099962e-02,1.556363888084900081e-02,1.023894269019400005e-02,1.025782153010399919e-02
1.556363888084900081e-02,1.558406651020100009e-02,1.025782153010399919e-02,1.027570012956900009e-02
1.558406651020100009e-02,1.560242474079099988e-02,1.027570012956900009e-02,1.028955262154299978e-02
1.560242474079099988e-02,1.561742275953299959e-02,1.028955262154299978e-02,1.029991917312099957e-02
1.561742275953299959e-02,1.562947593629400098e-02,1.029991917312099957e-02,1.030796952545600005e-02
1.562947593629400098e-02,1.563895680010300021e-02,1.030796952545600005e-02,1.031422615051300062e-02
1.563895680010300021e-02,1.564605906605700050e-02,1.031422615051300062e-02,1.031887996941800029e-02
1.564605906605700050e-02,1.565086469054199902e-02,1.031887996941800029e-02,1.032199058681699914e-02
1.565086469054199902e-02,1.565269008278799903e-02,1.032199058681699914e-02,1.032306998968099930e-02
1.565269008278799903e-02,1.564769633114300104e-02,1.032306998968099930e-02,1.031933631748000076e-02
1.564769633114300104e-02,1.562098693102599925e-02,1.031933631748000076e-02,1.029978320002600083e-02
1.562098693102599925e-02,1.556659769266800081e-02,1.029978320002600083e-02,1.025861222297000039e-02
-2.357642166316499879e-02,-2.364486455917400032e-02,-1.556659769266800081e-02,-1.562098693102599925e-02
-2.364486455917400032e-02,-2.368014678359000105e-02,-1.562098693102599925e-02,-1.564769633114300104e-02
-2.368014678359000105e-02,-2.368656732142000038e-02,-1.564769633114300104e-02,-1.565269008278799903e-02
-2.368656732142000038e-02,-2.368352562189100091e-02,-1.565269008278799903e-02,-1.565086469054199902e-02
-2.368352562189100091e-02,-2.367617189884200016e-02,-1.565086469054199902e-02,-1.564605906605700050e-02
-2.367617189884200016e-02,-2.366545237600799906e-02,-1.564605906605700050e-02,-1.563895680010300021e-02
-2.366545237600799906e-02,-2.365130372345400009e-02,-1.563895680010300021e-02,-1.562947593629400098e-02
-2.365130372345400009e-02,-2.363369427621399982e-02,-1.562947593629400098e-02,-1.561742275953299959e-02
-2.363369427621399982e-02,-2.361300773918599896e-02,-1.561742275953299959e-02,-1.560242474079099988e-02
-2.361300773918599896e-02,-2.359086275100700028e-02,-1.560242474079099988e-02,-1.558406651020100009e-02
-2.359086275100700028e-02,-2.357091009616900032e-02,-1.558406651020100009e-02,-1.556363888084900081e-02
-2.357091009616900032e-02,-2.355649322271299861e-02,-1.556363888084900081e-02,-1.554538309574099962e-02
-2.355649322271299861e-02,-2.354864217340900054e-02,-1.554538309574099962e-02,-1.553364749997900029e-02
-2.354864217340900054e-02,-2.354756742715799836e-02,-1.553364749997900029e-02,-1.553065888583700024e-02
-2.354756742715799836e-02,-2.355478331446600113e-02,-1.553065888583700024e-02,-1.553846057504400073e-02
-2.355478331446600113e-02,-2.358014322817299918e-02,-1.553846057504400073e-02,-1.556613761931699945e-02
-2.358014322817299918e-02,-2.362328022718400075e-02,-1.556613761931699945e-02,-1.560927368700499966e-02
-2.362328022718400075e-02,-2.370112948119600105e-02,-1.560927368700499966e-02,-1.568712294101700169e-02
-2.370112948119600105e-02,-2.380333840847000115e-02,-1.568712294101700169e-02,-1.578933186829099833e-02
-2.380333840847000115e-02,-2.400629781186600087e-02,-1.578933186829099833e-02,-1.599229127168700151e-02
-2.400629781186600087e-02,-2.425874397158599843e-02,-1.599229127168700151e-02,-1.629236154258300109e-02
-2.425874397158599843e-02,-2.448523417115200038e-02,-1.629236154258300109e-02,-1.657538674771799961e-02
-2.448523417115200038e-02,-2.469524182379199961e-02,-1.657538674771799961e-02,-1.686227135360199997e-02
-2.469524182379199961e-02,-2.490531466901299909e-02,-1.686227135360199997e-02,-1.716350577771700095e-02
-2.490531466901299909e-02,-2.512590400874600144e-02,-1.716350577771700095e-02,-1.747578196227600120e-02
-2.512590400874600144e-02,-2.535841055214399856e-02,-1.747578196227600120e-02,-1.779316924512399853e-02
-2.535841055214399856e-02,-2.559836767613899930e-02,-1.779316924512399853e-02,-1.810757443308800077e-02
-2.559836767613899930e-02,-2.583649195730700066e-02,-1.810757443308800077e-02,-1.840795390307900167e-02
-2.583649195730700066e-02,-2.606015093624600154e-02,-1.840795390307900167e-02,-1.868043467402500171e-02
-2.606015093624600154e-02,-2.625696547329400138e-02,-1.868043467402500171e-02,-1.891104504466099845e-02
-2.625696547329400138e-02,-2.641944400966200063e-02,-1.891104504466099845e-02,-1.908887922763799830e-02
-2.641944400966200063e-02,-2.654537558555599905e-02,-1.908887922763799830e-02,-1.920945942401899864e-02
-2.654537558555599905e-02,-2.663224376738099891e-02,-1.920945942401899864e-02,-1.927227899432200006e-02
-2.663224376738099891e-02,-2.667953260242900138e-02,-1.927227899432200006e-02,-1.927207037806500170e-02
-2.667953260242900138e-02,-2.670744620263600100e-02,-1.927207037806500170e-02,-1.920375972986200150e-02
-2.670744620263600100e-02,-2.679887600243099910e-02,-1.920375972986200150e-02,-1.907586120068999885e-02
-2.679887600243099910e-02,-2.709482051432100108e-02,-1.907586120068999885e-02,-1.894580945372599870e-02
-2.709482051432100108e-02,-2.757919579744300131e-02,-1.894580945372599870e-02,-1.901755854487400046e-02
-2.757919579744300131e-02,-2.792420797049999931e-02,-1.901755854487400046e-02,-1.947492361068699912e-02
-2.792420797049999931e-02,-2.774838171899299960e-02,-1.947492361068699912e-02,-1.991809159517300004e-02
-2.774838171899299960e-02,-2.674431540071999999e-02,-1.991809159517300004e-02,-1.964691281318699939e-02
-2.674431540071999999e-02,-2.517007663845999971e-02,-1.964691281318699939e-02,-1.880380138754799910e-02
-2.517007663845999971e-02,-2.290286682546099906e-02,-1.880380138754799910e-02,-1.733444631099699887e-02
-2.290286682546099906e-02,-1.982469856739000127e-02,-1.733444631099699887e-02,-1.515169534832199946e-02
-1.982469856739000127e-02,-1.588314399123200160e-02,-1.515169534832199946e-02,-1.222071703523400048e-02
-1.588314399123200160e-02,-1.113318651914600027e-02,-1.222071703523400048e-02,-8.600724861025799833e-03
-1.113318651914600027e-02,-5.760109052061999912e-03,-8.600724861025799833e-03,-4.458046518266200152e-03
-5.760109052061999912e-03,2.160096546077699944e-09,-4.458046518266200152e-03,1.757903267396399998e-09
2.160096546077699944e-09,5.760113243013600427e-03,1.757903267396399998e-09,4.458050243556500349e-03
5.760113243013600427e-03,1.113319117575899998e-02,4.458050243556500349e-03,8.600728586316100030e-03
1.113319117575899998e-02,1.588314771652200169e-02,8.600728586316100030e-03,1.222071982920200015e-02
1.588314771652200169e-02,1.982470229268100056e-02,1.222071982920200015e-02,1.515169814229000086e-02
1.982470229268100056e-02,2.290287055075199835e-02,1.515169814229000086e-02,1.733444817364199891e-02
2.290287055075199835e-02,2.517007850110499975e-02,1.733444817364199891e-02,1.880380325019399834e-02
2.517007850110499975e-02,2.674431726336500004e-02,1.880380325019399834e-02,1.964691467583199944e-02
2.674431726336500004e-02,2.774838358163799965e-02,1.964691467583199944e-02,1.991809159517300004e-02
2.774838358163799965e-02,2.792420983314499935e-02,1.991809159517300004e-02,1.947492361068699912e-02
2.792420983314499935e-02,2.757919579744300131e-02,1.947492361068699912e-02,1.901755854487400046e-02
2.757919579744300131e-02,2.709482051432100108e-02,1.901755854487400046e-02,1.894580945372599870e-02
2.709482051432100108e-02,2.679887600243099910e-02,1.894580945372599870e-02,1.907586120068999885e-02
2.679887600243099910e-02,2.670744620263600100e-02,1.907586120068999885e-02,1.920375972986200150e-02
2.670744620263600100e-02,2.667953260242900138e-02,1.920375972986200150e-02,1.927207037806500170e-02
2.667953260242900138e-02,2.663224376738099891e-02,1.927207037806500170e-02,1.927227899432200006e-02
2.663224376738099891e-02,2.654537558555599905e-02,1.927227899432200006e-02,1.920945942401899864e-02
2.654537558555599905e-02,2.641944400966200063e-02,1.920945942401899864e-02,1.908887922763799830e-02
2.641944400966200063e-02,2.625696547329400138e-02,1.908887922763799830e-02,1.891104504466099845e-02
2.625696547329400138e-02,2.606015093624600154e-02,1.891104504466099845e-02,1.868043467402500171e-02
2.606015093624600154e-02,2.583649195730700066e-02,1.868043467402500171e-02,1.840795390307900167e-02
2.583649195730700066e-02,2.559836767613899930e-02,1.840795390307900167e-02,1.810757443308800077e-02
2.559836767613899930e-02,2.535841055214399856e-02,1.810757443308800077e-02,1.779316924512399853e-02
2.535841055214399856e-02,2.512590400874600144e-02,1.779316924512399853e-02,1.747578196227600120e-02
2.512590400874600144e-02,2.490531466901299909e-02,1.747578196227600120e-02,1.716350577771700095e-02
2.490531466901299909e-02,2.469524182379199961e-02,1.716350577771700095e-02,1.686227135360199997e-02
2.469524182379199961e-02,2.448523417115200038e-02,1.686227135360199997e-02,1.657538674771799961e-02
2.448523417115200038e-02,2.425874397158599843e-02,1.657538674771799961e-02,1.629236154258300109e-02
2.425874397158599843e-02,2.400629781186600087e-02,1.629236154258300109e-02,1.599229313433200156e-02
2.400629781186600087e-02,2.380333840847000115e-02,1.599229313433200156e-02,1.578933186829099833e-02
2.380333840847000115e-02,2.370112948119600105e-02,1.578933186829099833e-02,1.568712294101700169e-02
2.370112948119600105e-02,2.362328022718400075e-02,1.568712294101700169e-02,1.560927368700499966e-02
2.362328022718400075e-02,2.358014322817299918e-02,1.560927368700499966e-02,1.556613761931699945e-02
2.358014322817299918e-02,2.355478331446600113e-02,1.556613761931699945e-02,1.553846057504400073e-02
2.355478331446600113e-02,2.354756742715799836e-02,1.553846057504400073e-02,1.553065888583700024e-02
2.354756742715799836e-02,2.354864217340900054e-02,1.553065888583700024e-02,1.553364749997900029e-02
2.354864217340900054e-02,2.355649322271299861e-02,1.553364749997900029e-02,1.554538309574099962e-02
2.355649322271299861e-02,2.357091009616900032e-02,1.554538309574099962e-02,1.556363888084900081e-02
2.357091009616900032e-02,2.359086275100700028e-02,1.556363888084900081e-02,1.558406651020100009e-02
2.359086275100700028e-02,2.361300773918599896e-02,1.558406651020100009e-02,1.560242474079099988e-02
2.361300773918599896e-02,2.363369427621399982e-02,1.560242474079099988e-02,1.561742275953299959e-02
2.363369427621399982e-02,2.365130372345400009e-02,1.561742275953299959e-02,1.562947593629400098e-02
2.365130372345400009e-02,2.366545237600799906e-02,1.562947593629400098e-02,1.563895680010300021e-02
2.366545237600799906e-02,2.367617189884200016e-02,1.563895680010300021e-02,1.564605906605700050e-02
2.367617189884200016e-02,2.368352562189100091e-02,1.564605906605700050e-02,1.565086469054199902e-02
2.368352562189100091e-02,2.368656732142000038e-02,1.565086469054199902e-02,1.565269008278799903e-02
2.368656732142000038e-02,2.368014678359000105e-02,1.565269008278799903e-02,1.564769633114300104e-02
2.368014678359000105e-02,2.364486455917400032e-02,1.564769633114300104e-02,1.562098693102599925e-02
2.364486455917400032e-02,2.357642166316499879e-02,1.562098693102599925e-02,1.556659769266800081e-02
-3.579052165150600068e-02,-3.587078675627700108e-02,-2.357642166316499879e-02,-2.364486455917400032e-02
-3.587078675627700108e-02,-3.591542690992399756e-02,-2.364486455917400032e-02,-2.368014678359000105e-02
-3.591542690992399756e-02,-3.592322766780899762e-02,-2.368014678359000105e-02,-2.368656732142000038e-02
-3.592322766780899762e-02,-3.591819107532499833e-02,-2.368656732142000038e-02,-2.368352562189100091e-02
-3.591819107532499833e-02,-3.590700030326800241e-02,-2.368352562189100091e-02,-2.367617189884200016e-02
-3.590700030326800241e-02,-3.589098528027499790e-02,-2.367617189884200016e-02,-2.366545237600799906e-02
-3.589098528027499790e-02,-3.587024286389400157e-02,-2.366545237600799906e-02,-2.365130372345400009e-02
-3.587024286389400157e-02,-3.584536537527999861e-02,-2.365130372345400009e-02,-2.363369427621399982e-02
-3.584536537527999861e-02,-3.581847995519599898e-02,-2.363369427621399982e-02,-2.361300773918599896e-02
-3.581847995519599898e-02,-3.579363599419600056e-02,-2.361300773918599896e-02,-2.359086275100700028e-02
-3.579363599419600056e-02,-3.577501699328400342e-02,-2.359086275100700028e-02,-2.357091009616900032e-02
-3.577501699328400342e-02,-3.576422110199899834e-02,-2.357091009616900032e-02,-2.355649322271299861e-02
-3.576422110199899834e-02,-3.576065972447400182e-02,-2.355649322271299861e-02,-2.354864217340900054e-02
-3.576065972447400182e-02,-3.576358035206800290e-02,-2.354864217340900054e-02,-2.354756742715799836e-02
-3.576358035206800290e-02,-3.577421978116000073e-02,-2.354756742715799836e-02,-2.355478331446600113e-02
-3.577421978116000073e-02,-3.580554947257000298e-02,-2.355478331446600113e-02,-2.358014322817299918e-02
-3.580554947257000298e-02,-3.584868833422699685e-02,-2.358014322817299918e-02,-2.362328022718400075e-02
-3.584868833422699685e-02,-3.592653572559399711e-02,-2.362328022718400075e-02,-2.370112948119600105e-02
-3.592653572559399711e-02,-3.602874651551200152e-02,-2.370112948119600105e-02,-2.380333840847000115e-02
-3.602874651551200152e-02,-3.623170405626299773e-02,-2.380333840847000115e-02,-2.400629781186600087e-02
-3.623170405626299773e-02,-3.640803322195999836e-02,-2.400629781186600087e-02,-2.425874397158599843e-02
-3.640803322195999836e-02,-3.655161708593399755e-02,-2.425874397158599843e-02,-2.448523417115200038e-02
-3.655161708593399755e-02,-3.666612505912800191e-02,-2.448523417115200038e-02,-2.469524182379199961e-02
-3.666612505912800191e-02,-3.675987944006899738e-02,-2.469524182379199961e-02,-2.490531466901299909e-02
-3.675987944006899738e-02,-3.684616088867199990e-02,-2.490531466901299909e-02,-2.512590400874600144e-02
-3.684616088867199990e-02,-3.693772852420799946e-02,-2.512590400874600144e-02,-2.535841055214399856e-02
-3.693772852420799946e-02,-3.704163432121299754e-02,-2.535841055214399856e-02,-2.559836767613899930e-02
-3.704163432121299754e-02,-3.715872764587400262e-02,-2.559836767613899930e-02,-2.583649195730700066e-02
-3.715872764587400262e-02,-3.728611394762999798e-02,-2.583649195730700066e-02,-2.606015093624600154e-02
-3.728611394762999798e-02,-3.742020204663300265e-02,-2.606015093624600154e-02,-2.625696547329400138e-02
-3.742020204663300265e-02,-3.755928948521600197e-02,-2.625696547329400138e-02,-2.641944400966200063e-02
-3.755928948521600197e-02,-3.770751133561100338e-02,-2.641944400966200063e-02,-2.654537558555599905e-02
-3.770751133561100338e-02,-3.788480162620500025e-02,-2.654537558555599905e-02,-2.663224376738099891e-02
-3.788480162620500025e-02,-3.813743218779599986e-02,-2.663224376738099891e-02,-2.667953260242900138e-02
-3.813743218779599986e-02,-3.851735219359399970e-02,-2.667953260242900138e-02,-2.670744620263600100e-02
-3.851735219359399970e-02,-3.900064900517499766e-02,-2.670744620263600100e-02,-2.679887600243099910e-02
-3.900064900517499766e-02,-3.942373394966099814e-02,-2.679887600243099910e-02,-2.709482051432100108e-02
-3.942373394966099814e-02,-3.954076766967799805e-02,-2.709482051432100108e-02,-2.757919579744300131e-02
-3.954076766967799805e-02,-3.912295773625400208e-02,-2.757919579744300131e-02,-2.792420797049999931e-02
-3.912295773625400208e-02,-3.799375891685499718e-02,-2.792420797049999931e-02,-2.774838171899299960e-02
-3.799375891685499718e-02,-3.600919246673599944e-02,-2.774838171899299960e-02,-2.674431540071999999e-02
-3.600919246673599944e-02,-3.343408554792400011e-02,-2.674431540071999999e-02,-2.517007663845999971e-02
-3.343408554792400011e-02,-3.007972799241500142e-02,-2.517007663845999971e-02,-2.290286682546099906e-02
-3.007972799241500142e-02,-2.580289915203999931e-02,-2.290286682546099906e-02,-1.982469856739000127e-02
-2.580289915203999931e-02,-2.053947187960099979e-02,-1.982469856739000127e-02,-1.588314399123200160e-02
-2.053947187960099979e-02,-1.434093248099099945e-02,-1.588314399123200160e-02,-1.113318651914600027e-02
-1.434093248099099945e-02,-7.407533470541199754e-03,-1.113318651914600027e-02,-5.760109052061999912e-03
-7.407533470541199754e-03,2.641779461853799873e-09,-5.760109052061999912e-03,2.160096546077699944e-09
2.641779461853799873e-09,7.407538592815400037e-03,2.160096546077699944e-09,5.760113243013600427e-03
7.407538592815400037e-03,1.434093713760399916e-02,5.760113243013600427e-03,1.113319117575899998e-02
1.434093713760399916e-02,2.053947746753699913e-02,1.113319117575899998e-02,1.588314771652200169e-02
2.053947746753699913e-02,2.580290287733099860e-02,1.588314771652200169e-02,1.982470229268100056e-02
2.580290287733099860e-02,3.007972985506100067e-02,1.982470229268100056e-02,2.290287055075199835e-02
3.007972985506100067e-02,3.343408927321400020e-02,2.290287055075199835e-02,2.517007850110499975e-02
3.343408927321400020e-02,3.600919246673599944e-02,2.517007850110499975e-02,2.674431726336500004e-02
3.600919246673599944e-02,3.799375891685499718e-02,2.674431726336500004e-02,2.774838358163799965e-02
3.799375891685499718e-02,3.912295773625400208e-02,2.774838358163799965e-02,2.792420983314499935e-02
3.912295773625400208e-02,3.954076766967799805e-02,2.792420983314499935e-02,2.757919579744300131e-02
3.954076766967799805e-02,3.942373767495199743e-02,2.757919579744300131e-02,2.709482051432100108e-02
3.942373767495199743e-02,3.900064900517499766e-02,2.709482051432100108e-02,2.679887600243099910e-02
3.900064900517499766e-02,3.851735219359399970e-02,2.679887600243099910e-02,2.670744620263600100e-02
3.851735219359399970e-02,3.813743218779599986e-02,2.670744620263600100e-02,2.667953260242900138e-02
3.813743218779599986e-02,3.788480162620500025e-02,2.667953260242900138e-02,2.663224376738099891e-02
3.788480162620500025e-02,3.770751133561100338e-02,2.663224376738099891e-02,2.654537558555599905e-02
3.770751133561100338e-02,3.755928948521600197e-02,2.654537558555599905e-02,2.641944400966200063e-02
3.755928948521600197e-02,3.742020204663300265e-02,2.641944400966200063e-02,2.625696547329400138e-02
3.742020204663300265e-02,3.728611394762999798e-02,2.625696547329400138e-02,2.606015093624600154e-02
3.728611394762999798e-02,3.715872764587400262e-02,2.606015093624600154e-02,2.583649195730700066e-02
3.715872764587400262e-02,3.704163432121299754e-02,2.583649195730700066e-02,2.559836767613899930e-02
3.704163432121299754e-02,3.693772852420799946e-02,2.559836767613899930e-02,2.535841055214399856e-02
3.693772852420799946e-02,3.684616088867199990e-02,2.535841055214399856e-02,2.512590400874600144e-02
3.684616088867199990e-02,3.675987944006899738e-02,2.512590400874600144e-02,2.490531466901299909e-02
3.675987944006899738e-02,3.666612505912800191e-02,2.490531466901299909e-02,2.469524182379199961e-02
3.666612505912800191e-02,3.655161708593399755e-02,2.469524182379199961e-02,2.448523417115200038e-02
3.655161708593399755e-02,3.640803322195999836e-02,2.448523417115200038e-02,2.425874397158599843e-02
3.640803322195999836e-02,3.623170405626299773e-02,2.425874397158599843e-02,2.400629781186600087e-02
3.623170405626299773e-02,3.602874651551200152e-02,2.400629781186600087e-02,2.380333840847000115e-02
3.602874651551200152e-02,3.592653572559399711e-02,2.380333840847000115e-02,2.370112948119600105e-02
3.592653572559399711e-02,3.584868833422699685e-02,2.370112948119600105e-02,2.362328022718400075e-02
3.584868833422699685e-02,3.580554947257000298e-02,2.362328022718400075e-02,2.358014322817299918e-02
3.580554947257000298e-02,3.577421978116000073e-02,2.358014322817299918e-02,2.355478331446600113e-02
3.577421978116000073e-02,3.576358035206800290e-02,2.355478331446600113e-02,2.354756742715799836e-02
3.576358035206800290e-02,3.576065972447400182e-02,2.354756742715799836e-02,2.354864217340900054e-02
3.576065972447400182e-02,3.576422110199899834e-02,2.354864217340900054e-02,2.355649322271299861e-02
3.576422110199899834e-02,3.577501699328400342e-02,2.355649322271299861e-02,2.357091009616900032e-02
3.577501699328400342e-02,3.579363599419600056e-02,2.357091009616900032e-02,2.359086275100700028e-02
3.579363599419600056e-02,3.581847995519599898e-02,2.359086275100700028e-02,2.361300773918599896e-02
3.581847995519599898e-02,3.584536537527999861e-02,2.361300773918599896e-02,2.363369427621399982e-02
3.584536537527999861e-02,3.587024286389400157e-02,2.363369427621399982e-02,2.365130372345400009e-02
3.587024286389400157e-02,3.589098528027499790e-02,2.365130372345400009e-02,2.366545237600799906e-02
3.589098528027499790e-02,3.590700030326800241e-02,2.366545237600799906e-02,2.367617189884200016e-02
3.590700030326800241e-02,3.591819107532499833e-02,2.367617189884200016e-02,2.368352562189100091e-02
3.591819107532499833e-02,3.592322766780899762e-02,2.368352562189100091e-02,2.368656732142000038e-02
3.592322766780899762e-02,3.591542690992399756e-02,2.368656732142000038e-02,2.368014678359000105e-02
3.591542690992399756e-02,3.587078675627700108e-02,2.368014678359000105e-02,2.364486455917400032e-02
3.587078675627700108e-02,3.579052165150600068e-02,2.364486455917400032e-02,2.357642166316499879e-02
-5.070189759135199786e-02,-5.079256370663599862e-02,-3.579052165150600068e-02,-3.587078675627700108e-02
-5.079256370663599862e-02,-5.084678530693099996e-02,-3.587078675627700108e-02,-3.591542690992399756e-02
-5.084678530693099996e-02,-5.085587874054899732e-02,-3.591542690992399756e-02,-3.592322766780899762e-02
-5.085587874054899732e-02,-5.084836855530699973e-02,-3.592322766780899762e-02,-3.591819107532499833e-02
-5.084836855530699973e-02,-5.083264037966699761e-02,-3.591819107532499833e-02,-3.590700030326800241e-02
-5.083264037966699761e-02,-5.081056803464899935e-02,-3.590700030326800241e-02,-3.589098528027499790e-02
-5.081056803464899935e-02,-5.078272521495799663e-02,-3.589098528027499790e-02,-3.587024286389400157e-02
-5.078272521495799663e-02,-5.075090005993800057e-02,-3.587024286389400157e-02,-3.584536537527999861e-02
-5.075090005993800057e-02,-5.071920529007899886e-02,-3.584536537527999861e-02,-3.581847995519599898e-02
-5.071920529007899886e-02,-5.069251731038099812e-02,-3.581847995519599898e-02,-3.579363599419600056e-02
-5.069251731038099812e-02,-5.067339539527900005e-02,-3.579363599419600056e-02,-3.577501699328400342e-02
-5.067339539527900005e-02,-5.066183954477299772e-02,-3.577501699328400342e-02,-3.576422110199899834e-02
-5.066183954477299772e-02,-5.065721645951300200e-02,-3.576422110199899834e-02,-3.576065972447400182e-02
-5.065721645951300200e-02,-5.065960064530399681e-02,-3.576065972447400182e-02,-3.576358035206800290e-02
-5.065960064530399681e-02,-5.067175999283800303e-02,-3.576358035206800290e-02,-3.577421978116000073e-02
-5.067175999283800303e-02,-5.071680620312699755e-02,-3.577421978116000073e-02,-3.580554947257000298e-02
-5.071680620312699755e-02,-5.082476511597600055e-02,-3.580554947257000298e-02,-3.584868833422699685e-02
-5.082476511597600055e-02,-5.111059918999699692e-02,-3.584868833422699685e-02,-3.592653572559399711e-02
-5.111059918999699692e-02,-5.148395523428900278e-02,-3.592653572559399711e-02,-3.602874651551200152e-02
-5.148395523428900278e-02,-5.195939913392100262e-02,-3.602874651551200152e-02,-3.623170405626299773e-02
-5.195939913392100262e-02,-5.245752632617999706e-02,-3.623170405626299773e-02,-3.640803322195999836e-02
-5.245752632617999706e-02,-5.288143455982199925e-02,-3.640803322195999836e-02,-3.655161708593399755e-02
-5.288143455982199925e-02,-5.323117226362199944e-02,-3.655161708593399755e-02,-3.666612505912800191e-02
-5.323117226362199944e-02,-5.351432412862799914e-02,-3.666612505912800191e-02,-3.675987944006899738e-02
-5.351432412862799914e-02,-5.374186858534799743e-02,-3.675987944006899738e-02,-3.684616088867199990e-02
-5.374186858534799743e-02,-5.392403900623300023e-02,-3.684616088867199990e-02,-3.693772852420799946e-02
-5.392403900623300023e-02,-5.406754836440100243e-02,-3.693772852420799946e-02,-3.704163432121299754e-02
-5.406754836440100243e-02,-5.417533963918699791e-02,-3.704163432121299754e-02,-3.715872764587400262e-02
-5.417533963918699791e-02,-5.424808710813500134e-02,-3.715872764587400262e-02,-3.728611394762999798e-02
-5.424808710813500134e-02,-5.428621917963000199e-02,-3.728611394762999798e-02,-3.742020204663300265e-02
-5.428621917963000199e-02,-5.429204180836699756e-02,-3.742020204663300265e-02,-3.755928948521600197e-02
-5.429204180836699756e-02,-5.427223443984999923e-02,-3.755928948521600197e-02,-3.770751133561100338e-02
-5.427223443984999923e-02,-5.424026027321800225e-02,-3.770751133561100338e-02,-3.788480162620500025e-02
-5.424026027321800225e-02,-5.421276018023499926e-02,-3.788480162620500025e-02,-3.813743218779599986e-02
-5.421276018023499926e-02,-5.418816953897499789e-02,-3.813743218779599986e-02,-3.851735219359399970e-02
-5.418816953897499789e-02,-5.410531163215599737e-02,-3.851735219359399970e-02,-3.900064900517499766e-02
-5.410531163215599737e-02,-5.381380766630199791e-02,-3.900064900517499766e-02,-3.942373394966099814e-02
-5.381380766630199791e-02,-5.310134589672099725e-02,-3.942373394966099814e-02,-3.954076766967799805e-02
-5.310134589672099725e-02,-5.175611004233399842e-02,-3.954076766967799805e-02,-3.912295773625400208e-02
-5.175611004233399842e-02,-4.959416389465300112e-02,-3.912295773625400208e-02,-3.799375891685499718e-02
-4.959416389465300112e-02,-4.656619951128999901e-02,-3.799375891685499718e-02,-3.600919246673599944e-02
-4.656619951128999901e-02,-4.276548698544500177e-02,-3.600919246673599944e-02,-3.343408554792400011e-02
-4.276548698544500177e-02,-3.802907466888399979e-02,-3.343408554792400011e-02,-3.007972799241500142e-02
-3.802907466888399979e-02,-3.224379196762999777e-02,-3.007972799241500142e-02,-2.580289915203999931e-02
-3.224379196762999777e-02,-2.537317387759700088e-02,-2.580289915203999931e-02,-2.053947187960099979e-02
-2.537317387759700088e-02,-1.748993620276500030e-02,-2.053947187960099979e-02,-1.434093248099099945e-02
-1.748993620276500030e-02,-8.820909075439000574e-03,-1.434093248099099945e-02,-7.407533470541199754e-03
-8.820909075439000574e-03,-2.256661302269000201e-09,-7.407533470541199754e-03,2.641779461853799873e-09
-2.256661302269000201e-09,8.820907212793799301e-03,2.641779461853799873e-09,7.407538592815400037e-03
8.820907212793799301e-03,1.748993620276500030e-02,7.407538592815400037e-03,1.434093713760399916e-02
1.748993620276500030e-02,2.537317387759700088e-02,1.434093713760399916e-02,2.053947746753699913e-02
2.537317387759700088e-02,3.224379196762999777e-02,2.053947746753699913e-02,2.580290287733099860e-02
3.224379196762999777e-02,3.802907466888399979e-02,2.580290287733099860e-02,3.007972985506100067e-02
3.802907466888399979e-02,4.276548698544500177e-02,3.007972985506100067e-02,3.343408927321400020e-02
4.276548698544500177e-02,4.656620323657999910e-02,3.343408927321400020e-02,3.600919246673599944e-02
4.656620323657999910e-02,4.959416761994400041e-02,3.600919246673599944e-02,3.799375891685499718e-02
4.959416761994400041e-02,5.175611376762399851e-02,3.799375891685499718e-02,3.912295773625400208e-02
5.175611376762399851e-02,5.310134589672099725e-02,3.912295773625400208e-02,3.954076766967799805e-02
5.310134589672099725e-02,5.381380766630199791e-02,3.954076766967799805e-02,3.942373767495199743e-02
5.381380766630199791e-02,5.410531163215599737e-02,3.942373767495199743e-02,3.900064900517499766e-02
5.410531163215599737e-02,5.418816953897499789e-02,3.900064900517499766e-02,3.851735219359399970e-02
5.418816953897499789e-02,5.421276018023499926e-02,3.851735219359399970e-02,3.813743218779599986e-02
5.421276018023499926e-02,5.424026027321800225e-02,3.813743218779599986e-02,3.788480162620500025e-02
5.424026027321800225e-02,5.427223443984999923e-02,3.788480162620500025e-02,3.770751133561100338e-02
5.427223443984999923e-02,5.429204180836699756e-02,3.770751133561100338e-02,3.755928948521600197e-02
5.429204180836699756e-02,5.428621917963000199e-02,3.755928948521600197e-02,3.742020204663300265e-02
5.428621917963000199e-02,5.424808710813500134e-02,3.742020204663300265e-02,3.728611394762999798e-02
5.424808710813500134e-02,5.417533963918699791e-02,3.728611394762999798e-02,3.715872764587400262e-02
5.417533963918699791e-02,5.406754836440100243e-02,3.715872764587400262e-02,3.704163432121299754e-02
5.406754836440100243e-02,5.392403900623300023e-02,3.704163432121299754e-02,3.693772852420799946e-02
5.392403900623300023e-02,5.374186858534799743e-02,3.693772852420799946e-02,3.684616088867199990e-02
5.374186858534799743e-02,5.351432412862799914e-02,3.684616088867199990e-02,3.675987944006899738e-02
5.351432412862799914e-02,5.323117226362199944e-02,3.675987944006899738e-02,3.666612505912800191e-02
5.323117226362199944e-02,5.288143455982199925e-02,3.666612505912800191e-02,3.655161708593399755e-02
5.288143455982199925e-02,5.245752632617999706e-02,3.655161708593399755e-02,3.640803322195999836e-02
5.245752632617999706e-02,5.195939913392100262e-02,3.640803322195999836e-02,3.623170405626299773e-02
5.195939913392100262e-02,5.148395523428900278e-02,3.623170405626299773e-02,3.602874651551200152e-02
5.148395523428900278e-02,5.111059918999699692e-02,3.602874651551200152e-02,3.592653572559399711e-02
5.111059918999699692e-02,5.082476511597600055e-02,3.592653572559399711e-02,3.584868833422699685e-02
5.082476511597600055e-02,5.071680620312699755e-02,3.584868833422699685e-02,3.580554947257000298e-02
5.071680620312699755e-02,5.067175999283800303e-02,3.580554947257000298e-02,3.577421978116000073e-02
5.067175999283800303e-02,5.065960064530399681e-02,3.577421978116000073e-02,3.576358035206800290e-02
5.065960064530399681e-02,5.065721645951300200e-02,3.576358035206800290e-02,3.576065972447400182e-02
5.065721645951300200e-02,5.066183954477299772e-02,3.576065972447400182e-02,3.576422110199899834e-02
5.066183954477299772e-02,5.067339539527900005e-02,3.576422110199899834e-02,3.577501699328400342e-02
5.067339539527900005e-02,5.069251731038099812e-02,3.577501699328400342e-02,3.579363599419600056e-02
5.069251731038099812e-02,5.071920529007899886e-02,3.579363599419600056e-02,3.581847995519599898e-02
5.071920529007899886e-02,5.075090005993800057e-02,3.581847995519599898e-02,3.584536537527999861e-02
5.075090005993800057e-02,5.078272521495799663e-02,3.584536537527999861e-02,3.587024286389400157e-02
5.078272521495799663e-02,5.081056803464899935e-02,3.587024286389400157e-02,3.589098528027499790e-02
5.081056803464899935e-02,5.083264037966699761e-02,3.589098528027499790e-02,3.590700030326800241e-02
5.083264037966699761e-02,5.084836855530699973e-02,3.590700030326800241e-02,3.591819107532499833e-02
5.084836855530699973e-02,5.085587874054899732e-02,3.591819107532499833e-02,3.592322766780899762e-02
5.085587874054899732e-02,5.084678530693099996e-02,3.592322766780899762e-02,3.591542690992399756e-02
5.084678530693099996e-02,5.079256370663599862e-02,3.591542690992399756e-02,3.587078675627700108e-02
5.079256370663599862e-02,5.070189759135199786e-02,3.587078675627700108e-02,3.579052165150600068e-02
-6.824173033237500297e-02,-6.834428012371099315e-02,-5.070189759135199786e-02,-5.079256370663599862e-02
-6.834428012371099315e-02,-6.840908527374299497e-02,-5.079256370663599862e-02,-5.084678530693099996e-02
-6.840908527374299497e-02,-6.841955333948100682e-02,-5.084678530693099996e-02,-5.085587874054899732e-02
-6.841955333948100682e-02,-6.840918958187100496e-02,-5.085587874054899732e-02,-5.084836855530699973e-02
-6.840918958187100496e-02,-6.838835775852200594e-02,-5.084836855530699973e-02,-5.083264037966699761e-02
-6.838835775852200594e-02,-6.835982203483599584e-02,-5.083264037966699761e-02,-5.081056803464899935e-02
-6.835982203483599584e-02,-6.832503527402900012e-02,-5.081056803464899935e-02,-5.078272521495799663e-02
-6.832503527402900012e-02,-6.828736513853099488e-02,-5.078272521495799663e-02,-5.075090005993800057e-02
-6.828736513853099488e-02,-6.825241446495100561e-02,-5.075090005993800057e-02,-5.071920529007899886e-02
-6.825241446495100561e-02,-6.822483986616099949e-02,-5.071920529007899886e-02,-5.069251731038099812e-02
-6.822483986616099949e-02,-6.820603460073500213e-02,-5.069251731038099812e-02,-5.067339539527900005e-02
-6.820603460073500213e-02,-6.819513440132099480e-02,-5.067339539527900005e-02,-5.066183954477299772e-02
-6.819513440132099480e-02,-6.819099187850999333e-02,-5.066183954477299772e-02,-5.065721645951300200e-02
-6.819099187850999333e-02,-6.819348782300900524e-02,-5.065721645951300200e-02,-5.065960064530399681e-02
-6.819348782300900524e-02,-6.820563226938200496e-02,-5.065960064530399681e-02,-5.067175999283800303e-02
-6.820563226938200496e-02,-6.825649738311799497e-02,-5.067175999283800303e-02,-5.071680620312699755e-02
-6.825649738311799497e-02,-6.854856759309800596e-02,-5.071680620312699755e-02,-5.082476511597600055e-02
-6.854856759309800596e-02,-6.955185532569900519e-02,-5.082476511597600055e-02,-5.111059918999699692e-02
-6.955185532569900519e-02,-7.088711857795700066e-02,-5.111059918999699692e-02,-5.148395523428900278e-02
-7.088711857795700066e-02,-7.232000678777700253e-02,-5.148395523428900278e-02,-5.195939913392100262e-02
-7.232000678777700253e-02,-7.372227311134299521e-02,-5.195939913392100262e-02,-5.245752632617999706e-02
-7.372227311134299521e-02,-7.498940825462299675e-02,-5.245752632617999706e-02,-5.288143455982199925e-02
-7.498940825462299675e-02,-7.610436528921099564e-02,-5.288143455982199925e-02,-5.323117226362199944e-02
-7.610436528921099564e-02,-7.706193625927000579e-02,-5.323117226362199944e-02,-5.351432412862799914e-02
-7.706193625927000579e-02,-7.786216586828199893e-02,-5.351432412862799914e-02,-5.374186858534799743e-02
-7.786216586828199893e-02,-7.850649207830399934e-02,-5.374186858534799743e-02,-5.392403900623300023e-02
-7.850649207830399934e-02,-7.899560034275099341e-02,-5.392403900623300023e-02,-5.406754836440100243e-02
-7.899560034275099341e-02,-7.932857424020800519e-02,-5.406754836440100243e-02,-5.417533963918699791e-02
-7.932857424020800519e-02,-7.950266450643500571e-02,-5.417533963918699791e-02,-5.424808710813500134e-02
-7.950266450643500571e-02,-7.951308786869000500e-02,-5.424808710813500134e-02,-5.428621917963000199e-02
-7.951308786869000500e-02,-7.935215532779700542e-02,-5.428621917963000199e-02,-5.429204180836699756e-02
-7.935215532779700542e-02,-7.900746911764100489e-02,-5.429204180836699756e-02,-5.427223443984999923e-02
-7.900746911764100489e-02,-7.845883816480600514e-02,-5.427223443984999923e-02,-5.424026027321800225e-02
-7.845883816480600514e-02,-7.767343521118200145e-02,-5.424026027321800225e-02,-5.421276018023499926e-02
-7.767343521118200145e-02,-7.659800350666000346e-02,-5.421276018023499926e-02,-5.418816953897499789e-02
-7.659800350666000346e-02,-7.514858245849599661e-02,-5.418816953897499789e-02,-5.410531163215599737e-02
-7.514858245849599661e-02,-7.320836931467100683e-02,-5.410531163215599737e-02,-5.381380766630199791e-02
-7.320836931467100683e-02,-7.064726203679999594e-02,-5.381380766630199791e-02,-5.310134589672099725e-02
-7.064726203679999594e-02,-6.734840571880300331e-02,-5.310134589672099725e-02,-5.175611004233399842e-02
-6.734840571880300331e-02,-6.321979314088800594e-02,-5.175611004233399842e-02,-4.959416389465300112e-02
-6.321979314088800594e-02,-5.823036655783699750e-02,-4.959416389465300112e-02,-4.656619951128999901e-02
-5.823036655783699750e-02,-5.238553509116199852e-02,-4.656619951128999901e-02,-4.276548698544500177e-02
-5.238553509116199852e-02,-4.562999680638300110e-02,-4.276548698544500177e-02,-3.802907466888399979e-02
-4.562999680638300110e-02,-3.794928640127200048e-02,-3.802907466888399979e-02,-3.224379196762999777e-02
-3.794928640127200048e-02,-2.938283234834700164e-02,-3.224379196762999777e-02,-2.537317387759700088e-02
-2.938283234834700164e-02,-2.003863826394099851e-02,-2.537317387759700088e-02,-1.748993620276500030e-02
-2.003863826394099851e-02,-1.011532731354200000e-02,-1.748993620276500030e-02,-8.820909075439000574e-03
-1.011532731354200000e-02,-1.100549962273999944e-08,-8.820909075439000574e-03,-2.256661302269000201e-09
-1.100549962273999944e-08,1.011530868709100035e-02,-2.256661302269000201e-09,8.820907212793799301e-03
1.011530868709100035e-02,2.003862336277999895e-02,8.820907212793799301e-03,1.748993620276500030e-02
2.003862336277999895e-02,2.938282117247599870e-02,1.748993620276500030e-02,2.537317387759700088e-02
2.938282117247599870e-02,3.794927895069100110e-02,2.537317387759700088e-02,3.224379196762999777e-02
3.794927895069100110e-02,4.562999308109300101e-02,3.224379196762999777e-02,3.802907466888399979e-02
4.562999308109300101e-02,5.238553136587099923e-02,3.802907466888399979e-02,4.276548698544500177e-02
5.238553136587099923e-02,5.823036655783699750e-02,4.276548698544500177e-02,4.656620323657999910e-02
5.823036655783699750e-02,6.321979314088800594e-02,4.656620323657999910e-02,4.959416761994400041e-02
6.321979314088800594e-02,6.734840571880300331e-02,4.959416761994400041e-02,5.175611376762399851e-02
6.734840571880300331e-02,7.064726203679999594e-02,5.175611376762399851e-02,5.310134589672099725e-02
7.064726203679999594e-02,7.320836931467100683e-02,5.310134589672099725e-02,5.381380766630199791e-02
7.320836931467100683e-02,7.514858245849599661e-02,5.381380766630199791e-02,5.410531163215599737e-02
7.514858245849599661e-02,7.659800350666000346e-02,5.410531163215599737e-02,5.418816953897499789e-02
7.659800350666000346e-02,7.767343521118200145e-02,5.418816953897499789e-02,5.421276018023499926e-02
7.767343521118200145e-02,7.845883816480600514e-02,5.421276018023499926e-02,5.424026027321800225e-02
7.845883816480600514e-02,7.900746911764100489e-02,5.424026027321800225e-02,5.427223443984999923e-02
7.900746911764100489e-02,7.935215532779700542e-02,5.427223443984999923e-02,5.429204180836699756e-02
7.935215532779700542e-02,7.951308786869000500e-02,5.429204180836699756e-02,5.428621917963000199e-02
7.951308786869000500e-02,7.950266450643500571e-02,5.428621917963000199e-02,5.424808710813500134e-02
7.950266450643500571e-02,7.932857424020800519e-02,5.424808710813500134e-02,5.417533963918699791e-02
7.932857424020800519e-02,7.899560034275099341e-02,5.417533963918699791e-02,5.406754836440100243e-02
7.899560034275099341e-02,7.850649207830399934e-02,5.406754836440100243e-02,5.392403900623300023e-02
7.850649207830399934e-02,7.786216586828199893e-02,5.392403900623300023e-02,5.374186858534799743e-02
7.786216586828199893e-02,7.706193625927000579e-02,5.374186858534799743e-02,5.351432412862799914e-02
7.706193625927000579e-02,7.610436528921099564e-02,5.351432412862799914e-02,5.323117226362199944e-02
7.610436528921099564e-02,7.498940825462299675e-02,5.323117226362199944e-02,5.288143455982199925e-02
7.498940825462299675e-02,7.372227311134299521e-02,5.288143455982199925e-02,5.245752632617999706e-02
7.372227311134299521e-02,7.232000678777700253e-02,5.245752632617999706e-02,5.195939913392100262e-02
7.232000678777700253e-02,7.088711857795700066e-02,5.195939913392100262e-02,5.148395523428900278e-02
7.088711857795700066e-02,6.955185532569900519e-02,5.148395523428900278e-02,5.111059918999699692e-02
6.955185532569900519e-02,6.854856759309800596e-02,5.111059918999699692e-02,5.082476511597600055e-02
6.854856759309800596e-02,6.825649738311799497e-02,5.082476511597600055e-02,5.071680620312699755e-02
6.825649738311799497e-02,6.820563226938200496e-02,5.071680620312699755e-02,5.067175999283800303e-02
6.820563226938200496e-02,6.819348782300900524e-02,5.067175999283800303e-02,5.065960064530399681e-02
6.819348782300900524e-02,6.819099187850999333e-02,5.065960064530399681e-02,5.065721645951300200e-02
6.819099187850999333e-02,6.819513440132099480e-02,5.065721645951300200e-02,5.066183954477299772e-02
6.819513440132099480e-02,6.820603460073500213e-02,5.066183954477299772e-02,5.067339539527900005e-02
6.820603460073500213e-02,6.822483986616099949e-02,5.067339539527900005e-02,5.069251731038099812e-02
6.822483986616099949e-02,6.825241446495100561e-02,5.069251731038099812e-02,5.071920529007899886e-02
6.825241446495100561e-02,6.828736513853099488e-02,5.071920529007899886e-02,5.075090005993800057e-02
6.828736513853099488e-02,6.832503527402900012e-02,5.075090005993800057e-02,5.078272521495799663e-02
6.832503527402900012e-02,6.835982203483599584e-02,5.078272521495799663e-02,5.081056803464899935e-02
6.835982203483599584e-02,6.838835775852200594e-02,5.081056803464899935e-02,5.083264037966699761e-02
6.838835775852200594e-02,6.840918958187100496e-02,5.083264037966699761e-02,5.084836855530699973e-02
6.840918958187100496e-02,6.841955333948100682e-02,5.084836855530699973e-02,5.085587874054899732e-02
6.841955333948100682e-02,6.840908527374299497e-02,5.085587874054899732e-02,5.084678530693099996e-02
6.840908527374299497e-02,6.834428012371099315e-02,5.084678530693099996e-02,5.079256370663599862e-02
6.834428012371099315e-02,6.824173033237500297e-02,5.079256370663599862e-02,5.070189759135199786e-02
-9.057293087244000507e-02,-9.068793058395399620e-02,-6.824173033237500297e-02,-6.834428012371099315e-02
-9.068793058395399620e-02,-9.076429158449199341e-02,-6.834428012371099315e-02,-6.840908527374299497e-02
-9.076429158449199341e-02,-9.077610075473800666e-02,-6.840908527374299497e-02,-6.841955333948100682e-02
-9.077610075473800666e-02,-9.076216071844099564e-02,-6.841955333948100682e-02,-6.840918958187100496e-02
-9.076216071844099564e-02,-9.073526412248600348e-02,-6.840918958187100496e-02,-6.838835775852200594e-02
-9.073526412248600348e-02,-9.069956839084600264e-02,-6.838835775852200594e-02,-6.835982203483599584e-02
-9.069956839084600264e-02,-9.065802395343799946e-02,-6.835982203483599584e-02,-6.832503527402900012e-02
-9.065802395343799946e-02,-9.061574190854999877e-02,-6.832503527402900012e-02,-6.828736513853099488e-02
-9.061574190854999877e-02,-9.057883918285400404e-02,-6.828736513853099488e-02,-6.825241446495100561e-02
-9.057883918285400404e-02,-9.055078774690600296e-02,-6.825241446495100561e-02,-6.822483986616099949e-02
-9.055078774690600296e-02,-9.053178131580399968e-02,-6.822483986616099949e-02,-6.820603460073500213e-02
-9.053178131580399968e-02,-9.052052348852200614e-02,-6.820603460073500213e-02,-6.819513440132099480e-02
-9.052052348852200614e-02,-9.051587432622899831e-02,-6.819513440132099480e-02,-6.819099187850999333e-02
-9.051587432622899831e-02,-9.051777422428100572e-02,-6.819099187850999333e-02,-6.819348782300900524e-02
-9.051777422428100572e-02,-9.052952378988300686e-02,-6.819348782300900524e-02,-6.820563226938200496e-02
-9.052952378988300686e-02,-9.058751910924900397e-02,-6.820563226938200496e-02,-6.825649738311799497e-02
-9.058751910924900397e-02,-9.112322330474899312e-02,-6.825649738311799497e-02,-6.854856759309800596e-02
-9.112322330474899312e-02,-9.310369938611999518e-02,-6.854856759309800596e-02,-6.955185532569900519e-02
-9.310369938611999518e-02,-9.570187330245999435e-02,-6.955185532569900519e-02,-7.088711857795700066e-02
-9.570187330245999435e-02,-9.829540550708799895e-02,-7.088711857795700066e-02,-7.232000678777700253e-02
-9.829540550708799895e-02,-1.006781905889500006e-01,-7.232000678777700253e-02,-7.372227311134299521e-02
-1.006781905889500006e-01,-1.027784124016799944e-01,-7.372227311134299521e-02,-7.498940825462299675e-02
-1.027784124016799944e-01,-1.045863032340999949e-01,-7.498940825462299675e-02,-7.610436528921099564e-02
-1.045863032340999949e-01,-1.060997173190099951e-01,-7.610436528921099564e-02,-7.706193625927000579e-02
-1.060997173190099951e-01,-1.073167175054599992e-01,-7.706193625927000579e-02,-7.786216586828199893e-02
-1.073167175054599992e-01,-1.082334443926799977e-01,-7.786216586828199893e-02,-7.850649207830399934e-02
-1.082334443926799977e-01,-1.088434085249899985e-01,-7.850649207830399934e-02,-7.899560034275099341e-02
-1.088434085249899985e-01,-1.091369912028300054e-01,-7.899560034275099341e-02,-7.932857424020800519e-02
-1.091369912028300054e-01,-1.091009303927400059e-01,-7.932857424020800519e-02,-7.950266450643500571e-02
-1.091009303927400059e-01,-1.087176650762600033e-01,-7.950266450643500571e-02,-7.951308786869000500e-02
-1.087176650762600033e-01,-1.079643815755799985e-01,-7.951308786869000500e-02,-7.935215532779700542e-02
-1.079643815755799985e-01,-1.068119332194299997e-01,-7.935215532779700542e-02,-7.900746911764100489e-02
-1.068119332194299997e-01,-1.052239686250699968e-01,-7.900746911764100489e-02,-7.845883816480600514e-02
-1.052239686250699968e-01,-1.031562238931700015e-01,-7.845883816480600514e-02,-7.767343521118200145e-02
-1.031562238931700015e-01,-1.005558297038099957e-01,-7.767343521118200145e-02,-7.659800350666000346e-02
-1.005558297038099957e-01,-9.736051410436599718e-02,-7.659800350666000346e-02,-7.514858245849599661e-02
-9.736051410436599718e-02,-9.350106865167599757e-02,-7.514858245849599661e-02,-7.320836931467100683e-02
-9.350106865167599757e-02,-8.891039341688200537e-02,-7.320836931467100683e-02,-7.064726203679999594e-02
-8.891039341688200537e-02,-8.353320509195300003e-02,-7.064726203679999594e-02,-6.734840571880300331e-02
-8.353320509195300003e-02,-7.733017206191999948e-02,-6.734840571880300331e-02,-6.321979314088800594e-02
-7.733017206191999948e-02,-7.029078155755999480e-02,-6.321979314088800594e-02,-5.823036655783699750e-02
-7.029078155755999480e-02,-6.242794543504699700e-02,-5.823036655783699750e-02,-5.238553509116199852e-02
-6.242794543504699700e-02,-5.375195294618600322e-02,-5.238553509116199852e-02,-4.562999680638300110e-02
-5.375195294618600322e-02,-4.430074617266700071e-02,-4.562999680638300110e-02,-3.794928640127200048e-02
-4.430074617266700071e-02,-3.414038941264199711e-02,-3.794928640127200048e-02,-2.938283234834700164e-02
-3.414038941264199711e-02,-2.335507981479199857e-02,-2.938283234834700164e-02,-2.003863826394099851e-02
-2.335507981479199857e-02,-1.200400013476599949e-02,-2.003863826394099851e-02,-1.011532731354200000e-02
-1.200400013476599949e-02,-2.449828251371900002e-08,-1.011532731354200000e-02,-1.100549962273999944e-08
-2.449828251371900002e-08,1.200395543128300081e-02,-1.100549962273999944e-08,1.011530868709100035e-02
1.200395543128300081e-02,2.335504069924400003e-02,1.011530868709100035e-02,2.003862336277999895e-02
2.335504069924400003e-02,3.414035961031899880e-02,2.003862336277999895e-02,2.938282117247599870e-02
3.414035961031899880e-02,4.430072009563400248e-02,2.938282117247599870e-02,3.794927895069100110e-02
4.430072009563400248e-02,5.375193059444399735e-02,3.794927895069100110e-02,4.562999308109300101e-02
5.375193059444399735e-02,6.242792680859599735e-02,4.562999308109300101e-02,5.238553136587099923e-02
6.242792680859599735e-02,7.029076665639899524e-02,5.238553136587099923e-02,5.823036655783699750e-02
7.029076665639899524e-02,7.733015716075899992e-02,5.823036655783699750e-02,6.321979314088800594e-02
7.733015716075899992e-02,8.353319764137299985e-02,6.321979314088800594e-02,6.734840571880300331e-02
8.353319764137299985e-02,8.891038596630100599e-02,6.734840571880300331e-02,7.064726203679999594e-02
8.891038596630100599e-02,9.350106120109599739e-02,7.064726203679999594e-02,7.320836931467100683e-02
9.350106120109599739e-02,9.736050665378599700e-02,7.320836931467100683e-02,7.514858245849599661e-02
9.736050665378599700e-02,1.005558222532299956e-01,7.514858245849599661e-02,7.659800350666000346e-02
1.005558222532299956e-01,1.031562164425799955e-01,7.659800350666000346e-02,7.767343521118200145e-02
1.031562164425799955e-01,1.052239686250699968e-01,7.767343521118200145e-02,7.845883816480600514e-02
1.052239686250699968e-01,1.068119332194299997e-01,7.845883816480600514e-02,7.900746911764100489e-02
1.068119332194299997e-01,1.079643815755799985e-01,7.900746911764100489e-02,7.935215532779700542e-02
1.079643815755799985e-01,1.087176650762600033e-01,7.935215532779700542e-02,7.951308786869000500e-02
1.087176650762600033e-01,1.091009303927400059e-01,7.951308786869000500e-02,7.950266450643500571e-02
1.091009303927400059e-01,1.091369837522500053e-01,7.950266450643500571e-02,7.932857424020800519e-02
1.091369837522500053e-01,1.088434085249899985e-01,7.932857424020800519e-02,7.899560034275099341e-02
1.088434085249899985e-01,1.082334443926799977e-01,7.899560034275099341e-02,7.850649207830399934e-02
1.082334443926799977e-01,1.073167175054599992e-01,7.850649207830399934e-02,7.786216586828199893e-02
1.073167175054599992e-01,1.060997173190099951e-01,7.786216586828199893e-02,7.706193625927000579e-02
1.060997173190099951e-01,1.045863032340999949e-01,7.706193625927000579e-02,7.610436528921099564e-02
1.045863032340999949e-01,1.027784124016799944e-01,7.610436528921099564e-02,7.498940825462299675e-02
1.027784124016799944e-01,1.006781905889500006e-01,7.498940825462299675e-02,7.372227311134299521e-02
1.006781905889500006e-01,9.829540550708799895e-02,7.372227311134299521e-02,7.232000678777700253e-02
9.829540550708799895e-02,9.570187330245999435e-02,7.232000678777700253e-02,7.088711857795700066e-02
9.570187330245999435e-02,9.310369938611999518e-02,7.088711857795700066e-02,6.955185532569900519e-02
9.310369938611999518e-02,9.112322330474899312e-02,6.955185532569900519e-02,6.854856759309800596e-02
9.112322330474899312e-02,9.058751910924900397e-02,6.854856759309800596e-02,6.825649738311799497e-02
9.058751910924900397e-02,9.052952378988300686e-02,6.825649738311799497e-02,6.820563226938200496e-02
9.052952378988300686e-02,9.051777422428100572e-02,6.820563226938200496e-02,6.819348782300900524e-02
9.051777422428100572e-02,9.051587432622899831e-02,6.819348782300900524e-02,6.819099187850999333e-02
9.051587432622899831e-02,9.052052348852200614e-02,6.819099187850999333e-02,6.819513440132099480e-02
9.052052348852200614e-02,9.053178131580399968e-02,6.819513440132099480e-02,6.820603460073500213e-02
9.053178131580399968e-02,9.055078774690600296e-02,6.820603460073500213e-02,6.822483986616099949e-02
9.055078774690600296e-02,9.057883918285400404e-02,6.822483986616099949e-02,6.825241446495100561e-02
9.057883918285400404e-02,9.061574190854999877e-02,6.825241446495100561e-02,6.828736513853099488e-02
9.061574190854999877e-02,9.065802395343799946e-02,6.828736513853099488e-02,6.832503527402900012e-02
9.065802395343799946e-02,9.069956839084600264e-02,6.832503527402900012e-02,6.835982203483599584e-02
9.069956839084600264e-02,9.073526412248600348e-02,6.835982203483599584e-02,6.838835775852200594e-02
9.073526412248600348e-02,9.076216071844099564e-02,6.838835775852200594e-02,6.840918958187100496e-02
9.076216071844099564e-02,9.077610075473800666e-02,6.840918958187100496e-02,6.841955333948100682e-02
9.077610075473800666e-02,9.076429158449199341e-02,6.841955333948100682e-02,6.840908527374299497e-02
9.076429158449199341e-02,9.068793058395399620e-02,6.840908527374299497e-02,6.834428012371099315e-02
9.068793058395399620e-02,9.057293087244000507e-02,6.834428012371099315e-02,6.824173033237500297e-02
-1.220549270510700030e-01,-1.221748813986800047e-01,-9.057293087244000507e-02,-9.068793058395399620e-02
-1.221748813986800047e-01,-1.222610622644400014e-01,-9.068793058395399620e-02,-9.076429158449199341e-02
-1.222610622644400014e-01,-1.222733557224300049e-01,-9.076429158449199341e-02,-9.077610075473800666e-02
-1.222733557224300049e-01,-1.222543716430700006e-01,-9.077610075473800666e-02,-9.076216071844099564e-02
-1.222543716430700006e-01,-1.222197934985199963e-01,-9.076216071844099564e-02,-9.073526412248600348e-02
-1.222197934985199963e-01,-1.221760511398300025e-01,-9.073526412248600348e-02,-9.069956839084600264e-02
-1.221760511398300025e-01,-1.221283227205299943e-01,-9.069956839084600264e-02,-9.065802395343799946e-02
-1.221283227205299943e-01,-1.220832243561700003e-01,-9.065802395343799946e-02,-9.061574190854999877e-02
-1.220832243561700003e-01,-1.220463365316400012e-01,-9.061574190854999877e-02,-9.057883918285400404e-02
-1.220463365316400012e-01,-1.220194622874300056e-01,-9.057883918285400404e-02,-9.055078774690600296e-02
-1.220194622874300056e-01,-1.220016777515399997e-01,-9.055078774690600296e-02,-9.053178131580399968e-02
-1.220016777515399997e-01,-1.219913065433499977e-01,-9.053178131580399968e-02,-9.052052348852200614e-02
-1.219913065433499977e-01,-1.219871416687999949e-01,-9.052052348852200614e-02,-9.051587432622899831e-02
-1.219871416687999949e-01,-1.219891905784599995e-01,-9.051587432622899831e-02,-9.051777422428100572e-02
-1.219891905784599995e-01,-1.220011264085800046e-01,-9.051777422428100572e-02,-9.052952378988300686e-02
-1.220011264085800046e-01,-1.220692694187199973e-01,-9.052952378988300686e-02,-9.058751910924900397e-02
-1.220692694187199973e-01,-1.227537393569899937e-01,-9.058751910924900397e-02,-9.112322330474899312e-02
-1.227537393569899937e-01,-1.252592206001300057e-01,-9.112322330474899312e-02,-9.310369938611999518e-02
-1.252592206001300057e-01,-1.285491436719899960e-01,-9.310369938611999518e-02,-9.570187330245999435e-02
-1.285491436719899960e-01,-1.317949146032300067e-01,-9.570187330245999435e-02,-9.829540550708799895e-02
-1.317949146032300067e-01,-1.347324997186699902e-01,-9.829540550708799895e-02,-1.006781905889500006e-01
-1.347324997186699902e-01,-1.372839808464099975e-01,-1.006781905889500006e-01,-1.027784124016799944e-01
-1.372839808464099975e-01,-1.394243389368099995e-01,-1.027784124016799944e-01,-1.045863032340999949e-01
-1.394243389368099995e-01,-1.411386579275099862e-01,-1.045863032340999949e-01,-1.060997173190099951e-01
-1.411386579275099862e-01,-1.424134224653199887e-01,-1.060997173190099951e-01,-1.073167175054599992e-01
-1.424134224653199887e-01,-1.432341784238800042e-01,-1.073167175054599992e-01,-1.082334443926799977e-01
-1.432341784238800042e-01,-1.435846835374799957e-01,-1.082334443926799977e-01,-1.088434085249899985e-01
-1.435846835374799957e-01,-1.434463709592800063e-01,-1.088434085249899985e-01,-1.091369912028300054e-01
-1.434463709592800063e-01,-1.427979618310900034e-01,-1.091369912028300054e-01,-1.091009303927400059e-01
-1.427979618310900034e-01,-1.416152119636500117e-01,-1.091009303927400059e-01,-1.087176650762600033e-01
-1.416152119636500117e-01,-1.398706585168799921e-01,-1.087176650762600033e-01,-1.079643815755799985e-01
-1.398706585168799921e-01,-1.375337094068500021e-01,-1.079643815755799985e-01,-1.068119332194299997e-01
-1.375337094068500021e-01,-1.345709115266799927e-01,-1.068119332194299997e-01,-1.052239686250699968e-01
-1.345709115266799927e-01,-1.309466361999500061e-01,-1.052239686250699968e-01,-1.031562238931700015e-01
-1.309466361999500061e-01,-1.266238987445799935e-01,-1.031562238931700015e-01,-1.005558297038099957e-01
-1.266238987445799935e-01,-1.215653568506200044e-01,-1.005558297038099957e-01,-9.736051410436599718e-02
-1.215653568506200044e-01,-1.157353743910800037e-01,-9.736051410436599718e-02,-9.350106865167599757e-02
-1.157353743910800037e-01,-1.091040372848500056e-01,-9.350106865167599757e-02,-8.891039341688200537e-02
-1.091040372848500056e-01,-1.016512736678100021e-01,-8.891039341688200537e-02,-8.353320509195300003e-02
-1.016512736678100021e-01,-9.336934238672299491e-02,-8.353320509195300003e-02,-7.733017206191999948e-02
-9.336934238672299491e-02,-8.426766097545600187e-02,-7.733017206191999948e-02,-7.029078155755999480e-02
-8.426766097545600187e-02,-7.437204569578199920e-02,-7.029078155755999480e-02,-6.242794543504699700e-02
-7.437204569578199920e-02,-6.371718645095800215e-02,-6.242794543504699700e-02,-5.375195294618600322e-02
-6.371718645095800215e-02,-5.235300585627600256e-02,-5.375195294618600322e-02,-4.430074617266700071e-02
-5.235300585627600256e-02,-4.033831879496600076e-02,-4.430074617266700071e-02,-3.414038941264199711e-02
-4.033831879496600076e-02,-2.771752327680599912e-02,-3.414038941264199711e-02,-2.335507981479199857e-02
-2.771752327680599912e-02,-1.443385798484100001e-02,-2.335507981479199857e-02,-1.200400013476599949e-02
-1.443385798484100001e-02,-4.122841446019299688e-08,-1.200400013476599949e-02,-2.449828251371900002e-08
-4.122841446019299688e-08,1.443378161638999950e-02,-2.449828251371900002e-08,1.200395543128300081e-02
1.443378161638999950e-02,2.771745622158100150e-02,1.200395543128300081e-02,2.335504069924400003e-02
2.771745622158100150e-02,4.033825919032100332e-02,2.335504069924400003e-02,3.414035961031899880e-02
4.033825919032100332e-02,5.235295370221099837e-02,3.414035961031899880e-02,4.430072009563400248e-02
5.235295370221099837e-02,6.371714174747500348e-02,4.430072009563400248e-02,5.375193059444399735e-02
6.371714174747500348e-02,7.437200099229800132e-02,5.375193059444399735e-02,6.242792680859599735e-02
7.437200099229800132e-02,8.426762372255300337e-02,6.242792680859599735e-02,7.029076665639899524e-02
8.426762372255300337e-02,9.336931258439999659e-02,7.029076665639899524e-02,7.733015716075899992e-02
9.336931258439999659e-02,1.016512513160700015e-01,7.733015716075899992e-02,8.353319764137299985e-02
1.016512513160700015e-01,1.091040149331100051e-01,8.353319764137299985e-02,8.891038596630100599e-02
1.091040149331100051e-01,1.157353594899200033e-01,8.891038596630100599e-02,9.350106120109599739e-02
1.157353594899200033e-01,1.215653494000400042e-01,9.350106120109599739e-02,9.736050665378599700e-02
1.215653494000400042e-01,1.266238987445799935e-01,9.736050665378599700e-02,1.005558222532299956e-01
1.266238987445799935e-01,1.309466361999500061e-01,1.005558222532299956e-01,1.031562164425799955e-01
1.309466361999500061e-01,1.345709115266799927e-01,1.031562164425799955e-01,1.052239686250699968e-01
1.345709115266799927e-01,1.375337094068500021e-01,1.052239686250699968e-01,1.068119332194299997e-01
1.375337094068500021e-01,1.398706585168799921e-01,1.068119332194299997e-01,1.079643815755799985e-01
1.398706585168799921e-01,1.416151970624900114e-01,1.079643815755799985e-01,1.087176650762600033e-01
1.416151970624900114e-01,1.427979618310900034e-01,1.087176650762600033e-01,1.091009303927400059e-01
1.427979618310900034e-01,1.434463709592800063e-01,1.091009303927400059e-01,1.091369837522500053e-01
1.434463709592800063e-01,1.435846835374799957e-01,1.091369837522500053e-01,1.088434085249899985e-01
1.435846835374799957e-01,1.432341784238800042e-01,1.088434085249899985e-01,1.082334443926799977e-01
1.432341784238800042e-01,1.424134224653199887e-01,1.082334443926799977e-01,1.073167175054599992e-01
1.424134224653199887e-01,1.411386579275099862e-01,1.073167175054599992e-01,1.060997173190099951e-01
1.411386579275099862e-01,1.394243389368099995e-01,1.060997173190099951e-01,1.045863032340999949e-01
1.394243389368099995e-01,1.372839808464099975e-01,1.045863032340999949e-01,1.027784124016799944e-01
1.372839808464099975e-01,1.347324997186699902e-01,1.027784124016799944e-01,1.006781905889500006e-01
1.347324997186699902e-01,1.317949146032300067e-01,1.006781905889500006e-01,9.829540550708799895e-02
1.317949146032300067e-01,1.285491436719899960e-01,9.829540550708799895e-02,9.570187330245999435e-02
1.285491436719899960e-01,1.252592206001300057e-01,9.570187330245999435e-02,9.310369938611999518e-02
1.252592206001300057e-01,1.227537393569899937e-01,9.310369938611999518e-02,9.112322330474899312e-02
1.227537393569899937e-01,1.220692694187199973e-01,9.112322330474899312e-02,9.058751910924900397e-02
1.220692694187199973e-01,1.220011264085800046e-01,9.058751910924900397e-02,9.052952378988300686e-02
1.220011264085800046e-01,1.219891905784599995e-01,9.052952378988300686e-02,9.051777422428100572e-02
1.219891905784599995e-01,1.219871416687999949e-01,9.051777422428100572e-02,9.051587432622899831e-02
1.219871416687999949e-01,1.219913065433499977e-01,9.051587432622899831e-02,9.052052348852200614e-02
1.219913065433499977e-01,1.220016777515399997e-01,9.052052348852200614e-02,9.053178131580399968e-02
1.220016777515399997e-01,1.220194622874300056e-01,9.053178131580399968e-02,9.055078774690600296e-02
1.220194622874300056e-01,1.220463365316400012e-01,9.055078774690600296e-02,9.057883918285400404e-02
1.220463365316400012e-01,1.220832243561700003e-01,9.057883918285400404e-02,9.061574190854999877e-02
1.220832243561700003e-01,1.221283227205299943e-01,9.061574190854999877e-02,9.065802395343799946e-02
1.221283227205299943e-01,1.221760511398300025e-01,9.065802395343799946e-02,9.069956839084600264e-02
1.221760511398300025e-01,1.222197934985199963e-01,9.069956839084600264e-02,9.073526412248600348e-02
1.222197934985199963e-01,1.222543716430700006e-01,9.073526412248600348e-02,9.076216071844099564e-02
1.222543716430700006e-01,1.222733557224300049e-01,9.076216071844099564e-02,9.077610075473800666e-02
1.222733557224300049e-01,1.222610622644400014e-01,9.077610075473800666e-02,9.076429158449199341e-02
1.222610622644400014e-01,1.221748813986800047e-01,9.076429158449199341e-02,9.068793058395399620e-02
1.221748813986800047e-01,1.220549270510700030e-01,9.068793058395399620e-02,9.057293087244000507e-02
-1.620344072580300054e-01,-1.621511131524999982e-01,-1.220549270510700030e-01,-1.221748813986800047e-01
-1.621511131524999982e-01,-1.622433066368099974e-01,-1.221748813986800047e-01,-1.222610622644400014e-01
-1.622433066368099974e-01,-1.622547507286100088e-01,-1.222610622644400014e-01,-1.222733557224300049e-01
-1.622547507286100088e-01,-1.622296422720000131e-01,-1.222733557224300049e-01,-1.222543716430700006e-01
-1.622296422720000131e-01,-1.621868461370500059e-01,-1.222543716430700006e-01,-1.222197934985199963e-01
-1.621868461370500059e-01,-1.621359586715699908e-01,-1.222197934985199963e-01,-1.221760511398300025e-01
-1.621359586715699908e-01,-1.620844006538399995e-01,-1.221760511398300025e-01,-1.221283227205299943e-01
-1.620844006538399995e-01,-1.620391458272900098e-01,-1.221283227205299943e-01,-1.220832243561700003e-01
-1.620391458272900098e-01,-1.620043218135799878e-01,-1.220832243561700003e-01,-1.220463365316400012e-01
-1.620043218135799878e-01,-1.619800478220000117e-01,-1.220463365316400012e-01,-1.220194622874300056e-01
-1.619800478220000117e-01,-1.619644761085499984e-01,-1.220194622874300056e-01,-1.220016777515399997e-01
-1.619644761085499984e-01,-1.619556397199599929e-01,-1.220016777515399997e-01,-1.219913065433499977e-01
-1.619556397199599929e-01,-1.619523465633400106e-01,-1.219913065433499977e-01,-1.219871416687999949e-01
-1.619523465633400106e-01,-1.619548201560999934e-01,-1.219871416687999949e-01,-1.219891905784599995e-01
-1.619548201560999934e-01,-1.619673073291799936e-01,-1.219891905784599995e-01,-1.220011264085800046e-01
-1.619673073291799936e-01,-1.620484292507199942e-01,-1.220011264085800046e-01,-1.220692694187199973e-01
-1.620484292507199942e-01,-1.629307866096499913e-01,-1.220692694187199973e-01,-1.227537393569899937e-01
-1.629307866096499913e-01,-1.659725010395100009e-01,-1.227537393569899937e-01,-1.252592206001300057e-01
-1.659725010395100009e-01,-1.698073148727400061e-01,-1.252592206001300057e-01,-1.285491436719899960e-01
-1.698073148727400061e-01,-1.734840273857100046e-01,-1.285491436719899960e-01,-1.317949146032300067e-01
-1.734840273857100046e-01,-1.767204403877299934e-01,-1.317949146032300067e-01,-1.347324997186699902e-01
-1.767204403877299934e-01,-1.794362515211100073e-01,-1.347324997186699902e-01,-1.372839808464099975e-01
-1.794362515211100073e-01,-1.815994828939400119e-01,-1.372839808464099975e-01,-1.394243389368099995e-01
-1.815994828939400119e-01,-1.831882297992699915e-01,-1.394243389368099995e-01,-1.411386579275099862e-01
-1.831882297992699915e-01,-1.841824948787700034e-01,-1.411386579275099862e-01,-1.424134224653199887e-01
-1.841824948787700034e-01,-1.845621615648299907e-01,-1.424134224653199887e-01,-1.432341784238800042e-01
-1.845621615648299907e-01,-1.843063235282899892e-01,-1.432341784238800042e-01,-1.435846835374799957e-01
-1.843063235282899892e-01,-1.833930462598800104e-01,-1.435846835374799957e-01,-1.434463709592800063e-01
-1.833930462598800104e-01,-1.817992776632300078e-01,-1.434463709592800063e-01,-1.427979618310900034e-01
-1.817992776632300078e-01,-1.795008033514000068e-01,-1.427979618310900034e-01,-1.416152119636500117e-01
-1.795008033514000068e-01,-1.764725297689400119e-01,-1.416152119636500117e-01,-1.398706585168799921e-01
-1.764725297689400119e-01,-1.726887375116299972e-01,-1.398706585168799921e-01,-1.375337094068500021e-01
-1.726887375116299972e-01,-1.681237071752499923e-01,-1.375337094068500021e-01,-1.345709115266799927e-01
-1.681237071752499923e-01,-1.627525538206099909e-01,-1.345709115266799927e-01,-1.309466361999500061e-01
-1.627525538206099909e-01,-1.565520763397199866e-01,-1.309466361999500061e-01,-1.266238987445799935e-01
-1.565520763397199866e-01,-1.495019495487200090e-01,-1.266238987445799935e-01,-1.215653568506200044e-01
-1.495019495487200090e-01,-1.415860950946800090e-01,-1.215653568506200044e-01,-1.157353743910800037e-01
-1.415860950946800090e-01,-1.327947974204999881e-01,-1.157353743910800037e-01,-1.091040372848500056e-01
-1.327947974204999881e-01,-1.231266558170300007e-01,-1.091040372848500056e-01,-1.016512736678100021e-01
-1.231266558170300007e-01,-1.125901564955699985e-01,-1.016512736678100021e-01,-9.336934238672299491e-02
-1.125901564955699985e-01,-1.012055054307000046e-01,-9.336934238672299491e-02,-8.426766097545600187e-02
-1.012055054307000046e-01,-8.900479227304500252e-02,-8.426766097545600187e-02,-7.437204569578199920e-02
-8.900479227304500252e-02,-7.602966576814700062e-02,-7.437204569578199920e-02,-6.371718645095800215e-02
-7.602966576814700062e-02,-6.233197078108800027e-02,-6.371718645095800215e-02,-5.235300585627600256e-02
-6.233197078108800027e-02,-4.796795174479499824e-02,-5.235300585627600256e-02,-4.033831879496600076e-02
-4.796795174479499824e-02,-3.297299891710300107e-02,-4.033831879496600076e-02,-2.771752327680599912e-02
-3.297299891710300107e-02,-1.724620908498800120e-02,-2.771752327680599912e-02,-1.443385798484100001e-02
-1.724620908498800120e-02,-5.992716722857900238e-08,-1.443385798484100001e-02,-4.122841446019299688e-08
-5.992716722857900238e-08,1.724609732627899877e-02,-4.122841446019299688e-08,1.443378161638999950e-02
1.724609732627899877e-02,3.297289460897399882e-02,1.443378161638999950e-02,2.771745622158100150e-02
3.297289460897399882e-02,4.796786233782800168e-02,2.771745622158100150e-02,4.033825919032100332e-02
4.796786233782800168e-02,6.233189254999200318e-02,4.033825919032100332e-02,5.235295370221099837e-02
6.233189254999200318e-02,7.602959126234100362e-02,5.235295370221099837e-02,6.371714174747500348e-02
7.602959126234100362e-02,8.900473266840000508e-02,6.371714174747500348e-02,7.437200099229800132e-02
8.900473266840000508e-02,1.012054532766299975e-01,7.437200099229800132e-02,8.426762372255300337e-02
1.012054532766299975e-01,1.125901043415099972e-01,8.426762372255300337e-02,9.336931258439999659e-02
1.125901043415099972e-01,1.231266185641299998e-01,9.336931258439999659e-02,1.016512513160700015e-01
1.231266185641299998e-01,1.327947527170199871e-01,1.016512513160700015e-01,1.091040149331100051e-01
1.327947527170199871e-01,1.415860652923600083e-01,1.091040149331100051e-01,1.157353594899200033e-01
1.415860652923600083e-01,1.495019197464000082e-01,1.157353594899200033e-01,1.215653494000400042e-01
1.495019197464000082e-01,1.565520614385599862e-01,1.215653494000400042e-01,1.266238987445799935e-01
1.565520614385599862e-01,1.627525240182899902e-01,1.266238987445799935e-01,1.309466361999500061e-01
1.627525240182899902e-01,1.681236922740899919e-01,1.309466361999500061e-01,1.345709115266799927e-01
1.681236922740899919e-01,1.726887226104699968e-01,1.345709115266799927e-01,1.375337094068500021e-01
1.726887226104699968e-01,1.764725297689400119e-01,1.375337094068500021e-01,1.398706585168799921e-01
1.764725297689400119e-01,1.795008033514000068e-01,1.398706585168799921e-01,1.416151970624900114e-01
1.795008033514000068e-01,1.817992627620700075e-01,1.416151970624900114e-01,1.427979618310900034e-01
1.817992627620700075e-01,1.833930462598800104e-01,1.427979618310900034e-01,1.434463709592800063e-01
1.833930462598800104e-01,1.843063235282899892e-01,1.434463709592800063e-01,1.435846835374799957e-01
1.843063235282899892e-01,1.845621615648299907e-01,1.435846835374799957e-01,1.432341784238800042e-01
1.845621615648299907e-01,1.841824948787700034e-01,1.432341784238800042e-01,1.424134224653199887e-01
1.841824948787700034e-01,1.831882297992699915e-01,1.424134224653199887e-01,1.411386579275099862e-01
1.831882297992699915e-01,1.815994828939400119e-01,1.411386579275099862e-01,1.394243389368099995e-01
1.815994828939400119e-01,1.794362515211100073e-01,1.394243389368099995e-01,1.372839808464099975e-01
1.794362515211100073e-01,1.767204403877299934e-01,1.372839808464099975e-01,1.347324997186699902e-01
1.767204403877299934e-01,1.734840273857100046e-01,1.347324997186699902e-01,1.317949146032300067e-01
1.734840273857100046e-01,1.698073148727400061e-01,1.317949146032300067e-01,1.285491436719899960e-01
1.698073148727400061e-01,1.659725010395100009e-01,1.285491436719899960e-01,1.252592206001300057e-01
1.659725010395100009e-01,1.629307866096499913e-01,1.252592206001300057e-01,1.227537393569899937e-01
1.629307866096499913e-01,1.620484292507199942e-01,1.227537393569899937e-01,1.220692694187199973e-01
1.620484292507199942e-01,1.619673073291799936e-01,1.220692694187199973e-01,1.220011264085800046e-01
1.619673073291799936e-01,1.619548201560999934e-01,1.220011264085800046e-01,1.219891905784599995e-01
1.619548201560999934e-01,1.619523465633400106e-01,1.219891905784599995e-01,1.219871416687999949e-01
1.619523465633400106e-01,1.619556397199599929e-01,1.219871416687999949e-01,1.219913065433499977e-01
1.619556397199599929e-01,1.619644761085499984e-01,1.219913065433499977e-01,1.220016777515399997e-01
1.619644761085499984e-01,1.619800478220000117e-01,1.220016777515399997e-01,1.220194622874300056e-01
1.619800478220000117e-01,1.620043218135799878e-01,1.220194622874300056e-01,1.220463365316400012e-01
1.620043218135799878e-01,1.620391458272900098e-01,1.220463365316400012e-01,1.220832243561700003e-01
1.620391458272900098e-01,1.620844006538399995e-01,1.220832243561700003e-01,1.221283227205299943e-01
1.620844006538399995e-01,1.621359586715699908e-01,1.221283227205299943e-01,1.221760511398300025e-01
1.621359586715699908e-01,1.621868461370500059e-01,1.221760511398300025e-01,1.222197934985199963e-01
1.621868461370500059e-01,1.622296422720000131e-01,1.222197934985199963e-01,1.222543716430700006e-01
1.622296422720000131e-01,1.622547507286100088e-01,1.222543716430700006e-01,1.222733557224300049e-01
1.622547507286100088e-01,1.622433066368099974e-01,1.222733557224300049e-01,1.222610622644400014e-01
1.622433066368099974e-01,1.621511131524999982e-01,1.222610622644400014e-01,1.221748813986800047e-01
1.621511131524999982e-01,1.620344072580300054e-01,1.221748813986800047e-01,1.220549270510700030e-01
-2.125063985586199966e-01,-2.126166969537700013e-01,-1.620344072580300054e-01,-1.621511131524999982e-01
-2.126166969537700013e-01,-2.127116471529000019e-01,-1.621511131524999982e-01,-1.622433066368099974e-01
-2.127116471529000019e-01,-2.127208709716799928e-01,-1.622433066368099974e-01,-1.622547507286100088e-01
-2.127208709716799928e-01,-2.126887291669800062e-01,-1.622547507286100088e-01,-1.622296422720000131e-01
-2.126887291669800062e-01,-2.126379609108000057e-01,-1.622296422720000131e-01,-1.621868461370500059e-01
-2.126379609108000057e-01,-2.125819027423899998e-01,-1.621868461370500059e-01,-1.621359586715699908e-01
-2.125819027423899998e-01,-2.125292271375699982e-01,-1.621359586715699908e-01,-1.620844006538399995e-01
-2.125292271375699982e-01,-2.124857157468799940e-01,-1.620844006538399995e-01,-1.620391458272900098e-01
-2.124857157468799940e-01,-2.124535739421800074e-01,-1.620391458272900098e-01,-1.620043218135799878e-01
-2.124535739421800074e-01,-2.124315947294199980e-01,-1.620043218135799878e-01,-1.619800478220000117e-01
-2.124315947294199980e-01,-2.124175727367400013e-01,-1.619800478220000117e-01,-1.619644761085499984e-01
-2.124175727367400013e-01,-2.124096155166599886e-01,-1.619644761085499984e-01,-1.619556397199599929e-01
-2.124096155166599886e-01,-2.124067693948699931e-01,-1.619556397199599929e-01,-1.619523465633400106e-01
-2.124067693948699931e-01,-2.124094814062099934e-01,-1.619523465633400106e-01,-1.619548201560999934e-01
-2.124094814062099934e-01,-2.124226242303799972e-01,-1.619548201560999934e-01,-1.619673073291799936e-01
-2.124226242303799972e-01,-2.125200182199500076e-01,-1.619673073291799936e-01,-1.620484292507199942e-01
-2.125200182199500076e-01,-2.135637253522900125e-01,-1.620484292507199942e-01,-1.629307866096499913e-01
-2.135637253522900125e-01,-2.169663459062599886e-01,-1.629307866096499913e-01,-1.659725010395100009e-01
-2.169663459062599886e-01,-2.211181372404099899e-01,-1.659725010395100009e-01,-1.698073148727400061e-01
-2.211181372404099899e-01,-2.249791920185099936e-01,-1.698073148727400061e-01,-1.734840273857100046e-01
-2.249791920185099936e-01,-2.282496392726900136e-01,-1.734840273857100046e-01,-1.767204403877299934e-01
-2.282496392726900136e-01,-2.308461964130399946e-01,-1.767204403877299934e-01,-1.794362515211100073e-01
-2.308461964130399946e-01,-2.327349185943599907e-01,-1.794362515211100073e-01,-1.815994828939400119e-01
-2.327349185943599907e-01,-2.338922172784800024e-01,-1.815994828939400119e-01,-1.831882297992699915e-01
-2.338922172784800024e-01,-2.342965602874799991e-01,-1.831882297992699915e-01,-1.841824948787700034e-01
-2.342965602874799991e-01,-2.339265942573499901e-01,-1.841824948787700034e-01,-1.845621615648299907e-01
-2.339265942573499901e-01,-2.327607125043900105e-01,-1.845621615648299907e-01,-1.843063235282899892e-01
-2.327607125043900105e-01,-2.307770103216200130e-01,-1.843063235282899892e-01,-1.833930462598800104e-01
-2.307770103216200130e-01,-2.279533147811899918e-01,-1.833930462598800104e-01,-1.817992776632300078e-01
-2.279533147811899918e-01,-2.242674082517600032e-01,-1.817992776632300078e-01,-1.795008033514000068e-01
-2.242674082517600032e-01,-2.196972817182500093e-01,-1.795008033514000068e-01,-1.764725297689400119e-01
-2.196972817182500093e-01,-2.142216414213199971e-01,-1.764725297689400119e-01,-1.726887375116299972e-01
-2.142216414213199971e-01,-2.078204452991500029e-01,-1.726887375116299972e-01,-1.681237071752499923e-01
-2.078204452991500029e-01,-2.004756927490199958e-01,-1.681237071752499923e-01,-1.627525538206099909e-01
-2.004756927490199958e-01,-1.921722590923299889e-01,-1.627525538206099909e-01,-1.565520763397199866e-01
-1.921722590923299889e-01,-1.828989535570099967e-01,-1.565520763397199866e-01,-1.495019495487200090e-01
-1.828989535570099967e-01,-1.726496368646600055e-01,-1.495019495487200090e-01,-1.415860950946800090e-01
-1.726496368646600055e-01,-1.614246219396600068e-01,-1.415860950946800090e-01,-1.327947974204999881e-01
-1.614246219396600068e-01,-1.492321044206600111e-01,-1.327947974204999881e-01,-1.231266558170300007e-01
-1.492321044206600111e-01,-1.360893994569800092e-01,-1.231266558170300007e-01,-1.125901564955699985e-01
-1.360893994569800092e-01,-1.220242679119099977e-01,-1.125901564955699985e-01,-1.012055054307000046e-01
-1.220242679119099977e-01,-1.070758029818500018e-01,-1.012055054307000046e-01,-8.900479227304500252e-02
-1.070758029818500018e-01,-9.129427373409300384e-02,-8.900479227304500252e-02,-7.602966576814700062e-02
-9.129427373409300384e-02,-7.474083453416799361e-02,-7.602966576814700062e-02,-6.233197078108800027e-02
-7.474083453416799361e-02,-5.748045071959499708e-02,-6.233197078108800027e-02,-4.796795174479499824e-02
-5.748045071959499708e-02,-3.954668715596199730e-02,-4.796795174479499824e-02,-3.297299891710300107e-02
-3.954668715596199730e-02,-2.077636308968100129e-02,-3.297299891710300107e-02,-1.724620908498800120e-02
-2.077636308968100129e-02,-8.333255152592800620e-08,-1.724620908498800120e-02,-5.992716722857900238e-08
-8.333255152592800620e-08,2.077620662748800098e-02,-5.992716722857900238e-08,1.724609732627899877e-02
2.077620662748800098e-02,3.954654559493100269e-02,1.724609732627899877e-02,3.297289460897399882e-02
3.954654559493100269e-02,5.748032033443500194e-02,3.297289460897399882e-02,4.796786233782800168e-02
5.748032033443500194e-02,7.474071532487899794e-02,4.796786233782800168e-02,6.233189254999200318e-02
7.474071532487899794e-02,9.129416942596399465e-02,6.233189254999200318e-02,7.602959126234100362e-02
9.129416942596399465e-02,1.070757061243099995e-01,7.602959126234100362e-02,8.900473266840000508e-02
1.070757061243099995e-01,1.220241859555200037e-01,8.900473266840000508e-02,1.012054532766299975e-01
1.220241859555200037e-01,1.360893249511699876e-01,1.012054532766299975e-01,1.125901043415099972e-01
1.360893249511699876e-01,1.492320448160200097e-01,1.125901043415099972e-01,1.231266185641299998e-01
1.492320448160200097e-01,1.614245772361800058e-01,1.231266185641299998e-01,1.327947527170199871e-01
1.614245772361800058e-01,1.726495921611800044e-01,1.327947527170199871e-01,1.415860652923600083e-01
1.726495921611800044e-01,1.828989237546899960e-01,1.415860652923600083e-01,1.495019197464000082e-01
1.828989237546899960e-01,1.921722292900099882e-01,1.495019197464000082e-01,1.565520614385599862e-01
1.921722292900099882e-01,2.004756629466999951e-01,1.565520614385599862e-01,1.627525240182899902e-01
2.004756629466999951e-01,2.078204154968300021e-01,1.627525240182899902e-01,1.681236922740899919e-01
2.078204154968300021e-01,2.142216116189999964e-01,1.681236922740899919e-01,1.726887226104699968e-01
2.142216116189999964e-01,2.196972668170900089e-01,1.726887226104699968e-01,1.764725297689400119e-01
2.196972668170900089e-01,2.242673933506000028e-01,1.764725297689400119e-01,1.795008033514000068e-01
2.242673933506000028e-01,2.279532998800299914e-01,1.795008033514000068e-01,1.817992627620700075e-01
2.279532998800299914e-01,2.307769954204600127e-01,1.817992627620700075e-01,1.833930462598800104e-01
2.307769954204600127e-01,2.327607125043900105e-01,1.833930462598800104e-01,1.843063235282899892e-01
2.327607125043900105e-01,2.339265942573499901e-01,1.843063235282899892e-01,1.845621615648299907e-01
2.339265942573499901e-01,2.342965602874799991e-01,1.845621615648299907e-01,1.841824948787700034e-01
2.342965602874799991e-01,2.338922172784800024e-01,1.841824948787700034e-01,1.831882297992699915e-01
2.338922172784800024e-01,2.327349185943599907e-01,1.831882297992699915e-01,1.815994828939400119e-01
2.327349185943599907e-01,2.308461964130399946e-01,1.815994828939400119e-01,1.794362515211100073e-01
2.308461964130399946e-01,2.282496392726900136e-01,1.794362515211100073e-01,1.767204403877299934e-01
2.282496392726900136e-01,2.249791920185099936e-01,1.767204403877299934e-01,1.734840273857100046e-01
2.249791920185099936e-01,2.211181372404099899e-01,1.734840273857100046e-01,1.698073148727400061e-01
2.211181372404099899e-01,2.169663459062599886e-01,1.698073148727400061e-01,1.659725010395100009e-01
2.169663459062599886e-01,2.135637253522900125e-01,1.659725010395100009e-01,1.629307866096499913e-01
2.135637253522900125e-01,2.125200182199500076e-01,1.629307866096499913e-01,1.620484292507199942e-01
2.125200182199500076e-01,2.124226242303799972e-01,1.620484292507199942e-01,1.619673073291799936e-01
2.124226242303799972e-01,2.124094814062099934e-01,1.619673073291799936e-01,1.619548201560999934e-01
2.124094814062099934e-01,2.124067693948699931e-01,1.619548201560999934e-01,1.619523465633400106e-01
2.124067693948699931e-01,2.124096155166599886e-01,1.619523465633400106e-01,1.619556397199599929e-01
2.124096155166599886e-01,2.124175727367400013e-01,1.619556397199599929e-01,1.619644761085499984e-01
2.124175727367400013e-01,2.124315947294199980e-01,1.619644761085499984e-01,1.619800478220000117e-01
2.124315947294199980e-01,2.124535739421800074e-01,1.619800478220000117e-01,1.620043218135799878e-01
2.124535739421800074e-01,2.124857157468799940e-01,1.620043218135799878e-01,1.620391458272900098e-01
2.124857157468799940e-01,2.125292271375699982e-01,1.620391458272900098e-01,1.620844006538399995e-01
2.125292271375699982e-01,2.125819027423899998e-01,1.620844006538399995e-01,1.621359586715699908e-01
2.125819027423899998e-01,2.126379609108000057e-01,1.621359586715699908e-01,1.621868461370500059e-01
2.126379609108000057e-01,2.126887291669800062e-01,1.621868461370500059e-01,1.622296422720000131e-01
2.126887291669800062e-01,2.127208709716799928e-01,1.622296422720000131e-01,1.622547507286100088e-01
2.127208709716799928e-01,2.127116471529000019e-01,1.622547507286100088e-01,1.622433066368099974e-01
2.127116471529000019e-01,2.126166969537700013e-01,1.622433066368099974e-01,1.621511131524999982e-01
2.126166969537700013e-01,2.125063985586199966e-01,1.621511131524999982e-01,1.620344072580300054e-01
-2.759176492691000071e-01,-2.760181128978699827e-01,-2.125063985586199966e-01,-2.126166969537700013e-01
-2.760181128978699827e-01,-2.761109173297899844e-01,-2.126166969537700013e-01,-2.127116471529000019e-01
-2.761109173297899844e-01,-2.761159241199500070e-01,-2.127116471529000019e-01,-2.127208709716799928e-01
-2.761159241199500070e-01,-2.760761678218799919e-01,-2.127208709716799928e-01,-2.126887291669800062e-01
-2.760761678218799919e-01,-2.760186195373500184e-01,-2.126887291669800062e-01,-2.126379609108000057e-01
-2.760186195373500184e-01,-2.759600579738599735e-01,-2.126379609108000057e-01,-2.125819027423899998e-01
-2.759600579738599735e-01,-2.759086191654199771e-01,-2.125819027423899998e-01,-2.125292271375699982e-01
-2.759086191654199771e-01,-2.758679091930399951e-01,-2.125292271375699982e-01,-2.124857157468799940e-01
-2.758679091930399951e-01,-2.758384346962000078e-01,-2.124857157468799940e-01,-2.124535739421800074e-01
-2.758384346962000078e-01,-2.758183777332299802e-01,-2.124535739421800074e-01,-2.124315947294199980e-01
-2.758183777332299802e-01,-2.758055031299599946e-01,-2.124315947294199980e-01,-2.124175727367400013e-01
-2.758055031299599946e-01,-2.757981717586500126e-01,-2.124175727367400013e-01,-2.124096155166599886e-01
-2.757981717586500126e-01,-2.757956087589299998e-01,-2.124096155166599886e-01,-2.124067693948699931e-01
-2.757956087589299998e-01,-2.757985591888399979e-01,-2.124067693948699931e-01,-2.124094814062099934e-01
-2.757985591888399979e-01,-2.758127152919799818e-01,-2.124094814062099934e-01,-2.124226242303799972e-01
-2.758127152919799818e-01,-2.759307622909499824e-01,-2.124226242303799972e-01,-2.125200182199500076e-01
-2.759307622909499824e-01,-2.771010994911199954e-01,-2.125200182199500076e-01,-2.135637253522900125e-01
-2.771010994911199954e-01,-2.806658148765600047e-01,-2.135637253522900125e-01,-2.169663459062599886e-01
-2.806658148765600047e-01,-2.848475575447099728e-01,-2.169663459062599886e-01,-2.211181372404099899e-01
-2.848475575447099728e-01,-2.885835766792300139e-01,-2.211181372404099899e-01,-2.249791920185099936e-01
-2.885835766792300139e-01,-2.915754318237300247e-01,-2.249791920185099936e-01,-2.282496392726900136e-01
-2.915754318237300247e-01,-2.937411367893200120e-01,-2.282496392726900136e-01,-2.308461964130399946e-01
-2.937411367893200120e-01,-2.950468659400899973e-01,-2.308461964130399946e-01,-2.327349185943599907e-01
-2.950468659400899973e-01,-2.954688370227799843e-01,-2.327349185943599907e-01,-2.338922172784800024e-01
-2.954688370227799843e-01,-2.949849963188200253e-01,-2.338922172784800024e-01,-2.342965602874799991e-01
-2.949849963188200253e-01,-2.935734987258900031e-01,-2.342965602874799991e-01,-2.339265942573499901e-01
-2.935734987258900031e-01,-2.912122905254400096e-01,-2.339265942573499901e-01,-2.327607125043900105e-01
-2.912122905254400096e-01,-2.878790795803100044e-01,-2.327607125043900105e-01,-2.307770103216200130e-01
-2.878790795803100044e-01,-2.835514843463899926e-01,-2.307770103216200130e-01,-2.279533147811899918e-01
-2.835514843463899926e-01,-2.782073915004700249e-01,-2.279533147811899918e-01,-2.242674082517600032e-01
-2.782073915004700249e-01,-2.718251645565000207e-01,-2.242674082517600032e-01,-2.196972817182500093e-01
-2.718251645565000207e-01,-2.643842697143600207e-01,-2.196972817182500093e-01,-2.142216414213199971e-01
-2.643842697143600207e-01,-2.558659017086000187e-01,-2.142216414213199971e-01,-2.078204452991500029e-01
-2.558659017086000187e-01,-2.462536990642499868e-01,-2.078204452991500029e-01,-2.004756927490199958e-01
-2.462536990642499868e-01,-2.355347573757199942e-01,-2.004756927490199958e-01,-1.921722590923299889e-01
-2.355347573757199942e-01,-2.237005978822700081e-01,-1.921722590923299889e-01,-1.828989535570099967e-01
-2.237005978822700081e-01,-2.107485085725800122e-01,-1.828989535570099967e-01,-1.726496368646600055e-01
-2.107485085725800122e-01,-1.966828256845500056e-01,-1.726496368646600055e-01,-1.614246219396600068e-01
-1.966828256845500056e-01,-1.815163493156400076e-01,-1.614246219396600068e-01,-1.492321044206600111e-01
-1.815163493156400076e-01,-1.652718633413300109e-01,-1.492321044206600111e-01,-1.360893994569800092e-01
-1.652718633413300109e-01,-1.479835510253899866e-01,-1.360893994569800092e-01,-1.220242679119099977e-01
-1.479835510253899866e-01,-1.296981424093200108e-01,-1.220242679119099977e-01,-1.070758029818500018e-01
-1.296981424093200108e-01,-1.104754656553299935e-01,-1.070758029818500018e-01,-9.129427373409300384e-02
-1.104754656553299935e-01,-9.038721770048099846e-02,-9.129427373409300384e-02,-7.474083453416799361e-02
-9.038721770048099846e-02,-6.950725615024599957e-02,-7.474083453416799361e-02,-5.748045071959499708e-02
-6.950725615024599957e-02,-4.786461219191599781e-02,-5.748045071959499708e-02,-3.954668715596199730e-02
-4.786461219191599781e-02,-2.522457018494600120e-02,-3.954668715596199730e-02,-2.077636308968100129e-02
-2.522457018494600120e-02,-1.125088928688499985e-07,-2.077636308968100129e-02,-8.333255152592800620e-08
-1.125088928688499985e-07,2.522435784339899928e-02,-8.333255152592800620e-08,2.077620662748800098e-02
2.522435784339899928e-02,4.786441475152999891e-02,2.077620662748800098e-02,3.954654559493100269e-02
4.786441475152999891e-02,6.950707733631099339e-02,3.954654559493100269e-02,5.748032033443500194e-02
6.950707733631099339e-02,9.038705378770800491e-02,5.748032033443500194e-02,7.474071532487899794e-02
9.038705378770800491e-02,1.104753166437100059e-01,7.474071532487899794e-02,9.129416942596399465e-02
1.104753166437100059e-01,1.296980082988699878e-01,9.129416942596399465e-02,1.070757061243099995e-01
1.296980082988699878e-01,1.479834318160999918e-01,1.070757061243099995e-01,1.220241859555200037e-01
1.479834318160999918e-01,1.652717590331999886e-01,1.220241859555200037e-01,1.360893249511699876e-01
1.652717590331999886e-01,1.815162450075100131e-01,1.360893249511699876e-01,1.492320448160200097e-01
1.815162450075100131e-01,1.966827362775800114e-01,1.492320448160200097e-01,1.614245772361800058e-01
1.966827362775800114e-01,2.107484489679299910e-01,1.614245772361800058e-01,1.726495921611800044e-01
2.107484489679299910e-01,2.237005382776300066e-01,1.726495921611800044e-01,1.828989237546899960e-01
2.237005382776300066e-01,2.355346977710700007e-01,1.828989237546899960e-01,1.921722292900099882e-01
2.355346977710700007e-01,2.462536543607700135e-01,1.921722292900099882e-01,2.004756629466999951e-01
2.462536543607700135e-01,2.558658719062800180e-01,2.004756629466999951e-01,2.078204154968300021e-01
2.558658719062800180e-01,2.643842399120299724e-01,2.078204154968300021e-01,2.142216116189999964e-01
2.643842399120299724e-01,2.718251347541800200e-01,2.142216116189999964e-01,2.196972668170900089e-01
2.718251347541800200e-01,2.782073616981500241e-01,2.196972668170900089e-01,2.242673933506000028e-01
2.782073616981500241e-01,2.835514843463899926e-01,2.242673933506000028e-01,2.279532998800299914e-01
2.835514843463899926e-01,2.878790497779800117e-01,2.279532998800299914e-01,2.307769954204600127e-01
2.878790497779800117e-01,2.912122905254400096e-01,2.307769954204600127e-01,2.327607125043900105e-01
2.912122905254400096e-01,2.935734987258900031e-01,2.327607125043900105e-01,2.339265942573499901e-01
2.935734987258900031e-01,2.949849963188200253e-01,2.339265942573499901e-01,2.342965602874799991e-01
2.949849963188200253e-01,2.954688370227799843e-01,2.342965602874799991e-01,2.338922172784800024e-01
2.954688370227799843e-01,2.950468659400899973e-01,2.338922172784800024e-01,2.327349185943599907e-01
2.950468659400899973e-01,2.937411367893200120e-01,2.327349185943599907e-01,2.308461964130399946e-01
2.937411367893200120e-01,2.915754318237300247e-01,2.308461964130399946e-01,2.282496392726900136e-01
2.915754318237300247e-01,2.885835766792300139e-01,2.282496392726900136e-01,2.249791920185099936e-01
2.885835766792300139e-01,2.848475575447099728e-01,2.249791920185099936e-01,2.211181372404099899e-01
2.848475575447099728e-01,2.806658148765600047e-01,2.211181372404099899e-01,2.169663459062599886e-01
2.806658148765600047e-01,2.771010994911199954e-01,2.169663459062599886e-01,2.135637253522900125e-01
2.771010994911199954e-01,2.759307622909499824e-01,2.135637253522900125e-01,2.125200182199500076e-01
2.759307622909499824e-01,2.758127152919799818e-01,2.125200182199500076e-01,2.124226242303799972e-01
2.758127152919799818e-01,2.757985591888399979e-01,2.124226242303799972e-01,2.124094814062099934e-01
2.757985591888399979e-01,2.757956087589299998e-01,2.124094814062099934e-01,2.124067693948699931e-01
2.757956087589299998e-01,2.757981717586500126e-01,2.124067693948699931e-01,2.124096155166599886e-01
2.757981717586500126e-01,2.758055031299599946e-01,2.124096155166599886e-01,2.124175727367400013e-01
2.758055031299599946e-01,2.758183777332299802e-01,2.124175727367400013e-01,2.124315947294199980e-01
2.758183777332299802e-01,2.758384346962000078e-01,2.124315947294199980e-01,2.124535739421800074e-01
2.758384346962000078e-01,2.758679091930399951e-01,2.124535739421800074e-01,2.124857157468799940e-01
2.758679091930399951e-01,2.759086191654199771e-01,2.124857157468799940e-01,2.125292271375699982e-01
2.759086191654199771e-01,2.759600579738599735e-01,2.125292271375699982e-01,2.125819027423899998e-01
2.759600579738599735e-01,2.760186195373500184e-01,2.125819027423899998e-01,2.126379609108000057e-01
2.760186195373500184e-01,2.760761678218799919e-01,2.126379609108000057e-01,2.126887291669800062e-01
2.760761678218799919e-01,2.761159241199500070e-01,2.126887291669800062e-01,2.127208709716799928e-01
2.761159241199500070e-01,2.761109173297899844e-01,2.127208709716799928e-01,2.127116471529000019e-01
2.761109173297899844e-01,2.760181128978699827e-01,2.127116471529000019e-01,2.126166969537700013e-01
2.760181128978699827e-01,2.759176492691000071e-01,2.126166969537700013e-01,2.125063985586199966e-01
-3.551037013530700115e-01,-3.551908433437300228e-01,-2.759176492691000071e-01,-2.760181128978699827e-01
-3.551908433437300228e-01,-3.552750945091199819e-01,-2.760181128978699827e-01,-2.761109173297899844e-01
-3.552750945091199819e-01,-3.552732169628100012e-01,-2.761109173297899844e-01,-2.761159241199500070e-01
-3.552732169628100012e-01,-3.552257120609300101e-01,-2.761159241199500070e-01,-2.760761678218799919e-01
-3.552257120609300101e-01,-3.551634252071400044e-01,-2.760761678218799919e-01,-2.760186195373500184e-01
-3.551634252071400044e-01,-3.551050722599000120e-01,-2.760186195373500184e-01,-2.759600579738599735e-01
-3.551050722599000120e-01,-3.550565838813800057e-01,-2.759600579738599735e-01,-2.759086191654199771e-01
-3.550565838813800057e-01,-3.550191819667800064e-01,-2.759086191654199771e-01,-2.758679091930399951e-01
-3.550191819667800064e-01,-3.549922704696700237e-01,-2.758679091930399951e-01,-2.758384346962000078e-01
-3.549922704696700237e-01,-3.549738526344299872e-01,-2.758384346962000078e-01,-2.758183777332299802e-01
-3.549738526344299872e-01,-3.549619019031500233e-01,-2.758183777332299802e-01,-2.758055031299599946e-01
-3.549619019031500233e-01,-3.549550175666800200e-01,-2.758055031299599946e-01,-2.757981717586500126e-01
-3.549550175666800200e-01,-3.549526929855300050e-01,-2.757981717586500126e-01,-2.757956087589299998e-01
-3.549526929855300050e-01,-3.549560010433199797e-01,-2.757956087589299998e-01,-2.757985591888399979e-01
-3.549560010433199797e-01,-3.549717664718600174e-01,-2.757985591888399979e-01,-2.758127152919799818e-01
-3.549717664718600174e-01,-3.551161885261500117e-01,-2.758127152919799818e-01,-2.759307622909499824e-01
-3.551161885261500117e-01,-3.563659489154800131e-01,-2.759307622909499824e-01,-2.771010994911199954e-01
-3.563659489154800131e-01,-3.598582148551899840e-01,-2.771010994911199954e-01,-2.806658148765600047e-01
-3.598582148551899840e-01,-3.637513518333400087e-01,-2.806658148765600047e-01,-2.848475575447099728e-01
-3.637513518333400087e-01,-3.670300245284999763e-01,-2.848475575447099728e-01,-2.885835766792300139e-01
-3.670300245284999763e-01,-3.694168925285299943e-01,-2.885835766792300139e-01,-2.915754318237300247e-01
-3.694168925285299943e-01,-3.708357512950899992e-01,-2.915754318237300247e-01,-2.937411367893200120e-01
-3.708357512950899992e-01,-3.712538480758699744e-01,-2.937411367893200120e-01,-2.950468659400899973e-01
-3.712538480758699744e-01,-3.706465959549000155e-01,-2.950468659400899973e-01,-2.954688370227799843e-01
-3.706465959549000155e-01,-3.689904510974900131e-01,-2.954688370227799843e-01,-2.949849963188200253e-01
-3.689904510974900131e-01,-3.662613034248399790e-01,-2.949849963188200253e-01,-2.935734987258900031e-01
-3.662613034248399790e-01,-3.624342679977399784e-01,-2.935734987258900031e-01,-2.912122905254400096e-01
-3.624342679977399784e-01,-3.574836254119900247e-01,-2.912122905254400096e-01,-2.878790795803100044e-01
-3.574836254119900247e-01,-3.513831496238700169e-01,-2.878790795803100044e-01,-2.835514843463899926e-01
-3.513831496238700169e-01,-3.441063761711100066e-01,-2.835514843463899926e-01,-2.782073915004700249e-01
-3.441063761711100066e-01,-3.356270790100099877e-01,-2.782073915004700249e-01,-2.718251645565000207e-01
-3.356270790100099877e-01,-3.259199261665299829e-01,-2.718251645565000207e-01,-2.643842697143600207e-01
-3.259199261665299829e-01,-3.149611651897399889e-01,-2.643842697143600207e-01,-2.558659017086000187e-01
-3.149611651897399889e-01,-3.027296364307400234e-01,-2.558659017086000187e-01,-2.462536990642499868e-01
-3.027296364307400234e-01,-2.892079055309300095e-01,-2.462536990642499868e-01,-2.355347573757199942e-01
-2.892079055309300095e-01,-2.743836045265199974e-01,-2.355347573757199942e-01,-2.237005978822700081e-01
-2.743836045265199974e-01,-2.582508027553599983e-01,-2.237005978822700081e-01,-2.107485085725800122e-01
-2.582508027553599983e-01,-2.408119589090300106e-01,-2.107485085725800122e-01,-1.966828256845500056e-01
-2.408119589090300106e-01,-2.220793813466999944e-01,-1.966828256845500056e-01,-1.815163493156400076e-01
-2.220793813466999944e-01,-2.020772695541399877e-01,-1.815163493156400076e-01,-1.652718633413300109e-01
-2.020772695541399877e-01,-1.808434277772900112e-01,-1.652718633413300109e-01,-1.479835510253899866e-01
-1.808434277772900112e-01,-1.584308445453599945e-01,-1.479835510253899866e-01,-1.296981424093200108e-01
-1.584308445453599945e-01,-1.349083930254000030e-01,-1.296981424093200108e-01,-1.104754656553299935e-01
-1.349083930254000030e-01,-1.103590950369800067e-01,-1.104754656553299935e-01,-9.038721770048099846e-02
-1.103590950369800067e-01,-8.486772328615199701e-02,-9.038721770048099846e-02,-6.950725615024599957e-02
-8.486772328615199701e-02,-5.846193432807900159e-02,-6.950725615024599957e-02,-4.786461219191599781e-02
-5.846193432807900159e-02,-3.083891794085499849e-02,-4.786461219191599781e-02,-2.522457018494600120e-02
-3.083891794085499849e-02,-1.486930472083300085e-07,-2.522457018494600120e-02,-1.125088928688499985e-07
-1.486930472083300085e-07,3.083863854408299895e-02,-1.125088928688499985e-07,2.522435784339899928e-02
3.083863854408299895e-02,5.846167355775799823e-02,2.522435784339899928e-02,4.786441475152999891e-02
5.846167355775799823e-02,8.486748486757300647e-02,4.786441475152999891e-02,6.950707733631099339e-02
8.486748486757300647e-02,1.103588715195699954e-01,6.950707733631099339e-02,9.038705378770800491e-02
1.103588715195699954e-01,1.349081844091399862e-01,9.038705378770800491e-02,1.104753166437100059e-01
1.349081844091399862e-01,1.584306657314299982e-01,1.104753166437100059e-01,1.296980082988699878e-01
1.584306657314299982e-01,1.808432787656799878e-01,1.296980082988699878e-01,1.479834318160999918e-01
1.808432787656799878e-01,2.020771354436899925e-01,1.479834318160999918e-01,1.652717590331999886e-01
2.020771354436899925e-01,2.220792621374099995e-01,1.652717590331999886e-01,1.815162450075100131e-01
2.220792621374099995e-01,2.408118396997500077e-01,1.815162450075100131e-01,1.966827362775800114e-01
2.408118396997500077e-01,2.582507133483900041e-01,1.966827362775800114e-01,2.107484489679299910e-01
2.582507133483900041e-01,2.743835151195500033e-01,2.107484489679299910e-01,2.237005382776300066e-01
2.743835151195500033e-01,2.892078459262800161e-01,2.237005382776300066e-01,2.355346977710700007e-01
2.892078459262800161e-01,3.027295768261000219e-01,2.355346977710700007e-01,2.462536543607700135e-01
3.027295768261000219e-01,3.149611353874199882e-01,2.462536543607700135e-01,2.558658719062800180e-01
3.149611353874199882e-01,3.259198963642099822e-01,2.558658719062800180e-01,2.643842399120299724e-01
3.259198963642099822e-01,3.356270492076899870e-01,2.643842399120299724e-01,2.718251347541800200e-01
3.356270492076899870e-01,3.441063463687900059e-01,2.718251347541800200e-01,2.782073616981500241e-01
3.441063463687900059e-01,3.513831198215500162e-01,2.782073616981500241e-01,2.835514843463899926e-01
3.513831198215500162e-01,3.574835956096599765e-01,2.835514843463899926e-01,2.878790497779800117e-01
3.574835956096599765e-01,3.624342381954199777e-01,2.878790497779800117e-01,2.912122905254400096e-01
3.624342381954199777e-01,3.662613034248399790e-01,2.912122905254400096e-01,2.935734987258900031e-01
3.662613034248399790e-01,3.689904510974900131e-01,2.935734987258900031e-01,2.949849963188200253e-01
3.689904510974900131e-01,3.706465959549000155e-01,2.949849963188200253e-01,2.954688370227799843e-01
3.706465959549000155e-01,3.712538480758699744e-01,2.954688370227799843e-01,2.950468659400899973e-01
3.712538480758699744e-01,3.708357512950899992e-01,2.950468659400899973e-01,2.937411367893200120e-01
3.708357512950899992e-01,3.694168925285299943e-01,2.937411367893200120e-01,2.915754318237300247e-01
3.694168925285299943e-01,3.670300245284999763e-01,2.915754318237300247e-01,2.885835766792300139e-01
3.670300245284999763e-01,3.637513518333400087e-01,2.885835766792300139e-01,2.848475575447099728e-01
3.637513518333400087e-01,3.598582148551899840e-01,2.848475575447099728e-01,2.806658148765600047e-01
3.598582148551899840e-01,3.563659489154800131e-01,2.806658148765600047e-01,2.771010994911199954e-01
3.563659489154800131e-01,3.551161885261500117e-01,2.771010994911199954e-01,2.759307622909499824e-01
3.551161885261500117e-01,3.549717664718600174e-01,2.759307622909499824e-01,2.758127152919799818e-01
3.549717664718600174e-01,3.549560010433199797e-01,2.758127152919799818e-01,2.757985591888399979e-01
3.549560010433199797e-01,3.549526929855300050e-01,2.757985591888399979e-01,2.757956087589299998e-01
3.549526929855300050e-01,3.549550175666800200e-01,2.757956087589299998e-01,2.757981717586500126e-01
3.549550175666800200e-01,3.549619019031500233e-01,2.757981717586500126e-01,2.758055031299599946e-01
3.549619019031500233e-01,3.549738526344299872e-01,2.758055031299599946e-01,2.758183777332299802e-01
3.549738526344299872e-01,3.549922704696700237e-01,2.758183777332299802e-01,2.758384346962000078e-01
3.549922704696700237e-01,3.550191819667800064e-01,2.758384346962000078e-01,2.758679091930399951e-01
3.550191819667800064e-01,3.550565838813800057e-01,2.758679091930399951e-01,2.759086191654199771e-01
3.550565838813800057e-01,3.551050722599000120e-01,2.759086191654199771e-01,2.759600579738599735e-01
3.551050722599000120e-01,3.551634252071400044e-01,2.759600579738599735e-01,2.760186195373500184e-01
3.551634252071400044e-01,3.552257120609300101e-01,2.760186195373500184e-01,2.760761678218799919e-01
3.552257120609300101e-01,3.552732169628100012e-01,2.760761678218799919e-01,2.761159241199500070e-01
3.552732169628100012e-01,3.552750945091199819e-01,2.761159241199500070e-01,2.761109173297899844e-01
3.552750945091199819e-01,3.551908433437300228e-01,2.761109173297899844e-01,2.760181128978699827e-01
3.551908433437300228e-01,3.551037013530700115e-01,2.760181128978699827e-01,2.759176492691000071e-01
-4.532434344291699779e-01,-4.533139467239399867e-01,-3.551037013530700115e-01,-3.551908433437300228e-01
-4.533139467239399867e-01,-4.533823430538200250e-01,-3.551908433437300228e-01,-3.552750945091199819e-01
-4.533823430538200250e-01,-4.533703625202200049e-01,-3.552750945091199819e-01,-3.552732169628100012e-01
-4.533703625202200049e-01,-4.533153772354099886e-01,-3.552732169628100012e-01,-3.552257120609300101e-01
-4.533153772354099886e-01,-4.532506465911900206e-01,-3.552257120609300101e-01,-3.551634252071400044e-01
-4.532506465911900206e-01,-4.531946480274199884e-01,-3.551634252071400044e-01,-3.551050722599000120e-01
-4.531946480274199884e-01,-4.531500339508099939e-01,-3.551050722599000120e-01,-3.550565838813800057e-01
-4.531500339508099939e-01,-4.531160593032800277e-01,-3.550565838813800057e-01,-3.550191819667800064e-01
-4.531160593032800277e-01,-4.530915617942800067e-01,-3.550191819667800064e-01,-3.549922704696700237e-01
-4.530915617942800067e-01,-4.530745744705200195e-01,-3.549922704696700237e-01,-3.549738526344299872e-01
-4.530745744705200195e-01,-4.530633687973000256e-01,-3.549738526344299872e-01,-3.549619019031500233e-01
-4.530633687973000256e-01,-4.530568122863800062e-01,-3.549619019031500233e-01,-3.549550175666800200e-01
-4.530568122863800062e-01,-4.530546963214899803e-01,-3.549550175666800200e-01,-3.549526929855300050e-01
-4.530546963214899803e-01,-4.530585706233999921e-01,-3.549526929855300050e-01,-3.549560010433199797e-01
-4.530585706233999921e-01,-4.530768990516699790e-01,-3.549560010433199797e-01,-3.549717664718600174e-01
-4.530768990516699790e-01,-4.532551467418700075e-01,-3.549717664718600174e-01,-3.551161885261500117e-01
-4.532551467418700075e-01,-4.545294940471599765e-01,-3.551161885261500117e-01,-3.563659489154800131e-01
-4.545294940471599765e-01,-4.576949179172499771e-01,-3.563659489154800131e-01,-3.598582148551899840e-01
-4.576949179172499771e-01,-4.609714448451999735e-01,-3.598582148551899840e-01,-3.637513518333400087e-01
-4.609714448451999735e-01,-4.634635150432599993e-01,-3.637513518333400087e-01,-3.670300245284999763e-01
-4.634635150432599993e-01,-4.649331569671599773e-01,-3.670300245284999763e-01,-3.694168925285299943e-01
-4.649331569671599773e-01,-4.653130769729599825e-01,-3.694168925285299943e-01,-3.708357512950899992e-01
-4.653130769729599825e-01,-4.645706415176399928e-01,-3.708357512950899992e-01,-3.712538480758699744e-01
-4.645706415176399928e-01,-4.626784026622799972e-01,-3.712538480758699744e-01,-3.706465959549000155e-01
-4.626784026622799972e-01,-4.596081376075700220e-01,-3.706465959549000155e-01,-3.689904510974900131e-01
-4.596081376075700220e-01,-4.553295969963099821e-01,-3.689904510974900131e-01,-3.662613034248399790e-01
-4.553295969963099821e-01,-4.498103559017200270e-01,-3.662613034248399790e-01,-3.624342679977399784e-01
-4.498103559017200270e-01,-4.430160224437699745e-01,-3.624342679977399784e-01,-3.574836254119900247e-01
-4.430160224437699745e-01,-4.349102973937999939e-01,-3.574836254119900247e-01,-3.513831496238700169e-01
-4.349102973937999939e-01,-4.254555404186199929e-01,-3.513831496238700169e-01,-3.441063761711100066e-01
-4.254555404186199929e-01,-4.146132767200499947e-01,-3.441063761711100066e-01,-3.356270790100099877e-01
-4.146132767200499947e-01,-4.023450314998600064e-01,-3.356270790100099877e-01,-3.259199261665299829e-01
-4.023450314998600064e-01,-3.886132836341900099e-01,-3.259199261665299829e-01,-3.149611651897399889e-01
-3.886132836341900099e-01,-3.733827471733099923e-01,-3.149611651897399889e-01,-3.027296364307400234e-01
-3.733827471733099923e-01,-3.566218614578199886e-01,-3.027296364307400234e-01,-2.892079055309300095e-01
-3.566218614578199886e-01,-3.383045494556399801e-01,-2.892079055309300095e-01,-2.743836045265199974e-01
-3.383045494556399801e-01,-3.184123933315299859e-01,-2.743836045265199974e-01,-2.582508027553599983e-01
-3.184123933315299859e-01,-2.969368100166300262e-01,-2.582508027553599983e-01,-2.408119589090300106e-01
-2.969368100166300262e-01,-2.738816440105399930e-01,-2.408119589090300106e-01,-2.220793813466999944e-01
-2.738816440105399930e-01,-2.492655515670799959e-01,-2.220793813466999944e-01,-2.020772695541399877e-01
-2.492655515670799959e-01,-2.231249660253500078e-01,-2.020772695541399877e-01,-1.808434277772900112e-01
-2.231249660253500078e-01,-1.955161988735200085e-01,-1.808434277772900112e-01,-1.584308445453599945e-01
-1.955161988735200085e-01,-1.665167361497900123e-01,-1.584308445453599945e-01,-1.349083930254000030e-01
-1.665167361497900123e-01,-1.362233608961100073e-01,-1.349083930254000030e-01,-1.103590950369800067e-01
-1.362233608961100073e-01,-1.047374829649899974e-01,-1.103590950369800067e-01,-8.486772328615199701e-02
-1.047374829649899974e-01,-7.209578901529299644e-02,-8.486772328615199701e-02,-5.846193432807900159e-02
-7.209578901529299644e-02,-3.795155882835399980e-02,-5.846193432807900159e-02,-3.083891794085499849e-02
-3.795155882835399980e-02,-1.932838245011199868e-07,-3.083891794085499849e-02,-1.486930472083300085e-07
-1.932838245011199868e-07,3.795119374990500033e-02,-1.486930472083300085e-07,3.083863854408299895e-02
3.795119374990500033e-02,7.209545373916599609e-02,3.083863854408299895e-02,5.846167355775799823e-02
7.209545373916599609e-02,1.047371700406100059e-01,5.846167355775799823e-02,8.486748486757300647e-02
1.047371700406100059e-01,1.362230926752099891e-01,8.486748486757300647e-02,1.103588715195699954e-01
1.362230926752099891e-01,1.665164828300499944e-01,1.103588715195699954e-01,1.349081844091399862e-01
1.665164828300499944e-01,1.955159604549399910e-01,1.349081844091399862e-01,1.584306657314299982e-01
1.955159604549399910e-01,2.231247574091000108e-01,1.584306657314299982e-01,1.808432787656799878e-01
2.231247574091000108e-01,2.492653727531400076e-01,1.808432787656799878e-01,2.020771354436899925e-01
2.492653727531400076e-01,2.738814651966099967e-01,2.020771354436899925e-01,2.220792621374099995e-01
2.738814651966099967e-01,2.969366610050199751e-01,2.220792621374099995e-01,2.408118396997500077e-01
2.969366610050199751e-01,3.184122741222399910e-01,2.408118396997500077e-01,2.582507133483900041e-01
3.184122741222399910e-01,3.383044600486799780e-01,2.582507133483900041e-01,2.743835151195500033e-01
3.383044600486799780e-01,3.566217720508599864e-01,2.743835151195500033e-01,2.892078459262800161e-01
3.566217720508599864e-01,3.733826577663399982e-01,2.892078459262800161e-01,3.027295768261000219e-01
3.733826577663399982e-01,3.886132240295400164e-01,3.027295768261000219e-01,3.149611353874199882e-01
3.886132240295400164e-01,4.023449718952200049e-01,3.149611353874199882e-01,3.259198963642099822e-01
4.023449718952200049e-01,4.146132171154000012e-01,3.259198963642099822e-01,3.356270492076899870e-01
4.146132171154000012e-01,4.254554808139799915e-01,3.356270492076899870e-01,3.441063463687900059e-01
4.254554808139799915e-01,4.349102675914799931e-01,3.441063463687900059e-01,3.513831198215500162e-01
4.349102675914799931e-01,4.430159926414499738e-01,3.513831198215500162e-01,3.574835956096599765e-01
4.430159926414499738e-01,4.498103559017200270e-01,3.574835956096599765e-01,3.624342381954199777e-01
4.498103559017200270e-01,4.553295671939799893e-01,3.624342381954199777e-01,3.662613034248399790e-01
4.553295671939799893e-01,4.596081078052500213e-01,3.662613034248399790e-01,3.689904510974900131e-01
4.596081078052500213e-01,4.626784026622799972e-01,3.689904510974900131e-01,3.706465959549000155e-01
4.626784026622799972e-01,4.645706415176399928e-01,3.706465959549000155e-01,3.712538480758699744e-01
4.645706415176399928e-01,4.653130769729599825e-01,3.712538480758699744e-01,3.708357512950899992e-01
4.653130769729599825e-01,4.649331569671599773e-01,3.708357512950899992e-01,3.694168925285299943e-01
4.649331569671599773e-01,4.634635150432599993e-01,3.694168925285299943e-01,3.670300245284999763e-01
4.634635150432599993e-01,4.609714448451999735e-01,3.670300245284999763e-01,3.637513518333400087e-01
4.609714448451999735e-01,4.576949179172499771e-01,3.637513518333400087e-01,3.598582148551899840e-01
4.576949179172499771e-01,4.545294940471599765e-01,3.598582148551899840e-01,3.563659489154800131e-01
4.545294940471599765e-01,4.532551467418700075e-01,3.563659489154800131e-01,3.551161885261500117e-01
4.532551467418700075e-01,4.530768990516699790e-01,3.551161885261500117e-01,3.549717664718600174e-01
4.530768990516699790e-01,4.530585706233999921e-01,3.549717664718600174e-01,3.549560010433199797e-01
4.530585706233999921e-01,4.530546963214899803e-01,3.549560010433199797e-01,3.549526929855300050e-01
4.530546963214899803e-01,4.530568122863800062e-01,3.549526929855300050e-01,3.549550175666800200e-01
4.530568122863800062e-01,4.530633687973000256e-01,3.549550175666800200e-01,3.549619019031500233e-01
4.530633687973000256e-01,4.530745744705200195e-01,3.549619019031500233e-01,3.549738526344299872e-01
4.530745744705200195e-01,4.530915617942800067e-01,3.549738526344299872e-01,3.549922704696700237e-01
4.530915617942800067e-01,4.531160593032800277e-01,3.549922704696700237e-01,3.550191819667800064e-01
4.531160593032800277e-01,4.531500339508099939e-01,3.550191819667800064e-01,3.550565838813800057e-01
4.531500339508099939e-01,4.531946480274199884e-01,3.550565838813800057e-01,3.551050722599000120e-01
4.531946480274199884e-01,4.532506465911900206e-01,3.551050722599000120e-01,3.551634252071400044e-01
4.532506465911900206e-01,4.533153772354099886e-01,3.551634252071400044e-01,3.552257120609300101e-01
4.533153772354099886e-01,4.533703625202200049e-01,3.552257120609300101e-01,3.552732169628100012e-01
4.533703625202200049e-01,4.533823430538200250e-01,3.552732169628100012e-01,3.552750945091199819e-01
4.533823430538200250e-01,4.533139467239399867e-01,3.552750945091199819e-01,3.551908433437300228e-01
4.533139467239399867e-01,4.532434344291699779e-01,3.551908433437300228e-01,3.551037013530700115e-01
-5.737392902374299775e-01,-5.737904310226400462e-01,-4.532434344291699779e-01,-4.533139467239399867e-01
-5.737904310226400462e-01,-5.738356709480300077e-01,-4.533139467239399867e-01,-4.533823430538200250e-01
-5.738356709480300077e-01,-5.738101601600600343e-01,-4.533823430538200250e-01,-4.533703625202200049e-01
-5.738101601600600343e-01,-5.737479925155599680e-01,-4.533703625202200049e-01,-4.533153772354099886e-01
-5.737479925155599680e-01,-5.736824870109600294e-01,-4.533153772354099886e-01,-4.532506465911900206e-01
-5.736824870109600294e-01,-5.736298561096200288e-01,-4.532506465911900206e-01,-4.531946480274199884e-01
-5.736298561096200288e-01,-5.735892057418799928e-01,-4.531946480274199884e-01,-4.531500339508099939e-01
-5.735892057418799928e-01,-5.735583305358900041e-01,-4.531500339508099939e-01,-4.531160593032800277e-01
-5.735583305358900041e-01,-5.735358595848100149e-01,-4.531160593032800277e-01,-4.530915617942800067e-01
-5.735358595848100149e-01,-5.735199451446499896e-01,-4.530915617942800067e-01,-4.530745744705200195e-01
-5.735199451446499896e-01,-5.735092759132399687e-01,-4.530745744705200195e-01,-4.530633687973000256e-01
-5.735092759132399687e-01,-5.735028982162500011e-01,-4.530633687973000256e-01,-4.530568122863800062e-01
-5.735028982162500011e-01,-5.735009908676099721e-01,-4.530568122863800062e-01,-4.530546963214899803e-01
-5.735009908676099721e-01,-5.735056996345500036e-01,-4.530546963214899803e-01,-4.530585706233999921e-01
-5.735056996345500036e-01,-5.735280513763399979e-01,-4.530585706233999921e-01,-4.530768990516699790e-01
-5.735280513763399979e-01,-5.737500786781299933e-01,-4.530768990516699790e-01,-4.532551467418700075e-01
-5.737500786781299933e-01,-5.749921798706100207e-01,-4.532551467418700075e-01,-4.545294940471599765e-01
-5.749921798706100207e-01,-5.775833129882800288e-01,-4.545294940471599765e-01,-4.576949179172499771e-01
-5.775833129882800288e-01,-5.799461603164699497e-01,-4.576949179172499771e-01,-4.609714448451999735e-01
-5.799461603164699497e-01,-5.813729166984600294e-01,-4.609714448451999735e-01,-4.634635150432599993e-01
-5.813729166984600294e-01,-5.816795229911799758e-01,-4.634635150432599993e-01,-4.649331569671599773e-01
-5.816795229911799758e-01,-5.808082818984999784e-01,-4.649331569671599773e-01,-4.653130769729599825e-01
-5.808082818984999784e-01,-5.787238478660600149e-01,-4.653130769729599825e-01,-4.645706415176399928e-01
-5.787238478660600149e-01,-5.753914713859600294e-01,-4.645706415176399928e-01,-4.626784026622799972e-01
-5.753914713859600294e-01,-5.707731842994699933e-01,-4.626784026622799972e-01,-4.596081376075700220e-01
-5.707731842994699933e-01,-5.648264884948700493e-01,-4.596081376075700220e-01,-4.553295969963099821e-01
-5.648264884948700493e-01,-5.575045943260199532e-01,-4.553295969963099821e-01,-4.498103559017200270e-01
-5.575045943260199532e-01,-5.487561821937599893e-01,-4.498103559017200270e-01,-4.430160224437699745e-01
-5.487561821937599893e-01,-5.385259985923800397e-01,-4.430160224437699745e-01,-4.349102973937999939e-01
-5.385259985923800397e-01,-5.267548561096200288e-01,-4.349102973937999939e-01,-4.254555404186199929e-01
-5.267548561096200288e-01,-5.133806467056299949e-01,-4.254555404186199929e-01,-4.146132767200499947e-01
-5.133806467056299949e-01,-4.983392059803000151e-01,-4.146132767200499947e-01,-4.023450314998600064e-01
-4.983392059803000151e-01,-4.815653264522600230e-01,-4.023450314998600064e-01,-3.886132836341900099e-01
-4.815653264522600230e-01,-4.629946649074599963e-01,-3.886132836341900099e-01,-3.733827471733099923e-01
-4.629946649074599963e-01,-4.425656795501700103e-01,-3.733827471733099923e-01,-3.566218614578199886e-01
-4.425656795501700103e-01,-4.202222228050199737e-01,-3.566218614578199886e-01,-3.383045494556399801e-01
-4.202222228050199737e-01,-3.959166705608400116e-01,-3.383045494556399801e-01,-3.184123933315299859e-01
-3.959166705608400116e-01,-3.696134686470000097e-01,-3.184123933315299859e-01,-2.969368100166300262e-01
-3.696134686470000097e-01,-3.412926197051999733e-01,-2.969368100166300262e-01,-2.738816440105399930e-01
-3.412926197051999733e-01,-3.109536767005899871e-01,-2.738816440105399930e-01,-2.492655515670799959e-01
-3.109536767005899871e-01,-2.786215543746899947e-01,-2.492655515670799959e-01,-2.231249660253500078e-01
-2.786215543746899947e-01,-2.443501353263899945e-01,-2.231249660253500078e-01,-1.955161988735200085e-01
-2.443501353263899945e-01,-2.082249522209199954e-01,-1.955161988735200085e-01,-1.665167361497900123e-01
-2.082249522209199954e-01,-1.703620254993399863e-01,-1.665167361497900123e-01,-1.362233608961100073e-01
-1.703620254993399863e-01,-1.308919638395300011e-01,-1.362233608961100073e-01,-1.047374829649899974e-01
-1.308919638395300011e-01,-8.988521248102200600e-02,-1.047374829649899974e-01,-7.209578901529299644e-02
-8.988521248102200600e-02,-4.701967537403099751e-02,-7.209578901529299644e-02,-3.795155882835399980e-02
-4.701967537403099751e-02,-2.478058434007799936e-07,-3.795155882835399980e-02,-1.932838245011199868e-07
-2.478058434007799936e-07,4.701920971274400202e-02,-1.932838245011199868e-07,3.795119374990500033e-02
4.701920971274400202e-02,8.988478034734699584e-02,3.795119374990500033e-02,7.209545373916599609e-02
8.988478034734699584e-02,1.308915764093399881e-01,7.209545373916599609e-02,1.047371700406100059e-01
1.308915764093399881e-01,1.703616678714799937e-01,1.047371700406100059e-01,1.362230926752099891e-01
1.703616678714799937e-01,2.082246243953700116e-01,1.362230926752099891e-01,1.665164828300499944e-01
2.082246243953700116e-01,2.443498522043200116e-01,1.665164828300499944e-01,1.955159604549399910e-01
2.443498522043200116e-01,2.786213159561199970e-01,1.955159604549399910e-01,2.231247574091000108e-01
2.786213159561199970e-01,3.109534382820099974e-01,2.231247574091000108e-01,2.492653727531400076e-01
3.109534382820099974e-01,3.412924110889399842e-01,2.492653727531400076e-01,2.738814651966099967e-01
3.412924110889399842e-01,3.696132898330700134e-01,2.738814651966099967e-01,2.969366610050199751e-01
3.696132898330700134e-01,3.959165215492200240e-01,2.969366610050199751e-01,3.184122741222399910e-01
3.959165215492200240e-01,4.202220737934099781e-01,3.184122741222399910e-01,3.383044600486799780e-01
4.202220737934099781e-01,4.425655603408800154e-01,3.383044600486799780e-01,3.566217720508599864e-01
4.425655603408800154e-01,4.629945755004900021e-01,3.566217720508599864e-01,3.733826577663399982e-01
4.629945755004900021e-01,4.815652370452899733e-01,3.733826577663399982e-01,3.886132240295400164e-01
4.815652370452899733e-01,4.983391165733300210e-01,3.886132240295400164e-01,4.023449718952200049e-01
4.983391165733300210e-01,5.133805871009800015e-01,4.023449718952200049e-01,4.146132171154000012e-01
5.133805871009800015e-01,5.267547965049700354e-01,4.146132171154000012e-01,4.254554808139799915e-01
5.267547965049700354e-01,5.385259389877300462e-01,4.254554808139799915e-01,4.349102675914799931e-01
5.385259389877300462e-01,5.487561821937599893e-01,4.349102675914799931e-01,4.430159926414499738e-01
5.487561821937599893e-01,5.575045347213699598e-01,4.430159926414499738e-01,4.498103559017200270e-01
5.575045347213699598e-01,5.648264884948700493e-01,4.498103559017200270e-01,4.553295671939799893e-01
5.648264884948700493e-01,5.707731246948199999e-01,4.553295671939799893e-01,4.596081078052500213e-01
5.707731246948199999e-01,5.753914713859600294e-01,4.596081078052500213e-01,4.626784026622799972e-01
5.753914713859600294e-01,5.787237882614100215e-01,4.626784026622799972e-01,4.645706415176399928e-01
5.787237882614100215e-01,5.808082818984999784e-01,4.645706415176399928e-01,4.653130769729599825e-01
5.808082818984999784e-01,5.816795229911799758e-01,4.653130769729599825e-01,4.649331569671599773e-01
5.816795229911799758e-01,5.813729166984600294e-01,4.649331569671599773e-01,4.634635150432599993e-01
5.813729166984600294e-01,5.799461603164699497e-01,4.634635150432599993e-01,4.609714448451999735e-01
5.799461603164699497e-01,5.775833129882800288e-01,4.609714448451999735e-01,4.576949179172499771e-01
5.775833129882800288e-01,5.749921798706100207e-01,4.576949179172499771e-01,4.545294940471599765e-01
5.749921798706100207e-01,5.737500786781299933e-01,4.545294940471599765e-01,4.532551467418700075e-01
5.737500786781299933e-01,5.735280513763399979e-01,4.532551467418700075e-01,4.530768990516699790e-01
5.735280513763399979e-01,5.735056996345500036e-01,4.530768990516699790e-01,4.530585706233999921e-01
5.735056996345500036e-01,5.735009908676099721e-01,4.530585706233999921e-01,4.530546963214899803e-01
5.735009908676099721e-01,5.735028982162500011e-01,4.530546963214899803e-01,4.530568122863800062e-01
5.735028982162500011e-01,5.735092759132399687e-01,4.530568122863800062e-01,4.530633687973000256e-01
5.735092759132399687e-01,5.735199451446499896e-01,4.530633687973000256e-01,4.530745744705200195e-01
5.735199451446499896e-01,5.735358595848100149e-01,4.530745744705200195e-01,4.530915617942800067e-01
5.735358595848100149e-01,5.735583305358900041e-01,4.530915617942800067e-01,4.531160593032800277e-01
5.735583305358900041e-01,5.735892057418799928e-01,4.531160593032800277e-01,4.531500339508099939e-01
5.735892057418799928e-01,5.736298561096200288e-01,4.531500339508099939e-01,4.531946480274199884e-01
5.736298561096200288e-01,5.736824870109600294e-01,4.531946480274199884e-01,4.532506465911900206e-01
5.736824870109600294e-01,5.737479925155599680e-01,4.532506465911900206e-01,4.533153772354099886e-01
5.737479925155599680e-01,5.738101601600600343e-01,4.533153772354099886e-01,4.533703625202200049e-01
5.738101601600600343e-01,5.738356709480300077e-01,4.533703625202200049e-01,4.533823430538200250e-01
5.738356709480300077e-01,5.737904310226400462e-01,4.533823430538200250e-01,4.533139467239399867e-01
5.737904310226400462e-01,5.737392902374299775e-01,4.533139467239399867e-01,4.532434344291699779e-01
-7.199936509132399687e-01,-7.200236320495599918e-01,-5.737392902374299775e-01,-5.737904310226400462e-01
-7.200236320495599918e-01,-7.200398445129400082e-01,-5.737904310226400462e-01,-5.738356709480300077e-01
-7.200398445129400082e-01,-7.199978232383700272e-01,-5.738356709480300077e-01,-5.738101601600600343e-01
-7.199978232383700272e-01,-7.199282050132800315e-01,-5.738101601600600343e-01,-5.737479925155599680e-01
-7.199282050132800315e-01,-7.198619246482800271e-01,-5.737479925155599680e-01,-5.736824870109600294e-01
-7.198619246482800271e-01,-7.198120355606100196e-01,-5.736824870109600294e-01,-5.736298561096200288e-01
-7.198120355606100196e-01,-7.197743654251099743e-01,-5.736298561096200288e-01,-5.735892057418799928e-01
-7.197743654251099743e-01,-7.197454571723900241e-01,-5.735892057418799928e-01,-5.735583305358900041e-01
-7.197454571723900241e-01,-7.197239995002699953e-01,-5.735583305358900041e-01,-5.735358595848100149e-01
-7.197239995002699953e-01,-7.197085618972800525e-01,-5.735358595848100149e-01,-5.735199451446499896e-01
-7.197085618972800525e-01,-7.196978330612200381e-01,-5.735199451446499896e-01,-5.735092759132399687e-01
-7.196978330612200381e-01,-7.196912765502899711e-01,-5.735092759132399687e-01,-5.735028982162500011e-01
-7.196912765502899711e-01,-7.196894288063000467e-01,-5.735028982162500011e-01,-5.735009908676099721e-01
-7.196894288063000467e-01,-7.196954488754300217e-01,-5.735009908676099721e-01,-5.735056996345500036e-01
-7.196954488754300217e-01,-7.197242379188499850e-01,-5.735056996345500036e-01,-5.735280513763399979e-01
-7.197242379188499850e-01,-7.200032472610500278e-01,-5.735280513763399979e-01,-5.737500786781299933e-01
-7.200032472610500278e-01,-7.211630344390900227e-01,-5.737500786781299933e-01,-5.749921798706100207e-01
-7.211630344390900227e-01,-7.229902148246799554e-01,-5.749921798706100207e-01,-5.775833129882800288e-01
-7.229902148246799554e-01,-7.242490053176899867e-01,-5.775833129882800288e-01,-5.799461603164699497e-01
-7.242490053176899867e-01,-7.244684100151099759e-01,-5.799461603164699497e-01,-5.813729166984600294e-01
-7.244684100151099759e-01,-7.235246300697300015e-01,-5.813729166984600294e-01,-5.816795229911799758e-01
-7.235246300697300015e-01,-7.213667631149299764e-01,-5.816795229911799758e-01,-5.808082818984999784e-01
-7.213667631149299764e-01,-7.179518342018099686e-01,-5.808082818984999784e-01,-5.787238478660600149e-01
-7.179518342018099686e-01,-7.132321596145599907e-01,-5.787238478660600149e-01,-5.753914713859600294e-01
-7.132321596145599907e-01,-7.071530222892800088e-01,-5.753914713859600294e-01,-5.707731842994699933e-01
-7.071530222892800088e-01,-6.996522545814499727e-01,-5.707731842994699933e-01,-5.648264884948700493e-01
-6.996522545814499727e-01,-6.906594634056100190e-01,-5.648264884948700493e-01,-5.575045943260199532e-01
-6.906594634056100190e-01,-6.800963878631599568e-01,-5.575045943260199532e-01,-5.487561821937599893e-01
-6.800963878631599568e-01,-6.678760051727300473e-01,-5.487561821937599893e-01,-5.385259985923800397e-01
-6.678760051727300473e-01,-6.539039015769999574e-01,-5.385259985923800397e-01,-5.267548561096200288e-01
-6.539039015769999574e-01,-6.380774974823000267e-01,-5.267548561096200288e-01,-5.133806467056299949e-01
-6.380774974823000267e-01,-6.202875971794099552e-01,-5.133806467056299949e-01,-4.983392059803000151e-01
-6.202875971794099552e-01,-6.004191637039200113e-01,-4.983392059803000151e-01,-4.815653264522600230e-01
-6.004191637039200113e-01,-5.783534646034199644e-01,-4.815653264522600230e-01,-4.629946649074599963e-01
-5.783534646034199644e-01,-5.539710521698000267e-01,-4.629946649074599963e-01,-4.425656795501700103e-01
-5.539710521698000267e-01,-5.271548628807100068e-01,-4.425656795501700103e-01,-4.202222228050199737e-01
-5.271548628807100068e-01,-4.977956712245900084e-01,-4.202222228050199737e-01,-3.959166705608400116e-01
-4.977956712245900084e-01,-4.657977223396300159e-01,-3.959166705608400116e-01,-3.696134686470000097e-01
-4.657977223396300159e-01,-4.310837388038599727e-01,-3.696134686470000097e-01,-3.412926197051999733e-01
-4.310837388038599727e-01,-3.936012983322100256e-01,-3.412926197051999733e-01,-3.109536767005899871e-01
-3.936012983322100256e-01,-3.533403575420400178e-01,-3.109536767005899871e-01,-2.786215543746899947e-01
-3.533403575420400178e-01,-3.103393912315399739e-01,-2.786215543746899947e-01,-2.443501353263899945e-01
-3.103393912315399739e-01,-2.646927237510700026e-01,-2.443501353263899945e-01,-2.082249522209199954e-01
-2.646927237510700026e-01,-2.165522724389999931e-01,-2.082249522209199954e-01,-1.703620254993399863e-01
-2.165522724389999931e-01,-1.661113202571899983e-01,-1.703620254993399863e-01,-1.308919638395300011e-01
-1.661113202571899983e-01,-1.135339513421100011e-01,-1.308919638395300011e-01,-8.988521248102200600e-02
-1.135339513421100011e-01,-5.868546664714800049e-02,-8.988521248102200600e-02,-4.701967537403099751e-02
-5.868546664714800049e-02,-3.138364945698399832e-07,-4.701967537403099751e-02,-2.478058434007799936e-07
-3.138364945698399832e-07,5.868487432599100301e-02,-2.478058434007799936e-07,4.701920971274400202e-02
5.868487432599100301e-02,1.135334074497200002e-01,4.701920971274400202e-02,8.988478034734699584e-02
1.135334074497200002e-01,1.661108285188699907e-01,8.988478034734699584e-02,1.308915764093399881e-01
1.661108285188699907e-01,2.165518254041700064e-01,1.308915764093399881e-01,1.703616678714799937e-01
2.165518254041700064e-01,2.646923065185500246e-01,1.703616678714799937e-01,2.082246243953700116e-01
2.646923065185500246e-01,3.103390336036699892e-01,2.082246243953700116e-01,2.443498522043200116e-01
3.103390336036699892e-01,3.533400595188099791e-01,2.443498522043200116e-01,2.786213159561199970e-01
3.533400595188099791e-01,3.936010003089899789e-01,2.786213159561199970e-01,3.109534382820099974e-01
3.936010003089899789e-01,4.310835003852799829e-01,3.109534382820099974e-01,3.412924110889399842e-01
4.310835003852799829e-01,4.657975137233700269e-01,3.412924110889399842e-01,3.696132898330700134e-01
4.657975137233700269e-01,4.977954626083400114e-01,3.696132898330700134e-01,3.959165215492200240e-01
4.977954626083400114e-01,5.271546840667700184e-01,3.959165215492200240e-01,4.202220737934099781e-01
5.271546840667700184e-01,5.539708733558700304e-01,4.202220737934099781e-01,4.425655603408800154e-01
5.539708733558700304e-01,5.783533453941299696e-01,4.425655603408800154e-01,4.629945755004900021e-01
5.783533453941299696e-01,6.004190444946300165e-01,4.629945755004900021e-01,4.815652370452899733e-01
6.004190444946300165e-01,6.202874779701199603e-01,4.815652370452899733e-01,4.983391165733300210e-01
6.202874779701199603e-01,6.380774378776600253e-01,4.983391165733300210e-01,5.133805871009800015e-01
6.380774378776600253e-01,6.539038419723499640e-01,5.133805871009800015e-01,5.267547965049700354e-01
6.539038419723499640e-01,6.678759455680800539e-01,5.267547965049700354e-01,5.385259389877300462e-01
6.678759455680800539e-01,6.800963282585099634e-01,5.385259389877300462e-01,5.487561821937599893e-01
6.800963282585099634e-01,6.906594038009600256e-01,5.487561821937599893e-01,5.575045347213699598e-01
6.906594038009600256e-01,6.996522545814499727e-01,5.575045347213699598e-01,5.648264884948700493e-01
6.996522545814499727e-01,7.071530222892800088e-01,5.648264884948700493e-01,5.707731246948199999e-01
7.071530222892800088e-01,7.132321000099199892e-01,5.707731246948199999e-01,5.753914713859600294e-01
7.132321000099199892e-01,7.179517745971699672e-01,5.753914713859600294e-01,5.787237882614100215e-01
7.179517745971699672e-01,7.213667631149299764e-01,5.787237882614100215e-01,5.808082818984999784e-01
7.213667631149299764e-01,7.235246300697300015e-01,5.808082818984999784e-01,5.816795229911799758e-01
7.235246300697300015e-01,7.244684100151099759e-01,5.816795229911799758e-01,5.813729166984600294e-01
7.244684100151099759e-01,7.242490053176899867e-01,5.813729166984600294e-01,5.799461603164699497e-01
7.242490053176899867e-01,7.229902148246799554e-01,5.799461603164699497e-01,5.775833129882800288e-01
7.229902148246799554e-01,7.211630344390900227e-01,5.775833129882800288e-01,5.749921798706100207e-01
7.211630344390900227e-01,7.200032472610500278e-01,5.749921798706100207e-01,5.737500786781299933e-01
7.200032472610500278e-01,7.197242379188499850e-01,5.737500786781299933e-01,5.735280513763399979e-01
7.197242379188499850e-01,7.196954488754300217e-01,5.735280513763399979e-01,5.735056996345500036e-01
7.196954488754300217e-01,7.196894288063000467e-01,5.735056996345500036e-01,5.735009908676099721e-01
7.196894288063000467e-01,7.196912765502899711e-01,5.735009908676099721e-01,5.735028982162500011e-01
7.196912765502899711e-01,7.196978330612200381e-01,5.735028982162500011e-01,5.735092759132399687e-01
7.196978330612200381e-01,7.197085618972800525e-01,5.735092759132399687e-01,5.735199451446499896e-01
7.197085618972800525e-01,7.197239995002699953e-01,5.735199451446499896e-01,5.735358595848100149e-01
7.197239995002699953e-01,7.197454571723900241e-01,5.735358595848100149e-01,5.735583305358900041e-01
7.197454571723900241e-01,7.197743654251099743e-01,5.735583305358900041e-01,5.735892057418799928e-01
7.197743654251099743e-01,7.198120355606100196e-01,5.735892057418799928e-01,5.736298561096200288e-01
7.198120355606100196e-01,7.198619246482800271e-01,5.736298561096200288e-01,5.736824870109600294e-01
7.198619246482800271e-01,7.199282050132800315e-01,5.736824870109600294e-01,5.737479925155599680e-01
7.199282050132800315e-01,7.199978232383700272e-01,5.737479925155599680e-01,5.738101601600600343e-01
7.199978232383700272e-01,7.200398445129400082e-01,5.738101601600600343e-01,5.738356709480300077e-01
7.200398445129400082e-01,7.200236320495599918e-01,5.738356709480300077e-01,5.737904310226400462e-01
7.200236320495599918e-01,7.199936509132399687e-01,5.737904310226400462e-01,5.737392902374299775e-01
-8.950570821762100504e-01,-8.950654268264800484e-01,-7.199936509132399687e-01,-7.200236320495599918e-01
-8.950654268264800484e-01,-8.950498700141900077e-01,-7.200236320495599918e-01,-7.200398445129400082e-01
-8.950498700141900077e-01,-8.949897885322599667e-01,-7.200398445129400082e-01,-7.199978232383700272e-01
-8.949897885322599667e-01,-8.949117660522499795e-01,-7.199978232383700272e-01,-7.199282050132800315e-01
-8.949117660522499795e-01,-8.948427438735999662e-01,-7.199282050132800315e-01,-7.198619246482800271e-01
-8.948427438735999662e-01,-8.947929739952099615e-01,-7.198619246482800271e-01,-7.198120355606100196e-01
-8.947929739952099615e-01,-8.947554230690000221e-01,-7.198120355606100196e-01,-7.197743654251099743e-01
-8.947554230690000221e-01,-8.947259783744799799e-01,-7.197743654251099743e-01,-7.197454571723900241e-01
-8.947259783744799799e-01,-8.947035074233999907e-01,-7.197454571723900241e-01,-7.197239995002699953e-01
-8.947035074233999907e-01,-8.946866989135699999e-01,-7.197239995002699953e-01,-7.197085618972800525e-01
-8.946866989135699999e-01,-8.946745991706800405e-01,-7.197085618972800525e-01,-7.196978330612200381e-01
-8.946745991706800405e-01,-8.946668505668600169e-01,-7.196978330612200381e-01,-7.196912765502899711e-01
-8.946668505668600169e-01,-8.946644067764299990e-01,-7.196912765502899711e-01,-7.196894288063000467e-01
-8.946644067764299990e-01,-8.946721553802500226e-01,-7.196894288063000467e-01,-7.196954488754300217e-01
-8.946721553802500226e-01,-8.947112560272200144e-01,-7.196954488754300217e-01,-7.197242379188499850e-01
-8.947112560272200144e-01,-8.950652480125399491e-01,-7.197242379188499850e-01,-7.200032472610500278e-01
-8.950652480125399491e-01,-8.961168527603099454e-01,-7.200032472610500278e-01,-7.211630344390900227e-01
-8.961168527603099454e-01,-8.971331119537400145e-01,-7.211630344390900227e-01,-7.229902148246799554e-01
-8.971331119537400145e-01,-8.973217606544500180e-01,-7.229902148246799554e-01,-7.242490053176899867e-01
-8.973217606544500180e-01,-8.964535593986500128e-01,-7.242490053176899867e-01,-7.244684100151099759e-01
-8.964535593986500128e-01,-8.944587111473100149e-01,-7.244684100151099759e-01,-7.235246300697300015e-01
-8.944587111473100149e-01,-8.912879228591900072e-01,-7.235246300697300015e-01,-7.213667631149299764e-01
-8.912879228591900072e-01,-8.868855237960799887e-01,-7.213667631149299764e-01,-7.179518342018099686e-01
-8.868855237960799887e-01,-8.811858892440800339e-01,-7.179518342018099686e-01,-7.132321596145599907e-01
-8.811858892440800339e-01,-8.741116523742700206e-01,-7.132321596145599907e-01,-7.071530222892800088e-01
-8.741116523742700206e-01,-8.655742406845100545e-01,-7.071530222892800088e-01,-6.996522545814499727e-01
-8.655742406845100545e-01,-8.554714322090100076e-01,-6.996522545814499727e-01,-6.906594634056100190e-01
-8.554714322090100076e-01,-8.436880707740800345e-01,-6.906594634056100190e-01,-6.800963878631599568e-01
-8.436880707740800345e-01,-8.300919532775900000e-01,-6.800963878631599568e-01,-6.678760051727300473e-01
-8.300919532775900000e-01,-8.145370483398399752e-01,-6.678760051727300473e-01,-6.539039015769999574e-01
-8.145370483398399752e-01,-7.968590259551999733e-01,-6.539039015769999574e-01,-6.380774974823000267e-01
-7.968590259551999733e-01,-7.768772840499900134e-01,-6.380774974823000267e-01,-6.202875971794099552e-01
-7.768772840499900134e-01,-7.543929815292399477e-01,-6.202875971794099552e-01,-6.004191637039200113e-01
-7.543929815292399477e-01,-7.291910052299499512e-01,-6.004191637039200113e-01,-5.783534646034199644e-01
-7.291910052299499512e-01,-7.010428309440599470e-01,-5.783534646034199644e-01,-5.539710521698000267e-01
-7.010428309440599470e-01,-6.697096824646000535e-01,-5.539710521698000267e-01,-5.271548628807100068e-01
-6.697096824646000535e-01,-6.349508762359600267e-01,-5.271548628807100068e-01,-4.977956712245900084e-01
-6.349508762359600267e-01,-5.965334177017199702e-01,-4.977956712245900084e-01,-4.657977223396300159e-01
-5.965334177017199702e-01,-5.542342066764800457e-01,-4.657977223396300159e-01,-4.310837388038599727e-01
-5.542342066764800457e-01,-5.078508257865900211e-01,-4.310837388038599727e-01,-3.936012983322100256e-01
-5.078508257865900211e-01,-4.572727978229499946e-01,-3.936012983322100256e-01,-3.533403575420400178e-01
-4.572727978229499946e-01,-4.024908840656299946e-01,-3.533403575420400178e-01,-3.103393912315399739e-01
-4.024908840656299946e-01,-3.436231613159200227e-01,-3.103393912315399739e-01,-2.646927237510700026e-01
-3.436231613159200227e-01,-2.809276878833800173e-01,-2.646927237510700026e-01,-2.165522724389999931e-01
-2.809276878833800173e-01,-2.147805541753800007e-01,-2.165522724389999931e-01,-1.661113202571899983e-01
-2.147805541753800007e-01,-1.456098705530199933e-01,-1.661113202571899983e-01,-1.135339513421100011e-01
-1.456098705530199933e-01,-7.382853329181700286e-02,-1.135339513421100011e-01,-5.868546664714800049e-02
-7.382853329181700286e-02,-3.928850276224699869e-07,-5.868546664714800049e-02,-3.138364945698399832e-07
-3.928850276224699869e-07,7.382779568433800454e-02,-3.138364945698399832e-07,5.868487432599100301e-02
7.382779568433800454e-02,1.456092000007599974e-01,5.868487432599100301e-02,1.135334074497200002e-01
1.456092000007599974e-01,2.147799432277699982e-01,1.135334074497200002e-01,1.661108285188699907e-01
2.147799432277699982e-01,2.809271514415699889e-01,1.661108285188699907e-01,2.165518254041700064e-01
2.809271514415699889e-01,3.436226844787599877e-01,2.165518254041700064e-01,2.646923065185500246e-01
3.436226844787599877e-01,4.024904668331100166e-01,2.646923065185500246e-01,3.103390336036699892e-01
4.024904668331100166e-01,4.572724103927600092e-01,3.103390336036699892e-01,3.533400595188099791e-01
4.572724103927600092e-01,5.078505277633700299e-01,3.533400595188099791e-01,3.936010003089899789e-01
5.078505277633700299e-01,5.542339086532600545e-01,3.936010003089899789e-01,4.310835003852799829e-01
5.542339086532600545e-01,5.965331196784999790e-01,4.310835003852799829e-01,4.657975137233700269e-01
5.965331196784999790e-01,6.349506378173800369e-01,4.657975137233700269e-01,4.977954626083400114e-01
6.349506378173800369e-01,6.697094440460199527e-01,4.977954626083400114e-01,5.271546840667700184e-01
6.697094440460199527e-01,7.010426521301299507e-01,5.271546840667700184e-01,5.539708733558700304e-01
7.010426521301299507e-01,7.291908860206599563e-01,5.539708733558700304e-01,5.783533453941299696e-01
7.291908860206599563e-01,7.543928623199499528e-01,5.783533453941299696e-01,6.004190444946300165e-01
7.543928623199499528e-01,7.768771648407000185e-01,6.004190444946300165e-01,6.202874779701199603e-01
7.768771648407000185e-01,7.968589067459099784e-01,6.202874779701199603e-01,6.380774378776600253e-01
7.968589067459099784e-01,8.145369887351999738e-01,6.380774378776600253e-01,6.539038419723499640e-01
8.145369887351999738e-01,8.300918936729400066e-01,6.539038419723499640e-01,6.678759455680800539e-01
8.300918936729400066e-01,8.436880111694300410e-01,6.678759455680800539e-01,6.800963282585099634e-01
8.436880111694300410e-01,8.554713726043700062e-01,6.800963282585099634e-01,6.906594038009600256e-01
8.554713726043700062e-01,8.655741810798599500e-01,6.906594038009600256e-01,6.996522545814499727e-01
8.655741810798599500e-01,8.741116523742700206e-01,6.996522545814499727e-01,7.071530222892800088e-01
8.741116523742700206e-01,8.811858296394300405e-01,7.071530222892800088e-01,7.132321000099199892e-01
8.811858296394300405e-01,8.868855237960799887e-01,7.132321000099199892e-01,7.179517745971699672e-01
8.868855237960799887e-01,8.912879228591900072e-01,7.179517745971699672e-01,7.213667631149299764e-01
8.912879228591900072e-01,8.944587111473100149e-01,7.213667631149299764e-01,7.235246300697300015e-01
8.944587111473100149e-01,8.964534997940100114e-01,7.235246300697300015e-01,7.244684100151099759e-01
8.964534997940100114e-01,8.973217010498000246e-01,7.244684100151099759e-01,7.242490053176899867e-01
8.973217010498000246e-01,8.971331119537400145e-01,7.242490053176899867e-01,7.229902148246799554e-01
8.971331119537400145e-01,8.961168527603099454e-01,7.229902148246799554e-01,7.211630344390900227e-01
8.961168527603099454e-01,8.950652480125399491e-01,7.211630344390900227e-01,7.200032472610500278e-01
8.950652480125399491e-01,8.947112560272200144e-01,7.200032472610500278e-01,7.197242379188499850e-01
8.947112560272200144e-01,8.946721553802500226e-01,7.197242379188499850e-01,7.196954488754300217e-01
8.946721553802500226e-01,8.946644067764299990e-01,7.196954488754300217e-01,7.196894288063000467e-01
8.946644067764299990e-01,8.946668505668600169e-01,7.196894288063000467e-01,7.196912765502899711e-01
8.946668505668600169e-01,8.946745991706800405e-01,7.196912765502899711e-01,7.196978330612200381e-01
8.946745991706800405e-01,8.946866989135699999e-01,7.196978330612200381e-01,7.197085618972800525e-01
8.946866989135699999e-01,8.947035074233999907e-01,7.197085618972800525e-01,7.197239995002699953e-01
8.947035074233999907e-01,8.947259783744799799e-01,7.197239995002699953e-01,7.197454571723900241e-01
8.947259783744799799e-01,8.947554230690000221e-01,7.197454571723900241e-01,7.197743654251099743e-01
8.947554230690000221e-01,8.947929739952099615e-01,7.197743654251099743e-01,7.198120355606100196e-01
8.947929739952099615e-01,8.948427438735999662e-01,7.198120355606100196e-01,7.198619246482800271e-01
8.948427438735999662e-01,8.949117660522499795e-01,7.198619246482800271e-01,7.199282050132800315e-01
8.949117660522499795e-01,8.949897885322599667e-01,7.199282050132800315e-01,7.199978232383700272e-01
8.949897885322599667e-01,8.950498700141900077e-01,7.199978232383700272e-01,7.200398445129400082e-01
8.950498700141900077e-01,8.950654268264800484e-01,7.200398445129400082e-01,7.200236320495599918e-01
8.950654268264800484e-01,8.950570821762100504e-01,7.200236320495599918e-01,7.199936509132399687e-01
-1.101143717765799890e+00,-1.101131677627599892e+00,-8.950570821762100504e-01,-8.950654268264800484e-01
-1.101131677627599892e+00,-1.101086735725399945e+00,-8.950654268264800484e-01,-8.950498700141900077e-01
-1.101086735725399945e+00,-1.101011037826499894e+00,-8.950498700141900077e-01,-8.949897885322599667e-01
-1.101011037826499894e+00,-1.100925087928799950e+00,-8.949897885322599667e-01,-8.949117660522499795e-01
-1.100925087928799950e+00,-1.100850582122800070e+00,-8.949117660522499795e-01,-8.948427438735999662e-01
-1.100850582122800070e+00,-1.100796818733200011e+00,-8.948427438735999662e-01,-8.947929739952099615e-01
-1.100796818733200011e+00,-1.100754737853999909e+00,-8.947929739952099615e-01,-8.947554230690000221e-01
-1.100754737853999909e+00,-1.100719690322899957e+00,-8.947554230690000221e-01,-8.947259783744799799e-01
-1.100719690322899957e+00,-1.100691318511999972e+00,-8.947259783744799799e-01,-8.947035074233999907e-01
-1.100691318511999972e+00,-1.100668907165500032e+00,-8.947035074233999907e-01,-8.946866989135699999e-01
-1.100668907165500032e+00,-1.100651621818500070e+00,-8.946866989135699999e-01,-8.946745991706800405e-01
-1.100651621818500070e+00,-1.100639462471000085e+00,-8.946745991706800405e-01,-8.946668505668600169e-01
-1.100639462471000085e+00,-1.100634098053000054e+00,-8.946668505668600169e-01,-8.946644067764299990e-01
-1.100634098053000054e+00,-1.100642919540399944e+00,-8.946644067764299990e-01,-8.946721553802500226e-01
-1.100642919540399944e+00,-1.100698113441499926e+00,-8.946721553802500226e-01,-8.947112560272200144e-01
-1.100698113441499926e+00,-1.101150274276700092e+00,-8.947112560272200144e-01,-8.950652480125399491e-01
-1.101150274276700092e+00,-1.102120161056499903e+00,-8.950652480125399491e-01,-8.961168527603099454e-01
-1.102120161056499903e+00,-1.102524518966699896e+00,-8.961168527603099454e-01,-8.971331119537400145e-01
-1.102524518966699896e+00,-1.102022409439100015e+00,-8.971331119537400145e-01,-8.973217606544500180e-01
-1.102022409439100015e+00,-1.100567221641499893e+00,-8.973217606544500180e-01,-8.964535593986500128e-01
-1.100567221641499893e+00,-1.098122835159299981e+00,-8.964535593986500128e-01,-8.944587111473100149e-01
-1.098122835159299981e+00,-1.094637393951400028e+00,-8.944587111473100149e-01,-8.912879228591900072e-01
-1.094637393951400028e+00,-1.090042114257800066e+00,-8.912879228591900072e-01,-8.868855237960799887e-01
-1.090042114257800066e+00,-1.084253668785100100e+00,-8.868855237960799887e-01,-8.811858892440800339e-01
-1.084253668785100100e+00,-1.077172160148599955e+00,-8.811858892440800339e-01,-8.741116523742700206e-01
-1.077172160148599955e+00,-1.068683266639699925e+00,-8.741116523742700206e-01,-8.655742406845100545e-01
-1.068683266639699925e+00,-1.058652281761200076e+00,-8.655742406845100545e-01,-8.554714322090100076e-01
-1.058652281761200076e+00,-1.046927571296700110e+00,-8.554714322090100076e-01,-8.436880707740800345e-01
-1.046927571296700110e+00,-1.033323407173200037e+00,-8.436880707740800345e-01,-8.300919532775900000e-01
-1.033323407173200037e+00,-1.017637133598300103e+00,-8.300919532775900000e-01,-8.145370483398399752e-01
-1.017637133598300103e+00,-9.996266961097699522e-01,-8.145370483398399752e-01,-7.968590259551999733e-01
-9.996266961097699522e-01,-9.790193438530000458e-01,-7.968590259551999733e-01,-7.768772840499900134e-01
-9.790193438530000458e-01,-9.554954767227199497e-01,-7.768772840499900134e-01,-7.543929815292399477e-01
-9.554954767227199497e-01,-9.286891818046599800e-01,-7.543929815292399477e-01,-7.291910052299499512e-01
-9.286891818046599800e-01,-8.981850743293799955e-01,-7.291910052299499512e-01,-7.010428309440599470e-01
-8.981850743293799955e-01,-8.635111451149000139e-01,-7.010428309440599470e-01,-6.697096824646000535e-01
-8.635111451149000139e-01,-8.241473436355599702e-01,-6.697096824646000535e-01,-6.349508762359600267e-01
-8.241473436355599702e-01,-7.795320749282800277e-01,-6.349508762359600267e-01,-5.965334177017199702e-01
-7.795320749282800277e-01,-7.290230989456200072e-01,-5.965334177017199702e-01,-5.542342066764800457e-01
-7.290230989456200072e-01,-6.719098091125500494e-01,-5.542342066764800457e-01,-5.078508257865900211e-01
-6.719098091125500494e-01,-6.077464818954499970e-01,-5.078508257865900211e-01,-4.572727978229499946e-01
-6.077464818954499970e-01,-5.363636612892199729e-01,-4.572727978229499946e-01,-4.024908840656299946e-01
-5.363636612892199729e-01,-4.579865336418200150e-01,-4.024908840656299946e-01,-3.436231613159200227e-01
-4.579865336418200150e-01,-3.733032643795000105e-01,-3.436231613159200227e-01,-2.809276878833800173e-01
-3.733032643795000105e-01,-2.833879590034499851e-01,-2.809276878833800173e-01,-2.147805541753800007e-01
-2.833879590034499851e-01,-1.895236819982500098e-01,-2.147805541753800007e-01,-1.456098705530199933e-01
-1.895236819982500098e-01,-9.344539791345600477e-02,-1.456098705530199933e-01,-7.382853329181700286e-02
-9.344539791345600477e-02,-4.862176865572100289e-07,-7.382853329181700286e-02,-3.928850276224699869e-07
-4.862176865572100289e-07,9.344448894262299965e-02,-3.928850276224699869e-07,7.382779568433800454e-02
9.344448894262299965e-02,1.895228475332300100e-01,7.382779568433800454e-02,1.456092000007599974e-01
1.895228475332300100e-01,2.833872139453900152e-01,1.456092000007599974e-01,2.147799432277699982e-01
2.833872139453900152e-01,3.733026087284099792e-01,2.147799432277699982e-01,2.809271514415699889e-01
3.733026087284099792e-01,4.579859375953699852e-01,2.809271514415699889e-01,3.436226844787599877e-01
4.579859375953699852e-01,5.363631844520599934e-01,3.436226844787599877e-01,4.024904668331100166e-01
5.363631844520599934e-01,6.077460646629300189e-01,4.024904668331100166e-01,4.572724103927600092e-01
6.077460646629300189e-01,6.719094514846799537e-01,4.572724103927600092e-01,5.078505277633700299e-01
6.719094514846799537e-01,7.290228009223900241e-01,5.078505277633700299e-01,5.542339086532600545e-01
7.290228009223900241e-01,7.795318365097000379e-01,5.542339086532600545e-01,5.965331196784999790e-01
7.795318365097000379e-01,8.241471052169799805e-01,5.965331196784999790e-01,6.349506378173800369e-01
8.241471052169799805e-01,8.635109663009600256e-01,6.349506378173800369e-01,6.697094440460199527e-01
8.635109663009600256e-01,8.981848955154400072e-01,6.697094440460199527e-01,7.010426521301299507e-01
8.981848955154400072e-01,9.286890625953699852e-01,7.010426521301299507e-01,7.291908860206599563e-01
9.286890625953699852e-01,9.554953575134299548e-01,7.291908860206599563e-01,7.543928623199499528e-01
9.554953575134299548e-01,9.790192246437100509e-01,7.543928623199499528e-01,7.768771648407000185e-01
9.790192246437100509e-01,9.996265769004799573e-01,7.768771648407000185e-01,7.968589067459099784e-01
9.996265769004799573e-01,1.017637014388999894e+00,7.968589067459099784e-01,8.145369887351999738e-01
1.017637014388999894e+00,1.033323287963900050e+00,8.145369887351999738e-01,8.300918936729400066e-01
1.033323287963900050e+00,1.046927571296700110e+00,8.300918936729400066e-01,8.436880111694300410e-01
1.046927571296700110e+00,1.058652281761200076e+00,8.436880111694300410e-01,8.554713726043700062e-01
1.058652281761200076e+00,1.068683266639699925e+00,8.554713726043700062e-01,8.655741810798599500e-01
1.068683266639699925e+00,1.077172160148599955e+00,8.655741810798599500e-01,8.741116523742700206e-01
1.077172160148599955e+00,1.084253668785100100e+00,8.741116523742700206e-01,8.811858296394300405e-01
1.084253668785100100e+00,1.090042114257800066e+00,8.811858296394300405e-01,8.868855237960799887e-01
1.090042114257800066e+00,1.094637393951400028e+00,8.868855237960799887e-01,8.912879228591900072e-01
1.094637393951400028e+00,1.098122835159299981e+00,8.912879228591900072e-01,8.944587111473100149e-01
1.098122835159299981e+00,1.100567221641499893e+00,8.944587111473100149e-01,8.964534997940100114e-01
1.100567221641499893e+00,1.102022409439100015e+00,8.964534997940100114e-01,8.973217010498000246e-01
1.102022409439100015e+00,1.102524518966699896e+00,8.973217010498000246e-01,8.971331119537400145e-01
1.102524518966699896e+00,1.102120161056499903e+00,8.971331119537400145e-01,8.961168527603099454e-01
1.102120161056499903e+00,1.101150274276700092e+00,8.961168527603099454e-01,8.950652480125399491e-01
1.101150274276700092e+00,1.100698113441499926e+00,8.950652480125399491e-01,8.947112560272200144e-01
1.100698113441499926e+00,1.100642919540399944e+00,8.947112560272200144e-01,8.946721553802500226e-01
1.100642919540399944e+00,1.100634098053000054e+00,8.946721553802500226e-01,8.946644067764299990e-01
1.100634098053000054e+00,1.100639462471000085e+00,8.946644067764299990e-01,8.946668505668600169e-01
1.100639462471000085e+00,1.100651621818500070e+00,8.946668505668600169e-01,8.946745991706800405e-01
1.100651621818500070e+00,1.100668907165500032e+00,8.946745991706800405e-01,8.946866989135699999e-01
1.100668907165500032e+00,1.100691318511999972e+00,8.946866989135699999e-01,8.947035074233999907e-01
1.100691318511999972e+00,1.100719690322899957e+00,8.947035074233999907e-01,8.947259783744799799e-01
1.100719690322899957e+00,1.100754737853999909e+00,8.947259783744799799e-01,8.947554230690000221e-01
1.100754737853999909e+00,1.100796818733200011e+00,8.947554230690000221e-01,8.947929739952099615e-01
1.100796818733200011e+00,1.100850582122800070e+00,8.947929739952099615e-01,8.948427438735999662e-01
1.100850582122800070e+00,1.100925087928799950e+00,8.948427438735999662e-01,8.949117660522499795e-01
1.100925087928799950e+00,1.101011037826499894e+00,8.949117660522499795e-01,8.949897885322599667e-01
1.101011037826499894e+00,1.101086735725399945e+00,8.949897885322599667e-01,8.950498700141900077e-01
1.101086735725399945e+00,1.101131677627599892e+00,8.950498700141900077e-01,8.950654268264800484e-01
1.101131677627599892e+00,1.101143717765799890e+00,8.950654268264800484e-01,8.950570821762100504e-01
-1.339048743248000051e+00,-1.339019060134899908e+00,-1.101143717765799890e+00,-1.101131677627599892e+00
-1.339019060134899908e+00,-1.338954448700000022e+00,-1.101131677627599892e+00,-1.101086735725399945e+00
-1.338954448700000022e+00,-1.338875532150300085e+00,-1.101086735725399945e+00,-1.101011037826499894e+00
-1.338875532150300085e+00,-1.338791966438299896e+00,-1.101011037826499894e+00,-1.100925087928799950e+00
-1.338791966438299896e+00,-1.338717103004499975e+00,-1.100925087928799950e+00,-1.100850582122800070e+00
-1.338717103004499975e+00,-1.338659882545500057e+00,-1.100850582122800070e+00,-1.100796818733200011e+00
-1.338659882545500057e+00,-1.338610410690300068e+00,-1.100796818733200011e+00,-1.100754737853999909e+00
-1.338610410690300068e+00,-1.338564038276699897e+00,-1.100754737853999909e+00,-1.100719690322899957e+00
-1.338564038276699897e+00,-1.338521718978900044e+00,-1.100719690322899957e+00,-1.100691318511999972e+00
-1.338521718978900044e+00,-1.338484048843399998e+00,-1.100691318511999972e+00,-1.100668907165500032e+00
-1.338484048843399998e+00,-1.338451385498000024e+00,-1.100668907165500032e+00,-1.100651621818500070e+00
-1.338451385498000024e+00,-1.338424444198599961e+00,-1.100651621818500070e+00,-1.100639462471000085e+00
-1.338424444198599961e+00,-1.338406443595899997e+00,-1.100639462471000085e+00,-1.100634098053000054e+00
-1.338406443595899997e+00,-1.338409304618799922e+00,-1.100634098053000054e+00,-1.100642919540399944e+00
-1.338409304618799922e+00,-1.338484048843399998e+00,-1.100642919540399944e+00,-1.100698113441499926e+00
-1.338484048843399998e+00,-1.339053392410300081e+00,-1.100698113441499926e+00,-1.101150274276700092e+00
-1.339053392410300081e+00,-1.340049147605899993e+00,-1.101150274276700092e+00,-1.102120161056499903e+00
-1.340049147605899993e+00,-1.340327024459800009e+00,-1.102120161056499903e+00,-1.102524518966699896e+00
-1.340327024459800009e+00,-1.339862108230599924e+00,-1.102524518966699896e+00,-1.102022409439100015e+00
-1.339862108230599924e+00,-1.338677644729600047e+00,-1.102022409439100015e+00,-1.100567221641499893e+00
-1.338677644729600047e+00,-1.336745500564600064e+00,-1.100567221641499893e+00,-1.098122835159299981e+00
-1.336745500564600064e+00,-1.334014296531699895e+00,-1.098122835159299981e+00,-1.094637393951400028e+00
-1.334014296531699895e+00,-1.330408215522800086e+00,-1.094637393951400028e+00,-1.090042114257800066e+00
-1.330408215522800086e+00,-1.325837254524200093e+00,-1.090042114257800066e+00,-1.084253668785100100e+00
-1.325837254524200093e+00,-1.320186018943799944e+00,-1.084253668785100100e+00,-1.077172160148599955e+00
-1.320186018943799944e+00,-1.313330411911000084e+00,-1.077172160148599955e+00,-1.068683266639699925e+00
-1.313330411911000084e+00,-1.305116891861000106e+00,-1.068683266639699925e+00,-1.058652281761200076e+00
-1.305116891861000106e+00,-1.295381784439100015e+00,-1.058652281761200076e+00,-1.046927571296700110e+00
-1.295381784439100015e+00,-1.283892393112199937e+00,-1.046927571296700110e+00,-1.033323407173200037e+00
-1.283892393112199937e+00,-1.270422458648700070e+00,-1.033323407173200037e+00,-1.017637133598300103e+00
-1.270422458648700070e+00,-1.254670143127400106e+00,-1.017637133598300103e+00,-9.996266961097699522e-01
-1.254670143127400106e+00,-1.236302733421299926e+00,-9.996266961097699522e-01,-9.790193438530000458e-01
-1.236302733421299926e+00,-1.214896321296700110e+00,-9.790193438530000458e-01,-9.554954767227199497e-01
-1.214896321296700110e+00,-1.189939737319900104e+00,-9.554954767227199497e-01,-9.286891818046599800e-01
-1.189939737319900104e+00,-1.160812139511099961e+00,-9.286891818046599800e-01,-8.981850743293799955e-01
-1.160812139511099961e+00,-1.126724481582600079e+00,-8.981850743293799955e-01,-8.635111451149000139e-01
-1.126724481582600079e+00,-1.086698651313799946e+00,-8.635111451149000139e-01,-8.241473436355599702e-01
-1.086698651313799946e+00,-1.039500117301900062e+00,-8.241473436355599702e-01,-7.795320749282800277e-01
-1.039500117301900062e+00,-9.832738041877699953e-01,-7.795320749282800277e-01,-7.290230989456200072e-01
-9.832738041877699953e-01,-9.154099225997900380e-01,-7.290230989456200072e-01,-6.719098091125500494e-01
-9.154099225997900380e-01,-8.340899348258999924e-01,-6.719098091125500494e-01,-6.077464818954499970e-01
-8.340899348258999924e-01,-7.383492588996900530e-01,-6.077464818954499970e-01,-5.363636612892199729e-01
-7.383492588996900530e-01,-6.287491917610199543e-01,-5.363636612892199729e-01,-4.579865336418200150e-01
-6.287491917610199543e-01,-5.077594518661500134e-01,-4.579865336418200150e-01,-3.733032643795000105e-01
-5.077594518661500134e-01,-3.793144524097399883e-01,-3.733032643795000105e-01,-2.833879590034499851e-01
-3.793144524097399883e-01,-2.477626949548699942e-01,-2.833879590034499851e-01,-1.895236819982500098e-01
-2.477626949548699942e-01,-1.178016215562800034e-01,-1.895236819982500098e-01,-9.344539791345600477e-02
-1.178016215562800034e-01,-5.946321266492299564e-07,-9.344539791345600477e-02,-4.862176865572100289e-07
-5.946321266492299564e-07,1.178005039691900069e-01,-4.862176865572100289e-07,9.344448894262299965e-02
1.178005039691900069e-01,2.477616816759100060e-01,9.344448894262299965e-02,1.895228475332300100e-01
2.477616816759100060e-01,3.793135583400700228e-01,1.895228475332300100e-01,2.833872139453900152e-01
3.793135583400700228e-01,5.077586770057700427e-01,2.833872139453900152e-01,3.733026087284099792e-01
5.077586770057700427e-01,6.287485361099199865e-01,3.733026087284099792e-01,4.579859375953699852e-01
6.287485361099199865e-01,7.383486628532399676e-01,4.579859375953699852e-01,5.363631844520599934e-01
7.383486628532399676e-01,8.340894579887400129e-01,5.363631844520599934e-01,6.077460646629300189e-01
8.340894579887400129e-01,9.154095649719200534e-01,6.077460646629300189e-01,6.719094514846799537e-01
9.154095649719200534e-01,9.832735061645500041e-01,6.719094514846799537e-01,7.290228009223900241e-01
9.832735061645500041e-01,1.039499759674100021e+00,7.290228009223900241e-01,7.795318365097000379e-01
1.039499759674100021e+00,1.086698412895199972e+00,7.795318365097000379e-01,8.241471052169799805e-01
1.086698412895199972e+00,1.126724362373400012e+00,8.241471052169799805e-01,8.635109663009600256e-01
1.126724362373400012e+00,1.160812020301799974e+00,8.635109663009600256e-01,8.981848955154400072e-01
1.160812020301799974e+00,1.189939618110700037e+00,8.981848955154400072e-01,9.286890625953699852e-01
1.189939618110700037e+00,1.214896202087399901e+00,9.286890625953699852e-01,9.554953575134299548e-01
1.214896202087399901e+00,1.236302614211999940e+00,9.554953575134299548e-01,9.790192246437100509e-01
1.236302614211999940e+00,1.254670023918200039e+00,9.790192246437100509e-01,9.996265769004799573e-01
1.254670023918200039e+00,1.270422339439400083e+00,9.996265769004799573e-01,1.017637014388999894e+00
1.270422339439400083e+00,1.283892393112199937e+00,1.017637014388999894e+00,1.033323287963900050e+00
1.283892393112199937e+00,1.295381665229800028e+00,1.033323287963900050e+00,1.046927571296700110e+00
1.295381665229800028e+00,1.305116772651699897e+00,1.046927571296700110e+00,1.058652281761200076e+00
1.305116772651699897e+00,1.313330411911000084e+00,1.058652281761200076e+00,1.068683266639699925e+00
1.313330411911000084e+00,1.320186018943799944e+00,1.068683266639699925e+00,1.077172160148599955e+00
1.320186018943799944e+00,1.325837135314900106e+00,1.077172160148599955e+00,1.084253668785100100e+00
1.325837135314900106e+00,1.330408215522800086e+00,1.084253668785100100e+00,1.090042114257800066e+00
1.330408215522800086e+00,1.334014296531699895e+00,1.090042114257800066e+00,1.094637393951400028e+00
1.334014296531699895e+00,1.336745500564600064e+00,1.094637393951400028e+00,1.098122835159299981e+00
1.336745500564600064e+00,1.338677644729600047e+00,1.098122835159299981e+00,1.100567221641499893e+00
1.338677644729600047e+00,1.339862108230599924e+00,1.100567221641499893e+00,1.102022409439100015e+00
1.339862108230599924e+00,1.340327024459800009e+00,1.102022409439100015e+00,1.102524518966699896e+00
1.340327024459800009e+00,1.340049147605899993e+00,1.102524518966699896e+00,1.102120161056499903e+00
1.340049147605899993e+00,1.339053392410300081e+00,1.102120161056499903e+00,1.101150274276700092e+00
1.339053392410300081e+00,1.338484048843399998e+00,1.101150274276700092e+00,1.100698113441499926e+00
1.338484048843399998e+00,1.338409304618799922e+00,1.100698113441499926e+00,1.100642919540399944e+00
1.338409304618799922e+00,1.338406443595899997e+00,1.100642919540399944e+00,1.100634098053000054e+00
1.338406443595899997e+00,1.338424444198599961e+00,1.100634098053000054e+00,1.100639462471000085e+00
1.338424444198599961e+00,1.338451385498000024e+00,1.100639462471000085e+00,1.100651621818500070e+00
1.338451385498000024e+00,1.338484048843399998e+00,1.100651621818500070e+00,1.100668907165500032e+00
1.338484048843399998e+00,1.338521718978900044e+00,1.100668907165500032e+00,1.100691318511999972e+00
1.338521718978900044e+00,1.338564038276699897e+00,1.100691318511999972e+00,1.100719690322899957e+00
1.338564038276699897e+00,1.338610410690300068e+00,1.100719690322899957e+00,1.100754737853999909e+00
1.338610410690300068e+00,1.338659882545500057e+00,1.100754737853999909e+00,1.100796818733200011e+00
1.338659882545500057e+00,1.338717103004499975e+00,1.100796818733200011e+00,1.100850582122800070e+00
1.338717103004499975e+00,1.338791966438299896e+00,1.100850582122800070e+00,1.100925087928799950e+00
1.338791966438299896e+00,1.338875532150300085e+00,1.100925087928799950e+00,1.101011037826499894e+00
1.338875532150300085e+00,1.338954448700000022e+00,1.101011037826499894e+00,1.101086735725399945e+00
1.338954448700000022e+00,1.339019060134899908e+00,1.101086735725399945e+00,1.101131677627599892e+00
1.339019060134899908e+00,1.339048743248000051e+00,1.101131677627599892e+00,1.101143717765799890e+00
-1.607557296752899934e+00,-1.607517004013099937e+00,-1.339048743248000051e+00,-1.339019060134899908e+00
-1.607517004013099937e+00,-1.607455968856799977e+00,-1.339019060134899908e+00,-1.338954448700000022e+00
-1.607455968856799977e+00,-1.607399702072100034e+00,-1.338954448700000022e+00,-1.338875532150300085e+00
-1.607399702072100034e+00,-1.607348561286900068e+00,-1.338875532150300085e+00,-1.338791966438299896e+00
-1.607348561286900068e+00,-1.607304215431200056e+00,-1.338791966438299896e+00,-1.338717103004499975e+00
-1.607304215431200056e+00,-1.607269048690799895e+00,-1.338717103004499975e+00,-1.338659882545500057e+00
-1.607269048690799895e+00,-1.607235193252599892e+00,-1.338659882545500057e+00,-1.338610410690300068e+00
-1.607235193252599892e+00,-1.607197403907800082e+00,-1.338610410690300068e+00,-1.338564038276699897e+00
-1.607197403907800082e+00,-1.607155323028599980e+00,-1.338564038276699897e+00,-1.338521718978900044e+00
-1.607155323028599980e+00,-1.607108592987100071e+00,-1.338521718978900044e+00,-1.338484048843399998e+00
-1.607108592987100071e+00,-1.607057094573999922e+00,-1.338484048843399998e+00,-1.338451385498000024e+00
-1.607057094573999922e+00,-1.607002019882199928e+00,-1.338451385498000024e+00,-1.338424444198599961e+00
-1.607002019882199928e+00,-1.606947422027600103e+00,-1.338424444198599961e+00,-1.338406443595899997e+00
-1.606947422027600103e+00,-1.606909871101400045e+00,-1.338406443595899997e+00,-1.338409304618799922e+00
-1.606909871101400045e+00,-1.606961369514499971e+00,-1.338409304618799922e+00,-1.338484048843399998e+00
-1.606961369514499971e+00,-1.607559800148000040e+00,-1.338484048843399998e+00,-1.339053392410300081e+00
-1.607559800148000040e+00,-1.608733415603599948e+00,-1.339053392410300081e+00,-1.340049147605899993e+00
-1.608733415603599948e+00,-1.609441757202100032e+00,-1.340049147605899993e+00,-1.340327024459800009e+00
-1.609441757202100032e+00,-1.609738111496000101e+00,-1.340327024459800009e+00,-1.339862108230599924e+00
-1.609738111496000101e+00,-1.609618782997100039e+00,-1.339862108230599924e+00,-1.338677644729600047e+00
-1.609618782997100039e+00,-1.609050154686000100e+00,-1.338677644729600047e+00,-1.336745500564600064e+00
-1.609050154686000100e+00,-1.607991576194800043e+00,-1.336745500564600064e+00,-1.334014296531699895e+00
-1.607991576194800043e+00,-1.606369495391799962e+00,-1.334014296531699895e+00,-1.330408215522800086e+00
-1.606369495391799962e+00,-1.604099750518799938e+00,-1.330408215522800086e+00,-1.325837254524200093e+00
-1.604099750518799938e+00,-1.601052999496499929e+00,-1.325837254524200093e+00,-1.320186018943799944e+00
-1.601052999496499929e+00,-1.597117543220500036e+00,-1.320186018943799944e+00,-1.313330411911000084e+00
-1.597117543220500036e+00,-1.592134833335900002e+00,-1.313330411911000084e+00,-1.305116891861000106e+00
-1.592134833335900002e+00,-1.585965871810899985e+00,-1.305116891861000106e+00,-1.295381784439100015e+00
-1.585965871810899985e+00,-1.578315615653999915e+00,-1.295381784439100015e+00,-1.283892393112199937e+00
-1.578315615653999915e+00,-1.569005489349400095e+00,-1.283892393112199937e+00,-1.270422458648700070e+00
-1.569005489349400095e+00,-1.557692766189600064e+00,-1.270422458648700070e+00,-1.254670143127400106e+00
-1.557692766189600064e+00,-1.544084310531600002e+00,-1.254670143127400106e+00,-1.236302733421299926e+00
-1.544084310531600002e+00,-1.527742266655000014e+00,-1.236302733421299926e+00,-1.214896321296700110e+00
-1.527742266655000014e+00,-1.508153676986700109e+00,-1.214896321296700110e+00,-1.189939737319900104e+00
-1.508153676986700109e+00,-1.484731912612899940e+00,-1.189939737319900104e+00,-1.160812139511099961e+00
-1.484731912612899940e+00,-1.456668138503999899e+00,-1.160812139511099961e+00,-1.126724481582600079e+00
-1.456668138503999899e+00,-1.422919034957899953e+00,-1.126724481582600079e+00,-1.086698651313799946e+00
-1.422919034957899953e+00,-1.381903052329999992e+00,-1.086698651313799946e+00,-1.039500117301900062e+00
-1.381903052329999992e+00,-1.329624176025399951e+00,-1.039500117301900062e+00,-9.832738041877699953e-01
-1.329624176025399951e+00,-1.258056521415700013e+00,-9.832738041877699953e-01,-9.154099225997900380e-01
-1.258056521415700013e+00,-1.160753369331400053e+00,-9.154099225997900380e-01,-8.340899348258999924e-01
-1.160753369331400053e+00,-1.032903313636799991e+00,-8.340899348258999924e-01,-7.383492588996900530e-01
-1.032903313636799991e+00,-8.746400475501999727e-01,-7.383492588996900530e-01,-6.287491917610199543e-01
-8.746400475501999727e-01,-6.934437751769999547e-01,-6.287491917610199543e-01,-5.077594518661500134e-01
-6.934437751769999547e-01,-5.023687481880200201e-01,-5.077594518661500134e-01,-3.793144524097399883e-01
-5.023687481880200201e-01,-3.154813647270199861e-01,-3.793144524097399883e-01,-2.477626949548699942e-01
-3.154813647270199861e-01,-1.440371572971299863e-01,-2.477626949548699942e-01,-1.178016215562800034e-01
-1.440371572971299863e-01,-7.182042622844199666e-07,-1.178016215562800034e-01,-5.946321266492299564e-07
-7.182042622844199666e-07,1.440358012914700059e-01,-5.946321266492299564e-07,1.178005039691900069e-01
1.440358012914700059e-01,3.154801428317999812e-01,1.178005039691900069e-01,2.477616816759100060e-01
3.154801428317999812e-01,5.023676156997699538e-01,2.477616816759100060e-01,3.793135583400700228e-01
5.023676156997699538e-01,6.934428811073299892e-01,3.793135583400700228e-01,5.077586770057700427e-01
6.934428811073299892e-01,8.746393322944600035e-01,5.077586770057700427e-01,6.287485361099199865e-01
8.746393322944600035e-01,1.032902598381000070e+00,6.287485361099199865e-01,7.383486628532399676e-01
1.032902598381000070e+00,1.160752892494200106e+00,7.383486628532399676e-01,8.340894579887400129e-01
1.160752892494200106e+00,1.258056044578599986e+00,8.340894579887400129e-01,9.154095649719200534e-01
1.258056044578599986e+00,1.329623818397499990e+00,9.154095649719200534e-01,9.832735061645500041e-01
1.329623818397499990e+00,1.381902694702100032e+00,9.832735061645500041e-01,1.039499759674100021e+00
1.381902694702100032e+00,1.422918796539299979e+00,1.039499759674100021e+00,1.086698412895199972e+00
1.422918796539299979e+00,1.456668019294699912e+00,1.086698412895199972e+00,1.126724362373400012e+00
1.456668019294699912e+00,1.484731793403599953e+00,1.126724362373400012e+00,1.160812020301799974e+00
1.484731793403599953e+00,1.508153557777399900e+00,1.160812020301799974e+00,1.189939618110700037e+00
1.508153557777399900e+00,1.527742147445700027e+00,1.189939618110700037e+00,1.214896202087399901e+00
1.527742147445700027e+00,1.544084310531600002e+00,1.214896202087399901e+00,1.236302614211999940e+00
1.544084310531600002e+00,1.557692646980300077e+00,1.236302614211999940e+00,1.254670023918200039e+00
1.557692646980300077e+00,1.569005370140100109e+00,1.254670023918200039e+00,1.270422339439400083e+00
1.569005370140100109e+00,1.578315615653999915e+00,1.270422339439400083e+00,1.283892393112199937e+00
1.578315615653999915e+00,1.585965871810899985e+00,1.283892393112199937e+00,1.295381665229800028e+00
1.585965871810899985e+00,1.592134714126600015e+00,1.295381665229800028e+00,1.305116772651699897e+00
1.592134714126600015e+00,1.597117543220500036e+00,1.305116772651699897e+00,1.313330411911000084e+00
1.597117543220500036e+00,1.601052999496499929e+00,1.313330411911000084e+00,1.320186018943799944e+00
1.601052999496499929e+00,1.604099750518799938e+00,1.320186018943799944e+00,1.325837135314900106e+00
1.604099750518799938e+00,1.606369495391799962e+00,1.325837135314900106e+00,1.330408215522800086e+00
1.606369495391799962e+00,1.607991576194800043e+00,1.330408215522800086e+00,1.334014296531699895e+00
1.607991576194800043e+00,1.609050154686000100e+00,1.334014296531699895e+00,1.336745500564600064e+00
1.609050154686000100e+00,1.609618782997100039e+00,1.336745500564600064e+00,1.338677644729600047e+00
1.609618782997100039e+00,1.609738111496000101e+00,1.338677644729600047e+00,1.339862108230599924e+00
1.609738111496000101e+00,1.609441757202100032e+00,1.339862108230599924e+00,1.340327024459800009e+00
1.609441757202100032e+00,1.608733415603599948e+00,1.340327024459800009e+00,1.340049147605899993e+00
1.608733415603599948e+00,1.607559800148000040e+00,1.340049147605899993e+00,1.339053392410300081e+00
1.607559800148000040e+00,1.606961369514499971e+00,1.339053392410300081e+00,1.338484048843399998e+00
1.606961369514499971e+00,1.606909871101400045e+00,1.338484048843399998e+00,1.338409304618799922e+00
1.606909871101400045e+00,1.606947422027600103e+00,1.338409304618799922e+00,1.338406443595899997e+00
1.606947422027600103e+00,1.607002019882199928e+00,1.338406443595899997e+00,1.338424444198599961e+00
1.607002019882199928e+00,1.607057094573999922e+00,1.338424444198599961e+00,1.338451385498000024e+00
1.607057094573999922e+00,1.607108592987100071e+00,1.338451385498000024e+00,1.338484048843399998e+00
1.607108592987100071e+00,1.607155323028599980e+00,1.338484048843399998e+00,1.338521718978900044e+00
1.607155323028599980e+00,1.607197403907800082e+00,1.338521718978900044e+00,1.338564038276699897e+00
1.607197403907800082e+00,1.607235193252599892e+00,1.338564038276699897e+00,1.338610410690300068e+00
1.607235193252599892e+00,1.607269048690799895e+00,1.338610410690300068e+00,1.338659882545500057e+00
1.607269048690799895e+00,1.607304215431200056e+00,1.338659882545500057e+00,1.338717103004499975e+00
1.607304215431200056e+00,1.607348561286900068e+00,1.338717103004499975e+00,1.338791966438299896e+00
1.607348561286900068e+00,1.607399702072100034e+00,1.338791966438299896e+00,1.338875532150300085e+00
1.607399702072100034e+00,1.607455968856799977e+00,1.338875532150300085e+00,1.338954448700000022e+00
1.607455968856799977e+00,1.607517004013099937e+00,1.338954448700000022e+00,1.339019060134899908e+00
1.607517004013099937e+00,1.607557296752899934e+00,1.339019060134899908e+00,1.339048743248000051e+00
-1.902997493743900037e+00,-1.902997493743900037e+00,-1.607557296752899934e+00,-1.607517004013099937e+00
-1.902997493743900037e+00,-1.902997493743900037e+00,-1.607517004013099937e+00,-1.607455968856799977e+00
-1.902997493743900037e+00,-1.902997612953200024e+00,-1.607455968856799977e+00,-1.607399702072100034e+00
-1.902997612953200024e+00,-1.902997612953200024e+00,-1.607399702072100034e+00,-1.607348561286900068e+00
-1.902997612953200024e+00,-1.902997612953200024e+00,-1.607348561286900068e+00,-1.607304215431200056e+00
-1.902997612953200024e+00,-1.902997612953200024e+00,-1.607304215431200056e+00,-1.607269048690799895e+00
-1.902997612953200024e+00,-1.902997612953200024e+00,-1.607269048690799895e+00,-1.607235193252599892e+00
-1.902997612953200024e+00,-1.902997612953200024e+00,-1.607235193252599892e+00,-1.607197403907800082e+00
-1.902997612953200024e+00,-1.902997612953200024e+00,-1.607197403907800082e+00,-1.607155323028599980e+00
-1.902997612953200024e+00,-1.902997612953200024e+00,-1.607155323028599980e+00,-1.607108592987100071e+00
-1.902997612953200024e+00,-1.902997612953200024e+00,-1.607108592987100071e+00,-1.607057094573999922e+00
-1.902997612953200024e+00,-1.902997612953200024e+00,-1.607057094573999922e+00,-1.607002019882199928e+00
-1.902997612953200024e+00,-1.902997612953200024e+00,-1.607002019882199928e+00,-1.606947422027600103e+00
-1.902997612953200024e+00,-1.902997612953200024e+00,-1.606947422027600103e+00,-1.606909871101400045e+00
-1.902997612953200024e+00,-1.902997612953200024e+00,-1.606909871101400045e+00,-1.606961369514499971e+00
-1.902997612953200024e+00,-1.902997612953200024e+00,-1.606961369514499971e+00,-1.607559800148000040e+00
-1.902997612953200024e+00,-1.904275417327899955e+00,-1.607559800148000040e+00,-1.608733415603599948e+00
-1.904275417327899955e+00,-1.905370473861700109e+00,-1.608733415603599948e+00,-1.609441757202100032e+00
-1.905370473861700109e+00,-1.906239390373200004e+00,-1.609441757202100032e+00,-1.609738111496000101e+00
-1.906239390373200004e+00,-1.906844019889800013e+00,-1.609738111496000101e+00,-1.609618782997100039e+00
-1.906844019889800013e+00,-1.907148122787500011e+00,-1.609618782997100039e+00,-1.609050154686000100e+00
-1.907148122787500011e+00,-1.907127976417499982e+00,-1.609050154686000100e+00,-1.607991576194800043e+00
-1.907127976417499982e+00,-1.906700015068099940e+00,-1.607991576194800043e+00,-1.606369495391799962e+00
-1.906700015068099940e+00,-1.905776977539100026e+00,-1.606369495391799962e+00,-1.604099750518799938e+00
-1.905776977539100026e+00,-1.904175281524699948e+00,-1.604099750518799938e+00,-1.601052999496499929e+00
-1.904175281524699948e+00,-1.901805162429800022e+00,-1.601052999496499929e+00,-1.597117543220500036e+00
-1.901805162429800022e+00,-1.898508787155199995e+00,-1.597117543220500036e+00,-1.592134833335900002e+00
-1.898508787155199995e+00,-1.894102692604100024e+00,-1.592134833335900002e+00,-1.585965871810899985e+00
-1.894102692604100024e+00,-1.888159871101400045e+00,-1.585965871810899985e+00,-1.578315615653999915e+00
-1.888159871101400045e+00,-1.880643486976599998e+00,-1.578315615653999915e+00,-1.569005489349400095e+00
-1.880643486976599998e+00,-1.870992422103900044e+00,-1.569005489349400095e+00,-1.557692766189600064e+00
-1.870992422103900044e+00,-1.859013676643400004e+00,-1.557692766189600064e+00,-1.544084310531600002e+00
-1.859013676643400004e+00,-1.844212532043500108e+00,-1.544084310531600002e+00,-1.527742266655000014e+00
-1.844212532043500108e+00,-1.825979590416000109e+00,-1.527742266655000014e+00,-1.508153676986700109e+00
-1.825979590416000109e+00,-1.803804278373700054e+00,-1.508153676986700109e+00,-1.484731912612899940e+00
-1.803804278373700054e+00,-1.776919484138500094e+00,-1.484731912612899940e+00,-1.456668138503999899e+00
-1.776919484138500094e+00,-1.744560360908500085e+00,-1.456668138503999899e+00,-1.422919034957899953e+00
-1.744560360908500085e+00,-1.705932259559600039e+00,-1.422919034957899953e+00,-1.381903052329999992e+00
-1.705932259559600039e+00,-1.655858039856000108e+00,-1.381903052329999992e+00,-1.329624176025399951e+00
-1.655858039856000108e+00,-1.580085754394499942e+00,-1.329624176025399951e+00,-1.258056521415700013e+00
-1.580085754394499942e+00,-1.468702673911999934e+00,-1.258056521415700013e+00,-1.160753369331400053e+00
-1.468702673911999934e+00,-1.312969326973000062e+00,-1.160753369331400053e+00,-1.032903313636799991e+00
-1.312969326973000062e+00,-1.110821604728700063e+00,-1.032903313636799991e+00,-8.746400475501999727e-01
-1.110821604728700063e+00,-8.723878264427199491e-01,-8.746400475501999727e-01,-6.934437751769999547e-01
-8.723878264427199491e-01,-6.193984150886500117e-01,-6.934437751769999547e-01,-5.023687481880200201e-01
-6.193984150886500117e-01,-3.778457045555099758e-01,-5.023687481880200201e-01,-3.154813647270199861e-01
-3.778457045555099758e-01,-1.682811677455899879e-01,-3.154813647270199861e-01,-1.440371572971299863e-01
-1.682811677455899879e-01,-8.560512014810200133e-07,-1.440371572971299863e-01,-7.182042622844199666e-07
-8.560512014810200133e-07,1.682795435190199973e-01,-7.182042622844199666e-07,1.440358012914700059e-01
1.682795435190199973e-01,3.778442442417099811e-01,1.440358012914700059e-01,3.154801428317999812e-01
3.778442442417099811e-01,6.193971037864699491e-01,3.154801428317999812e-01,5.023676156997699538e-01
6.193971037864699491e-01,8.723867535591099953e-01,5.023676156997699538e-01,6.934428811073299892e-01
8.723867535591099953e-01,1.110820770263700075e+00,6.934428811073299892e-01,8.746393322944600035e-01
1.110820770263700075e+00,1.312968611717199918e+00,8.746393322944600035e-01,1.032902598381000070e+00
1.312968611717199918e+00,1.468701958656299933e+00,1.032902598381000070e+00,1.160752892494200106e+00
1.468701958656299933e+00,1.580085158348099927e+00,1.160752892494200106e+00,1.258056044578599986e+00
1.580085158348099927e+00,1.655857682228099925e+00,1.258056044578599986e+00,1.329623818397499990e+00
1.655857682228099925e+00,1.705932021141099986e+00,1.329623818397499990e+00,1.381902694702100032e+00
1.705932021141099986e+00,1.744560122489899889e+00,1.381902694702100032e+00,1.422918796539299979e+00
1.744560122489899889e+00,1.776919245719899898e+00,1.422918796539299979e+00,1.456668019294699912e+00
1.776919245719899898e+00,1.803804159164400067e+00,1.456668019294699912e+00,1.484731793403599953e+00
1.803804159164400067e+00,1.825979471206699900e+00,1.484731793403599953e+00,1.508153557777399900e+00
1.825979471206699900e+00,1.844212412834199899e+00,1.508153557777399900e+00,1.527742147445700027e+00
1.844212412834199899e+00,1.859013557434100017e+00,1.527742147445700027e+00,1.544084310531600002e+00
1.859013557434100017e+00,1.870992422103900044e+00,1.544084310531600002e+00,1.557692646980300077e+00
1.870992422103900044e+00,1.880643486976599998e+00,1.557692646980300077e+00,1.569005370140100109e+00
1.880643486976599998e+00,1.888159871101400045e+00,1.569005370140100109e+00,1.578315615653999915e+00
1.888159871101400045e+00,1.894102692604100024e+00,1.578315615653999915e+00,1.585965871810899985e+00
1.894102692604100024e+00,1.898508787155199995e+00,1.585965871810899985e+00,1.592134714126600015e+00
1.898508787155199995e+00,1.901805162429800022e+00,1.592134714126600015e+00,1.597117543220500036e+00
1.901805162429800022e+00,1.904175281524699948e+00,1.597117543220500036e+00,1.601052999496499929e+00
1.904175281524699948e+00,1.905776977539100026e+00,1.601052999496499929e+00,1.604099750518799938e+00
1.905776977539100026e+00,1.906700015068099940e+00,1.604099750518799938e+00,1.606369495391799962e+00
1.906700015068099940e+00,1.907127976417499982e+00,1.606369495391799962e+00,1.607991576194800043e+00
1.907127976417499982e+00,1.907148122787500011e+00,1.607991576194800043e+00,1.609050154686000100e+00
1.907148122787500011e+00,1.906844019889800013e+00,1.609050154686000100e+00,1.609618782997100039e+00
1.906844019889800013e+00,1.906239390373200004e+00,1.609618782997100039e+00,1.609738111496000101e+00
1.906239390373200004e+00,1.905370473861700109e+00,1.609738111496000101e+00,1.609441757202100032e+00
1.905370473861700109e+00,1.904275417327899955e+00,1.609441757202100032e+00,1.608733415603599948e+00
1.904275417327899955e+00,1.902997612953200024e+00,1.608733415603599948e+00,1.607559800148000040e+00
1.902997612953200024e+00,1.902997612953200024e+00,1.607559800148000040e+00,1.606961369514499971e+00
1.902997612953200024e+00,1.902997612953200024e+00,1.606961369514499971e+00,1.606909871101400045e+00
1.902997612953200024e+00,1.902997612953200024e+00,1.606909871101400045e+00,1.606947422027600103e+00
1.902997612953200024e+00,1.902997612953200024e+00,1.606947422027600103e+00,1.607002019882199928e+00
1.902997612953200024e+00,1.902997612953200024e+00,1.607002019882199928e+00,1.607057094573999922e+00
1.902997612953200024e+00,1.902997612953200024e+00,1.607057094573999922e+00,1.607108592987100071e+00
1.902997612953200024e+00,1.902997612953200024e+00,1.607108592987100071e+00,1.607155323028599980e+00
1.902997612953200024e+00,1.902997612953200024e+00,1.607155323028599980e+00,1.607197403907800082e+00
1.902997612953200024e+00,1.902997612953200024e+00,1.607197403907800082e+00,1.607235193252599892e+00
1.902997612953200024e+00,1.902997612953200024e+00,1.607235193252599892e+00,1.607269048690799895e+00
1.902997612953200024e+00,1.902997612953200024e+00,1.607269048690799895e+00,1.607304215431200056e+00
1.902997612953200024e+00,1.902997612953200024e+00,1.607304215431200056e+00,1.607348561286900068e+00
1.902997612953200024e+00,1.902997612953200024e+00,1.607348561286900068e+00,1.607399702072100034e+00
1.902997612953200024e+00,1.902997493743900037e+00,1.607399702072100034e+00,1.607455968856799977e+00
1.902997493743900037e+00,1.902997493743900037e+00,1.607455968856799977e+00,1.607517004013099937e+00
1.902997493743900037e+00,1.902997493743900037e+00,1.607517004013099937e+00,1.607557296752899934e+00
