1.056317329000000083e+00,1.100000024000000076e+00,1.040198326000000062e+00,1.082835317000000019e+00
1.025257944999999893e+00,1.056317329000000083e+00,1.009867668000000052e+00,1.040198326000000062e+00
1.002004743000000087e+00,1.025257944999999893e+00,9.871507286999999797e-01,1.009867668000000052e+00
9.838302134999999948e-01,1.002004743000000087e+00,9.693880676999999668e-01,9.871507286999999797e-01
9.691030382999999970e-01,9.838302134999999948e-01,9.549888967999999867e-01,9.693880676999999668e-01
9.567995666999999926e-01,9.691030382999999970e-01,9.429544805999999779e-01,9.549888967999999867e-01
9.462454915000000355e-01,9.567995666999999926e-01,9.326265454000000066e-01,9.429544805999999779e-01
9.369826316999999571e-01,9.462454915000000355e-01,9.235576390999999941e-01,9.326265454000000066e-01
9.286895393999999859e-01,9.369826316999999571e-01,9.154334067999999602e-01,9.235576390999999941e-01
9.211318493000000274e-01,9.286895393999999859e-01,9.080245495000000000e-01,9.154334067999999602e-01
9.141407013000000248e-01,9.211318493000000274e-01,9.011652470000000026e-01,9.080245495000000000e-01
9.075906873000000319e-01,9.141407013000000248e-01,8.947317004000000518e-01,9.011652470000000026e-01
9.013971685999999650e-01,9.075906873000000319e-01,8.886393904999999593e-01,8.947317004000000518e-01
8.955121040000000310e-01,9.013971685999999650e-01,8.828384280000000084e-01,8.886393904999999593e-01
8.899354338999999614e-01,8.955121040000000310e-01,8.773239850999999812e-01,8.828384280000000084e-01
8.847386241000000373e-01,8.899354338999999614e-01,8.721579312999999667e-01,8.773239850999999812e-01
8.804323077000000275e-01,8.847386241000000373e-01,8.678360580999999740e-01,8.721579312999999667e-01
8.773930668999999627e-01,8.804323077000000275e-01,8.647289275999999747e-01,8.678360580999999740e-01
8.756112456000000321e-01,8.773930668999999627e-01,8.628254533000000448e-01,8.647289275999999747e-01
8.750021458000000196e-01,8.756112456000000321e-01,8.620425462999999899e-01,8.628254533000000448e-01
8.754214047999999693e-01,8.750021458000000196e-01,8.622398972999999467e-01,8.620425462999999899e-01
8.766849637000000417e-01,8.754214047999999693e-01,8.632401824000000001e-01,8.622398972999999467e-01
8.785912394999999542e-01,8.766849637000000417e-01,8.648500443000000093e-01,8.632401824000000001e-01
8.809408545000000368e-01,8.785912394999999542e-01,8.668797016000000522e-01,8.648500443000000093e-01
8.835518956000000257e-01,8.809408545000000368e-01,8.691571951000000018e-01,8.668797016000000522e-01
8.862698674000000221e-01,8.835518956000000257e-01,8.715374470000000207e-01,8.691571951000000018e-01
8.889722824000000356e-01,8.862698674000000221e-01,8.739064335999999766e-01,8.715374470000000207e-01
8.915683626999999500e-01,8.889722824000000356e-01,8.761805296000000354e-01,8.739064335999999766e-01
8.939968348000000287e-01,8.915683626999999500e-01,8.783038259000000014e-01,8.761805296000000354e-01
8.962206840999999979e-01,8.939968348000000287e-01,8.802431821999999739e-01,8.783038259000000014e-01
8.982226849000000124e-01,8.962206840999999979e-01,8.819836377999999977e-01,8.802431821999999739e-01
8.999999762000000514e-01,8.982226849000000124e-01,8.835234046000000063e-01,8.819836377999999977e-01
1.040198326000000062e+00,1.082835317000000019e+00,1.021032928999999978e+00,1.062451720000000099e+00
1.009867668000000052e+00,1.040198326000000062e+00,9.915501475000000342e-01,1.021032928999999978e+00
9.871507286999999797e-01,1.009867668000000052e+00,9.694556594000000027e-01,9.915501475000000342e-01
9.693880676999999668e-01,9.871507286999999797e-01,9.521703124000000518e-01,9.694556594000000027e-01
9.549888967999999867e-01,9.693880676999999668e-01,9.381503463000000487e-01,9.521703124000000518e-01
9.429544805999999779e-01,9.549888967999999867e-01,9.264261126999999707e-01,9.381503463000000487e-01
9.326265454000000066e-01,9.429544805999999779e-01,9.163581133000000545e-01,9.264261126999999707e-01
9.235576390999999941e-01,9.326265454000000066e-01,9.075112343000000248e-01,9.163581133000000545e-01
9.154334067999999602e-01,9.235576390999999941e-01,8.995796442000000281e-01,9.075112343000000248e-01
9.080245495000000000e-01,9.154334067999999602e-01,8.923395276000000154e-01,8.995796442000000281e-01
9.011652470000000026e-01,9.080245495000000000e-01,8.856287002999999602e-01,8.923395276000000154e-01
8.947317004000000518e-01,9.011652470000000026e-01,8.793249130000000413e-01,8.856287002999999602e-01
8.886393904999999593e-01,8.947317004000000518e-01,8.733437061000000057e-01,8.793249130000000413e-01
8.828384280000000084e-01,8.886393904999999593e-01,8.676325678999999846e-01,8.733437061000000057e-01
8.773239850999999812e-01,8.828384280000000084e-01,8.621806502000000094e-01,8.676325678999999846e-01
8.721579312999999667e-01,8.773239850999999812e-01,8.570375443000000093e-01,8.621806502000000094e-01
8.678360580999999740e-01,8.721579312999999667e-01,8.526821136000000134e-01,8.570375443000000093e-01
8.647289275999999747e-01,8.678360580999999740e-01,8.494780659999999761e-01,8.526821136000000134e-01
8.628254533000000448e-01,8.647289275999999747e-01,8.474128842000000494e-01,8.494780659999999761e-01
8.620425462999999899e-01,8.628254533000000448e-01,8.464054465000000471e-01,8.474128842000000494e-01
8.622398972999999467e-01,8.620425462999999899e-01,8.463205695000000084e-01,8.464054465000000471e-01
8.632401824000000001e-01,8.622398972999999467e-01,8.469889163999999582e-01,8.463205695000000084e-01
8.648500443000000093e-01,8.632401824000000001e-01,8.482275008999999866e-01,8.469889163999999582e-01
8.668797016000000522e-01,8.648500443000000093e-01,8.498580456000000005e-01,8.482275008999999866e-01
8.691571951000000018e-01,8.668797016000000522e-01,8.517206310999999586e-01,8.498580456000000005e-01
8.715374470000000207e-01,8.691571951000000018e-01,8.536817431000000012e-01,8.517206310999999586e-01
8.739064335999999766e-01,8.715374470000000207e-01,8.556374906999999475e-01,8.536817431000000012e-01
8.761805296000000354e-01,8.739064335999999766e-01,8.575130700999999966e-01,8.556374906999999475e-01
8.783038259000000014e-01,8.761805296000000354e-01,8.592591285999999773e-01,8.575130700999999966e-01
8.802431821999999739e-01,8.783038259000000014e-01,8.608470558999999911e-01,8.592591285999999773e-01
8.819836377999999977e-01,8.802431821999999739e-01,8.622647524000000008e-01,8.608470558999999911e-01
8.835234046000000063e-01,8.819836377999999977e-01,8.635115026999999888e-01,8.622647524000000008e-01
1.021032928999999978e+00,1.062451720000000099e+00,9.986246824000000188e-01,1.038648962999999981e+00
9.915501475000000342e-01,1.021032928999999978e+00,9.701109529000000453e-01,9.986246824000000188e-01
9.694556594000000027e-01,9.915501475000000342e-01,9.487264751999999746e-01,9.701109529000000453e-01
9.521703124000000518e-01,9.694556594000000027e-01,9.319844245999999721e-01,9.487264751999999746e-01
9.381503463000000487e-01,9.521703124000000518e-01,9.183951019999999632e-01,9.319844245999999721e-01
9.264261126999999707e-01,9.381503463000000487e-01,9.070221186000000380e-01,9.183951019999999632e-01
9.163581133000000545e-01,9.264261126999999707e-01,8.972474337000000411e-01,9.070221186000000380e-01
9.075112343000000248e-01,9.163581133000000545e-01,8.886502980999999579e-01,8.972474337000000411e-01
8.995796442000000281e-01,9.075112343000000248e-01,8.809341788000000228e-01,8.886502980999999579e-01
8.923395276000000154e-01,8.995796442000000281e-01,8.738818168999999969e-01,8.809341788000000228e-01
8.856287002999999602e-01,8.923395276000000154e-01,8.673347831000000063e-01,8.738818168999999969e-01
8.793249130000000413e-01,8.856287002999999602e-01,8.611726761000000341e-01,8.673347831000000063e-01
8.733437061000000057e-01,8.793249130000000413e-01,8.553104996999999488e-01,8.611726761000000341e-01
8.676325678999999846e-01,8.733437061000000057e-01,8.496925235000000187e-01,8.553104996999999488e-01
8.621806502000000094e-01,8.676325678999999846e-01,8.443002105000000368e-01,8.496925235000000187e-01
8.570375443000000093e-01,8.621806502000000094e-01,8.391683102000000449e-01,8.443002105000000368e-01
8.526821136000000134e-01,8.570375443000000093e-01,8.347558378999999640e-01,8.391683102000000449e-01
8.494780659999999761e-01,8.526821136000000134e-01,8.314196467000000146e-01,8.347558378999999640e-01
8.474128842000000494e-01,8.494780659999999761e-01,8.291457294999999839e-01,8.314196467000000146e-01
8.464054465000000471e-01,8.474128842000000494e-01,8.278551697999999570e-01,8.291457294999999839e-01
8.463205695000000084e-01,8.464054465000000471e-01,8.274191022000000340e-01,8.278551697999999570e-01
8.469889163999999582e-01,8.463205695000000084e-01,8.276777864000000040e-01,8.274191022000000340e-01
8.482275008999999866e-01,8.469889163999999582e-01,8.284605145000000226e-01,8.276777864000000040e-01
8.498580456000000005e-01,8.482275008999999866e-01,8.296028972000000223e-01,8.284605145000000226e-01
8.517206310999999586e-01,8.498580456000000005e-01,8.309593200999999540e-01,8.296028972000000223e-01
8.536817431000000012e-01,8.517206310999999586e-01,8.324101566999999591e-01,8.309593200999999540e-01
8.556374906999999475e-01,8.536817431000000012e-01,8.338637352000000114e-01,8.324101566999999591e-01
8.575130700999999966e-01,8.556374906999999475e-01,8.352554439999999580e-01,8.338637352000000114e-01
8.592591285999999773e-01,8.575130700999999966e-01,8.365439772999999635e-01,8.352554439999999580e-01
8.608470558999999911e-01,8.592591285999999773e-01,8.377058506000000238e-01,8.365439772999999635e-01
8.622647524000000008e-01,8.608470558999999911e-01,8.387326598000000022e-01,8.377058506000000238e-01
8.635115026999999888e-01,8.622647524000000008e-01,8.396247029000000195e-01,8.387326598000000022e-01
9.986246824000000188e-01,1.038648962999999981e+00,9.729349016999999655e-01,1.011394023999999892e+00
9.701109529000000453e-01,9.986246824000000188e-01,9.455071687999999641e-01,9.729349016999999655e-01
9.487264751999999746e-01,9.701109529000000453e-01,9.249171018999999827e-01,9.455071687999999641e-01
9.319844245999999721e-01,9.487264751999999746e-01,9.087815285000000465e-01,9.249171018999999827e-01
9.183951019999999632e-01,9.319844245999999721e-01,8.956717253000000545e-01,9.087815285000000465e-01
9.070221186000000380e-01,9.183951019999999632e-01,8.846887350000000039e-01,8.956717253000000545e-01
8.972474337000000411e-01,9.070221186000000380e-01,8.752387165999999663e-01,8.846887350000000039e-01
8.886502980999999579e-01,8.972474337000000411e-01,8.669168352999999660e-01,8.752387165999999663e-01
8.809341788000000228e-01,8.886502980999999579e-01,8.594372272000000423e-01,8.669168352999999660e-01
8.738818168999999969e-01,8.809341788000000228e-01,8.525895476000000528e-01,8.594372272000000423e-01
8.673347831000000063e-01,8.738818168999999969e-01,8.462195992000000055e-01,8.525895476000000528e-01
8.611726761000000341e-01,8.673347831000000063e-01,8.402088283999999963e-01,8.462195992000000055e-01
8.553104996999999488e-01,8.611726761000000341e-01,8.344712853000000319e-01,8.402088283999999963e-01
8.496925235000000187e-01,8.553104996999999488e-01,8.289471269000000531e-01,8.344712853000000319e-01
8.443002105000000368e-01,8.496925235000000187e-01,8.236086368999999685e-01,8.289471269000000531e-01
8.391683102000000449e-01,8.443002105000000368e-01,8.184723257999999557e-01,8.236086368999999685e-01
8.347558378999999640e-01,8.391683102000000449e-01,8.139752150000000297e-01,8.184723257999999557e-01
8.314196467000000146e-01,8.347558378999999640e-01,8.104671239999999832e-01,8.139752150000000297e-01
8.291457294999999839e-01,8.314196467000000146e-01,8.079323768999999711e-01,8.104671239999999832e-01
8.278551697999999570e-01,8.291457294999999839e-01,8.062949180999999799e-01,8.079323768999999711e-01
8.274191022000000340e-01,8.278551697999999570e-01,8.054332733000000299e-01,8.062949180999999799e-01
8.276777864000000040e-01,8.274191022000000340e-01,8.051990271000000199e-01,8.054332733000000299e-01
8.284605145000000226e-01,8.276777864000000040e-01,8.054357170999999482e-01,8.051990271000000199e-01
8.296028972000000223e-01,8.284605145000000226e-01,8.059951663000000099e-01,8.054357170999999482e-01
8.309593200999999540e-01,8.296028972000000223e-01,8.067487478000000545e-01,8.059951663000000099e-01
8.324101566999999591e-01,8.309593200999999540e-01,8.075928091999999836e-01,8.067487478000000545e-01
8.338637352000000114e-01,8.324101566999999591e-01,8.084499835999999773e-01,8.075928091999999836e-01
8.352554439999999580e-01,8.338637352000000114e-01,8.092677592999999447e-01,8.084499835999999773e-01
8.365439772999999635e-01,8.352554439999999580e-01,8.100138306999999926e-01,8.092677592999999447e-01
8.377058506000000238e-01,8.365439772999999635e-01,8.106712103000000003e-01,8.100138306999999926e-01
8.387326598000000022e-01,8.377058506000000238e-01,8.112351298000000099e-01,8.106712103000000003e-01
8.396247029000000195e-01,8.387326598000000022e-01,8.117074370000000316e-01,8.112351298000000099e-01
9.729349016999999655e-01,1.011394023999999892e+00,9.441391230000000245e-01,9.808778763000000067e-01
9.455071687999999641e-01,9.729349016999999655e-01,9.179034232999999654e-01,9.441391230000000245e-01
9.249171018999999827e-01,9.455071687999999641e-01,8.981839418000000519e-01,9.179034232999999654e-01
9.087815285000000465e-01,9.249171018999999827e-01,8.827118278000000151e-01,8.981839418000000519e-01
8.956717253000000545e-01,9.087815285000000465e-01,8.701253532999999596e-01,8.827118278000000151e-01
8.846887350000000039e-01,8.956717253000000545e-01,8.595669865999999715e-01,8.701253532999999596e-01
8.752387165999999663e-01,8.846887350000000039e-01,8.504694699999999496e-01,8.595669865999999715e-01
8.669168352999999660e-01,8.752387165999999663e-01,8.424453138999999924e-01,8.504694699999999496e-01
8.594372272000000423e-01,8.669168352999999660e-01,8.352203368999999711e-01,8.424453138999999924e-01
8.525895476000000528e-01,8.594372272000000423e-01,8.285917640000000084e-01,8.352203368999999711e-01
8.462195992000000055e-01,8.525895476000000528e-01,8.224098681999999494e-01,8.285917640000000084e-01
8.402088283999999963e-01,8.462195992000000055e-01,8.165578246000000373e-01,8.224098681999999494e-01
8.344712853000000319e-01,8.402088283999999963e-01,8.109484911000000018e-01,8.165578246000000373e-01
8.289471269000000531e-01,8.344712853000000319e-01,8.055168985999999753e-01,8.109484911000000018e-01
8.236086368999999685e-01,8.289471269000000531e-01,8.002243637999999493e-01,8.055168985999999753e-01
8.184723257999999557e-01,8.236086368999999685e-01,7.950664162999999673e-01,8.002243637999999493e-01
8.139752150000000297e-01,8.184723257999999557e-01,7.904556990000000116e-01,7.950664162999999673e-01
8.104671239999999832e-01,8.139752150000000297e-01,7.867351769999999522e-01,7.904556990000000116e-01
8.079323768999999711e-01,8.104671239999999832e-01,7.838872671000000070e-01,7.867351769999999522e-01
8.062949180999999799e-01,8.079323768999999711e-01,7.818393706999999804e-01,7.838872671000000070e-01
8.054332733000000299e-01,8.062949180999999799e-01,7.804783583000000080e-01,7.818393706999999804e-01
8.051990271000000199e-01,8.054332733000000299e-01,7.796688080000000465e-01,7.804783583000000080e-01
8.054357170999999482e-01,8.051990271000000199e-01,7.792706489999999819e-01,7.796688080000000465e-01
8.059951663000000099e-01,8.054357170999999482e-01,7.791542410999999779e-01,7.792706489999999819e-01
8.067487478000000545e-01,8.059951663000000099e-01,7.792100309999999697e-01,7.791542410999999779e-01
8.075928091999999836e-01,8.067487478000000545e-01,7.793526648999999917e-01,7.792100309999999697e-01
8.084499835999999773e-01,8.075928091999999836e-01,7.795211672999999841e-01,7.793526648999999917e-01
8.092677592999999447e-01,8.084499835999999773e-01,7.796766757999999964e-01,7.795211672999999841e-01
8.100138306999999926e-01,8.092677592999999447e-01,7.797973752000000314e-01,7.796766757999999964e-01
8.106712103000000003e-01,8.100138306999999926e-01,7.798731922999999622e-01,7.797973752000000314e-01
8.112351298000000099e-01,8.106712103000000003e-01,7.799038291000000012e-01,7.798731922999999622e-01
8.117074370000000316e-01,8.112351298000000099e-01,7.798928022000000126e-01,7.799038291000000012e-01
9.441391230000000245e-01,9.808778763000000067e-01,9.126685262000000520e-01,9.475576282000000017e-01
9.179034232999999654e-01,9.441391230000000245e-01,8.877135514999999755e-01,9.126685262000000520e-01
8.981839418000000519e-01,9.179034232999999654e-01,8.689283729000000234e-01,8.877135514999999755e-01
8.827118278000000151e-01,8.981839418000000519e-01,8.541673422000000127e-01,8.689283729000000234e-01
8.701253532999999596e-01,8.827118278000000151e-01,8.421409725999999818e-01,8.541673422000000127e-01
8.595669865999999715e-01,8.701253532999999596e-01,8.320361375999999476e-01,8.421409725999999818e-01
8.504694699999999496e-01,8.595669865999999715e-01,8.233142494999999839e-01,8.320361375999999476e-01
8.424453138999999924e-01,8.504694699999999496e-01,8.156065344999999800e-01,8.233142494999999839e-01
8.352203368999999711e-01,8.424453138999999924e-01,8.086512088999999737e-01,8.156065344999999800e-01
8.285917640000000084e-01,8.352203368999999711e-01,8.022536635000000471e-01,8.086512088999999737e-01
8.224098681999999494e-01,8.285917640000000084e-01,7.962687612000000081e-01,8.022536635000000471e-01
8.165578246000000373e-01,8.224098681999999494e-01,7.905813456000000405e-01,7.962687612000000081e-01
8.109484911000000018e-01,8.165578246000000373e-01,7.851027250000000013e-01,7.905813456000000405e-01
8.055168985999999753e-01,8.109484911000000018e-01,7.797619700000000265e-01,7.851027250000000013e-01
8.002243637999999493e-01,8.055168985999999753e-01,7.745081186000000173e-01,7.797619700000000265e-01
7.950664162999999673e-01,8.002243637999999493e-01,7.693130374000000105e-01,7.745081186000000173e-01
7.904556990000000116e-01,7.950664162999999673e-01,7.645629047999999983e-01,7.693130374000000105e-01
7.867351769999999522e-01,7.904556990000000116e-01,7.605940700000000110e-01,7.645629047999999983e-01
7.838872671000000070e-01,7.867351769999999522e-01,7.573869227999999731e-01,7.605940700000000110e-01
7.818393706999999804e-01,7.838872671000000070e-01,7.548727989000000305e-01,7.573869227999999731e-01
7.804783583000000080e-01,7.818393706999999804e-01,7.529478072999999938e-01,7.548727989000000305e-01
7.796688080000000465e-01,7.804783583000000080e-01,7.514908909999999942e-01,7.529478072999999938e-01
7.792706489999999819e-01,7.796688080000000465e-01,7.503800391999999597e-01,7.514908909999999942e-01
7.791542410999999779e-01,7.792706489999999819e-01,7.495061159000000472e-01,7.503800391999999597e-01
7.792100309999999697e-01,7.791542410999999779e-01,7.487807869999999477e-01,7.495061159000000472e-01
7.793526648999999917e-01,7.792100309999999697e-01,7.481390237999999693e-01,7.487807869999999477e-01
7.795211672999999841e-01,7.793526648999999917e-01,7.475378512999999447e-01,7.481390237999999693e-01
7.796766757999999964e-01,7.795211672999999841e-01,7.469535470000000510e-01,7.475378512999999447e-01
7.797973752000000314e-01,7.796766757999999964e-01,7.463757991999999675e-01,7.469535470000000510e-01
7.798731922999999622e-01,7.797973752000000314e-01,7.458024024999999613e-01,7.463757991999999675e-01
7.799038291000000012e-01,7.798731922999999622e-01,7.452379464999999703e-01,7.458024024999999613e-01
7.798928022000000126e-01,7.799038291000000012e-01,7.446874975999999702e-01,7.452379464999999703e-01
9.126685262000000520e-01,9.475576282000000017e-01,8.791866301999999855e-01,9.121586680000000058e-01
8.877135514999999755e-01,9.126685262000000520e-01,8.555557132000000120e-01,8.791866301999999855e-01
8.689283729000000234e-01,8.877135514999999755e-01,8.377337456000000238e-01,8.555557132000000120e-01
8.541673422000000127e-01,8.689283729000000234e-01,8.237033486000000515e-01,8.377337456000000238e-01
8.421409725999999818e-01,8.541673422000000127e-01,8.122503160999999805e-01,8.237033486000000515e-01
8.320361375999999476e-01,8.421409725999999818e-01,8.026079535000000265e-01,8.122503160999999805e-01
8.233142494999999839e-01,8.320361375999999476e-01,7.942671180000000497e-01,8.026079535000000265e-01
8.156065344999999800e-01,8.233142494999999839e-01,7.868785261999999836e-01,7.942671180000000497e-01
8.086512088999999737e-01,8.156065344999999800e-01,7.801930903999999556e-01,7.868785261999999836e-01
8.022536635000000471e-01,8.086512088999999737e-01,7.740245461000000438e-01,7.801930903999999556e-01
7.962687612000000081e-01,8.022536635000000471e-01,7.682321072000000139e-01,7.740245461000000438e-01
7.905813456000000405e-01,7.962687612000000081e-01,7.627022862000000236e-01,7.682321072000000139e-01
7.851027250000000013e-01,7.905813456000000405e-01,7.573439479000000363e-01,7.627022862000000236e-01
7.797619700000000265e-01,7.851027250000000013e-01,7.520794868000000299e-01,7.573439479000000363e-01
7.745081186000000173e-01,7.797619700000000265e-01,7.468439341000000509e-01,7.520794868000000299e-01
7.693130374000000105e-01,7.745081186000000173e-01,7.415829300999999818e-01,7.468439341000000509e-01
7.645629047999999983e-01,7.693130374000000105e-01,7.366555332999999983e-01,7.415829300999999818e-01
7.605940700000000110e-01,7.645629047999999983e-01,7.323924899000000543e-01,7.366555332999999983e-01
7.573869227999999731e-01,7.605940700000000110e-01,7.287726401999999881e-01,7.323924899000000543e-01
7.548727989000000305e-01,7.573869227999999731e-01,7.257315516000000244e-01,7.287726401999999881e-01
7.529478072999999938e-01,7.548727989000000305e-01,7.231758236999999978e-01,7.257315516000000244e-01
7.514908909999999942e-01,7.529478072999999938e-01,7.209997772999999777e-01,7.231758236999999978e-01
7.503800391999999597e-01,7.514908909999999942e-01,7.191012502000000417e-01,7.209997772999999777e-01
7.495061159000000472e-01,7.503800391999999597e-01,7.173931598999999659e-01,7.191012502000000417e-01
7.487807869999999477e-01,7.495061159000000472e-01,7.158099412999999744e-01,7.173931598999999659e-01
7.481390237999999693e-01,7.487807869999999477e-01,7.143084406999999914e-01,7.158099412999999744e-01
7.475378512999999447e-01,7.481390237999999693e-01,7.128649950000000013e-01,7.143084406999999914e-01
7.469535470000000510e-01,7.475378512999999447e-01,7.114721537000000540e-01,7.128649950000000013e-01
7.463757991999999675e-01,7.469535470000000510e-01,7.101319431999999487e-01,7.114721537000000540e-01
7.458024024999999613e-01,7.463757991999999675e-01,7.088502644999999935e-01,7.101319431999999487e-01
7.452379464999999703e-01,7.458024024999999613e-01,7.076369524000000188e-01,7.088502644999999935e-01
7.446874975999999702e-01,7.452379464999999703e-01,7.064988017000000120e-01,7.076369524000000188e-01
8.791866301999999855e-01,9.121586680000000058e-01,8.445822597000000043e-01,8.756293057999999796e-01
8.555557132000000120e-01,8.791866301999999855e-01,8.222767115000000349e-01,8.445822597000000043e-01
8.377337456000000238e-01,8.555557132000000120e-01,8.054154515000000458e-01,8.222767115000000349e-01
8.237033486000000515e-01,8.377337456000000238e-01,7.921110392000000333e-01,8.054154515000000458e-01
8.122503160999999805e-01,8.237033486000000515e-01,7.812252044999999923e-01,7.921110392000000333e-01
8.026079535000000265e-01,8.122503160999999805e-01,7.720378041000000024e-01,7.812252044999999923e-01
7.942671180000000497e-01,8.026079535000000265e-01,7.640697360000000549e-01,7.720378041000000024e-01
7.868785261999999836e-01,7.942671180000000497e-01,7.569909691999999746e-01,7.640697360000000549e-01
7.801930903999999556e-01,7.868785261999999836e-01,7.505651711999999920e-01,7.569909691999999746e-01
7.740245461000000438e-01,7.801930903999999556e-01,7.446141242999999577e-01,7.505651711999999920e-01
7.682321072000000139e-01,7.740245461000000438e-01,7.390013336999999849e-01,7.446141242999999577e-01
7.627022862000000236e-01,7.682321072000000139e-01,7.336142062999999602e-01,7.390013336999999849e-01
7.573439479000000363e-01,7.627022862000000236e-01,7.283589839999999871e-01,7.336142062999999602e-01
7.520794868000000299e-01,7.573439479000000363e-01,7.231503725000000271e-01,7.283589839999999871e-01
7.468439341000000509e-01,7.520794868000000299e-01,7.179080248000000442e-01,7.231503725000000271e-01
7.415829300999999818e-01,7.468439341000000509e-01,7.125492691999999462e-01,7.179080248000000442e-01
7.366555332999999983e-01,7.415829300999999818e-01,7.074062227999999841e-01,7.125492691999999462e-01
7.323924899000000543e-01,7.366555332999999983e-01,7.028060554999999709e-01,7.074062227999999841e-01
7.287726401999999881e-01,7.323924899000000543e-01,6.987261771999999649e-01,7.028060554999999709e-01
7.257315516000000244e-01,7.287726401999999881e-01,6.951072216000000470e-01,6.987261771999999649e-01
7.231758236999999978e-01,7.257315516000000244e-01,6.918668746999999675e-01,6.951072216000000470e-01
7.209997772999999777e-01,7.231758236999999978e-01,6.889159678999999814e-01,6.918668746999999675e-01
7.191012502000000417e-01,7.209997772999999777e-01,6.861730217999999493e-01,6.889159678999999814e-01
7.173931598999999659e-01,7.191012502000000417e-01,6.835740208999999679e-01,6.861730217999999493e-01
7.158099412999999744e-01,7.173931598999999659e-01,6.810773015000000097e-01,6.835740208999999679e-01
7.143084406999999914e-01,7.158099412999999744e-01,6.786624788999999769e-01,6.810773015000000097e-01
7.128649950000000013e-01,7.143084406999999914e-01,6.763258575999999689e-01,6.786624788999999769e-01
7.114721537000000540e-01,7.128649950000000013e-01,6.740767359999999542e-01,6.763258575999999689e-01
7.101319431999999487e-01,7.114721537000000540e-01,6.719298958999999627e-01,6.740767359999999542e-01
7.088502644999999935e-01,7.101319431999999487e-01,6.698997616999999849e-01,6.719298958999999627e-01
7.076369524000000188e-01,7.088502644999999935e-01,6.680012940999999760e-01,6.698997616999999849e-01
7.064988017000000120e-01,7.076369524000000188e-01,6.662428379000000511e-01,6.680012940999999760e-01
8.445822597000000043e-01,8.756293057999999796e-01,8.099133372000000275e-01,8.390483855999999463e-01
8.222767115000000349e-01,8.445822597000000043e-01,7.889239192000000456e-01,8.099133372000000275e-01
8.054154515000000458e-01,8.222767115000000349e-01,7.730163335999999941e-01,7.889239192000000456e-01
7.921110392000000333e-01,8.054154515000000458e-01,7.604321241000000509e-01,7.730163335999999941e-01
7.812252044999999923e-01,7.921110392000000333e-01,7.501086593000000358e-01,7.604321241000000509e-01
7.720378041000000024e-01,7.812252044999999923e-01,7.413721680999999508e-01,7.501086593000000358e-01
7.640697360000000549e-01,7.720378041000000024e-01,7.337730527000000391e-01,7.413721680999999508e-01
7.569909691999999746e-01,7.640697360000000549e-01,7.270007133000000454e-01,7.337730527000000391e-01
7.505651711999999920e-01,7.569909691999999746e-01,7.208312749999999935e-01,7.270007133000000454e-01
7.446141242999999577e-01,7.505651711999999920e-01,7.150944471000000302e-01,7.208312749999999935e-01
7.390013336999999849e-01,7.446141242999999577e-01,7.096580863000000461e-01,7.150944471000000302e-01
7.336142062999999602e-01,7.390013336999999849e-01,7.044103741999999668e-01,7.096580863000000461e-01
7.283589839999999871e-01,7.336142062999999602e-01,6.992547512000000243e-01,7.044103741999999668e-01
7.231503725000000271e-01,7.283589839999999871e-01,6.940980554000000247e-01,6.992547512000000243e-01
7.179080248000000442e-01,7.231503725000000271e-01,6.888445615999999605e-01,6.940980554000000247e-01
7.125492691999999462e-01,7.179080248000000442e-01,6.833829879999999690e-01,6.888445615999999605e-01
7.074062227999999841e-01,7.125492691999999462e-01,6.780186891999999688e-01,6.833829879999999690e-01
7.028060554999999709e-01,7.074062227999999841e-01,6.730756164000000208e-01,6.780186891999999688e-01
6.987261771999999649e-01,7.028060554999999709e-01,6.685298681000000354e-01,6.730756164000000208e-01
6.951072216000000470e-01,6.987261771999999649e-01,6.643270850000000394e-01,6.685298681000000354e-01
6.918668746999999675e-01,6.951072216000000470e-01,6.603960990999999670e-01,6.643270850000000394e-01
6.889159678999999814e-01,6.918668746999999675e-01,6.566643715000000103e-01,6.603960990999999670e-01
6.861730217999999493e-01,6.889159678999999814e-01,6.530711055000000265e-01,6.566643715000000103e-01
6.835740208999999679e-01,6.861730217999999493e-01,6.495754718999999788e-01,6.530711055000000265e-01
6.810773015000000097e-01,6.835740208999999679e-01,6.461597085000000407e-01,6.495754718999999788e-01
6.786624788999999769e-01,6.810773015000000097e-01,6.428261399000000376e-01,6.461597085000000407e-01
6.763258575999999689e-01,6.786624788999999769e-01,6.395912766000000360e-01,6.428261399000000376e-01
6.740767359999999542e-01,6.763258575999999689e-01,6.364811659000000343e-01,6.395912766000000360e-01
6.719298958999999627e-01,6.740767359999999542e-01,6.335233449999999600e-01,6.364811659000000343e-01
6.698997616999999849e-01,6.719298958999999627e-01,6.307405829000000130e-01,6.335233449999999600e-01
6.680012940999999760e-01,6.698997616999999849e-01,6.281531452999999932e-01,6.307405829000000130e-01
6.662428379000000511e-01,6.680012940999999760e-01,6.257709861000000373e-01,6.281531452999999932e-01
8.099133372000000275e-01,8.390483855999999463e-01,7.762246727999999596e-01,8.035014867999999977e-01
7.889239192000000456e-01,8.099133372000000275e-01,7.565150857000000340e-01,7.762246727999999596e-01
7.730163335999999941e-01,7.889239192000000456e-01,7.415353655999999960e-01,7.565150857000000340e-01
7.604321241000000509e-01,7.730163335999999941e-01,7.296524048000000429e-01,7.415353655999999960e-01
7.501086593000000358e-01,7.604321241000000509e-01,7.198769449999999903e-01,7.296524048000000429e-01
7.413721680999999508e-01,7.501086593000000358e-01,7.115800976999999694e-01,7.198769449999999903e-01
7.337730527000000391e-01,7.413721680999999508e-01,7.043411732000000036e-01,7.115800976999999694e-01
7.270007133000000454e-01,7.337730527000000391e-01,6.978682280000000349e-01,7.043411732000000036e-01
7.208312749999999935e-01,7.270007133000000454e-01,6.919496655000000329e-01,6.978682280000000349e-01
7.150944471000000302e-01,7.208312749999999935e-01,6.864229441000000431e-01,6.919496655000000329e-01
7.096580863000000461e-01,7.150944471000000302e-01,6.811600327000000288e-01,6.864229441000000431e-01
7.044103741999999668e-01,7.096580863000000461e-01,6.760500669000000240e-01,6.811600327000000288e-01
6.992547512000000243e-01,7.044103741999999668e-01,6.709936261000000179e-01,6.760500669000000240e-01
6.940980554000000247e-01,6.992547512000000243e-01,6.658902763999999808e-01,6.709936261000000179e-01
6.888445615999999605e-01,6.940980554000000247e-01,6.606293320999999663e-01,6.658902763999999808e-01
6.833829879999999690e-01,6.888445615999999605e-01,6.550719141999999939e-01,6.606293320999999663e-01
6.780186891999999688e-01,6.833829879999999690e-01,6.494974493999999821e-01,6.550719141999999939e-01
6.730756164000000208e-01,6.780186891999999688e-01,6.442264914999999981e-01,6.494974493999999821e-01
6.685298681000000354e-01,6.730756164000000208e-01,6.392338871999999617e-01,6.442264914999999981e-01
6.643270850000000394e-01,6.685298681000000354e-01,6.344701052000000230e-01,6.392338871999999617e-01
6.603960990999999670e-01,6.643270850000000394e-01,6.298747062999999757e-01,6.344701052000000230e-01
6.566643715000000103e-01,6.603960990999999670e-01,6.253911853000000409e-01,6.298747062999999757e-01
6.530711055000000265e-01,6.566643715000000103e-01,6.209786534000000247e-01,6.253911853000000409e-01
6.495754718999999788e-01,6.530711055000000265e-01,6.166187524999999781e-01,6.209786534000000247e-01
6.461597085000000407e-01,6.495754718999999788e-01,6.123167872000000456e-01,6.166187524999999781e-01
6.428261399000000376e-01,6.461597085000000407e-01,6.080970763999999917e-01,6.123167872000000456e-01
6.395912766000000360e-01,6.428261399000000376e-01,6.039956212000000546e-01,6.080970763999999917e-01
6.364811659000000343e-01,6.395912766000000360e-01,6.000546812999999480e-01,6.039956212000000546e-01
6.335233449999999600e-01,6.364811659000000343e-01,5.963140129999999761e-01,6.000546812999999480e-01
6.307405829000000130e-01,6.335233449999999600e-01,5.928047895000000400e-01,5.963140129999999761e-01
6.281531452999999932e-01,6.307405829000000130e-01,5.895521640999999979e-01,5.928047895000000400e-01
6.257709861000000373e-01,6.281531452999999932e-01,5.865676999000000169e-01,5.895521640999999979e-01
7.762246727999999596e-01,8.035014867999999977e-01,7.444508076000000418e-01,7.699552774000000266e-01
7.565150857000000340e-01,7.762246727999999596e-01,7.259638309000000511e-01,7.444508076000000418e-01
7.415353655999999960e-01,7.565150857000000340e-01,7.118721007999999628e-01,7.259638309000000511e-01
7.296524048000000429e-01,7.415353655999999960e-01,7.006617188000000551e-01,7.118721007999999628e-01
7.198769449999999903e-01,7.296524048000000429e-01,6.914129257000000139e-01,7.006617188000000551e-01
7.115800976999999694e-01,7.198769449999999903e-01,6.835399269999999916e-01,6.914129257000000139e-01
7.043411732000000036e-01,7.115800976999999694e-01,6.766492723999999459e-01,6.835399269999999916e-01
6.978682280000000349e-01,7.043411732000000036e-01,6.704670190999999502e-01,6.766492723999999459e-01
6.919496655000000329e-01,6.978682280000000349e-01,6.647932529000000201e-01,6.704670190999999502e-01
6.864229441000000431e-01,6.919496655000000329e-01,6.594729423999999840e-01,6.647932529000000201e-01
6.811600327000000288e-01,6.864229441000000431e-01,6.543820500000000484e-01,6.594729423999999840e-01
6.760500669000000240e-01,6.811600327000000288e-01,6.494108438000000261e-01,6.543820500000000484e-01
6.709936261000000179e-01,6.760500669000000240e-01,6.444576383000000241e-01,6.494108438000000261e-01
6.658902763999999808e-01,6.709936261000000179e-01,6.394150853000000190e-01,6.444576383000000241e-01
6.606293320999999663e-01,6.658902763999999808e-01,6.341591477000000365e-01,6.394150853000000190e-01
6.550719141999999939e-01,6.606293320999999663e-01,6.285255550999999663e-01,6.341591477000000365e-01
6.494974493999999821e-01,6.550719141999999939e-01,6.227687597000000075e-01,6.285255550999999663e-01
6.442264914999999981e-01,6.494974493999999821e-01,6.172055006000000121e-01,6.227687597000000075e-01
6.392338871999999617e-01,6.442264914999999981e-01,6.118091941000000089e-01,6.172055006000000121e-01
6.344701052000000230e-01,6.392338871999999617e-01,6.065346002999999486e-01,6.118091941000000089e-01
6.298747062999999757e-01,6.344701052000000230e-01,6.013312936000000386e-01,6.065346002999999486e-01
6.253911853000000409e-01,6.298747062999999757e-01,5.961575507999999912e-01,6.013312936000000386e-01
6.209786534000000247e-01,6.253911853000000409e-01,5.909910797999999854e-01,5.961575507999999912e-01
6.166187524999999781e-01,6.209786534000000247e-01,5.858343839999999858e-01,5.909910797999999854e-01
6.123167872000000456e-01,6.166187524999999781e-01,5.807142257999999835e-01,5.858343839999999858e-01
6.080970763999999917e-01,6.123167872000000456e-01,5.756756066999999533e-01,5.807142257999999835e-01
6.039956212000000546e-01,6.080970763999999917e-01,5.707724690000000045e-01,5.756756066999999533e-01
6.000546812999999480e-01,6.039956212000000546e-01,5.660625099999999632e-01,5.707724690000000045e-01
5.963140129999999761e-01,6.000546812999999480e-01,5.615968703999999478e-01,5.660625099999999632e-01
5.928047895000000400e-01,5.963140129999999761e-01,5.574144125000000116e-01,5.615968703999999478e-01
5.895521640999999979e-01,5.928047895000000400e-01,5.535451770000000549e-01,5.574144125000000116e-01
5.865676999000000169e-01,5.895521640999999979e-01,5.500022172999999848e-01,5.535451770000000549e-01
7.444508076000000418e-01,7.699552774000000266e-01,7.152968644999999626e-01,7.391602993000000454e-01
7.259638309000000511e-01,7.444508076000000418e-01,6.979425550000000200e-01,7.152968644999999626e-01
7.118721007999999628e-01,7.259638309000000511e-01,6.846743821999999868e-01,6.979425550000000200e-01
7.006617188000000551e-01,7.118721007999999628e-01,6.740883588999999620e-01,6.846743821999999868e-01
6.914129257000000139e-01,7.006617188000000551e-01,6.653293370999999734e-01,6.740883588999999620e-01
6.835399269999999916e-01,6.914129257000000139e-01,6.578509808000000403e-01,6.653293370999999734e-01
6.766492723999999459e-01,6.835399269999999916e-01,6.512853503000000099e-01,6.578509808000000403e-01
6.704670190999999502e-01,6.766492723999999459e-01,6.453750134000000305e-01,6.512853503000000099e-01
6.647932529000000201e-01,6.704670190999999502e-01,6.399309635000000052e-01,6.453750134000000305e-01
6.594729423999999840e-01,6.647932529000000201e-01,6.348052025000000542e-01,6.399309635000000052e-01
6.543820500000000484e-01,6.594729423999999840e-01,6.298774481000000147e-01,6.348052025000000542e-01
6.494108438000000261e-01,6.543820500000000484e-01,6.250392198999999982e-01,6.298774481000000147e-01
6.444576383000000241e-01,6.494108438000000261e-01,6.201868056999999546e-01,6.250392198999999982e-01
6.394150853000000190e-01,6.444576383000000241e-01,6.152068972999999996e-01,6.201868056999999546e-01
6.341591477000000365e-01,6.394150853000000190e-01,6.099634171000000160e-01,6.152068972999999996e-01
6.285255550999999663e-01,6.341591477000000365e-01,6.042692065000000445e-01,6.099634171000000160e-01
6.227687597000000075e-01,6.285255550999999663e-01,5.983560085000000361e-01,6.042692065000000445e-01
6.172055006000000121e-01,6.227687597000000075e-01,5.925363301999999610e-01,5.983560085000000361e-01
6.118091941000000089e-01,6.172055006000000121e-01,5.867823958000000228e-01,5.925363301999999610e-01
6.065346002999999486e-01,6.118091941000000089e-01,5.810528397999999983e-01,5.867823958000000228e-01
6.013312936000000386e-01,6.065346002999999486e-01,5.753061175000000471e-01,5.810528397999999983e-01
5.961575507999999912e-01,6.013312936000000386e-01,5.695140958000000087e-01,5.753061175000000471e-01
5.909910797999999854e-01,5.961575507999999912e-01,5.636712312999999641e-01,5.695140958000000087e-01
5.858343839999999858e-01,5.909910797999999854e-01,5.577989221000000386e-01,5.636712312999999641e-01
5.807142257999999835e-01,5.858343839999999858e-01,5.519435405999999489e-01,5.577989221000000386e-01
5.756756066999999533e-01,5.807142257999999835e-01,5.461684464999999600e-01,5.519435405999999489e-01
5.707724690000000045e-01,5.756756066999999533e-01,5.405442119000000156e-01,5.461684464999999600e-01
5.660625099999999632e-01,5.707724690000000045e-01,5.351421832999999628e-01,5.405442119000000156e-01
5.615968703999999478e-01,5.660625099999999632e-01,5.300239920999999521e-01,5.351421832999999628e-01
5.574144125000000116e-01,5.615968703999999478e-01,5.252355336999999791e-01,5.300239920999999521e-01
5.535451770000000549e-01,5.574144125000000116e-01,5.208110808999999453e-01,5.252355336999999791e-01
5.500022172999999848e-01,5.535451770000000549e-01,5.167651175999999902e-01,5.208110808999999453e-01
7.152968644999999626e-01,7.391602993000000454e-01,6.892217993999999459e-01,7.115994096000000102e-01
6.979425550000000200e-01,7.152968644999999626e-01,6.728937626000000005e-01,6.892217993999999459e-01
6.846743821999999868e-01,6.979425550000000200e-01,6.603724957000000062e-01,6.728937626000000005e-01
6.740883588999999620e-01,6.846743821999999868e-01,6.503534317000000398e-01,6.603724957000000062e-01
6.653293370999999734e-01,6.740883588999999620e-01,6.420398354999999890e-01,6.503534317000000398e-01
6.578509808000000403e-01,6.653293370999999734e-01,6.349211335000000123e-01,6.420398354999999890e-01
6.512853503000000099e-01,6.578509808000000403e-01,6.286522745999999495e-01,6.349211335000000123e-01
6.453750134000000305e-01,6.512853503000000099e-01,6.229909658000000183e-01,6.286522745999999495e-01
6.399309635000000052e-01,6.453750134000000305e-01,6.177580953000000319e-01,6.229909658000000183e-01
6.348052025000000542e-01,6.399309635000000052e-01,6.128119826000000270e-01,6.177580953000000319e-01
6.298774481000000147e-01,6.348052025000000542e-01,6.080359816999999500e-01,6.128119826000000270e-01
6.250392198999999982e-01,6.298774481000000147e-01,6.033228040000000458e-01,6.080359816999999500e-01
6.201868056999999546e-01,6.250392198999999982e-01,5.985671282000000204e-01,6.033228040000000458e-01
6.152068972999999996e-01,6.201868056999999546e-01,5.936506391000000438e-01,5.985671282000000204e-01
6.099634171000000160e-01,6.152068972999999996e-01,5.884267091999999533e-01,5.936506391000000438e-01
6.042692065000000445e-01,6.099634171000000160e-01,5.826885104000000259e-01,5.884267091999999533e-01
5.983560085000000361e-01,6.042692065000000445e-01,5.766471027999999777e-01,5.826885104000000259e-01
5.925363301999999610e-01,5.983560085000000361e-01,5.706108809000000059e-01,5.766471027999999777e-01
5.867823958000000228e-01,5.925363301999999610e-01,5.645508169999999826e-01,5.706108809000000059e-01
5.810528397999999983e-01,5.867823958000000228e-01,5.584290624000000092e-01,5.645508169999999826e-01
5.753061175000000471e-01,5.810528397999999983e-01,5.522119999000000279e-01,5.584290624000000092e-01
5.695140958000000087e-01,5.753061175000000471e-01,5.458831787000000269e-01,5.522119999000000279e-01
5.636712312999999641e-01,5.695140958000000087e-01,5.394520760000000026e-01,5.458831787000000269e-01
5.577989221000000386e-01,5.636712312999999641e-01,5.329566597999999544e-01,5.394520760000000026e-01
5.519435405999999489e-01,5.577989221000000386e-01,5.264604092000000346e-01,5.329566597999999544e-01
5.461684464999999600e-01,5.519435405999999489e-01,5.200430751000000296e-01,5.264604092000000346e-01
5.405442119000000156e-01,5.461684464999999600e-01,5.137896537999999680e-01,5.200430751000000296e-01
5.351421832999999628e-01,5.405442119000000156e-01,5.077836514000000356e-01,5.137896537999999680e-01
5.300239920999999521e-01,5.351421832999999628e-01,5.020958184999999574e-01,5.077836514000000356e-01
5.252355336999999791e-01,5.300239920999999521e-01,4.967782198999999843e-01,5.020958184999999574e-01
5.208110808999999453e-01,5.252355336999999791e-01,4.918689430000000029e-01,4.967782198999999843e-01
5.167651175999999902e-01,5.208110808999999453e-01,4.873837233000000158e-01,4.918689430000000029e-01
6.892217993999999459e-01,7.115994096000000102e-01,6.664322615000000116e-01,6.874879599000000008e-01
6.728937626000000005e-01,6.892217993999999459e-01,6.510181427000000243e-01,6.664322615000000116e-01
6.603724957000000062e-01,6.728937626000000005e-01,6.391628981000000431e-01,6.510181427000000243e-01
6.503534317000000398e-01,6.603724957000000062e-01,6.296502948000000099e-01,6.391628981000000431e-01
6.420398354999999890e-01,6.503534317000000398e-01,6.217353939999999968e-01,6.296502948000000099e-01
6.349211335000000123e-01,6.420398354999999890e-01,6.149394512000000423e-01,6.217353939999999968e-01
6.286522745999999495e-01,6.349211335000000123e-01,6.089377998999999653e-01,6.149394512000000423e-01
6.229909658000000183e-01,6.286522745999999495e-01,6.035014987000000275e-01,6.089377998999999653e-01
6.177580953000000319e-01,6.229909658000000183e-01,5.984603166999999946e-01,6.035014987000000275e-01
6.128119826000000270e-01,6.177580953000000319e-01,5.936783552000000075e-01,5.984603166999999946e-01
6.080359816999999500e-01,6.128119826000000270e-01,5.890423058999999517e-01,5.936783552000000075e-01
6.033228040000000458e-01,6.080359816999999500e-01,5.844460129999999864e-01,5.890423058999999517e-01
5.985671282000000204e-01,6.033228040000000458e-01,5.797830819999999497e-01,5.844460129999999864e-01
5.936506391000000438e-01,5.985671282000000204e-01,5.749310851000000167e-01,5.797830819999999497e-01
5.884267091999999533e-01,5.936506391000000438e-01,5.697345733999999995e-01,5.749310851000000167e-01
5.826885104000000259e-01,5.884267091999999533e-01,5.639702081999999894e-01,5.697345733999999995e-01
5.766471027999999777e-01,5.826885104000000259e-01,5.578307509000000053e-01,5.639702081999999894e-01
5.706108809000000059e-01,5.766471027999999777e-01,5.516203045999999999e-01,5.578307509000000053e-01
5.645508169999999826e-01,5.706108809000000059e-01,5.453087687000000017e-01,5.516203045999999999e-01
5.584290624000000092e-01,5.645508169999999826e-01,5.388612747000000036e-01,5.453087687000000017e-01
5.522119999000000279e-01,5.584290624000000092e-01,5.322508216000000347e-01,5.388612747000000036e-01
5.458831787000000269e-01,5.522119999000000279e-01,5.254712701000000541e-01,5.322508216000000347e-01
5.394520760000000026e-01,5.458831787000000269e-01,5.185446739000000305e-01,5.254712701000000541e-01
5.329566597999999544e-01,5.394520760000000026e-01,5.115233660000000349e-01,5.185446739000000305e-01
5.264604092000000346e-01,5.329566597999999544e-01,5.044854879000000292e-01,5.115233660000000349e-01
5.200430751000000296e-01,5.264604092000000346e-01,4.975248574999999729e-01,5.044854879000000292e-01
5.137896537999999680e-01,5.200430751000000296e-01,4.907388091000000063e-01,4.975248574999999729e-01
5.077836514000000356e-01,5.137896537999999680e-01,4.842211901999999846e-01,4.907388091000000063e-01
5.020958184999999574e-01,5.077836514000000356e-01,4.780506789999999784e-01,4.842211901999999846e-01
4.967782198999999843e-01,5.020958184999999574e-01,4.722845553999999724e-01,4.780506789999999784e-01
4.918689430000000029e-01,4.967782198999999843e-01,4.669642150000000158e-01,4.722845553999999724e-01
4.873837233000000158e-01,4.918689430000000029e-01,4.621064960999999860e-01,4.669642150000000158e-01
6.664322615000000116e-01,6.874879599000000008e-01,6.469132899999999742e-01,6.668103933000000261e-01
6.510181427000000243e-01,6.664322615000000116e-01,6.323012709999999981e-01,6.469132899999999742e-01
6.391628981000000431e-01,6.510181427000000243e-01,6.210315824000000040e-01,6.323012709999999981e-01
6.296502948000000099e-01,6.391628981000000431e-01,6.119653582999999841e-01,6.210315824000000040e-01
6.217353939999999968e-01,6.296502948000000099e-01,6.044027804999999587e-01,6.119653582999999841e-01
6.149394512000000423e-01,6.217353939999999968e-01,5.978928803999999930e-01,6.044027804999999587e-01
6.089377998999999653e-01,6.149394512000000423e-01,5.921289324999999826e-01,5.978928803999999930e-01
6.035014987000000275e-01,6.089377998999999653e-01,5.868937373000000512e-01,5.921289324999999826e-01
5.984603166999999946e-01,6.035014987000000275e-01,5.820248722999999957e-01,5.868937373000000512e-01
5.936783552000000075e-01,5.984603166999999946e-01,5.773915647999999790e-01,5.820248722999999957e-01
5.890423058999999517e-01,5.936783552000000075e-01,5.728836059999999897e-01,5.773915647999999790e-01
5.844460129999999864e-01,5.890423058999999517e-01,5.683960915000000336e-01,5.728836059999999897e-01
5.797830819999999497e-01,5.844460129999999864e-01,5.638217925999999824e-01,5.683960915000000336e-01
5.749310851000000167e-01,5.797830819999999497e-01,5.590351223999999730e-01,5.638217925999999824e-01
5.697345733999999995e-01,5.749310851000000167e-01,5.538737178000000538e-01,5.590351223999999730e-01
5.639702081999999894e-01,5.697345733999999995e-01,5.481005311000000102e-01,5.538737178000000538e-01
5.578307509000000053e-01,5.639702081999999894e-01,5.418925285000000258e-01,5.481005311000000102e-01
5.516203045999999999e-01,5.578307509000000053e-01,5.355493425999999779e-01,5.418925285000000258e-01
5.453087687000000017e-01,5.516203045999999999e-01,5.290398598000000119e-01,5.355493425999999779e-01
5.388612747000000036e-01,5.453087687000000017e-01,5.223314761999999778e-01,5.290398598000000119e-01
5.322508216000000347e-01,5.388612747000000036e-01,5.154029727000000172e-01,5.223314761999999778e-01
5.254712701000000541e-01,5.322508216000000347e-01,5.082565545999999657e-01,5.154029727000000172e-01
5.185446739000000305e-01,5.254712701000000541e-01,5.009250641000000392e-01,5.082565545999999657e-01
5.115233660000000349e-01,5.185446739000000305e-01,4.934726655000000184e-01,5.009250641000000392e-01
5.044854879000000292e-01,5.115233660000000349e-01,4.859899281999999765e-01,4.934726655000000184e-01
4.975248574999999729e-01,5.044854879000000292e-01,4.785823524000000218e-01,4.859899281999999765e-01
4.907388091000000063e-01,4.975248574999999729e-01,4.713576435999999870e-01,4.785823524000000218e-01
4.842211901999999846e-01,4.907388091000000063e-01,4.644183217999999780e-01,4.713576435999999870e-01
4.780506789999999784e-01,4.842211901999999846e-01,4.578497409999999768e-01,4.644183217999999780e-01
4.722845553999999724e-01,4.780506789999999784e-01,4.517135321999999897e-01,4.578497409999999768e-01
4.669642150000000158e-01,4.722845553999999724e-01,4.460539222000000081e-01,4.517135321999999897e-01
4.621064960999999860e-01,4.669642150000000158e-01,4.408886432999999938e-01,4.460539222000000081e-01
6.469132899999999742e-01,6.668103933000000261e-01,6.304828525000000239e-01,6.493778824999999477e-01
6.323012709999999981e-01,6.469132899999999742e-01,6.165656446999999707e-01,6.304828525000000239e-01
6.210315824000000040e-01,6.323012709999999981e-01,6.058043838000000125e-01,6.165656446999999707e-01
6.119653582999999841e-01,6.210315824000000040e-01,5.971266627000000327e-01,6.058043838000000125e-01
6.044027804999999587e-01,6.119653582999999841e-01,5.898715853999999537e-01,5.971266627000000327e-01
5.978928803999999930e-01,6.044027804999999587e-01,5.836123227999999719e-01,5.898715853999999537e-01
5.921289324999999826e-01,5.978928803999999930e-01,5.780575274999999458e-01,5.836123227999999719e-01
5.868937373000000512e-01,5.921289324999999826e-01,5.730001329999999671e-01,5.780575274999999458e-01
5.820248722999999957e-01,5.868937373000000512e-01,5.682845116000000418e-01,5.730001329999999671e-01
5.773915647999999790e-01,5.820248722999999957e-01,5.637845993000000222e-01,5.682845116000000418e-01
5.728836059999999897e-01,5.773915647999999790e-01,5.593928098999999543e-01,5.637845993000000222e-01
5.683960915000000336e-01,5.728836059999999897e-01,5.550054907999999454e-01,5.593928098999999543e-01
5.638217925999999824e-01,5.683960915000000336e-01,5.505151152999999686e-01,5.550054907999999454e-01
5.590351223999999730e-01,5.638217925999999824e-01,5.457937121000000502e-01,5.505151152999999686e-01
5.538737178000000538e-01,5.590351223999999730e-01,5.406734346999999552e-01,5.457937121000000502e-01
5.481005311000000102e-01,5.538737178000000538e-01,5.349065065000000452e-01,5.406734346999999552e-01
5.418925285000000258e-01,5.481005311000000102e-01,5.286561846999999759e-01,5.349065065000000452e-01
5.355493425999999779e-01,5.418925285000000258e-01,5.222175121000000031e-01,5.286561846999999759e-01
5.290398598000000119e-01,5.355493425999999779e-01,5.155584215999999831e-01,5.222175121000000031e-01
5.223314761999999778e-01,5.290398598000000119e-01,5.086482762999999796e-01,5.155584215999999831e-01
5.154029727000000172e-01,5.223314761999999778e-01,5.014703870000000174e-01,5.086482762999999796e-01
5.082565545999999657e-01,5.154029727000000172e-01,4.940338432999999974e-01,5.014703870000000174e-01
5.009250641000000392e-01,5.082565545999999657e-01,4.863802493000000116e-01,4.940338432999999974e-01
4.934726655000000184e-01,5.009250641000000392e-01,4.785836339000000272e-01,4.863802493000000116e-01
4.859899281999999765e-01,4.934726655000000184e-01,4.707446097999999912e-01,4.785836339000000272e-01
4.785823524000000218e-01,4.859899281999999765e-01,4.629783034000000130e-01,4.707446097999999912e-01
4.713576435999999870e-01,4.785823524000000218e-01,4.554010332000000272e-01,4.629783034000000130e-01
4.644183217999999780e-01,4.713576435999999870e-01,4.481224417999999932e-01,4.554010332000000272e-01
4.578497409999999768e-01,4.644183217999999780e-01,4.412332474999999810e-01,4.481224417999999932e-01
4.517135321999999897e-01,4.578497409999999768e-01,4.347988367000000243e-01,4.412332474999999810e-01
4.460539222000000081e-01,4.517135321999999897e-01,4.288656712000000204e-01,4.347988367000000243e-01
4.408886432999999938e-01,4.460539222000000081e-01,4.234523773000000157e-01,4.288656712000000204e-01
6.304828525000000239e-01,6.493778824999999477e-01,6.153882741999999739e-01,6.333448887000000527e-01
6.165656446999999707e-01,6.304828525000000239e-01,6.021228432999999880e-01,6.153882741999999739e-01
6.058043838000000125e-01,6.165656446999999707e-01,5.918392539000000285e-01,6.021228432999999880e-01
5.971266627000000327e-01,6.058043838000000125e-01,5.835272670000000161e-01,5.918392539000000285e-01
5.898715853999999537e-01,5.971266627000000327e-01,5.765624642000000133e-01,5.835272670000000161e-01
5.836123227999999719e-01,5.898715853999999537e-01,5.705403089999999677e-01,5.765624642000000133e-01
5.780575274999999458e-01,5.836123227999999719e-01,5.651839972000000101e-01,5.705403089999999677e-01
5.730001329999999671e-01,5.780575274999999458e-01,5.602959991000000528e-01,5.651839972000000101e-01
5.682845116000000418e-01,5.730001329999999671e-01,5.557271242000000333e-01,5.602959991000000528e-01
5.637845993000000222e-01,5.682845116000000418e-01,5.513554810999999889e-01,5.557271242000000333e-01
5.593928098999999543e-01,5.637845993000000222e-01,5.470762849000000427e-01,5.513554810999999889e-01
5.550054907999999454e-01,5.593928098999999543e-01,5.427871942999999977e-01,5.470762849000000427e-01
5.505151152999999686e-01,5.550054907999999454e-01,5.383804439999999580e-01,5.427871942999999977e-01
5.457937121000000502e-01,5.505151152999999686e-01,5.337262153999999814e-01,5.383804439999999580e-01
5.406734346999999552e-01,5.457937121000000502e-01,5.286517738999999549e-01,5.337262153999999814e-01
5.349065065000000452e-01,5.406734346999999552e-01,5.229000448999999717e-01,5.286517738999999549e-01
5.286561846999999759e-01,5.349065065000000452e-01,5.166213511999999675e-01,5.229000448999999717e-01
5.222175121000000031e-01,5.286561846999999759e-01,5.101059675000000349e-01,5.166213511999999675e-01
5.155584215999999831e-01,5.222175121000000031e-01,5.033209323999999762e-01,5.101059675000000349e-01
5.086482762999999796e-01,5.155584215999999831e-01,4.962370991999999759e-01,5.033209323999999762e-01
5.014703870000000174e-01,5.086482762999999796e-01,4.888418614999999745e-01,4.962370991999999759e-01
4.940338432999999974e-01,5.014703870000000174e-01,4.811506271000000057e-01,4.888418614999999745e-01
4.863802493000000116e-01,4.940338432999999974e-01,4.732127785999999947e-01,4.811506271000000057e-01
4.785836339000000272e-01,4.863802493000000116e-01,4.651112854000000185e-01,4.732127785999999947e-01
4.707446097999999912e-01,4.785836339000000272e-01,4.569558798999999727e-01,4.651112854000000185e-01
4.629783034000000130e-01,4.707446097999999912e-01,4.488704801000000244e-01,4.569558798999999727e-01
4.554010332000000272e-01,4.629783034000000130e-01,4.409790933000000135e-01,4.488704801000000244e-01
4.481224417999999932e-01,4.554010332000000272e-01,4.333978593000000212e-01,4.409790933000000135e-01
4.412332474999999810e-01,4.481224417999999932e-01,4.262225330000000145e-01,4.333978593000000212e-01
4.347988367000000243e-01,4.412332474999999810e-01,4.195217191999999762e-01,4.262225330000000145e-01
4.288656712000000204e-01,4.347988367000000243e-01,4.133441150000000119e-01,4.195217191999999762e-01
4.234523773000000157e-01,4.288656712000000204e-01,4.077090621000000192e-01,4.133441150000000119e-01
6.153882741999999739e-01,6.333448887000000527e-01,6.000754236999999991e-01,6.170695424000000040e-01
6.021228432999999880e-01,6.153882741999999739e-01,5.874792933000000383e-01,6.000754236999999991e-01
5.918392539000000285e-01,6.021228432999999880e-01,5.776870846999999642e-01,5.874792933000000383e-01
5.835272670000000161e-01,5.918392539000000285e-01,5.697520375000000303e-01,5.776870846999999642e-01
5.765624642000000133e-01,5.835272670000000161e-01,5.630868076999999694e-01,5.697520375000000303e-01
5.705403089999999677e-01,5.765624642000000133e-01,5.573099256000000334e-01,5.630868076999999694e-01
5.651839972000000101e-01,5.705403089999999677e-01,5.521593094000000201e-01,5.573099256000000334e-01
5.602959991000000528e-01,5.651839972000000101e-01,5.474472642000000056e-01,5.521593094000000201e-01
5.557271242000000333e-01,5.602959991000000528e-01,5.430312157000000139e-01,5.474472642000000056e-01
5.513554810999999889e-01,5.557271242000000333e-01,5.387938619000000040e-01,5.430312157000000139e-01
5.470762849000000427e-01,5.513554810999999889e-01,5.346329807999999906e-01,5.387938619000000040e-01
5.427871942999999977e-01,5.470762849000000427e-01,5.304477811000000154e-01,5.346329807999999906e-01
5.383804439999999580e-01,5.427871942999999977e-01,5.261303781999999707e-01,5.304477811000000154e-01
5.337262153999999814e-01,5.383804439999999580e-01,5.215491652000000533e-01,5.261303781999999707e-01
5.286517738999999549e-01,5.337262153999999814e-01,5.165267586999999772e-01,5.215491652000000533e-01
5.229000448999999717e-01,5.286517738999999549e-01,5.107967257000000094e-01,5.165267586999999772e-01
5.166213511999999675e-01,5.229000448999999717e-01,5.044959784000000447e-01,5.107967257000000094e-01
5.101059675000000349e-01,5.166213511999999675e-01,4.979096948999999772e-01,5.044959784000000447e-01
5.033209323999999762e-01,5.101059675000000349e-01,4.910036325000000090e-01,4.979096948999999772e-01
4.962370991999999759e-01,5.033209323999999762e-01,4.837502241000000147e-01,4.910036325000000090e-01
4.888418614999999745e-01,4.962370991999999759e-01,4.761408567000000036e-01,4.837502241000000147e-01
4.811506271000000057e-01,4.888418614999999745e-01,4.681971966999999846e-01,4.761408567000000036e-01
4.732127785999999947e-01,4.811506271000000057e-01,4.599765241000000060e-01,4.681971966999999846e-01
4.651112854000000185e-01,4.732127785999999947e-01,4.515707790999999860e-01,4.599765241000000060e-01
4.569558798999999727e-01,4.651112854000000185e-01,4.430989920999999776e-01,4.515707790999999860e-01
4.488704801000000244e-01,4.569558798999999727e-01,4.346939027000000233e-01,4.430989920999999776e-01
4.409790933000000135e-01,4.488704801000000244e-01,4.264874160000000081e-01,4.346939027000000233e-01
4.333978593000000212e-01,4.409790933000000135e-01,4.186023474000000189e-01,4.264874160000000081e-01
4.262225330000000145e-01,4.333978593000000212e-01,4.111393987999999999e-01,4.186023474000000189e-01
4.195217191999999762e-01,4.262225330000000145e-01,4.041707218000000212e-01,4.111393987999999999e-01
4.133441150000000119e-01,4.195217191999999762e-01,3.977471291999999936e-01,4.041707218000000212e-01
4.077090621000000192e-01,4.133441150000000119e-01,3.918888271000000034e-01,3.977471291999999936e-01
6.000754236999999991e-01,6.170695424000000040e-01,5.843167304999999923e-01,6.003088355000000265e-01
5.874792933000000383e-01,6.000754236999999991e-01,5.724186301000000476e-01,5.843167304999999923e-01
5.776870846999999642e-01,5.874792933000000383e-01,5.631397366999999488e-01,5.724186301000000476e-01
5.697520375000000303e-01,5.776870846999999642e-01,5.555990934000000214e-01,5.631397366999999488e-01
5.630868076999999694e-01,5.697520375000000303e-01,5.492479800999999773e-01,5.555990934000000214e-01
5.573099256000000334e-01,5.630868076999999694e-01,5.437287092000000488e-01,5.492479800999999773e-01
5.521593094000000201e-01,5.573099256000000334e-01,5.387947559000000330e-01,5.437287092000000488e-01
5.474472642000000056e-01,5.521593094000000201e-01,5.342684984000000137e-01,5.387947559000000330e-01
5.430312157000000139e-01,5.474472642000000056e-01,5.300143361000000386e-01,5.342684984000000137e-01
5.387938619000000040e-01,5.430312157000000139e-01,5.259196162000000507e-01,5.300143361000000386e-01
5.346329807999999906e-01,5.387938619000000040e-01,5.218851566000000108e-01,5.259196162000000507e-01
5.304477811000000154e-01,5.346329807999999906e-01,5.178115963999999627e-01,5.218851566000000108e-01
5.261303781999999707e-01,5.304477811000000154e-01,5.135912894999999923e-01,5.178115963999999627e-01
5.215491652000000533e-01,5.261303781999999707e-01,5.090906619999999716e-01,5.135912894999999923e-01
5.165267586999999772e-01,5.215491652000000533e-01,5.041279197000000378e-01,5.090906619999999716e-01
5.107967257000000094e-01,5.165267586999999772e-01,4.984271228000000109e-01,5.041279197000000378e-01
5.044959784000000447e-01,5.107967257000000094e-01,4.921113253000000132e-01,4.984271228000000109e-01
4.979096948999999772e-01,5.044959784000000447e-01,4.854595362999999941e-01,4.921113253000000132e-01
4.910036325000000090e-01,4.979096948999999772e-01,4.784364104000000117e-01,4.854595362999999941e-01
4.837502241000000147e-01,4.910036325000000090e-01,4.710156918000000248e-01,4.784364104000000117e-01
4.761408567000000036e-01,4.837502241000000147e-01,4.631928504000000224e-01,4.710156918000000248e-01
4.681971966999999846e-01,4.761408567000000036e-01,4.549957812000000046e-01,4.631928504000000224e-01
4.599765241000000060e-01,4.681971966999999846e-01,4.464899003999999727e-01,4.549957812000000046e-01
4.515707790999999860e-01,4.599765241000000060e-01,4.377763270999999734e-01,4.464899003999999727e-01
4.430989920999999776e-01,4.515707790999999860e-01,4.289835691000000173e-01,4.377763270999999734e-01
4.346939027000000233e-01,4.430989920999999776e-01,4.202536047000000052e-01,4.289835691000000173e-01
4.264874160000000081e-01,4.346939027000000233e-01,4.117264449999999965e-01,4.202536047000000052e-01
4.186023474000000189e-01,4.264874160000000081e-01,4.035317004000000263e-01,4.117264449999999965e-01
4.111393987999999999e-01,4.186023474000000189e-01,3.957754076000000176e-01,4.035317004000000263e-01
4.041707218000000212e-01,4.111393987999999999e-01,3.885332644000000224e-01,3.957754076000000176e-01
3.977471291999999936e-01,4.041707218000000212e-01,3.818584085000000239e-01,3.885332644000000224e-01
3.918888271000000034e-01,3.977471291999999936e-01,3.757719398000000099e-01,3.818584085000000239e-01
5.843167304999999923e-01,6.003088355000000265e-01,5.678751468999999608e-01,5.828120112000000352e-01
5.724186301000000476e-01,5.843167304999999923e-01,5.567133426999999468e-01,5.678751468999999608e-01
5.631397366999999488e-01,5.724186301000000476e-01,5.479767322999999912e-01,5.567133426999999468e-01
5.555990934000000214e-01,5.631397366999999488e-01,5.408533812000000385e-01,5.479767322999999912e-01
5.492479800999999773e-01,5.555990934000000214e-01,5.348351597999999596e-01,5.408533812000000385e-01
5.437287092000000488e-01,5.492479800999999773e-01,5.295894145999999747e-01,5.348351597999999596e-01
5.387947559000000330e-01,5.437287092000000488e-01,5.248858333000000487e-01,5.295894145999999747e-01
5.342684984000000137e-01,5.387947559000000330e-01,5.205576419999999871e-01,5.248858333000000487e-01
5.300143361000000386e-01,5.342684984000000137e-01,5.164764523999999524e-01,5.205576419999999871e-01
5.259196162000000507e-01,5.300143361000000386e-01,5.125346184000000305e-01,5.164764523999999524e-01
5.218851566000000108e-01,5.259196162000000507e-01,5.086361766000000451e-01,5.125346184000000305e-01
5.178115963999999627e-01,5.218851566000000108e-01,5.046834350000000136e-01,5.086361766000000451e-01
5.135912894999999923e-01,5.178115963999999627e-01,5.005688667000000036e-01,5.046834350000000136e-01
5.090906619999999716e-01,5.135912894999999923e-01,4.961572586999999923e-01,5.005688667000000036e-01
5.041279197000000378e-01,5.090906619999999716e-01,4.912621080999999834e-01,4.961572586999999923e-01
4.984271228000000109e-01,5.041279197000000378e-01,4.855979979000000224e-01,4.912621080999999834e-01
4.921113253000000132e-01,4.984271228000000109e-01,4.792729914000000147e-01,4.855979979000000224e-01
4.854595362999999941e-01,4.921113253000000132e-01,4.725594222999999761e-01,4.792729914000000147e-01
4.784364104000000117e-01,4.854595362999999941e-01,4.654203950999999950e-01,4.725594222999999761e-01
4.710156918000000248e-01,4.784364104000000117e-01,4.578310847000000017e-01,4.654203950999999950e-01
4.631928504000000224e-01,4.710156918000000248e-01,4.497909546000000147e-01,4.578310847000000017e-01
4.549957812000000046e-01,4.631928504000000224e-01,4.413344263999999795e-01,4.497909546000000147e-01
4.464899003999999727e-01,4.549957812000000046e-01,4.325353204999999868e-01,4.413344263999999795e-01
4.377763270999999734e-01,4.464899003999999727e-01,4.235042929999999761e-01,4.325353204999999868e-01
4.289835691000000173e-01,4.377763270999999734e-01,4.143798649000000056e-01,4.235042929999999761e-01
4.202536047000000052e-01,4.289835691000000173e-01,4.053135216000000041e-01,4.143798649000000056e-01
4.117264449999999965e-01,4.202536047000000052e-01,3.964538573999999982e-01,4.053135216000000041e-01
4.035317004000000263e-01,4.117264449999999965e-01,3.879376948000000103e-01,3.964538573999999982e-01
3.957754076000000176e-01,4.035317004000000263e-01,3.798766136000000238e-01,3.879376948000000103e-01
3.885332644000000224e-01,3.957754076000000176e-01,3.723501563000000125e-01,3.798766136000000238e-01
3.818584085000000239e-01,3.885332644000000224e-01,3.654139041999999726e-01,3.723501563000000125e-01
3.757719398000000099e-01,3.818584085000000239e-01,3.590899408000000070e-01,3.654139041999999726e-01
5.678751468999999608e-01,5.828120112000000352e-01,5.505064130000000278e-01,5.643191934000000298e-01
5.567133426999999468e-01,5.678751468999999608e-01,5.401300192000000333e-01,5.505064130000000278e-01
5.479767322999999912e-01,5.567133426999999468e-01,5.319726466999999959e-01,5.401300192000000333e-01
5.408533812000000385e-01,5.479767322999999912e-01,5.252956747999999454e-01,5.319726466999999959e-01
5.348351597999999596e-01,5.408533812000000385e-01,5.196340680000000045e-01,5.252956747999999454e-01
5.295894145999999747e-01,5.348351597999999596e-01,5.146818160999999670e-01,5.196340680000000045e-01
5.248858333000000487e-01,5.295894145999999747e-01,5.102258921000000225e-01,5.146818160999999670e-01
5.205576419999999871e-01,5.248858333000000487e-01,5.061109066000000212e-01,5.102258921000000225e-01
5.164764523999999524e-01,5.205576419999999871e-01,5.022163987000000107e-01,5.061109066000000212e-01
5.125346184000000305e-01,5.164764523999999524e-01,4.984399675999999779e-01,5.022163987000000107e-01
5.086361766000000451e-01,5.125346184000000305e-01,4.946891069000000085e-01,4.984399675999999779e-01
5.046834350000000136e-01,5.086361766000000451e-01,4.908680916000000005e-01,4.946891069000000085e-01
5.005688667000000036e-01,5.046834350000000136e-01,4.868695735999999941e-01,4.908680916000000005e-01
4.961572586999999923e-01,5.005688667000000036e-01,4.825566411000000167e-01,4.868695735999999941e-01
4.912621080999999834e-01,4.961572586999999923e-01,4.777380227999999951e-01,4.825566411000000167e-01
4.855979979000000224e-01,4.912621080999999834e-01,4.721184670999999944e-01,4.777380227999999951e-01
4.792729914000000147e-01,4.855979979000000224e-01,4.657898843000000122e-01,4.721184670999999944e-01
4.725594222999999761e-01,4.792729914000000147e-01,4.590170383000000132e-01,4.657898843000000122e-01
4.654203950999999950e-01,4.725594222999999761e-01,4.517613946999999852e-01,4.590170383000000132e-01
4.578310847000000017e-01,4.654203950999999950e-01,4.439993501000000231e-01,4.517613946999999852e-01
4.497909546000000147e-01,4.578310847000000017e-01,4.357345402000000201e-01,4.439993501000000231e-01
4.413344263999999795e-01,4.497909546000000147e-01,4.270082413999999882e-01,4.357345402000000201e-01
4.325353204999999868e-01,4.413344263999999795e-01,4.179030358999999972e-01,4.270082413999999882e-01
4.235042929999999761e-01,4.325353204999999868e-01,4.085397123999999769e-01,4.179030358999999972e-01
4.143798649000000056e-01,4.235042929999999761e-01,3.990673124999999932e-01,4.085397123999999769e-01
4.053135216000000041e-01,4.143798649000000056e-01,3.896475135999999950e-01,3.990673124999999932e-01
3.964538573999999982e-01,4.053135216000000041e-01,3.804379999999999984e-01,3.896475135999999950e-01
3.879376948000000103e-01,3.964538573999999982e-01,3.715832828999999782e-01,3.804379999999999984e-01
3.798766136000000238e-01,3.879376948000000103e-01,3.632009625000000019e-01,3.715832828999999782e-01
3.723501563000000125e-01,3.798766136000000238e-01,3.553745448999999779e-01,3.632009625000000019e-01
3.654139041999999726e-01,3.723501563000000125e-01,3.481624126000000263e-01,3.553745448999999779e-01
3.590899408000000070e-01,3.654139041999999726e-01,3.415876627000000165e-01,3.481624126000000263e-01
5.505064130000000278e-01,5.643191934000000298e-01,5.319502950000000174e-01,5.445542335999999928e-01
5.401300192000000333e-01,5.505064130000000278e-01,5.224195718999999904e-01,5.319502950000000174e-01
5.319726466999999959e-01,5.401300192000000333e-01,5.148866773000000396e-01,5.224195718999999904e-01
5.252956747999999454e-01,5.319726466999999959e-01,5.086916088999999808e-01,5.148866773000000396e-01
5.196340680000000045e-01,5.252956747999999454e-01,5.034154057999999932e-01,5.086916088999999808e-01
5.146818160999999670e-01,5.196340680000000045e-01,4.987807870000000032e-01,5.034154057999999932e-01
5.102258921000000225e-01,5.146818160999999670e-01,4.945931733000000219e-01,4.987807870000000032e-01
5.061109066000000212e-01,5.102258921000000225e-01,4.907096326000000008e-01,4.945931733000000219e-01
5.022163987000000107e-01,5.061109066000000212e-01,4.870180487999999919e-01,4.907096326000000008e-01
4.984399675999999779e-01,5.022163987000000107e-01,4.834218919000000114e-01,4.870180487999999919e-01
4.946891069000000085e-01,4.984399675999999779e-01,4.798322617999999928e-01,4.834218919000000114e-01
4.908680916000000005e-01,4.946891069000000085e-01,4.761555791000000037e-01,4.798322617999999928e-01
4.868695735999999941e-01,4.908680916000000005e-01,4.722848833000000135e-01,4.761555791000000037e-01
4.825566411000000167e-01,4.868695735999999941e-01,4.680815040999999899e-01,4.722848833000000135e-01
4.777380227999999951e-01,4.825566411000000167e-01,4.633492230999999850e-01,4.680815040999999899e-01
4.721184670999999944e-01,4.777380227999999951e-01,4.577822684999999781e-01,4.633492230999999850e-01
4.657898843000000122e-01,4.721184670999999944e-01,4.514551163000000145e-01,4.577822684999999781e-01
4.590170383000000132e-01,4.657898843000000122e-01,4.446240365999999944e-01,4.514551163000000145e-01
4.517613946999999852e-01,4.590170383000000132e-01,4.372484982000000020e-01,4.446240365999999944e-01
4.439993501000000231e-01,4.517613946999999852e-01,4.293060899000000208e-01,4.372484982000000020e-01
4.357345402000000201e-01,4.439993501000000231e-01,4.208048879999999881e-01,4.293060899000000208e-01
4.270082413999999882e-01,4.357345402000000201e-01,4.117933214000000230e-01,4.208048879999999881e-01
4.179030358999999972e-01,4.270082413999999882e-01,4.023633897000000181e-01,4.117933214000000230e-01
4.085397123999999769e-01,4.179030358999999972e-01,3.926466404999999771e-01,4.023633897000000181e-01
3.990673124999999932e-01,4.085397123999999769e-01,3.828034699000000263e-01,3.926466404999999771e-01
3.896475135999999950e-01,3.990673124999999932e-01,3.730065227000000094e-01,3.828034699000000263e-01
3.804379999999999984e-01,3.896475135999999950e-01,3.634232283000000119e-01,3.730065227000000094e-01
3.715832828999999782e-01,3.804379999999999984e-01,3.542065321999999794e-01,3.634232283000000119e-01
3.632009625000000019e-01,3.715832828999999782e-01,3.454803824000000079e-01,3.542065321999999794e-01
3.553745448999999779e-01,3.632009625000000019e-01,3.373328148999999998e-01,3.454803824000000079e-01
3.481624126000000263e-01,3.553745448999999779e-01,3.298251032999999777e-01,3.373328148999999998e-01
3.415876627000000165e-01,3.481624126000000263e-01,3.229815662000000143e-01,3.298251032999999777e-01
5.319502950000000174e-01,5.445542335999999928e-01,5.119332670999999779e-01,5.232257842999999964e-01
5.224195718999999904e-01,5.319502950000000174e-01,5.033211112000000043e-01,5.119332670999999779e-01
5.148866773000000396e-01,5.224195718999999904e-01,4.964673816999999878e-01,5.033211112000000043e-01
5.086916088999999808e-01,5.148866773000000396e-01,4.907968639999999994e-01,4.964673816999999878e-01
5.034154057999999932e-01,5.086916088999999808e-01,4.859407544000000079e-01,4.907968639999999994e-01
4.987807870000000032e-01,5.034154057999999932e-01,4.816526770999999818e-01,4.859407544000000079e-01
4.945931733000000219e-01,4.987807870000000032e-01,4.777581989999999945e-01,4.816526770999999818e-01
4.907096326000000008e-01,4.945931733000000219e-01,4.741278291000000089e-01,4.777581989999999945e-01
4.870180487999999919e-01,4.907096326000000008e-01,4.706585704999999842e-01,4.741278291000000089e-01
4.834218919000000114e-01,4.870180487999999919e-01,4.672601819000000156e-01,4.706585704999999842e-01
4.798322617999999928e-01,4.834218919000000114e-01,4.638479053999999824e-01,4.672601819000000156e-01
4.761555791000000037e-01,4.798322617999999928e-01,4.603304564999999848e-01,4.638479053999999824e-01
4.722848833000000135e-01,4.761555791000000037e-01,4.566013217000000068e-01,4.603304564999999848e-01
4.680815040999999899e-01,4.722848833000000135e-01,4.525200128999999905e-01,4.566013217000000068e-01
4.633492230999999850e-01,4.680815040999999899e-01,4.478851259000000140e-01,4.525200128999999905e-01
4.577822684999999781e-01,4.633492230999999850e-01,4.423796535000000252e-01,4.478851259000000140e-01
4.514551163000000145e-01,4.577822684999999781e-01,4.360589683000000161e-01,4.423796535000000252e-01
4.446240365999999944e-01,4.514551163000000145e-01,4.291696249999999990e-01,4.360589683000000161e-01
4.372484982000000020e-01,4.446240365999999944e-01,4.216689169000000237e-01,4.291696249999999990e-01
4.293060899000000208e-01,4.372484982000000020e-01,4.135355949000000253e-01,4.216689169000000237e-01
4.208048879999999881e-01,4.293060899000000208e-01,4.047823548000000216e-01,4.135355949000000253e-01
4.117933214000000230e-01,4.208048879999999881e-01,3.954653143999999898e-01,4.047823548000000216e-01
4.023633897000000181e-01,4.117933214000000230e-01,3.856865763999999808e-01,3.954653143999999898e-01
3.926466404999999771e-01,4.023633897000000181e-01,3.755894005000000035e-01,3.856865763999999808e-01
3.828034699000000263e-01,3.926466404999999771e-01,3.653464614999999971e-01,3.755894005000000035e-01
3.730065227000000094e-01,3.828034699000000263e-01,3.551422656000000067e-01,3.653464614999999971e-01
3.634232283000000119e-01,3.730065227000000094e-01,3.451550602999999828e-01,3.551422656000000067e-01
3.542065321999999794e-01,3.634232283000000119e-01,3.355467617999999819e-01,3.451550602999999828e-01
3.454803824000000079e-01,3.542065321999999794e-01,3.264484406000000005e-01,3.355467617999999819e-01
3.373328148999999998e-01,3.454803824000000079e-01,3.179529904999999768e-01,3.264484406000000005e-01
3.298251032999999777e-01,3.373328148999999998e-01,3.101249635000000171e-01,3.179529904999999768e-01
3.229815662000000143e-01,3.298251032999999777e-01,3.029900193000000241e-01,3.101249635000000171e-01
5.119332670999999779e-01,5.232257842999999964e-01,4.901588559000000234e-01,5.000179409999999658e-01
5.033211112000000043e-01,5.119332670999999779e-01,4.825519918999999769e-01,4.901588559000000234e-01
4.964673816999999878e-01,5.033211112000000043e-01,4.764422475999999795e-01,4.825519918999999769e-01
4.907968639999999994e-01,4.964673816999999878e-01,4.713469744000000072e-01,4.764422475999999795e-01
4.859407544000000079e-01,4.907968639999999994e-01,4.669519364999999977e-01,4.713469744000000072e-01
4.816526770999999818e-01,4.859407544000000079e-01,4.630446135999999879e-01,4.669519364999999977e-01
4.777581989999999945e-01,4.816526770999999818e-01,4.594725071999999910e-01,4.630446135999999879e-01
4.741278291000000089e-01,4.777581989999999945e-01,4.561208784999999932e-01,4.594725071999999910e-01
4.706585704999999842e-01,4.741278291000000089e-01,4.528967141999999946e-01,4.561208784999999932e-01
4.672601819000000156e-01,4.706585704999999842e-01,4.497167169999999881e-01,4.528967141999999946e-01
4.638479053999999824e-01,4.672601819000000156e-01,4.465005397999999848e-01,4.497167169999999881e-01
4.603304564999999848e-01,4.638479053999999824e-01,4.431596398000000048e-01,4.465005397999999848e-01
4.566013217000000068e-01,4.603304564999999848e-01,4.395879208999999843e-01,4.431596398000000048e-01
4.525200128999999905e-01,4.566013217000000068e-01,4.356431067000000046e-01,4.395879208999999843e-01
4.478851259000000140e-01,4.525200128999999905e-01,4.311180710999999999e-01,4.356431067000000046e-01
4.423796535000000252e-01,4.478851259000000140e-01,4.256838560000000271e-01,4.311180710999999999e-01
4.360589683000000161e-01,4.423796535000000252e-01,4.193745553000000070e-01,4.256838560000000271e-01
4.291696249999999990e-01,4.360589683000000161e-01,4.124259055000000229e-01,4.193745553000000070e-01
4.216689169000000237e-01,4.291696249999999990e-01,4.047925472000000191e-01,4.124259055000000229e-01
4.135355949000000253e-01,4.216689169000000237e-01,3.964544237000000027e-01,4.047925472000000191e-01
4.047823548000000216e-01,4.135355949000000253e-01,3.874291181999999778e-01,3.964544237000000027e-01
3.954653143999999898e-01,4.047823548000000216e-01,3.777810632999999974e-01,3.874291181999999778e-01
3.856865763999999808e-01,3.954653143999999898e-01,3.676234185999999737e-01,3.777810632999999974e-01
3.755894005000000035e-01,3.856865763999999808e-01,3.571121991000000273e-01,3.676234185999999737e-01
3.653464614999999971e-01,3.755894005000000035e-01,3.464335203000000196e-01,3.571121991000000273e-01
3.551422656000000067e-01,3.653464614999999971e-01,3.357849716999999901e-01,3.464335203000000196e-01
3.451550602999999828e-01,3.551422656000000067e-01,3.253565132999999832e-01,3.357849716999999901e-01
3.355467617999999819e-01,3.451550602999999828e-01,3.153201640000000139e-01,3.253565132999999832e-01
3.264484406000000005e-01,3.355467617999999819e-01,3.058147131999999768e-01,3.153201640000000139e-01
3.179529904999999768e-01,3.264484406000000005e-01,2.969385982000000146e-01,3.058147131999999768e-01
3.101249635000000171e-01,3.179529904999999768e-01,2.887598276000000186e-01,2.969385982000000146e-01
3.029900193000000241e-01,3.101249635000000171e-01,2.813057303000000009e-01,2.887598276000000186e-01
4.901588559000000234e-01,5.000179409999999658e-01,4.663105010999999966e-01,4.745927453000000074e-01
4.825519918999999769e-01,4.901588559000000234e-01,4.598105847999999773e-01,4.663105010999999966e-01
4.764422475999999795e-01,4.825519918999999769e-01,4.545208216000000134e-01,4.598105847999999773e-01
4.713469744000000072e-01,4.764422475999999795e-01,4.500601291999999920e-01,4.545208216000000134e-01
4.669519364999999977e-01,4.713469744000000072e-01,4.461741446999999972e-01,4.500601291999999920e-01
4.630446135999999879e-01,4.669519364999999977e-01,4.426875114000000111e-01,4.461741446999999972e-01
4.594725071999999910e-01,4.630446135999999879e-01,4.394719899000000263e-01,4.426875114000000111e-01
4.561208784999999932e-01,4.594725071999999910e-01,4.364289044999999923e-01,4.394719899000000263e-01
4.528967141999999946e-01,4.561208784999999932e-01,4.334763287999999770e-01,4.364289044999999923e-01
4.497167169999999881e-01,4.528967141999999946e-01,4.305385946999999991e-01,4.334763287999999770e-01
4.465005397999999848e-01,4.497167169999999881e-01,4.275403618999999988e-01,4.305385946999999991e-01
4.431596398000000048e-01,4.465005397999999848e-01,4.243959486000000170e-01,4.275403618999999988e-01
4.395879208999999843e-01,4.431596398000000048e-01,4.209999739999999990e-01,4.243959486000000170e-01
4.356431067000000046e-01,4.395879208999999843e-01,4.172080754999999974e-01,4.209999739999999990e-01
4.311180710999999999e-01,4.356431067000000046e-01,4.128070771999999833e-01,4.172080754999999974e-01
4.256838560000000271e-01,4.311180710999999999e-01,4.074548483000000054e-01,4.128070771999999833e-01
4.193745553000000070e-01,4.256838560000000271e-01,4.011619686999999823e-01,4.074548483000000054e-01
4.124259055000000229e-01,4.193745553000000070e-01,3.941518663999999950e-01,4.011619686999999823e-01
4.047925472000000191e-01,4.124259055000000229e-01,3.863760828999999730e-01,3.941518663999999950e-01
3.964544237000000027e-01,4.047925472000000191e-01,3.778157531999999930e-01,3.863760828999999730e-01
3.874291181999999778e-01,3.964544237000000027e-01,3.684937656000000228e-01,3.778157531999999930e-01
3.777810632999999974e-01,3.874291181999999778e-01,3.584836124999999929e-01,3.684937656000000228e-01
3.676234185999999737e-01,3.777810632999999974e-01,3.479105234000000046e-01,3.584836124999999929e-01
3.571121991000000273e-01,3.676234185999999737e-01,3.369445801000000018e-01,3.479105234000000046e-01
3.464335203000000196e-01,3.571121991000000273e-01,3.257867098000000183e-01,3.369445801000000018e-01
3.357849716999999901e-01,3.464335203000000196e-01,3.146490156999999788e-01,3.257867098000000183e-01
3.253565132999999832e-01,3.357849716999999901e-01,3.037344515000000023e-01,3.146490156999999788e-01
3.153201640000000139e-01,3.253565132999999832e-01,2.932261824999999877e-01,3.037344515000000023e-01
3.058147131999999768e-01,3.153201640000000139e-01,2.832716703000000003e-01,2.932261824999999877e-01
2.969385982000000146e-01,3.058147131999999768e-01,2.739753723000000196e-01,2.832716703000000003e-01
2.887598276000000186e-01,2.969385982000000146e-01,2.654094397999999799e-01,2.739753723000000196e-01
2.813057303000000009e-01,2.887598276000000186e-01,2.576028407000000020e-01,2.654094397999999799e-01
4.663105010999999966e-01,4.745927453000000074e-01,4.400429428000000032e-01,4.465814233000000022e-01
4.598105847999999773e-01,4.663105010999999966e-01,4.347683488999999901e-01,4.400429428000000032e-01
4.545208216000000134e-01,4.598105847999999773e-01,4.303870498999999850e-01,4.347683488999999901e-01
4.500601291999999920e-01,4.545208216000000134e-01,4.266299306999999930e-01,4.303870498999999850e-01
4.461741446999999972e-01,4.500601291999999920e-01,4.233087598999999979e-01,4.266299306999999930e-01
4.426875114000000111e-01,4.461741446999999972e-01,4.202892482000000207e-01,4.233087598999999979e-01
4.394719899000000263e-01,4.426875114000000111e-01,4.174699186999999978e-01,4.202892482000000207e-01
4.364289044999999923e-01,4.394719899000000263e-01,4.147699475000000136e-01,4.174699186999999978e-01
4.334763287999999770e-01,4.364289044999999923e-01,4.121196269999999884e-01,4.147699475000000136e-01
4.305385946999999991e-01,4.334763287999999770e-01,4.094518125000000119e-01,4.121196269999999884e-01
4.275403618999999988e-01,4.305385946999999991e-01,4.066966473999999998e-01,4.094518125000000119e-01
4.243959486000000170e-01,4.275403618999999988e-01,4.037717283000000212e-01,4.066966473999999998e-01
4.209999739999999990e-01,4.243959486000000170e-01,4.005724489999999971e-01,4.037717283000000212e-01
4.172080754999999974e-01,4.209999739999999990e-01,3.969522715000000090e-01,4.005724489999999971e-01
4.128070771999999833e-01,4.172080754999999974e-01,3.926913738000000209e-01,3.969522715000000090e-01
4.074548483000000054e-01,4.128070771999999833e-01,3.874331116999999991e-01,3.926913738000000209e-01
4.011619686999999823e-01,4.074548483000000054e-01,3.811618387999999857e-01,3.874331116999999991e-01
3.941518663999999950e-01,4.011619686999999823e-01,3.740869761000000238e-01,3.811618387999999857e-01
3.863760828999999730e-01,3.941518663999999950e-01,3.661565781000000186e-01,3.740869761000000238e-01
3.778157531999999930e-01,3.863760828999999730e-01,3.573529124000000001e-01,3.661565781000000186e-01
3.684937656000000228e-01,3.778157531999999930e-01,3.477045596000000183e-01,3.573529124000000001e-01
3.584836124999999929e-01,3.684937656000000228e-01,3.372950852000000110e-01,3.477045596000000183e-01
3.479105234000000046e-01,3.584836124999999929e-01,3.262629806999999826e-01,3.372950852000000110e-01
3.369445801000000018e-01,3.479105234000000046e-01,3.147939146000000021e-01,3.262629806999999826e-01
3.257867098000000183e-01,3.369445801000000018e-01,3.031052947000000275e-01,3.147939146000000021e-01
3.146490156999999788e-01,3.257867098000000183e-01,2.914253175000000029e-01,3.031052947000000275e-01
3.037344515000000023e-01,3.146490156999999788e-01,2.799714506000000047e-01,2.914253175000000029e-01
2.932261824999999877e-01,3.037344515000000023e-01,2.689392864999999855e-01,2.799714506000000047e-01
2.832716703000000003e-01,2.932261824999999877e-01,2.584860026999999949e-01,2.689392864999999855e-01
2.739753723000000196e-01,2.832716703000000003e-01,2.487228959999999989e-01,2.584860026999999949e-01
2.654094397999999799e-01,2.739753723000000196e-01,2.397265731999999872e-01,2.487228959999999989e-01
2.576028407000000020e-01,2.654094397999999799e-01,2.315280885000000066e-01,2.397265731999999872e-01
4.400429428000000032e-01,4.465814233000000022e-01,4.109836221000000012e-01,4.155859648999999933e-01
4.347683488999999901e-01,4.400429428000000032e-01,4.070708156000000244e-01,4.109836221000000012e-01
4.303870498999999850e-01,4.347683488999999901e-01,4.036998451000000099e-01,4.070708156000000244e-01
4.266299306999999930e-01,4.303870498999999850e-01,4.007256626999999849e-01,4.036998451000000099e-01
4.233087598999999979e-01,4.266299306999999930e-01,3.980333804999999781e-01,4.007256626999999849e-01
4.202892482000000207e-01,4.233087598999999979e-01,3.955343068000000128e-01,3.980333804999999781e-01
4.174699186999999978e-01,4.202892482000000207e-01,3.931566179000000050e-01,3.955343068000000128e-01
4.147699475000000136e-01,4.174699186999999978e-01,3.908393383000000054e-01,3.931566179000000050e-01
4.121196269999999884e-01,4.147699475000000136e-01,3.885263801000000128e-01,3.908393383000000054e-01
4.094518125000000119e-01,4.121196269999999884e-01,3.861600161000000031e-01,3.885263801000000128e-01
4.066966473999999998e-01,4.094518125000000119e-01,3.836765885000000265e-01,3.861600161000000031e-01
4.037717283000000212e-01,4.066966473999999998e-01,3.809973000999999915e-01,3.836765885000000265e-01
4.005724489999999971e-01,4.037717283000000212e-01,3.780184089999999997e-01,3.809973000999999915e-01
3.969522715000000090e-01,4.005724489999999971e-01,3.745911121000000121e-01,3.780184089999999997e-01
3.926913738000000209e-01,3.969522715000000090e-01,3.704881369999999952e-01,3.745911121000000121e-01
3.874331116999999991e-01,3.926913738000000209e-01,3.653368652000000272e-01,3.704881369999999952e-01
3.811618387999999857e-01,3.874331116999999991e-01,3.590922058000000083e-01,3.653368652000000272e-01
3.740869761000000238e-01,3.811618387999999857e-01,3.519476651999999817e-01,3.590922058000000083e-01
3.661565781000000186e-01,3.740869761000000238e-01,3.438473642000000052e-01,3.519476651999999817e-01
3.573529124000000001e-01,3.661565781000000186e-01,3.347746133999999762e-01,3.438473642000000052e-01
3.477045596000000183e-01,3.573529124000000001e-01,3.247643411000000202e-01,3.347746133999999762e-01
3.372950852000000110e-01,3.477045596000000183e-01,3.139110803999999866e-01,3.247643411000000202e-01
3.262629806999999826e-01,3.372950852000000110e-01,3.023681939000000263e-01,3.139110803999999866e-01
3.147939146000000021e-01,3.262629806999999826e-01,2.903386353999999892e-01,3.023681939000000263e-01
3.031052947000000275e-01,3.147939146000000021e-01,2.780582905000000271e-01,2.903386353999999892e-01
2.914253175000000029e-01,3.031052947000000275e-01,2.657732666000000021e-01,2.780582905000000271e-01
2.799714506000000047e-01,2.914253175000000029e-01,2.537173330999999976e-01,2.657732666000000021e-01
2.689392864999999855e-01,2.799714506000000047e-01,2.421000302000000104e-01,2.537173330999999976e-01
2.584860026999999949e-01,2.689392864999999855e-01,2.310894578999999893e-01,2.421000302000000104e-01
2.487228959999999989e-01,2.584860026999999949e-01,2.208045274000000058e-01,2.310894578999999893e-01
2.397265731999999872e-01,2.487228959999999989e-01,2.113270164000000118e-01,2.208045274000000058e-01
2.315280885000000066e-01,2.397265731999999872e-01,2.026902586000000062e-01,2.113270164000000118e-01
4.109836221000000012e-01,4.155859648999999933e-01,3.787308632999999980e-01,3.811768889000000105e-01
4.070708156000000244e-01,4.109836221000000012e-01,3.763357996999999733e-01,3.787308632999999980e-01
4.036998451000000099e-01,4.070708156000000244e-01,3.740915953999999766e-01,3.763357996999999733e-01
4.007256626999999849e-01,4.036998451000000099e-01,3.719910383000000209e-01,3.740915953999999766e-01
3.980333804999999781e-01,4.007256626999999849e-01,3.700007795999999960e-01,3.719910383000000209e-01
3.955343068000000128e-01,3.980333804999999781e-01,3.680828809999999729e-01,3.700007795999999960e-01
3.931566179000000050e-01,3.955343068000000128e-01,3.661985099000000243e-01,3.680828809999999729e-01
3.908393383000000054e-01,3.931566179000000050e-01,3.643089533000000158e-01,3.661985099000000243e-01
3.885263801000000128e-01,3.908393383000000054e-01,3.623731433999999862e-01,3.643089533000000158e-01
3.861600161000000031e-01,3.885263801000000128e-01,3.603439331000000134e-01,3.623731433999999862e-01
3.836765885000000265e-01,3.861600161000000031e-01,3.581645488999999905e-01,3.603439331000000134e-01
3.809973000999999915e-01,3.836765885000000265e-01,3.557603060999999789e-01,3.581645488999999905e-01
3.780184089999999997e-01,3.809973000999999915e-01,3.530284463999999733e-01,3.557603060999999789e-01
3.745911121000000121e-01,3.780184089999999997e-01,3.498174846000000060e-01,3.530284463999999733e-01
3.704881369999999952e-01,3.745911121000000121e-01,3.458920419000000024e-01,3.498174846000000060e-01
3.653368652000000272e-01,3.704881369999999952e-01,3.408615886999999955e-01,3.458920419000000024e-01
3.590922058000000083e-01,3.653368652000000272e-01,3.346479833000000070e-01,3.408615886999999955e-01
3.519476651999999817e-01,3.590922058000000083e-01,3.274267912000000114e-01,3.346479833000000070e-01
3.438473642000000052e-01,3.519476651999999817e-01,3.191374838000000103e-01,3.274267912000000114e-01
3.347746133999999762e-01,3.438473642000000052e-01,3.097645341999999968e-01,3.191374838000000103e-01
3.247643411000000202e-01,3.347746133999999762e-01,2.993498146999999943e-01,3.097645341999999968e-01
3.139110803999999866e-01,3.247643411000000202e-01,2.880000770000000210e-01,2.993498146999999943e-01
3.023681939000000263e-01,3.139110803999999866e-01,2.758852243000000093e-01,2.880000770000000210e-01
2.903386353999999892e-01,3.023681939000000263e-01,2.632276416000000063e-01,2.758852243000000093e-01
2.780582905000000271e-01,2.903386353999999892e-01,2.502838372999999783e-01,2.632276416000000063e-01
2.657732666000000021e-01,2.780582905000000271e-01,2.373200803999999942e-01,2.502838372999999783e-01
2.537173330999999976e-01,2.657732666000000021e-01,2.245885133999999950e-01,2.373200803999999942e-01
2.421000302000000104e-01,2.537173330999999976e-01,2.123142927999999985e-01,2.245885133999999950e-01
2.310894578999999893e-01,2.421000302000000104e-01,2.006778717000000101e-01,2.123142927999999985e-01
2.208045274000000058e-01,2.310894578999999893e-01,1.898067743000000085e-01,2.006778717000000101e-01
2.113270164000000118e-01,2.208045274000000058e-01,1.797886043999999961e-01,1.898067743000000085e-01
2.026902586000000062e-01,2.113270164000000118e-01,1.706593185999999984e-01,1.797886043999999961e-01
3.787308632999999980e-01,3.811768889000000105e-01,3.428546786000000179e-01,3.428945243000000032e-01
3.763357996999999733e-01,3.787308632999999980e-01,3.421543241000000179e-01,3.428546786000000179e-01
3.740915953999999766e-01,3.763357996999999733e-01,3.411687613000000119e-01,3.421543241000000179e-01
3.719910383000000209e-01,3.740915953999999766e-01,3.400443792000000243e-01,3.411687613000000119e-01
3.700007795999999960e-01,3.719910383000000209e-01,3.388387858999999946e-01,3.400443792000000243e-01
3.680828809999999729e-01,3.700007795999999960e-01,3.375705480999999786e-01,3.388387858999999946e-01
3.661985099000000243e-01,3.680828809999999729e-01,3.362377583999999753e-01,3.375705480999999786e-01
3.643089533000000158e-01,3.661985099000000243e-01,3.348264098000000022e-01,3.362377583999999753e-01
3.623731433999999862e-01,3.643089533000000158e-01,3.333123921999999739e-01,3.348264098000000022e-01
3.603439331000000134e-01,3.623731433999999862e-01,3.316602409000000140e-01,3.333123921999999739e-01
3.581645488999999905e-01,3.603439331000000134e-01,3.298209608000000070e-01,3.316602409000000140e-01
3.557603060999999789e-01,3.581645488999999905e-01,3.277243078000000032e-01,3.298209608000000070e-01
3.530284463999999733e-01,3.557603060999999789e-01,3.252687155999999802e-01,3.277243078000000032e-01
3.498174846000000060e-01,3.530284463999999733e-01,3.222997486999999994e-01,3.252687155999999802e-01
3.458920419000000024e-01,3.498174846000000060e-01,3.185727298000000096e-01,3.222997486999999994e-01
3.408615886999999955e-01,3.458920419000000024e-01,3.136771320999999779e-01,3.185727298000000096e-01
3.346479833000000070e-01,3.408615886999999955e-01,3.074976206000000212e-01,3.136771320999999779e-01
3.274267912000000114e-01,3.346479833000000070e-01,3.001895844999999952e-01,3.074976206000000212e-01
3.191374838000000103e-01,3.274267912000000114e-01,2.916871308999999801e-01,3.001895844999999952e-01
3.097645341999999968e-01,3.191374838000000103e-01,2.819759547999999838e-01,2.916871308999999801e-01
2.993498146999999943e-01,3.097645341999999968e-01,2.711056172999999903e-01,2.819759547999999838e-01
2.880000770000000210e-01,2.993498146999999943e-01,2.591966092999999915e-01,2.711056172999999903e-01
2.758852243000000093e-01,2.880000770000000210e-01,2.464373558999999880e-01,2.591966092999999915e-01
2.632276416000000063e-01,2.758852243000000093e-01,2.330720424999999929e-01,2.464373558999999880e-01
2.502838372999999783e-01,2.632276416000000063e-01,2.193803488999999940e-01,2.330720424999999929e-01
2.373200803999999942e-01,2.502838372999999783e-01,2.056513727000000014e-01,2.193803488999999940e-01
2.245885133999999950e-01,2.373200803999999942e-01,1.921578348000000103e-01,2.056513727000000014e-01
2.123142927999999985e-01,2.245885133999999950e-01,1.791426241000000086e-01,1.921578348000000103e-01
2.006778717000000101e-01,2.123142927999999985e-01,1.668000816999999913e-01,1.791426241000000086e-01
1.898067743000000085e-01,2.006778717000000101e-01,1.552675664000000011e-01,1.668000816999999913e-01
1.797886043999999961e-01,1.898067743000000085e-01,1.446392089000000103e-01,1.552675664000000011e-01
1.706593185999999984e-01,1.797886043999999961e-01,1.349539607999999946e-01,1.446392089000000103e-01
3.428546786000000179e-01,3.428945243000000032e-01,3.029041587999999896e-01,3.002570569999999939e-01
3.421543241000000179e-01,3.428546786000000179e-01,3.040970861999999775e-01,3.029041587999999896e-01
3.411687613000000119e-01,3.421543241000000179e-01,3.045180142000000201e-01,3.040970861999999775e-01
3.400443792000000243e-01,3.411687613000000119e-01,3.044845760000000068e-01,3.045180142000000201e-01
3.388387858999999946e-01,3.400443792000000243e-01,3.041558266000000121e-01,3.044845760000000068e-01
3.375705480999999786e-01,3.388387858999999946e-01,3.036135732999999948e-01,3.041558266000000121e-01
3.362377583999999753e-01,3.375705480999999786e-01,3.028970957000000075e-01,3.036135732999999948e-01
3.348264098000000022e-01,3.362377583999999753e-01,3.020199238999999869e-01,3.028970957000000075e-01
3.333123921999999739e-01,3.348264098000000022e-01,3.009768723999999840e-01,3.020199238999999869e-01
3.316602409000000140e-01,3.333123921999999739e-01,2.997456491000000112e-01,3.009768723999999840e-01
3.298209608000000070e-01,3.316602409000000140e-01,2.982857823000000241e-01,2.997456491000000112e-01
3.277243078000000032e-01,3.298209608000000070e-01,2.965320646999999865e-01,2.982857823000000241e-01
3.252687155999999802e-01,3.277243078000000032e-01,2.943841219000000176e-01,2.965320646999999865e-01
3.222997486999999994e-01,3.252687155999999802e-01,2.916840910999999870e-01,2.943841219000000176e-01
3.185727298000000096e-01,3.222997486999999994e-01,2.881768941999999778e-01,2.916840910999999870e-01
3.136771320999999779e-01,3.185727298000000096e-01,2.834291458000000041e-01,2.881768941999999778e-01
3.074976206000000212e-01,3.136771320999999779e-01,2.772838771000000202e-01,2.834291458000000041e-01
3.001895844999999952e-01,3.074976206000000212e-01,2.698737978999999898e-01,2.772838771000000202e-01
2.916871308999999801e-01,3.001895844999999952e-01,2.611269950999999812e-01,2.698737978999999898e-01
2.819759547999999838e-01,2.916871308999999801e-01,2.510304152999999761e-01,2.611269950999999812e-01
2.711056172999999903e-01,2.819759547999999838e-01,2.396423370000000108e-01,2.510304152999999761e-01
2.591966092999999915e-01,2.711056172999999903e-01,2.270985692999999972e-01,2.396423370000000108e-01
2.464373558999999880e-01,2.591966092999999915e-01,2.136084883999999906e-01,2.270985692999999972e-01
2.330720424999999929e-01,2.464373558999999880e-01,1.994408071000000060e-01,2.136084883999999906e-01
2.193803488999999940e-01,2.330720424999999929e-01,1.849014609999999892e-01,1.994408071000000060e-01
2.056513727000000014e-01,2.193803488999999940e-01,1.703051925000000077e-01,1.849014609999999892e-01
1.921578348000000103e-01,2.056513727000000014e-01,1.559480726999999955e-01,1.703051925000000077e-01
1.791426241000000086e-01,1.921578348000000103e-01,1.420930623999999975e-01,1.559480726999999955e-01
1.668000816999999913e-01,1.791426241000000086e-01,1.289501785999999928e-01,1.420930623999999975e-01
1.552675664000000011e-01,1.668000816999999913e-01,1.166679189000000005e-01,1.289501785999999928e-01
1.446392089000000103e-01,1.552675664000000011e-01,1.053478718000000064e-01,1.166679189000000005e-01
1.349539607999999946e-01,1.446392089000000103e-01,9.503240138000000614e-02,1.053478718000000064e-01
3.029041587999999896e-01,3.002570569999999939e-01,2.584235369999999810e-01,2.527781426999999859e-01
3.040970861999999775e-01,3.029041587999999896e-01,2.617296575999999986e-01,2.584235369999999810e-01
3.045180142000000201e-01,3.040970861999999775e-01,2.637203037999999999e-01,2.617296575999999986e-01
3.044845760000000068e-01,3.045180142000000201e-01,2.649042307999999735e-01,2.637203037999999999e-01
3.041558266000000121e-01,3.044845760000000068e-01,2.655536532000000172e-01,2.649042307999999735e-01
3.036135732999999948e-01,3.041558266000000121e-01,2.658208609000000111e-01,2.655536532000000172e-01
3.028970957000000075e-01,3.036135732999999948e-01,2.657911776999999920e-01,2.658208609000000111e-01
3.020199238999999869e-01,3.028970957000000075e-01,2.655089199999999816e-01,2.657911776999999920e-01
3.009768723999999840e-01,3.020199238999999869e-01,2.649899721000000263e-01,2.655089199999999816e-01
2.997456491000000112e-01,3.009768723999999840e-01,2.642266153999999756e-01,2.649899721000000263e-01
2.982857823000000241e-01,2.997456491000000112e-01,2.631879151000000028e-01,2.642266153999999756e-01
2.965320646999999865e-01,2.982857823000000241e-01,2.618141769999999813e-01,2.631879151000000028e-01
2.943841219000000176e-01,2.965320646999999865e-01,2.600062190999999912e-01,2.618141769999999813e-01
2.916840910999999870e-01,2.943841219000000176e-01,2.576021253999999927e-01,2.600062190999999912e-01
2.881768941999999778e-01,2.916840910999999870e-01,2.543347477999999828e-01,2.576021253999999927e-01
2.834291458000000041e-01,2.881768941999999778e-01,2.497447430999999995e-01,2.543347477999999828e-01
2.772838771000000202e-01,2.834291458000000041e-01,2.436283082000000044e-01,2.497447430999999995e-01
2.698737978999999898e-01,2.772838771000000202e-01,2.360930890000000060e-01,2.436283082000000044e-01
2.611269950999999812e-01,2.698737978999999898e-01,2.270604223000000088e-01,2.360930890000000060e-01
2.510304152999999761e-01,2.611269950999999812e-01,2.165187000999999889e-01,2.270604223000000088e-01
2.396423370000000108e-01,2.510304152999999761e-01,2.045359462000000128e-01,2.165187000999999889e-01
2.270985692999999972e-01,2.396423370000000108e-01,1.912654786999999912e-01,2.045359462000000128e-01
2.136084883999999906e-01,2.270985692999999972e-01,1.769402623000000119e-01,1.912654786999999912e-01
1.994408071000000060e-01,2.136084883999999906e-01,1.618568002999999922e-01,1.769402623000000119e-01
1.849014609999999892e-01,1.994408071000000060e-01,1.463506967000000047e-01,1.618568002999999922e-01
1.703051925000000077e-01,1.849014609999999892e-01,1.307658106000000042e-01,1.463506967000000047e-01
1.559480726999999955e-01,1.703051925000000077e-01,1.154246478999999964e-01,1.307658106000000042e-01
1.420930623999999975e-01,1.559480726999999955e-01,1.006128564000000059e-01,1.154246478999999964e-01
1.289501785999999928e-01,1.420930623999999975e-01,8.655831217999999938e-02,1.006128564000000059e-01
1.166679189000000005e-01,1.289501785999999928e-01,7.342208922000000026e-02,8.655831217999999938e-02
1.053478718000000064e-01,1.166679189000000005e-01,6.131424754999999921e-02,7.342208922000000026e-02
9.503240138000000614e-02,1.053478718000000064e-01,5.028098448999999970e-02,6.131424754999999921e-02
2.584235369999999810e-01,2.527781426999999859e-01,2.089826763000000032e-01,2.000000030000000095e-01
2.617296575999999986e-01,2.584235369999999810e-01,2.146406770000000019e-01,2.089826763000000032e-01
2.637203037999999999e-01,2.617296575999999986e-01,2.183777987999999948e-01,2.146406770000000019e-01
2.649042307999999735e-01,2.637203037999999999e-01,2.209152876999999904e-01,2.183777987999999948e-01
2.655536532000000172e-01,2.649042307999999735e-01,2.226514666999999947e-01,2.209152876999999904e-01
2.658208609000000111e-01,2.655536532000000172e-01,2.238171995000000081e-01,2.226514666999999947e-01
2.657911776999999920e-01,2.658208609000000111e-01,2.245490253000000103e-01,2.238171995000000081e-01
2.655089199999999816e-01,2.657911776999999920e-01,2.249255329000000025e-01,2.245490253000000103e-01
2.649899721000000263e-01,2.655089199999999816e-01,2.249860167999999938e-01,2.249255329000000025e-01
2.642266153999999756e-01,2.649899721000000263e-01,2.247389257000000085e-01,2.249860167999999938e-01
2.631879151000000028e-01,2.642266153999999756e-01,2.241637408999999914e-01,2.247389257000000085e-01
2.618141769999999813e-01,2.631879151000000028e-01,2.232068031999999980e-01,2.241637408999999914e-01
2.600062190999999912e-01,2.618141769999999813e-01,2.217698395000000100e-01,2.232068031999999980e-01
2.576021253999999927e-01,2.600062190999999912e-01,2.196860908999999917e-01,2.217698395000000100e-01
2.543347477999999828e-01,2.576021253999999927e-01,2.166742533000000082e-01,2.196860908999999917e-01
2.497447430999999995e-01,2.543347477999999828e-01,2.122448980999999957e-01,2.166742533000000082e-01
2.436283082000000044e-01,2.497447430999999995e-01,2.061419934000000009e-01,2.122448980999999957e-01
2.360930890000000060e-01,2.436283082000000044e-01,1.984458715000000095e-01,2.061419934000000009e-01
2.270604223000000088e-01,2.360930890000000060e-01,1.890703737999999967e-01,1.984458715000000095e-01
2.165187000999999889e-01,2.270604223000000088e-01,1.780056952999999886e-01,1.890703737999999967e-01
2.045359462000000128e-01,2.165187000999999889e-01,1.653310507999999901e-01,1.780056952999999886e-01
1.912654786999999912e-01,2.045359462000000128e-01,1.512196212999999956e-01,1.653310507999999901e-01
1.769402623000000119e-01,1.912654786999999912e-01,1.359311937999999886e-01,1.512196212999999956e-01
1.618568002999999922e-01,1.769402623000000119e-01,1.197939142999999984e-01,1.359311937999999886e-01
1.463506967000000047e-01,1.618568002999999922e-01,1.031770258999999967e-01,1.197939142999999984e-01
1.307658106000000042e-01,1.463506967000000047e-01,8.645743131999999997e-02,1.031770258999999967e-01
1.154246478999999964e-01,1.307658106000000042e-01,6.998763232999999362e-02,8.645743131999999997e-02
1.006128564000000059e-01,1.154246478999999964e-01,5.407908931000000169e-02,6.998763232999999362e-02
8.655831217999999938e-02,1.006128564000000059e-01,3.897988796000000089e-02,5.407908931000000169e-02
7.342208922000000026e-02,8.655831217999999938e-02,2.486540563000000023e-02,3.897988796000000089e-02
6.131424754999999921e-02,7.342208922000000026e-02,1.185526140000000075e-02,2.486540563000000023e-02
5.028098448999999970e-02,6.131424754999999921e-02,0.000000000000000000e+00,1.185526140000000075e-02
