9.427570700999999831e-01,1.000000000000000000e+00,9.396437407000000075e-01,9.969192147000000004e-01
8.927510381000000050e-01,9.427570700999999831e-01,8.897436856999999533e-01,9.396437407000000075e-01
8.485640287000000281e-01,8.927510381000000050e-01,8.457239269999999864e-01,8.897436856999999533e-01
8.088284135000000097e-01,8.485640287000000281e-01,8.061835170000000161e-01,8.457239269999999864e-01
7.723991274999999490e-01,8.088284135000000097e-01,7.699628471999999668e-01,8.061835170000000161e-01
7.383455634000000156e-01,7.723991274999999490e-01,7.361251116000000483e-01,7.699628471999999668e-01
7.058880924999999529e-01,7.383455634000000156e-01,7.038887142999999957e-01,7.361251116000000483e-01
6.743584871000000147e-01,7.058880924999999529e-01,6.725856065999999966e-01,7.038887142999999957e-01
6.431508063999999969e-01,6.743584871000000147e-01,6.416112185000000245e-01,6.725856065999999966e-01
6.116656065000000142e-01,6.431508063999999969e-01,6.103687881999999565e-01,6.416112185000000245e-01
5.792893170999999786e-01,6.116656065000000142e-01,5.782479644000000363e-01,6.103687881999999565e-01
5.453199147999999719e-01,5.792893170999999786e-01,5.445513129000000285e-01,5.782479644000000363e-01
5.089297890999999741e-01,5.453199147999999719e-01,5.084568261999999894e-01,5.445513129000000285e-01
4.690543114999999874e-01,5.089297890999999741e-01,4.689077735000000136e-01,5.084568261999999894e-01
4.242677986999999762e-01,4.690543114999999874e-01,4.244888425000000187e-01,4.689077735000000136e-01
3.725465237999999735e-01,4.242677986999999762e-01,3.731913566999999765e-01,4.244888425000000187e-01
3.158100843000000157e-01,3.725465237999999735e-01,3.169215023999999992e-01,3.731913566999999765e-01
2.576672434999999761e-01,3.158100843000000157e-01,2.592603564000000027e-01,3.169215023999999992e-01
1.991284638999999967e-01,2.576672434999999761e-01,2.012082933999999879e-01,2.592603564000000027e-01
1.412243246999999868e-01,1.991284638999999967e-01,1.437858790000000053e-01,2.012082933999999879e-01
8.493489771999999938e-02,1.412243246999999868e-01,8.796406536999999692e-02,1.437858790000000053e-01
3.112713992999999874e-02,8.493489771999999938e-02,3.460221364999999799e-02,8.796406536999999692e-02
-1.949186996000000158e-02,3.112713992999999874e-02,-1.559842470999999939e-02,3.460221364999999799e-02
-6.640177965000000626e-02,-1.949186996000000158e-02,-6.212146208000000197e-02,-1.559842470999999939e-02
-1.092765777999999965e-01,-6.640177965000000626e-02,-1.046431362999999948e-01,-6.212146208000000197e-02
-1.479700059000000067e-01,-1.092765777999999965e-01,-1.430180520000000066e-01,-1.046431362999999948e-01
-1.824942528999999869e-01,-1.479700059000000067e-01,-1.772582084000000058e-01,-1.430180520000000066e-01
-2.129865884999999903e-01,-1.824942528999999869e-01,-2.074996679999999982e-01,-1.772582084000000058e-01
-2.396778762000000007e-01,-2.129865884999999903e-01,-2.339714616999999941e-01,-2.074996679999999982e-01
-2.628584503999999988e-01,-2.396778762000000007e-01,-2.569618224999999923e-01,-2.339714616999999941e-01
-2.828535437999999957e-01,-2.628584503999999988e-01,-2.767933606999999907e-01,-2.569618224999999923e-01
-3.000000118999999743e-01,-2.828535437999999957e-01,-2.938004135999999766e-01,-2.767933606999999907e-01
9.396437407000000075e-01,9.969192147000000004e-01,9.360429048999999724e-01,9.933661221999999791e-01
8.897436856999999533e-01,9.396437407000000075e-01,8.862600326999999778e-01,9.360429048999999724e-01
8.457239269999999864e-01,8.897436856999999533e-01,8.424307107999999822e-01,8.862600326999999778e-01
8.061835170000000161e-01,8.457239269999999864e-01,8.031147121999999694e-01,8.424307107999999822e-01
7.699628471999999668e-01,8.061835170000000161e-01,7.671349049000000253e-01,8.031147121999999694e-01
7.361251116000000483e-01,7.699628471999999668e-01,7.335469722999999886e-01,7.671349049000000253e-01
7.038887142999999957e-01,7.361251116000000483e-01,7.015669942000000159e-01,7.335469722999999886e-01
6.725856065999999966e-01,7.038887142999999957e-01,6.705269216999999449e-01,7.015669942000000159e-01
6.416112185000000245e-01,6.725856065999999966e-01,6.398237944000000343e-01,6.705269216999999449e-01
6.103687881999999565e-01,6.416112185000000245e-01,6.088638306000000444e-01,6.398237944000000343e-01
5.782479644000000363e-01,6.103687881999999565e-01,5.770404339000000382e-01,6.088638306000000444e-01
5.445513129000000285e-01,5.782479644000000363e-01,5.436614751999999662e-01,5.770404339000000382e-01
5.084568261999999894e-01,5.445513129000000285e-01,5.079116821000000392e-01,5.436614751999999662e-01
4.689077735000000136e-01,5.084568261999999894e-01,4.687431752999999812e-01,5.079116821000000392e-01
4.244888425000000187e-01,4.689077735000000136e-01,4.247530103000000112e-01,4.687431752999999812e-01
3.731913566999999765e-01,4.244888425000000187e-01,3.739500045999999966e-01,4.247530103000000112e-01
3.169215023999999992e-01,3.731913566999999765e-01,3.182247281000000205e-01,3.739500045999999966e-01
2.592603564000000027e-01,3.169215023999999992e-01,2.611261904000000134e-01,3.182247281000000205e-01
2.012082933999999879e-01,2.592603564000000027e-01,2.036428302999999940e-01,2.611261904000000134e-01
1.437858790000000053e-01,2.012082933999999879e-01,1.467835306999999978e-01,2.036428302999999940e-01
8.796406536999999692e-02,1.437858790000000053e-01,9.150858222999999625e-02,1.467835306999999978e-01
3.460221364999999799e-02,8.796406536999999692e-02,3.866839780999999782e-02,9.150858222999999625e-02
-1.559842470999999939e-02,3.460221364999999799e-02,-1.104256789999999953e-02,3.866839780999999782e-02
-6.212146208000000197e-02,-1.559842470999999939e-02,-5.711259693000000220e-02,-1.104256789999999953e-02
-1.046431362999999948e-01,-6.212146208000000197e-02,-9.922056645000000563e-02,-5.711259693000000220e-02
-1.430180520000000066e-01,-1.046431362999999948e-01,-1.372221559000000035e-01,-9.922056645000000563e-02
-1.772582084000000058e-01,-1.430180520000000066e-01,-1.711291224000000000e-01,-1.372221559000000035e-01
-2.074996679999999982e-01,-1.772582084000000058e-01,-2.010761648000000124e-01,-1.711291224000000000e-01
-2.339714616999999941e-01,-2.074996679999999982e-01,-2.272902428999999946e-01,-2.010761648000000124e-01
-2.569618224999999923e-01,-2.339714616999999941e-01,-2.500571609000000195e-01,-2.272902428999999946e-01
-2.767933606999999907e-01,-2.569618224999999923e-01,-2.696965038999999953e-01,-2.500571609000000195e-01
-2.938004135999999766e-01,-2.767933606999999907e-01,-2.865396439999999822e-01,-2.696965038999999953e-01
9.360429048999999724e-01,9.933661221999999791e-01,9.319705963000000093e-01,9.893648623999999892e-01
8.862600326999999778e-01,9.360429048999999724e-01,8.823103308999999950e-01,9.319705963000000093e-01
8.424307107999999822e-01,8.862600326999999778e-01,8.386905788999999833e-01,8.823103308999999950e-01
8.031147121999999694e-01,8.424307107999999822e-01,7.996248603000000177e-01,8.386905788999999833e-01
7.671349049000000253e-01,8.031147121999999694e-01,7.639156580000000529e-01,7.996248603000000177e-01
7.335469722999999886e-01,7.671349049000000253e-01,7.306094170000000387e-01,7.639156580000000529e-01
7.015669942000000159e-01,7.335469722999999886e-01,6.989192963000000480e-01,7.306094170000000387e-01
6.705269216999999449e-01,7.015669942000000159e-01,6.681771278000000480e-01,6.989192963000000480e-01
6.398237944000000343e-01,6.705269216999999449e-01,6.377816200000000491e-01,6.681771278000000480e-01
6.088638306000000444e-01,6.398237944000000343e-01,6.071423888000000435e-01,6.377816200000000491e-01
5.770404339000000382e-01,6.088638306000000444e-01,5.756570696999999681e-01,6.071423888000000435e-01
5.436614751999999662e-01,5.770404339000000382e-01,5.426395535000000381e-01,5.756570696999999681e-01
5.079116821000000392e-01,5.436614751999999662e-01,5.072819590999999573e-01,5.426395535000000381e-01
4.687431752999999812e-01,5.079116821000000392e-01,4.685467779999999971e-01,5.072819590999999573e-01
4.247530103000000112e-01,4.687431752999999812e-01,4.250450431999999723e-01,4.685467779999999971e-01
3.739500045999999966e-01,4.247530103000000112e-01,3.748055397999999760e-01,4.250450431999999723e-01
3.182247281000000205e-01,3.739500045999999966e-01,3.197011054000000185e-01,3.748055397999999760e-01
2.611261904000000134e-01,3.182247281000000205e-01,2.632443308999999898e-01,3.197011054000000185e-01
2.036428302999999940e-01,2.611261904000000134e-01,2.064100503999999892e-01,2.632443308999999898e-01
1.467835306999999978e-01,2.036428302999999940e-01,1.501937359999999944e-01,2.064100503999999892e-01
9.150858222999999625e-02,1.467835306999999978e-01,9.554345160999999642e-02,1.501937359999999944e-01
3.866839780999999782e-02,9.150858222999999625e-02,4.329942539000000007e-02,9.554345160999999642e-02
-1.104256789999999953e-02,3.866839780999999782e-02,-5.851717666000000144e-03,4.329942539000000007e-02
-5.711259693000000220e-02,-1.104256789999999953e-02,-5.140359700000000226e-02,-5.851717666000000144e-03
-9.922056645000000563e-02,-5.711259693000000220e-02,-9.303812682999999806e-02,-5.140359700000000226e-02
-1.372221559000000035e-01,-9.922056645000000563e-02,-1.306122392000000076e-01,-9.303812682999999806e-02
-1.711291224000000000e-01,-1.372221559000000035e-01,-1.641374825999999953e-01,-1.306122392000000076e-01
-2.010761648000000124e-01,-1.711291224000000000e-01,-1.937470138000000064e-01,-1.641374825999999953e-01
-2.272902428999999946e-01,-2.010761648000000124e-01,-2.196654975000000010e-01,-1.937470138000000064e-01
-2.500571609000000195e-01,-2.272902428999999946e-01,-2.421759813999999900e-01,-2.196654975000000010e-01
-2.696965038999999953e-01,-2.500571609000000195e-01,-2.615946531000000186e-01,-2.421759813999999900e-01
-2.865396439999999822e-01,-2.696965038999999953e-01,-2.782494723999999753e-01,-2.615946531000000186e-01
9.319705963000000093e-01,9.893648623999999892e-01,9.274854660000000361e-01,9.849838614000000492e-01
8.823103308999999950e-01,9.319705963000000093e-01,8.779451847000000475e-01,9.274854660000000361e-01
8.386905788999999833e-01,8.823103308999999950e-01,8.345472216999999526e-01,8.779451847000000475e-01
7.996248603000000177e-01,8.386905788999999833e-01,7.957517505000000213e-01,8.345472216999999526e-01
7.639156580000000529e-01,7.996248603000000177e-01,7.603371738999999963e-01,7.957517505000000213e-01
7.306094170000000387e-01,7.639156580000000529e-01,7.273395060999999773e-01,7.603371738999999963e-01
6.989192963000000480e-01,7.306094170000000387e-01,6.959679127000000243e-01,7.273395060999999773e-01
6.681771278000000480e-01,6.989192963000000480e-01,6.655539870000000136e-01,6.959679127000000243e-01
6.377816200000000491e-01,6.681771278000000480e-01,6.354981065000000484e-01,6.655539870000000136e-01
6.071423888000000435e-01,6.377816200000000491e-01,6.052134036999999855e-01,6.354981065000000484e-01
5.756570696999999681e-01,6.071423888000000435e-01,5.741022229000000143e-01,6.052134036999999855e-01
5.426395535000000381e-01,5.756570696999999681e-01,5.414849520000000194e-01,5.741022229000000143e-01
5.072819590999999573e-01,5.426395535000000381e-01,5.065621733999999821e-01,5.414849520000000194e-01
4.685467779999999971e-01,5.072819590999999573e-01,4.683076738999999988e-01,5.065621733999999821e-01
4.250450431999999723e-01,4.685467779999999971e-01,4.253479242000000049e-01,4.683076738999999988e-01
3.748055397999999760e-01,4.250450431999999723e-01,3.757338524000000124e-01,4.253479242000000049e-01
3.197011054000000185e-01,3.748055397999999760e-01,3.213189542000000065e-01,3.757338524000000124e-01
2.632443308999999898e-01,3.197011054000000185e-01,2.655753492999999854e-01,3.213189542000000065e-01
2.064100503999999892e-01,2.632443308999999898e-01,2.094628065999999955e-01,2.655753492999999854e-01
1.501937359999999944e-01,2.064100503999999892e-01,1.539617628000000127e-01,2.094628065999999955e-01
9.554345160999999642e-02,1.501937359999999944e-01,1.000066772000000048e-01,1.539617628000000127e-01
4.329942539000000007e-02,9.554345160999999642e-02,4.842637107000000163e-02,1.000066772000000048e-01
-5.851717666000000144e-03,4.329942539000000007e-02,-1.012369757999999977e-04,4.842637107000000163e-02
-5.140359700000000226e-02,-5.851717666000000144e-03,-4.507573321000000327e-02,-1.012369757999999977e-04
-9.303812682999999806e-02,-5.140359700000000226e-02,-8.618243038999999495e-02,-4.507573321000000327e-02
-1.306122392000000076e-01,-9.303812682999999806e-02,-1.232796832999999981e-01,-8.618243038999999495e-02
-1.641374825999999953e-01,-1.306122392000000076e-01,-1.563788651999999946e-01,-1.232796832999999981e-01
-1.937470138000000064e-01,-1.641374825999999953e-01,-1.856114566000000021e-01,-1.563788651999999946e-01
-2.196654975000000010e-01,-1.937470138000000064e-01,-2.111995965000000031e-01,-1.856114566000000021e-01
-2.421759813999999900e-01,-2.196654975000000010e-01,-2.334233671000000010e-01,-2.111995965000000031e-01
-2.615946531000000186e-01,-2.421759813999999900e-01,-2.525951564000000205e-01,-2.334233671000000010e-01
-2.782494723999999753e-01,-2.615946531000000186e-01,-2.690392732999999925e-01,-2.525951564000000205e-01
9.274854660000000361e-01,9.849838614000000492e-01,9.226968288000000351e-01,9.803399444000000518e-01
8.779451847000000475e-01,9.274854660000000361e-01,8.732659817000000269e-01,9.226968288000000351e-01
8.345472216999999526e-01,8.779451847000000475e-01,8.300941586000000205e-01,8.732659817000000269e-01
7.957517505000000213e-01,8.345472216999999526e-01,7.915812731000000380e-01,8.300941586000000205e-01
7.603371738999999963e-01,7.957517505000000213e-01,7.564784883999999821e-01,7.915812731000000380e-01
7.273395060999999773e-01,7.603371738999999963e-01,7.238092421999999804e-01,7.564784883999999821e-01
6.959679127000000243e-01,7.273395060999999773e-01,6.927782297000000256e-01,7.238092421999999804e-01
6.655539870000000136e-01,6.959679127000000243e-01,6.627162694999999548e-01,6.927782297000000256e-01
6.354981065000000484e-01,6.655539870000000136e-01,6.330252885999999579e-01,6.627162694999999548e-01
6.052134036999999855e-01,6.354981065000000484e-01,6.031222343000000041e-01,6.330252885999999579e-01
5.741022229000000143e-01,6.052134036999999855e-01,5.724142789999999703e-01,6.031222343000000041e-01
5.414849520000000194e-01,5.741022229000000143e-01,5.402289032999999518e-01,5.724142789999999703e-01
5.065621733999999821e-01,5.414849520000000194e-01,5.057755709000000266e-01,5.402289032999999518e-01
4.683076738999999988e-01,5.065621733999999821e-01,4.680403173000000083e-01,5.057755709000000266e-01
4.253479242000000049e-01,4.683076738999999988e-01,4.256664217000000194e-01,4.680403173000000083e-01
3.757338524000000124e-01,4.253479242000000049e-01,3.767286241000000202e-01,4.256664217000000194e-01
3.213189542000000065e-01,3.757338524000000124e-01,3.230596483000000019e-01,3.767286241000000202e-01
2.655753492999999854e-01,3.213189542000000065e-01,2.680881619000000105e-01,3.230596483000000019e-01
2.094628065999999955e-01,2.655753492999999854e-01,2.127573490000000123e-01,2.680881619000000105e-01
1.539617628000000127e-01,2.094628065999999955e-01,1.580314486999999934e-01,2.127573490000000123e-01
1.000066772000000048e-01,1.539617628000000127e-01,1.048300043000000015e-01,1.580314486999999934e-01
4.842637107000000163e-02,1.000066772000000048e-01,5.396949872000000176e-02,1.048300043000000015e-01
-1.012369757999999977e-04,4.842637107000000163e-02,6.118371616999999756e-03,5.396949872000000176e-02
-4.507573321000000327e-02,-1.012369757999999977e-04,-3.822944686000000203e-02,6.118371616999999756e-03
-8.618243038999999495e-02,-4.507573321000000327e-02,-7.876297086000000336e-02,-3.822944686000000203e-02
-1.232796832999999981e-01,-8.618243038999999495e-02,-1.153421178000000047e-01,-7.876297086000000336e-02
-1.563788651999999946e-01,-1.232796832999999981e-01,-1.479781121000000033e-01,-1.153421178000000047e-01
-1.856114566000000021e-01,-1.563788651999999946e-01,-1.768006980000000061e-01,-1.479781121000000033e-01
-2.111995965000000031e-01,-1.856114566000000021e-01,-2.020293026999999964e-01,-1.768006980000000061e-01
-2.334233671000000010e-01,-2.111995965000000031e-01,-2.239408790999999899e-01,-2.020293026999999964e-01
-2.525951564000000205e-01,-2.334233671000000010e-01,-2.428437173000000115e-01,-2.239408790999999899e-01
-2.690392732999999925e-01,-2.525951564000000205e-01,-2.590582073000000096e-01,-2.428437173000000115e-01
9.226968288000000351e-01,9.803399444000000518e-01,9.177657366000000483e-01,9.755950570000000432e-01
8.732659817000000269e-01,9.226968288000000351e-01,8.684294223999999840e-01,9.177657366000000483e-01
8.300941586000000205e-01,8.732659817000000269e-01,8.254824876999999894e-01,8.684294223999999840e-01
7.915812731000000380e-01,8.300941586000000205e-01,7.872583269999999800e-01,8.254824876999999894e-01
7.564784883999999821e-01,7.915812731000000380e-01,7.524777650999999734e-01,7.872583269999999800e-01
7.238092421999999804e-01,7.564784883999999821e-01,7.201502322999999706e-01,7.524777650999999734e-01
6.927782297000000256e-01,7.238092421999999804e-01,6.894749999000000518e-01,7.201502322999999706e-01
6.627162694999999548e-01,6.927782297000000256e-01,6.597817540000000536e-01,6.894749999000000518e-01
6.330252885999999579e-01,6.627162694999999548e-01,6.304739714000000550e-01,6.597817540000000536e-01
6.031222343000000041e-01,6.330252885999999579e-01,6.009722351999999823e-01,6.304739714000000550e-01
5.724142789999999703e-01,6.031222343000000041e-01,5.706887841000000128e-01,6.009722351999999823e-01
5.402289032999999518e-01,5.724142789999999703e-01,5.389586091000000412e-01,5.706887841000000128e-01
5.057755709000000266e-01,5.402289032999999518e-01,5.050004125000000510e-01,5.389586091000000412e-01
4.680403173000000083e-01,5.057755709000000266e-01,4.678132831999999852e-01,5.050004125000000510e-01
4.256664217000000194e-01,4.680403173000000083e-01,4.260579347999999822e-01,4.678132831999999852e-01
3.767286241000000202e-01,4.256664217000000194e-01,3.778343797000000004e-01,4.260579347999999822e-01
3.230596483000000019e-01,3.767286241000000202e-01,3.249536454999999990e-01,3.778343797000000004e-01
2.680881619000000105e-01,3.230596483000000019e-01,2.707985937999999870e-01,3.249536454999999990e-01
2.127573490000000123e-01,2.680881619000000105e-01,2.162948101999999928e-01,2.707985937999999870e-01
1.580314486999999934e-01,2.127573490000000123e-01,1.623892634999999918e-01,2.162948101999999928e-01
1.048300043000000015e-01,1.580314486999999934e-01,1.099857464000000007e-01,1.623892634999999918e-01
5.396949872000000176e-02,1.048300043000000015e-01,5.988757312000000249e-02,1.099857464000000007e-01
6.118371616999999756e-03,5.396949872000000176e-02,1.275315695000000041e-02,5.988757312000000249e-02
-3.822944686000000203e-02,6.118371616999999756e-03,-3.093045763999999892e-02,1.275315695000000041e-02
-7.876297086000000336e-02,-3.822944686000000203e-02,-7.085621357000000675e-02,-3.093045763999999892e-02
-1.153421178000000047e-01,-7.876297086000000336e-02,-1.068857163000000027e-01,-7.085621357000000675e-02
-1.479781121000000033e-01,-1.153421178000000047e-01,-1.390300690999999866e-01,-1.068857163000000027e-01
-1.768006980000000061e-01,-1.479781121000000033e-01,-1.674172281999999901e-01,-1.390300690999999866e-01
-2.020293026999999964e-01,-1.768006980000000061e-01,-1.922638117999999896e-01,-1.674172281999999901e-01
-2.239408790999999899e-01,-2.020293026999999964e-01,-2.138435096000000091e-01,-1.922638117999999896e-01
-2.428437173000000115e-01,-2.239408790999999899e-01,-2.324603199999999981e-01,-2.138435096000000091e-01
-2.590582073000000096e-01,-2.428437173000000115e-01,-2.484305203000000128e-01,-2.324603199999999981e-01
9.177657366000000483e-01,9.755950570000000432e-01,9.127870797999999564e-01,9.709402918999999743e-01
8.684294223999999840e-01,9.177657366000000483e-01,8.634477257999999544e-01,9.127870797999999564e-01
8.254824876999999894e-01,8.684294223999999840e-01,8.206517100000000342e-01,8.634477257999999544e-01
7.872583269999999800e-01,8.254824876999999894e-01,7.826575041000000121e-01,8.206517100000000342e-01
7.524777650999999734e-01,7.872583269999999800e-01,7.481501698000000422e-01,7.826575041000000121e-01
7.201502322999999706e-01,7.524777650999999734e-01,7.161221504000000460e-01,7.481501698000000422e-01
6.894749999000000518e-01,7.201502322999999706e-01,6.857650280000000542e-01,7.161221504000000460e-01
6.597817540000000536e-01,6.894749999000000518e-01,6.564060449999999935e-01,6.857650280000000542e-01
6.304739714000000550e-01,6.597817540000000536e-01,6.274487972000000191e-01,6.564060449999999935e-01
6.009722351999999823e-01,6.304739714000000550e-01,5.983168482999999815e-01,6.274487972000000191e-01
5.706887841000000128e-01,6.009722351999999823e-01,5.684267879000000079e-01,5.983168482999999815e-01
5.389586091000000412e-01,5.706887841000000128e-01,5.371198654000000072e-01,5.684267879000000079e-01
5.050004125000000510e-01,5.389586091000000412e-01,5.036234856000000315e-01,5.371198654000000072e-01
4.678132831999999852e-01,5.050004125000000510e-01,4.669485389999999958e-01,5.036234856000000315e-01
4.260579347999999822e-01,4.678132831999999852e-01,4.257719219000000166e-01,4.669485389999999958e-01
3.778343797000000004e-01,4.260579347999999822e-01,3.782169819000000266e-01,4.257719219000000166e-01
3.249536454999999990e-01,3.778343797000000004e-01,3.260749578000000093e-01,3.782169819000000266e-01
2.707985937999999870e-01,3.249536454999999990e-01,2.726863921000000079e-01,3.260749578000000093e-01
2.162948101999999928e-01,2.707985937999999870e-01,2.189598977999999974e-01,2.726863921000000079e-01
1.623892634999999918e-01,2.162948101999999928e-01,1.658257543999999972e-01,2.189598977999999974e-01
1.099857464000000007e-01,1.623892634999999918e-01,1.141726225999999955e-01,1.658257543999999972e-01
5.988757312000000249e-02,1.099857464000000007e-01,6.479130684999999390e-02,1.141726225999999955e-01
1.275315695000000041e-02,5.988757312000000249e-02,1.833070255999999856e-02,6.479130684999999390e-02
-3.093045763999999892e-02,1.275315695000000041e-02,-2.472855523000000097e-02,1.833070255999999856e-02
-7.085621357000000675e-02,-3.093045763999999892e-02,-6.408303230999999600e-02,-2.472855523000000097e-02
-1.068857163000000027e-01,-7.085621357000000675e-02,-9.959587455000000478e-02,-6.408303230999999600e-02
-1.390300690999999866e-01,-1.068857163000000027e-01,-1.312780678000000090e-01,-9.959587455000000478e-02
-1.674172281999999901e-01,-1.390300690999999866e-01,-1.592558473000000030e-01,-1.312780678000000090e-01
-1.922638117999999896e-01,-1.674172281999999901e-01,-1.837432981000000076e-01,-1.592558473000000030e-01
-2.138435096000000091e-01,-1.922638117999999896e-01,-2.050110548999999893e-01,-1.837432981000000076e-01
-2.324603199999999981e-01,-2.138435096000000091e-01,-2.233591675999999915e-01,-2.050110548999999893e-01
-2.484305203000000128e-01,-2.324603199999999981e-01,-2.391000986000000050e-01,-2.233591675999999915e-01
9.127870797999999564e-01,9.709402918999999743e-01,9.078496098999999653e-01,9.665707350000000142e-01
8.634477257999999544e-01,9.127870797999999564e-01,8.583185076999999552e-01,9.078496098999999653e-01
8.206517100000000342e-01,8.634477257999999544e-01,8.155199884999999593e-01,8.583185076999999552e-01
7.826575041000000121e-01,8.206517100000000342e-01,7.776255011999999578e-01,8.155199884999999593e-01
7.481501698000000422e-01,7.826575041000000121e-01,7.432773112999999654e-01,7.776255011999999578e-01
7.161221504000000460e-01,7.481501698000000422e-01,7.114457487999999996e-01,7.432773112999999654e-01
6.857650280000000542e-01,7.161221504000000460e-01,6.813113092999999454e-01,7.114457487999999996e-01
6.564060449999999935e-01,6.857650280000000542e-01,6.521957516999999926e-01,6.813113092999999454e-01
6.274487972000000191e-01,6.564060449999999935e-01,6.235010027999999815e-01,6.521957516999999926e-01
5.983168482999999815e-01,6.274487972000000191e-01,5.946513413999999775e-01,6.235010027999999815e-01
5.684267879000000079e-01,5.983168482999999815e-01,5.650655626999999681e-01,5.946513413999999775e-01
5.371198654000000072e-01,5.684267879000000079e-01,5.340896845000000503e-01,5.650655626999999681e-01
5.036234856000000315e-01,5.371198654000000072e-01,5.009570718000000422e-01,5.340896845000000503e-01
4.669485389999999958e-01,5.036234856000000315e-01,4.646874665999999876e-01,5.009570718000000422e-01
4.257719219000000166e-01,4.669485389999999958e-01,4.239701629000000027e-01,4.646874665999999876e-01
3.782169819000000266e-01,4.257719219000000166e-01,3.769461512999999764e-01,4.239701629000000027e-01
3.260749578000000093e-01,3.782169819000000266e-01,3.253923953000000258e-01,3.769461512999999764e-01
2.726863921000000079e-01,3.260749578000000093e-01,2.726166546000000079e-01,3.253923953000000258e-01
2.189598977999999974e-01,2.726863921000000079e-01,2.195129842000000109e-01,2.726166546000000079e-01
1.658257543999999972e-01,2.189598977999999974e-01,1.669973432999999896e-01,2.195129842000000109e-01
1.141726225999999955e-01,1.658257543999999972e-01,1.159455627000000044e-01,1.669973432999999896e-01
6.479130684999999390e-02,1.141726225999999955e-01,6.713804602999999538e-02,1.159455627000000044e-01
1.833070255999999856e-02,6.479130684999999390e-02,2.121599576999999917e-02,6.713804602999999538e-02
-2.472855523000000097e-02,1.833070255999999856e-02,-2.134500258000000122e-02,2.121599576999999917e-02
-6.408303230999999600e-02,-2.472855523000000097e-02,-6.024419889000000305e-02,-2.134500258000000122e-02
-9.959587455000000478e-02,-6.408303230999999600e-02,-9.534579514999999561e-02,-6.024419889000000305e-02
-1.312780678000000090e-01,-9.959587455000000478e-02,-1.266605853999999975e-01,-9.534579514999999561e-02
-1.592558473000000030e-01,-1.312780678000000090e-01,-1.543133556999999878e-01,-1.266605853999999975e-01
-1.837432981000000076e-01,-1.592558473000000030e-01,-1.785160899000000079e-01,-1.543133556999999878e-01
-2.050110548999999893e-01,-1.837432981000000076e-01,-1.995371579999999923e-01,-1.785160899000000079e-01
-2.233591675999999915e-01,-2.050110548999999893e-01,-2.176733761999999905e-01,-1.995371579999999923e-01
-2.391000986000000050e-01,-2.233591675999999915e-01,-2.332342118000000075e-01,-2.176733761999999905e-01
9.078496098999999653e-01,9.665707350000000142e-01,9.032291770000000497e-01,9.626552462999999893e-01
8.583185076999999552e-01,9.078496098999999653e-01,8.533973693999999943e-01,9.032291770000000497e-01
8.155199884999999593e-01,8.583185076999999552e-01,8.105056285999999721e-01,8.533973693999999943e-01
7.776255011999999578e-01,8.155199884999999593e-01,7.726327777000000507e-01,8.105056285999999721e-01
7.432773112999999654e-01,7.776255011999999578e-01,7.383744120999999883e-01,7.726327777000000507e-01
7.114457487999999996e-01,7.432773112999999654e-01,7.066760063000000480e-01,7.383744120999999883e-01
6.813113092999999454e-01,7.114457487999999996e-01,6.767050028000000106e-01,7.066760063000000480e-01
6.521957516999999926e-01,6.813113092999999454e-01,6.477763653000000454e-01,6.767050028000000106e-01
6.235010027999999815e-01,6.521957516999999926e-01,6.192886829000000537e-01,6.477763653000000454e-01
5.946513413999999775e-01,6.235010027999999815e-01,5.906660556999999701e-01,6.192886829000000537e-01
5.650655626999999681e-01,5.946513413999999775e-01,5.613283515000000445e-01,5.906660556999999701e-01
5.340896845000000503e-01,5.650655626999999681e-01,5.306246877000000417e-01,5.613283515000000445e-01
5.009570718000000422e-01,5.340896845000000503e-01,4.977932572000000055e-01,5.306246877000000417e-01
4.646874665999999876e-01,5.009570718000000422e-01,4.618607460999999970e-01,4.977932572000000055e-01
4.239701629000000027e-01,4.646874665999999876e-01,4.215262234000000108e-01,4.618607460999999970e-01
3.769461512999999764e-01,4.239701629000000027e-01,3.749448657000000185e-01,4.215262234000000108e-01
3.253923953000000258e-01,3.769461512999999764e-01,3.238826095999999821e-01,3.749448657000000185e-01
2.726166546000000079e-01,3.253923953000000258e-01,2.716207205999999763e-01,3.238826095999999821e-01
2.195129842000000109e-01,2.726166546000000079e-01,2.190400362000000101e-01,2.716207205999999763e-01
1.669973432999999896e-01,2.195129842000000109e-01,1.670438498000000049e-01,2.190400362000000101e-01
1.159455627000000044e-01,1.669973432999999896e-01,1.164967269000000000e-01,1.670438498000000049e-01
6.713804602999999538e-02,1.159455627000000044e-01,6.816997379000000468e-02,1.164967269000000000e-01
2.121599576999999917e-02,6.713804602999999538e-02,2.269829437000000019e-02,6.816997379000000468e-02
-2.134500258000000122e-02,2.121599576999999917e-02,-1.944691129000000046e-02,2.269829437000000019e-02
-6.024419889000000305e-02,-2.134500258000000122e-02,-5.796695501000000139e-02,-1.944691129000000046e-02
-9.534579514999999561e-02,-6.024419889000000305e-02,-9.272675961000000078e-02,-5.796695501000000139e-02
-1.266605853999999975e-01,-9.534579514999999561e-02,-1.237368360000000028e-01,-9.272675961000000078e-02
-1.543133556999999878e-01,-1.266605853999999975e-01,-1.511206478000000075e-01,-1.237368360000000028e-01
-1.785160899000000079e-01,-1.543133556999999878e-01,-1.750883608999999896e-01,-1.511206478000000075e-01
-1.995371579999999923e-01,-1.785160899000000079e-01,-1.959064305000000061e-01,-1.750883608999999896e-01
-2.176733761999999905e-01,-1.995371579999999923e-01,-2.138689309000000038e-01,-1.959064305000000061e-01
-2.332342118000000075e-01,-2.176733761999999905e-01,-2.292828858000000025e-01,-2.138689309000000038e-01
9.032291770000000497e-01,9.626552462999999893e-01,8.987809420000000271e-01,9.593110680999999973e-01
8.533973693999999943e-01,9.032291770000000497e-01,8.483240008000000332e-01,8.987809420000000271e-01
8.105056285999999721e-01,8.533973693999999943e-01,8.050652146000000231e-01,8.483240008000000332e-01
7.726327777000000507e-01,8.105056285999999721e-01,7.669753432000000481e-01,8.050652146000000231e-01
7.383744120999999883e-01,7.726327777000000507e-01,7.325927614999999671e-01,7.669753432000000481e-01
7.066760063000000480e-01,7.383744120999999883e-01,7.008307576000000205e-01,7.325927614999999671e-01
6.767050028000000106e-01,7.066760063000000480e-01,6.708381772000000520e-01,7.008307576000000205e-01
6.477763653000000454e-01,6.767050028000000106e-01,6.419185400000000374e-01,6.708381772000000520e-01
6.192886829000000537e-01,6.477763653000000454e-01,6.134633421999999836e-01,6.419185400000000374e-01
5.906660556999999701e-01,6.192886829000000537e-01,5.848927497999999447e-01,6.134633421999999836e-01
5.613283515000000445e-01,5.906660556999999701e-01,5.556241274000000008e-01,5.848927497999999447e-01
5.306246877000000417e-01,5.613283515000000445e-01,5.250058173999999633e-01,5.556241274000000008e-01
4.977932572000000055e-01,5.306246877000000417e-01,4.922759830999999808e-01,5.250058173999999633e-01
4.618607460999999970e-01,4.977932572000000055e-01,4.564624131000000196e-01,4.922759830999999808e-01
4.215262234000000108e-01,4.618607460999999970e-01,4.162660837000000114e-01,4.564624131000000196e-01
3.749448657000000185e-01,4.215262234000000108e-01,3.698450327000000204e-01,4.162660837000000114e-01
3.238826095999999821e-01,3.749448657000000185e-01,3.189646005999999812e-01,3.698450327000000204e-01
2.716207205999999763e-01,3.238826095999999821e-01,2.668990790999999918e-01,3.189646005999999812e-01
2.190400362000000101e-01,2.716207205999999763e-01,2.145211696999999862e-01,2.668990790999999918e-01
1.670438498000000049e-01,2.190400362000000101e-01,1.627266257999999965e-01,2.145211696999999862e-01
1.164967269000000000e-01,1.670438498000000049e-01,1.123736575000000015e-01,1.627266257999999965e-01
6.816997379000000468e-02,1.164967269000000000e-01,6.422905623999999869e-02,1.123736575000000015e-01
2.269829437000000019e-02,6.816997379000000468e-02,1.892468146999999948e-02,6.422905623999999869e-02
-1.944691129000000046e-02,2.269829437000000019e-02,-2.306934445999999847e-02,1.892468146999999948e-02
-5.796695501000000139e-02,-1.944691129000000046e-02,-6.145447119999999930e-02,-2.306934445999999847e-02
-9.272675961000000078e-02,-5.796695501000000139e-02,-9.609526395999999637e-02,-6.145447119999999930e-02
-1.237368360000000028e-01,-9.272675961000000078e-02,-1.270017028000000048e-01,-9.609526395999999637e-02
-1.511206478000000075e-01,-1.237368360000000028e-01,-1.542962492000000130e-01,-1.270017028000000048e-01
-1.750883608999999896e-01,-1.511206478000000075e-01,-1.781881750000000042e-01,-1.542962492000000130e-01
-1.959064305000000061e-01,-1.750883608999999896e-01,-1.989433019999999885e-01,-1.781881750000000042e-01
-2.138689309000000038e-01,-1.959064305000000061e-01,-2.168543636999999968e-01,-1.989433019999999885e-01
-2.292828858000000025e-01,-2.138689309000000038e-01,-2.322275788000000007e-01,-2.168543636999999968e-01
8.987809420000000271e-01,9.593110680999999973e-01,8.949182033999999453e-01,9.565896987999999990e-01
8.483240008000000332e-01,8.987809420000000271e-01,8.437951803000000028e-01,8.949182033999999453e-01
8.050652146000000231e-01,8.483240008000000332e-01,8.001285791000000147e-01,8.437951803000000028e-01
7.669753432000000481e-01,8.050652146000000231e-01,7.617819309000000150e-01,8.001285791000000147e-01
7.325927614999999671e-01,7.669753432000000481e-01,7.272368072999999544e-01,7.617819309000000150e-01
7.008307576000000205e-01,7.325927614999999671e-01,6.953740715999999766e-01,7.272368072999999544e-01
6.708381772000000520e-01,7.008307576000000205e-01,6.653232573999999788e-01,6.953740715999999766e-01
6.419185400000000374e-01,6.708381772000000520e-01,6.363762616999999455e-01,6.653232573999999788e-01
6.134633421999999836e-01,6.419185400000000374e-01,6.079168915999999534e-01,6.363762616999999455e-01
5.848927497999999447e-01,6.134633421999999836e-01,5.793606638999999614e-01,6.079168915999999534e-01
5.556241274000000008e-01,5.848927497999999447e-01,5.501219630000000471e-01,5.793606638999999614e-01
5.250058173999999633e-01,5.556241274000000008e-01,5.195475817000000385e-01,5.501219630000000471e-01
4.922759830999999808e-01,5.250058173999999633e-01,4.868744910000000203e-01,5.195475817000000385e-01
4.564624131000000196e-01,4.922759830999999808e-01,4.511304497999999996e-01,4.868744910000000203e-01
4.162660837000000114e-01,4.564624131000000196e-01,4.110164940000000100e-01,4.511304497999999996e-01
3.698450327000000204e-01,4.162660837000000114e-01,3.646910787000000043e-01,4.110164940000000100e-01
3.189646005999999812e-01,3.698450327000000204e-01,3.139210640999999802e-01,3.646910787000000043e-01
2.668990790999999918e-01,3.189646005999999812e-01,2.619779110000000077e-01,3.139210640999999802e-01
2.145211696999999862e-01,2.668990790999999918e-01,2.097276150999999866e-01,2.619779110000000077e-01
1.627266257999999965e-01,2.145211696999999862e-01,1.580596714999999985e-01,2.097276150999999866e-01
1.123736575000000015e-01,1.627266257999999965e-01,1.078271865999999996e-01,1.580596714999999985e-01
6.422905623999999869e-02,1.123736575000000015e-01,5.979346483999999767e-02,1.078271865999999996e-01
1.892468146999999948e-02,6.422905623999999869e-02,1.458845008000000075e-02,5.979346483999999767e-02
-2.306934445999999847e-02,1.892468146999999948e-02,-2.731834911000000088e-02,1.458845008000000075e-02
-6.145447119999999930e-02,-2.306934445999999847e-02,-6.562804430999999439e-02,-2.731834911000000088e-02
-9.609526395999999637e-02,-6.145447119999999930e-02,-1.002045795000000017e-01,-6.562804430999999439e-02
-1.270017028000000048e-01,-9.609526395999999637e-02,-1.310572475000000015e-01,-1.002045795000000017e-01
-1.542962492000000130e-01,-1.270017028000000048e-01,-1.583075374000000035e-01,-1.310572475000000015e-01
-1.781881750000000042e-01,-1.542962492000000130e-01,-1.821639240000000048e-01,-1.583075374000000035e-01
-1.989433019999999885e-01,-1.781881750000000042e-01,-2.028917520999999891e-01,-1.821639240000000048e-01
-2.168543636999999968e-01,-1.989433019999999885e-01,-2.207827866000000028e-01,-2.028917520999999891e-01
-2.322275788000000007e-01,-2.168543636999999968e-01,-2.361426799999999937e-01,-2.207827866000000028e-01
8.949182033999999453e-01,9.565896987999999990e-01,8.917835355000000019e-01,9.544788002999999854e-01
8.437951803000000028e-01,8.949182033999999453e-01,8.400711416999999681e-01,8.917835355000000019e-01
8.001285791000000147e-01,8.437951803000000028e-01,7.960502505000000006e-01,8.400711416999999681e-01
7.617819309000000150e-01,8.001285791000000147e-01,7.574863433999999840e-01,7.960502505000000006e-01
7.272368072999999544e-01,7.617819309000000150e-01,7.228090763000000196e-01,7.574863433999999840e-01
6.953740715999999766e-01,7.272368072999999544e-01,6.908698081999999907e-01,7.228090763000000196e-01
6.653232573999999788e-01,6.953740715999999766e-01,6.607809663000000500e-01,6.908698081999999907e-01
6.363762616999999455e-01,6.653232573999999788e-01,6.318237184999999645e-01,6.607809663000000500e-01
6.079168915999999534e-01,6.363762616999999455e-01,6.033752560999999792e-01,6.318237184999999645e-01
5.793606638999999614e-01,6.079168915999999534e-01,5.748471617999999506e-01,6.033752560999999792e-01
5.501219630000000471e-01,5.793606638999999614e-01,5.456511377999999635e-01,5.748471617999999506e-01
5.195475817000000385e-01,5.501219630000000471e-01,5.151329041000000108e-01,5.456511377999999635e-01
4.868744910000000203e-01,5.195475817000000385e-01,4.825288652999999983e-01,5.151329041000000108e-01
4.511304497999999996e-01,4.868744910000000203e-01,4.468670189000000237e-01,4.825288652999999983e-01
4.110164940000000100e-01,4.511304497999999996e-01,4.068491458999999866e-01,4.468670189000000237e-01
3.646910787000000043e-01,4.110164940000000100e-01,3.606348634000000053e-01,4.068491458999999866e-01
3.139210640999999802e-01,3.646910787000000043e-01,3.099914789000000059e-01,3.606348634000000053e-01
2.619779110000000077e-01,3.139210640999999802e-01,2.581863701000000066e-01,3.099914789000000059e-01
2.097276150999999866e-01,2.619779110000000077e-01,2.060787081999999881e-01,2.581863701000000066e-01
1.580596714999999985e-01,2.097276150999999866e-01,1.545517892000000115e-01,2.060787081999999881e-01
1.078271865999999996e-01,1.580596714999999985e-01,1.044535860000000010e-01,1.545517892000000115e-01
5.979346483999999767e-02,1.078271865999999996e-01,5.654382332999999955e-02,1.044535860000000010e-01
1.458845008000000075e-02,5.979346483999999767e-02,1.145038194999999960e-02,5.654382332999999955e-02
-2.731834911000000088e-02,1.458845008000000075e-02,-3.035798669000000158e-02,1.145038194999999960e-02
-6.562804430999999439e-02,-2.731834911000000088e-02,-6.858217715999999353e-02,-3.035798669000000158e-02
-1.002045795000000017e-01,-6.562804430999999439e-02,-1.030855402000000060e-01,-6.858217715999999353e-02
-1.310572475000000015e-01,-1.002045795000000017e-01,-1.338766514999999990e-01,-1.030855402000000060e-01
-1.583075374000000035e-01,-1.310572475000000015e-01,-1.610759944000000055e-01,-1.338766514999999990e-01
-1.821639240000000048e-01,-1.583075374000000035e-01,-1.848911047000000030e-01,-1.610759944000000055e-01
-2.028917520999999891e-01,-1.821639240000000048e-01,-2.055867314000000001e-01,-1.848911047000000030e-01
-2.207827866000000028e-01,-2.028917520999999891e-01,-2.234534770000000115e-01,-2.055867314000000001e-01
-2.361426799999999937e-01,-2.207827866000000028e-01,-2.387963533000000138e-01,-2.234534770000000115e-01
8.917835355000000019e-01,9.544788002999999854e-01,8.893643618000000028e-01,9.529165626000000167e-01
8.400711416999999681e-01,8.917835355000000019e-01,8.371740579999999987e-01,8.893643618000000028e-01
7.960502505000000006e-01,8.400711416999999681e-01,7.928785085999999760e-01,8.371740579999999987e-01
7.574863433999999840e-01,7.960502505000000006e-01,7.541574836000000115e-01,7.928785085999999760e-01
7.228090763000000196e-01,7.574863433999999840e-01,7.193955183000000364e-01,7.541574836000000115e-01
6.908698081999999907e-01,7.228090763000000196e-01,6.874188184999999729e-01,7.193955183000000364e-01
6.607809663000000500e-01,6.908698081999999907e-01,6.573250889999999735e-01,6.874188184999999729e-01
6.318237184999999645e-01,6.607809663000000500e-01,6.283867359000000485e-01,6.573250889999999735e-01
6.033752560999999792e-01,6.318237184999999645e-01,5.999755262999999506e-01,6.283867359000000485e-01
5.748471617999999506e-01,6.033752560999999792e-01,5.715000628999999943e-01,5.999755262999999506e-01
5.456511377999999635e-01,5.748471617999999506e-01,5.423703789999999580e-01,5.715000628999999943e-01
5.151329041000000108e-01,5.456511377999999635e-01,5.119315982000000043e-01,5.423703789999999580e-01
4.825288652999999983e-01,5.151329041000000108e-01,4.794205128999999843e-01,5.119315982000000043e-01
4.468670189000000237e-01,4.825288652999999983e-01,4.438661336999999985e-01,4.794205128999999843e-01
4.068491458999999866e-01,4.468670189000000237e-01,4.039720297000000127e-01,4.438661336999999985e-01
3.606348634000000053e-01,4.068491458999999866e-01,3.579006195000000168e-01,4.039720297000000127e-01
3.099914789000000059e-01,3.606348634000000053e-01,3.074178994000000276e-01,3.579006195000000168e-01
2.581863701000000066e-01,3.099914789000000059e-01,2.557844818000000187e-01,3.074178994000000276e-01
2.060787081999999881e-01,2.581863701000000066e-01,2.038527130999999992e-01,2.557844818000000187e-01
1.545517892000000115e-01,2.060787081999999881e-01,1.524994671000000079e-01,2.038527130999999992e-01
1.044535860000000010e-01,1.545517892000000115e-01,1.025673673000000036e-01,1.524994671000000079e-01
5.654382332999999955e-02,1.044535860000000010e-01,5.481225624999999657e-02,1.025673673000000036e-01
1.145038194999999960e-02,5.654382332999999955e-02,9.859635494999999597e-03,5.481225624999999657e-02
-3.035798669000000158e-02,1.145038194999999960e-02,-3.182281554000000040e-02,9.859635494999999597e-03
-6.858217715999999353e-02,-3.035798669000000158e-02,-6.993603705999999753e-02,-3.182281554000000040e-02
-1.030855402000000060e-01,-6.858217715999999353e-02,-1.043429300000000004e-01,-6.993603705999999753e-02
-1.338766514999999990e-01,-1.030855402000000060e-01,-1.350514144000000138e-01,-1.043429300000000004e-01
-1.610759944000000055e-01,-1.338766514999999990e-01,-1.621809006000000108e-01,-1.350514144000000138e-01
-1.848911047000000030e-01,-1.610759944000000055e-01,-1.859379261999999922e-01,-1.621809006000000108e-01
-2.055867314000000001e-01,-1.848911047000000030e-01,-2.065864055999999949e-01,-1.859379261999999922e-01
-2.234534770000000115e-01,-2.055867314000000001e-01,-2.244156449999999969e-01,-2.065864055999999949e-01
-2.387963533000000138e-01,-2.234534770000000115e-01,-2.397297918999999888e-01,-2.244156449999999969e-01
8.893643618000000028e-01,9.529165626000000167e-01,8.875762224000000034e-01,9.518124461000000425e-01
8.371740579999999987e-01,8.893643618000000028e-01,8.350217342000000320e-01,8.875762224000000034e-01
7.928785085999999760e-01,8.371740579999999987e-01,7.905315161000000534e-01,8.350217342000000320e-01
7.541574836000000115e-01,7.928785085999999760e-01,7.517127990999999954e-01,7.905315161000000534e-01
7.193955183000000364e-01,7.541574836000000115e-01,7.169123292000000314e-01,7.517127990999999954e-01
6.874188184999999729e-01,7.193955183000000364e-01,6.849354506000000509e-01,7.169123292000000314e-01
6.573250889999999735e-01,6.874188184999999729e-01,6.548680067000000049e-01,6.849354506000000509e-01
6.283867359000000485e-01,6.573250889999999735e-01,6.259754896000000457e-01,6.548680067000000049e-01
5.999755262999999506e-01,6.283867359000000485e-01,5.976254939999999793e-01,6.259754896000000457e-01
5.715000628999999943e-01,5.999755262999999506e-01,5.692246556000000179e-01,5.976254939999999793e-01
5.423703789999999580e-01,5.715000628999999943e-01,5.401820539999999671e-01,5.692246556000000179e-01
5.119315982000000043e-01,5.423703789999999580e-01,5.098431110000000155e-01,5.401820539999999671e-01
4.794205128999999843e-01,5.119315982000000043e-01,4.774455129999999881e-01,5.098431110000000155e-01
4.438661336999999985e-01,4.794205128999999843e-01,4.420201778000000248e-01,4.774455129999999881e-01
4.039720297000000127e-01,4.438661336999999985e-01,4.022735058999999946e-01,4.420201778000000248e-01
3.579006195000000168e-01,4.039720297000000127e-01,3.563720584000000247e-01,4.022735058999999946e-01
3.074178994000000276e-01,3.579006195000000168e-01,3.060789703999999833e-01,3.563720584000000247e-01
2.557844818000000187e-01,3.074178994000000276e-01,2.546457349999999842e-01,3.060789703999999833e-01
2.038527130999999992e-01,2.557844818000000187e-01,2.029179483999999922e-01,2.546457349999999842e-01
1.524994671000000079e-01,2.038527130999999992e-01,1.517660469000000067e-01,2.029179483999999922e-01
1.025673673000000036e-01,1.524994671000000079e-01,1.020272299999999965e-01,1.517660469000000067e-01
5.481225624999999657e-02,1.025673673000000036e-01,5.445326119999999853e-02,1.020272299999999965e-01
9.859635494999999597e-03,5.481225624999999657e-02,9.667005390000000392e-03,5.445326119999999853e-02
-3.182281554000000040e-02,9.859635494999999597e-03,-3.186520562000000334e-02,9.667005390000000392e-03
-6.993603705999999753e-02,-3.182281554000000040e-02,-6.984461099000000006e-02,-3.186520562000000334e-02
-1.043429300000000004e-01,-6.993603705999999753e-02,-1.041338517999999963e-01,-6.984461099000000006e-02
-1.350514144000000138e-01,-1.043429300000000004e-01,-1.347402631999999878e-01,-1.041338517999999963e-01
-1.621809006000000108e-01,-1.350514144000000138e-01,-1.617822050999999928e-01,-1.347402631999999878e-01
-1.859379261999999922e-01,-1.621809006000000108e-01,-1.854651421000000078e-01,-1.617822050999999928e-01
-2.065864055999999949e-01,-1.859379261999999922e-01,-2.060520499999999866e-01,-1.854651421000000078e-01
-2.244156449999999969e-01,-2.065864055999999949e-01,-2.238308340000000063e-01,-2.060520499999999866e-01
-2.397297918999999888e-01,-2.244156449999999969e-01,-2.391045839000000006e-01,-2.238308340000000063e-01
8.875762224000000034e-01,9.518124461000000425e-01,8.863032459999999890e-01,9.510672091999999855e-01
8.350217342000000320e-01,8.875762224000000034e-01,8.334842919999999600e-01,8.863032459999999890e-01
7.905315161000000534e-01,8.350217342000000320e-01,7.888674140000000445e-01,8.334842919999999600e-01
7.517127990999999954e-01,7.905315161000000534e-01,7.499998211999999720e-01,7.888674140000000445e-01
7.169123292000000314e-01,7.517127990999999954e-01,7.151975036000000063e-01,7.499998211999999720e-01
6.849354506000000509e-01,7.169123292000000314e-01,6.832488774999999626e-01,7.151975036000000063e-01
6.548680067000000049e-01,6.849354506000000509e-01,6.532305479000000137e-01,6.832488774999999626e-01
6.259754896000000457e-01,6.548680067000000049e-01,6.244027019000000234e-01,6.532305479000000137e-01
5.976254939999999793e-01,6.259754896000000457e-01,5.961300134999999445e-01,6.244027019000000234e-01
5.692246556000000179e-01,5.976254939999999793e-01,5.678179263999999504e-01,5.961300134999999445e-01
5.401820539999999671e-01,5.692246556000000179e-01,5.388751626000000128e-01,5.678179263999999504e-01
5.098431110000000155e-01,5.401820539999999671e-01,5.086479187000000346e-01,5.388751626000000128e-01
4.774455129999999881e-01,5.098431110000000155e-01,4.763753712000000085e-01,5.086479187000000346e-01
4.420201778000000248e-01,4.774455129999999881e-01,4.410909116000000241e-01,4.763753712000000085e-01
4.022735058999999946e-01,4.420201778000000248e-01,4.015044272000000136e-01,4.410909116000000241e-01
3.563720584000000247e-01,4.022735058999999946e-01,3.557875155999999928e-01,4.015044272000000136e-01
3.060789703999999833e-01,3.563720584000000247e-01,3.056993484000000150e-01,3.557875155999999928e-01
2.546457349999999842e-01,3.060789703999999833e-01,2.544809282000000117e-01,3.056993484000000150e-01
2.029179483999999922e-01,2.546457349999999842e-01,2.029712646999999870e-01,2.544809282000000117e-01
1.517660469000000067e-01,2.029179483999999922e-01,1.520347147999999982e-01,2.029712646999999870e-01
1.020272299999999965e-01,1.517660469000000067e-01,1.025031433000000020e-01,1.520347147999999982e-01
5.445326119999999853e-02,1.020272299999999965e-01,5.512425303000000054e-02,1.025031433000000020e-01
9.667005390000000392e-03,5.445326119999999853e-02,1.051818113999999915e-02,5.512425303000000054e-02
-3.186520562000000334e-02,9.667005390000000392e-03,-3.085025027000000072e-02,1.051818113999999915e-02
-6.984461099000000006e-02,-3.186520562000000334e-02,-6.868277489999999319e-02,-3.085025027000000072e-02
-1.041338517999999963e-01,-6.984461099000000006e-02,-1.028419212000000055e-01,-6.868277489999999319e-02
-1.347402631999999878e-01,-1.041338517999999963e-01,-1.333345174999999994e-01,-1.028419212000000055e-01
-1.617822050999999928e-01,-1.347402631999999878e-01,-1.602779924999999939e-01,-1.333345174999999994e-01
-1.854651421000000078e-01,-1.617822050999999928e-01,-1.838767081000000081e-01,-1.602779924999999939e-01
-2.060520499999999866e-01,-1.854651421000000078e-01,-2.043926417999999967e-01,-1.838767081000000081e-01
-2.238308340000000063e-01,-2.060520499999999866e-01,-2.221123278000000090e-01,-2.043926417999999967e-01
-2.391045839000000006e-01,-2.238308340000000063e-01,-2.373376786999999988e-01,-2.221123278000000090e-01
8.863032459999999890e-01,9.510672091999999855e-01,8.854254484000000369e-01,9.505877495000000232e-01
8.334842919999999600e-01,8.863032459999999890e-01,8.324213623999999756e-01,8.854254484000000369e-01
7.888674140000000445e-01,8.334842919999999600e-01,7.877293825000000194e-01,8.324213623999999756e-01
7.499998211999999720e-01,7.888674140000000445e-01,7.488479613999999840e-01,7.877293825000000194e-01
7.151975036000000063e-01,7.499998211999999720e-01,7.140683531999999500e-01,7.488479613999999840e-01
6.832488774999999626e-01,7.151975036000000063e-01,6.821656822999999648e-01,7.140683531999999500e-01
6.532305479000000137e-01,6.832488774999999626e-01,6.522094606999999655e-01,6.821656822999999648e-01
6.244027019000000234e-01,6.532305479000000137e-01,6.234558821000000250e-01,6.522094606999999655e-01
5.961300134999999445e-01,6.244027019000000234e-01,5.952675343000000119e-01,6.234558821000000250e-01
5.678179263999999504e-01,5.961300134999999445e-01,5.670493245000000071e-01,5.952675343000000119e-01
5.388751626000000128e-01,5.678179263999999504e-01,5.382101536000000186e-01,5.670493245000000071e-01
5.086479187000000346e-01,5.388751626000000128e-01,5.080972910000000065e-01,5.382101536000000186e-01
4.763753712000000085e-01,5.086479187000000346e-01,4.759516417999999915e-01,5.080972910000000065e-01
4.410909116000000241e-01,4.763753712000000085e-01,4.408092201000000099e-01,4.759516417999999915e-01
4.015044272000000136e-01,4.410909116000000241e-01,4.013837576000000018e-01,4.408092201000000099e-01
3.557875155999999928e-01,4.015044272000000136e-01,3.558523058999999988e-01,4.013837576000000018e-01
3.056993484000000150e-01,3.557875155999999928e-01,3.059695363000000112e-01,3.558523058999999988e-01
2.544809282000000117e-01,3.056993484000000150e-01,2.549653648999999911e-01,3.059695363000000112e-01
2.029712646999999870e-01,2.544809282000000117e-01,2.036729305999999962e-01,2.549653648999999911e-01
1.520347147999999982e-01,2.029712646999999870e-01,1.529507934999999874e-01,2.036729305999999962e-01
1.025031433000000020e-01,1.520347147999999982e-01,1.036259308000000018e-01,1.529507934999999874e-01
5.512425303000000054e-02,1.025031433000000020e-01,5.644217133999999969e-02,1.036259308000000018e-01
1.051818113999999915e-02,5.512425303000000054e-02,1.201700512000000026e-02,5.644217133999999969e-02
-3.085025027000000072e-02,1.051818113999999915e-02,-2.918628976000000111e-02,1.201700512000000026e-02
-6.868277489999999319e-02,-3.085025027000000072e-02,-6.687004119000000690e-02,-2.918628976000000111e-02
-1.028419212000000055e-01,-6.868277489999999319e-02,-1.008967832000000064e-01,-6.687004119000000690e-02
-1.333345174999999994e-01,-1.028419212000000055e-01,-1.312729269000000032e-01,-1.008967832000000064e-01
-1.602779924999999939e-01,-1.333345174999999994e-01,-1.581150591000000105e-01,-1.312729269000000032e-01
-1.838767081000000081e-01,-1.602779924999999939e-01,-1.816265284999999952e-01,-1.581150591000000105e-01
-2.043926417999999967e-01,-1.838767081000000081e-01,-2.020683139999999989e-01,-1.816265284999999952e-01
-2.221123278000000090e-01,-2.043926417999999967e-01,-2.197256237000000112e-01,-2.020683139999999989e-01
-2.373376786999999988e-01,-2.221123278000000090e-01,-2.348992675999999891e-01,-2.197256237000000112e-01
8.854254484000000369e-01,9.505877495000000232e-01,8.847826122999999932e-01,9.502701163000000228e-01
8.324213623999999756e-01,8.854254484000000369e-01,8.316411971999999597e-01,8.847826122999999932e-01
7.877293825000000194e-01,8.324213623999999756e-01,7.869076133000000306e-01,8.316411971999999597e-01
7.488479613999999840e-01,7.877293825000000194e-01,7.480371594000000401e-01,7.869076133000000306e-01
7.140683531999999500e-01,7.488479613999999840e-01,7.132993936999999507e-01,7.480371594000000401e-01
6.821656822999999648e-01,7.140683531999999500e-01,6.814581156000000250e-01,7.132993936999999507e-01
6.522094606999999655e-01,6.821656822999999648e-01,6.515766978000000487e-01,6.814581156000000250e-01
6.234558821000000250e-01,6.522094606999999655e-01,6.229084134000000272e-01,6.515766978000000487e-01
5.952675343000000119e-01,6.234558821000000250e-01,5.948142409000000130e-01,6.229084134000000272e-01
5.670493245000000071e-01,5.952675343000000119e-01,5.666989087999999564e-01,5.948142409000000130e-01
5.382101536000000186e-01,5.670493245000000071e-01,5.379717945999999973e-01,5.666989087999999564e-01
5.080972910000000065e-01,5.382101536000000186e-01,5.079815387999999654e-01,5.379717945999999973e-01
4.759516417999999915e-01,5.080972910000000065e-01,4.759711325000000048e-01,5.079815387999999654e-01
4.408092201000000099e-01,4.759516417999999915e-01,4.409795702000000039e-01,4.759711325000000048e-01
4.013837576000000018e-01,4.408092201000000099e-01,4.017248452000000136e-01,4.409795702000000039e-01
3.558523058999999988e-01,4.013837576000000018e-01,3.563900292000000136e-01,4.017248452000000136e-01
3.059695363000000112e-01,3.558523058999999988e-01,3.067246377000000246e-01,3.563900292000000136e-01
2.549653648999999911e-01,3.059695363000000112e-01,2.559466659999999893e-01,3.067246377000000246e-01
2.036729305999999962e-01,2.549653648999999911e-01,2.048832177999999893e-01,2.559466659999999893e-01
1.529507934999999874e-01,2.036729305999999962e-01,1.543872654000000011e-01,2.048832177999999893e-01
1.036259308000000018e-01,1.529507934999999874e-01,1.052807719000000003e-01,1.543872654000000011e-01
5.644217133999999969e-02,1.036259308000000018e-01,5.830363929000000056e-02,1.052807719000000003e-01
1.201700512000000026e-02,5.644217133999999969e-02,1.407060213000000011e-02,5.830363929000000056e-02
-2.918628976000000111e-02,1.201700512000000026e-02,-2.695673518000000005e-02,1.407060213000000011e-02
-6.687004119000000690e-02,-2.918628976000000111e-02,-6.448141485000000173e-02,-2.695673518000000005e-02
-1.008967832000000064e-01,-6.687004119000000690e-02,-9.836607426000000542e-02,-6.448141485000000173e-02
-1.312729269000000032e-01,-1.008967832000000064e-01,-1.286167651000000023e-01,-9.836607426000000542e-02
-1.581150591000000105e-01,-1.312729269000000032e-01,-1.553492397000000025e-01,-1.286167651000000023e-01
-1.816265284999999952e-01,-1.581150591000000105e-01,-1.787658632000000136e-01,-1.553492397000000025e-01
-2.020683139999999989e-01,-1.816265284999999952e-01,-1.991265862999999914e-01,-1.787658632000000136e-01
-2.197256237000000112e-01,-2.020683139999999989e-01,-2.167152612999999894e-01,-1.991265862999999914e-01
-2.348992675999999891e-01,-2.197256237000000112e-01,-2.318315059000000122e-01,-2.167152612999999894e-01
8.847826122999999932e-01,9.502701163000000228e-01,8.842987418000000099e-01,9.500713347999999447e-01
8.316411971999999597e-01,8.847826122999999932e-01,8.310534953999999530e-01,8.842987418000000099e-01
7.869076133000000306e-01,8.316411971999999597e-01,7.863070369000000337e-01,8.310534953999999530e-01
7.480371594000000401e-01,7.869076133000000306e-01,7.474727630999999928e-01,7.863070369000000337e-01
7.132993936999999507e-01,7.480371594000000401e-01,7.127997874999999484e-01,7.474727630999999928e-01
6.814581156000000250e-01,7.132993936999999507e-01,6.810410619000000221e-01,7.127997874999999484e-01
6.515766978000000487e-01,6.814581156000000250e-01,6.512546539000000356e-01,6.810410619000000221e-01
6.229084134000000272e-01,6.515766978000000487e-01,6.226909756999999823e-01,6.512546539000000356e-01
5.948142409000000130e-01,6.229084134000000272e-01,5.947100520000000445e-01,6.226909756999999823e-01
5.666989087999999564e-01,5.948142409000000130e-01,5.667167901999999868e-01,5.947100520000000445e-01
5.379717945999999973e-01,5.666989087999999564e-01,5.381214023000000513e-01,5.667167901999999868e-01
5.079815387999999654e-01,5.379717945999999973e-01,5.082743763999999498e-01,5.381214023000000513e-01
4.759711325000000048e-01,5.079815387999999654e-01,4.764211774000000066e-01,5.082743763999999498e-01
4.409795702000000039e-01,4.759711325000000048e-01,4.416045845000000081e-01,4.764211774000000066e-01
4.017248452000000136e-01,4.409795702000000039e-01,4.025475978999999982e-01,4.416045845000000081e-01
3.563900292000000136e-01,4.017248452000000136e-01,3.574406206999999891e-01,4.025475978999999982e-01
3.067246377000000246e-01,3.563900292000000136e-01,3.080268204000000121e-01,3.574406206999999891e-01
2.559466659999999893e-01,3.067246377000000246e-01,2.575101255999999728e-01,3.080268204000000121e-01
2.048832177999999893e-01,2.559466659999999893e-01,2.067111581999999947e-01,2.575101255999999728e-01
1.543872654000000011e-01,2.048832177999999893e-01,1.564765871000000086e-01,2.067111581999999947e-01
1.052807719000000003e-01,1.543872654000000011e-01,1.076228469999999937e-01,1.564765871000000086e-01
5.830363929000000056e-02,1.052807719000000003e-01,6.088542938000000154e-02,1.076228469999999937e-01
1.407060213000000011e-02,5.830363929000000056e-02,1.687588543000000108e-02,6.088542938000000154e-02
-2.695673518000000005e-02,1.407060213000000011e-02,-2.394615858999999888e-02,1.687588543000000108e-02
-6.448141485000000173e-02,-2.695673518000000005e-02,-6.128468363999999696e-02,-2.394615858999999888e-02
-9.836607426000000542e-02,-6.448141485000000173e-02,-9.500252454999999485e-02,-6.128468363999999696e-02
-1.286167651000000023e-01,-9.836607426000000542e-02,-1.251054256999999947e-01,-9.500252454999999485e-02
-1.553492397000000025e-01,-1.286167651000000023e-01,-1.517082899999999956e-01,-1.251054256999999947e-01
-1.787658632000000136e-01,-1.553492397000000025e-01,-1.750123500999999915e-01,-1.517082899999999956e-01
-1.991265862999999914e-01,-1.787658632000000136e-01,-1.952764392000000127e-01,-1.750123500999999915e-01
-2.167152612999999894e-01,-1.991265862999999914e-01,-2.127828747000000131e-01,-1.952764392000000127e-01
-2.318315059000000122e-01,-2.167152612999999894e-01,-2.278298884999999940e-01,-2.127828747000000131e-01
8.842987418000000099e-01,9.500713347999999447e-01,8.839768767000000249e-01,9.500000477000000165e-01
8.310534953999999530e-01,8.842987418000000099e-01,8.306584357999999835e-01,8.839768767000000249e-01
7.863070369000000337e-01,8.310534953999999530e-01,7.859265208000000280e-01,8.306584357999999835e-01
7.474727630999999928e-01,7.863070369000000337e-01,7.471534013999999724e-01,7.859265208000000280e-01
7.127997874999999484e-01,7.474727630999999928e-01,7.125682235000000420e-01,7.471534013999999724e-01
6.810410619000000221e-01,7.127997874999999484e-01,6.809136867999999732e-01,7.125682235000000420e-01
6.512546539000000356e-01,6.810410619000000221e-01,6.512429713999999814e-01,6.809136867999999732e-01
6.226909756999999823e-01,6.512546539000000356e-01,6.228041052999999660e-01,6.512429713999999814e-01
5.947100520000000445e-01,6.226909756999999823e-01,5.949564576000000438e-01,6.228041052999999660e-01
5.667167901999999868e-01,5.947100520000000445e-01,5.671054720999999521e-01,5.949564576000000438e-01
5.381214023000000513e-01,5.667167901999999868e-01,5.386626124000000182e-01,5.671054720999999521e-01
5.082743763999999498e-01,5.381214023000000513e-01,5.089808105999999999e-01,5.386626124000000182e-01
4.764211774000000066e-01,5.082743763999999498e-01,4.773083030999999976e-01,5.089808105999999999e-01
4.416045845000000081e-01,4.764211774000000066e-01,4.426924287999999819e-01,4.773083030999999976e-01
4.025475978999999982e-01,4.416045845000000081e-01,4.038621186999999946e-01,4.426924287999999819e-01
3.574406206999999891e-01,4.025475978999999982e-01,3.590163887000000220e-01,4.038621186999999946e-01
3.080268204000000121e-01,3.574406206999999891e-01,3.098909259000000027e-01,3.590163887000000220e-01
2.575101255999999728e-01,3.080268204000000121e-01,2.596732974000000027e-01,3.098909259000000027e-01
2.067111581999999947e-01,2.575101255999999728e-01,2.091769129000000116e-01,2.596732974000000027e-01
1.564765871000000086e-01,2.067111581999999947e-01,1.592416017999999933e-01,2.091769129000000116e-01
1.076228469999999937e-01,1.564765871000000086e-01,1.106776074000000026e-01,1.592416017999999933e-01
6.088542938000000154e-02,1.076228469999999937e-01,6.421546638000000251e-02,1.106776074000000026e-01
1.687588543000000108e-02,6.088542938000000154e-02,2.046310528999999850e-02,6.421546638000000251e-02
-2.394615858999999888e-02,1.687588543000000108e-02,-2.012217603999999840e-02,2.046310528999999850e-02
-6.128468363999999696e-02,-2.394615858999999888e-02,-5.724550410999999783e-02,-2.012217603999999840e-02
-9.500252454999999485e-02,-6.128468363999999696e-02,-9.077005833000000024e-02,-5.724550410999999783e-02
-1.251054256999999947e-01,-9.500252454999999485e-02,-1.207012831999999952e-01,-9.077005833000000024e-02
-1.517082899999999956e-01,-1.251054256999999947e-01,-1.471531540000000082e-01,-1.207012831999999952e-01
-1.750123500999999915e-01,-1.517082899999999956e-01,-1.703257561000000031e-01,-1.471531540000000082e-01
-1.952764392000000127e-01,-1.750123500999999915e-01,-1.904765814999999918e-01,-1.703257561000000031e-01
-2.127828747000000131e-01,-1.952764392000000127e-01,-2.078862636999999902e-01,-1.904765814999999918e-01
-2.278298884999999940e-01,-2.127828747000000131e-01,-2.228514849999999881e-01,-2.078862636999999902e-01
8.839768767000000249e-01,9.500000477000000165e-01,8.838257790000000336e-01,9.500735997999999460e-01
8.306584357999999835e-01,8.839768767000000249e-01,8.304597734999999981e-01,8.838257790000000336e-01
7.859265208000000280e-01,8.306584357999999835e-01,7.857666612000000494e-01,8.304597734999999981e-01
7.471534013999999724e-01,7.859265208000000280e-01,7.470775843000000416e-01,7.857666612000000494e-01
7.125682235000000420e-01,7.471534013999999724e-01,7.126018404999999722e-01,7.470775843000000416e-01
6.809136867999999732e-01,7.125682235000000420e-01,6.810722946999999694e-01,7.126018404999999722e-01
6.512429713999999814e-01,6.809136867999999732e-01,6.515373587999999661e-01,6.810722946999999694e-01
6.228041052999999660e-01,6.512429713999999814e-01,6.232432127000000488e-01,6.515373587999999661e-01
5.949564576000000438e-01,6.228041052999999660e-01,5.955487489999999884e-01,6.232432127000000488e-01
5.671054720999999521e-01,5.949564576000000438e-01,5.678604244999999606e-01,5.955487489999999884e-01
5.386626124000000182e-01,5.671054720999999521e-01,5.395911932000000411e-01,5.678604244999999606e-01
5.089808105999999999e-01,5.386626124000000182e-01,5.100966691999999636e-01,5.395911932000000411e-01
4.773083030999999976e-01,5.089808105999999999e-01,4.786287844000000069e-01,5.100966691999999636e-01
4.426924287999999819e-01,4.773083030999999976e-01,4.442398249999999771e-01,4.786287844000000069e-01
4.038621186999999946e-01,4.426924287999999819e-01,4.056656956999999952e-01,4.442398249999999771e-01
3.590163887000000220e-01,4.038621186999999946e-01,3.611153363999999866e-01,4.056656956999999952e-01
3.098909259000000027e-01,3.590163887000000220e-01,3.123157024000000059e-01,3.611153363999999866e-01
2.596732974000000027e-01,3.098909259000000027e-01,2.624357044999999777e-01,3.123157024000000059e-01
2.091769129000000116e-01,2.596732974000000027e-01,2.122810185000000016e-01,2.624357044999999777e-01
1.592416017999999933e-01,2.091769129000000116e-01,1.626837402999999904e-01,2.122810185000000016e-01
1.106776074000000026e-01,1.592416017999999933e-01,1.144473701999999954e-01,1.626837402999999904e-01
6.421546638000000251e-02,1.106776074000000026e-01,6.829689443000000471e-02,1.144473701999999954e-01
2.046310528999999850e-02,6.421546638000000251e-02,2.483614534000000082e-02,6.829689443000000471e-02
-2.012217603999999840e-02,2.046310528999999850e-02,-1.548024081000000038e-02,2.483614534000000082e-02
-5.724550410999999783e-02,-2.012217603999999840e-02,-5.235876888000000340e-02,-1.548024081000000038e-02
-9.077005833000000024e-02,-5.724550410999999783e-02,-8.566305786000000255e-02,-5.235876888000000340e-02
-1.207012831999999952e-01,-9.077005833000000024e-02,-1.153982952000000006e-01,-8.566305786000000255e-02
-1.471531540000000082e-01,-1.207012831999999952e-01,-1.416774987999999957e-01,-1.153982952000000006e-01
-1.703257561000000031e-01,-1.471531540000000082e-01,-1.646994501000000055e-01,-1.416774987999999957e-01
-1.904765814999999918e-01,-1.703257561000000031e-01,-1.847201735000000011e-01,-1.646994501000000055e-01
-2.078862636999999902e-01,-1.904765814999999918e-01,-2.020184248999999932e-01,-1.847201735000000011e-01
-2.228514849999999881e-01,-2.078862636999999902e-01,-2.168891877000000135e-01,-2.020184248999999932e-01
8.838257790000000336e-01,9.500735997999999460e-01,8.838672041999999784e-01,9.503200053999999453e-01
8.304597734999999981e-01,8.838257790000000336e-01,8.304760455999999902e-01,8.838672041999999784e-01
7.857666612000000494e-01,8.304597734999999981e-01,7.858445048000000099e-01,8.304760455999999902e-01
7.470775843000000416e-01,7.857666612000000494e-01,7.472618222000000365e-01,7.858445048000000099e-01
7.126018404999999722e-01,7.470775843000000416e-01,7.129171491000000360e-01,7.472618222000000365e-01
6.810722946999999694e-01,7.126018404999999722e-01,6.815336942999999925e-01,7.129171491000000360e-01
6.515373587999999661e-01,6.810722946999999694e-01,6.521553396999999475e-01,6.815336942999999925e-01
6.232432127000000488e-01,6.515373587999999661e-01,6.240265965000000303e-01,6.521553396999999475e-01
5.955487489999999884e-01,6.232432127000000488e-01,5.965062380000000219e-01,6.240265965000000303e-01
5.678604244999999606e-01,5.955487489999999884e-01,5.690018534999999877e-01,5.965062380000000219e-01
5.395911932000000411e-01,5.678604244999999606e-01,5.409284829999999600e-01,5.690018534999999877e-01
5.100966691999999636e-01,5.395911932000000411e-01,5.116448402000000062e-01,5.409284829999999600e-01
4.786287844000000069e-01,5.100966691999999636e-01,4.804069995999999954e-01,5.116448402000000062e-01
4.442398249999999771e-01,4.786287844000000069e-01,4.462729691999999804e-01,4.804069995999999954e-01
4.056656956999999952e-01,4.442398249999999771e-01,4.079865216999999933e-01,4.462729691999999804e-01
3.611153363999999866e-01,4.056656956999999952e-01,3.637678920999999899e-01,4.079865216999999933e-01
3.123157024000000059e-01,3.611153363999999866e-01,3.153341412999999815e-01,3.637678920999999899e-01
2.624357044999999777e-01,3.123157024000000059e-01,2.658331691999999968e-01,3.153341412999999815e-01
2.122810185000000016e-01,2.624357044999999777e-01,2.160619795000000010e-01,2.658331691999999968e-01
1.626837402999999904e-01,2.122810185000000016e-01,1.668443233000000137e-01,2.160619795000000010e-01
1.144473701999999954e-01,1.626837402999999904e-01,1.189761235999999972e-01,1.668443233000000137e-01
6.829689443000000471e-02,1.144473701999999954e-01,7.317624240999999474e-02,1.189761235999999972e-01
2.483614534000000082e-02,6.829689443000000471e-02,3.004390373999999905e-02,7.317624240999999474e-02
-1.548024081000000038e-02,2.483614534000000082e-02,-9.969274513000000310e-03,3.004390373999999905e-02
-5.235876888000000340e-02,-1.548024081000000038e-02,-4.657140746999999942e-02,-9.969274513000000310e-03
-8.566305786000000255e-02,-5.235876888000000340e-02,-7.962669431999999659e-02,-4.657140746999999942e-02
-1.153982952000000006e-01,-8.566305786000000255e-02,-1.091400607999999939e-01,-7.962669431999999659e-02
-1.416774987999999957e-01,-1.153982952000000006e-01,-1.352235227999999956e-01,-1.091400607999999939e-01
-1.646994501000000055e-01,-1.416774987999999957e-01,-1.580744088000000103e-01,-1.352235227999999956e-01
-1.847201735000000011e-01,-1.646994501000000055e-01,-1.779471636000000134e-01,-1.580744088000000103e-01
-2.020184248999999932e-01,-1.847201735000000011e-01,-1.951184868999999988e-01,-1.779471636000000134e-01
-2.168891877000000135e-01,-2.020184248999999932e-01,-2.098813653000000112e-01,-1.951184868999999988e-01
8.838672041999999784e-01,9.503200053999999453e-01,8.841382861000000037e-01,9.507805704999999774e-01
8.304760455999999902e-01,8.838672041999999784e-01,8.307429551999999662e-01,8.841382861000000037e-01
7.858445048000000099e-01,8.304760455999999902e-01,7.861958145999999870e-01,8.307429551999999662e-01
7.472618222000000365e-01,7.858445048000000099e-01,7.477424145000000077e-01,7.861958145999999870e-01
7.129171491000000360e-01,7.472618222000000365e-01,7.135516404999999729e-01,7.477424145000000077e-01
6.815336942999999925e-01,7.129171491000000360e-01,6.823368668999999498e-01,7.135516404999999729e-01
6.521553396999999475e-01,6.815336942999999925e-01,6.531375646999999507e-01,6.823368668999999498e-01
6.240265965000000303e-01,6.521553396999999475e-01,6.251967549000000401e-01,6.531375646999999507e-01
5.965062380000000219e-01,6.240265965000000303e-01,5.978732705000000536e-01,6.251967549000000401e-01
5.690018534999999877e-01,5.965062380000000219e-01,5.705763698000000383e-01,5.978732705000000536e-01
5.409284829999999600e-01,5.690018534999999877e-01,5.427234172999999551e-01,5.705763698000000383e-01
5.116448402000000062e-01,5.409284829999999600e-01,5.136767030000000123e-01,5.427234172999999551e-01
4.804069995999999954e-01,5.116448402000000062e-01,4.826970398000000051e-01,5.136767030000000123e-01
4.462729691999999804e-01,4.804069995999999954e-01,4.488489330000000055e-01,4.826970398000000051e-01
4.079865216999999933e-01,4.462729691999999804e-01,4.108851552000000185e-01,4.488489330000000055e-01
3.637678920999999899e-01,4.079865216999999933e-01,3.670386373999999785e-01,4.108851552000000185e-01
3.153341412999999815e-01,3.637678920999999899e-01,3.190153836999999881e-01,3.670386373999999785e-01
2.658331691999999968e-01,3.153341412999999815e-01,2.699394225999999786e-01,3.190153836999999881e-01
2.160619795000000010e-01,2.658331691999999968e-01,2.205983250999999923e-01,2.699394225999999786e-01
1.668443233000000137e-01,2.160619795000000010e-01,1.718065887999999930e-01,2.205983250999999923e-01
1.189761235999999972e-01,1.668443233000000137e-01,1.243517548000000056e-01,1.718065887999999930e-01
7.317624240999999474e-02,1.189761235999999972e-01,7.894582300999999913e-02,1.243517548000000056e-01
3.004390373999999905e-02,7.317624240999999474e-02,3.618286550000000129e-02,7.894582300999999913e-02
-9.969274513000000310e-03,3.004390373999999905e-02,-3.488933667999999984e-03,3.618286550000000129e-02
-4.657140746999999942e-02,-9.969274513000000310e-03,-3.977954759999999951e-02,-3.488933667999999984e-03
-7.962669431999999659e-02,-4.657140746999999942e-02,-7.255387305999999592e-02,-3.977954759999999951e-02
-1.091400607999999939e-01,-7.962669431999999659e-02,-1.018166169999999981e-01,-7.255387305999999592e-02
-1.352235227999999956e-01,-1.091400607999999939e-01,-1.276787071999999912e-01,-1.018166169999999981e-01
-1.580744088000000103e-01,-1.352235227999999956e-01,-1.503359227999999936e-01,-1.276787071999999912e-01
-1.779471636000000134e-01,-1.580744088000000103e-01,-1.700409203999999896e-01,-1.503359227999999936e-01
-1.951184868999999988e-01,-1.779471636000000134e-01,-1.870681046999999875e-01,-1.700409203999999896e-01
-2.098813653000000112e-01,-1.951184868999999988e-01,-2.017083018999999977e-01,-1.870681046999999875e-01
8.841382861000000037e-01,9.507805704999999774e-01,8.846936225999999515e-01,9.515132903999999892e-01
8.307429551999999662e-01,8.841382861000000037e-01,8.313145040999999624e-01,8.846936225999999515e-01
7.861958145999999870e-01,8.307429551999999662e-01,7.868750095000000000e-01,8.313145040999999624e-01
7.477424145000000077e-01,7.861958145999999870e-01,7.485753894000000130e-01,7.868750095000000000e-01
7.135516404999999729e-01,7.477424145000000077e-01,7.145631313000000429e-01,7.485753894000000130e-01
6.823368668999999498e-01,7.135516404999999729e-01,6.835415363000000299e-01,7.145631313000000429e-01
6.531375646999999507e-01,6.823368668999999498e-01,6.545459031999999455e-01,6.835415363000000299e-01
6.251967549000000401e-01,6.531375646999999507e-01,6.268177629000000195e-01,6.545459031999999455e-01
5.978732705000000536e-01,6.251967549000000401e-01,5.997164845000000355e-01,6.268177629000000195e-01
5.705763698000000383e-01,5.978732705000000536e-01,5.726531743999999646e-01,5.997164845000000355e-01
5.427234172999999551e-01,5.705763698000000383e-01,5.450479388000000203e-01,5.726531743999999646e-01
5.136767030000000123e-01,5.427234172999999551e-01,5.162672996999999597e-01,5.450479388000000203e-01
4.826970398000000051e-01,5.136767030000000123e-01,4.855772555000000268e-01,5.162672996999999597e-01
4.488489330000000055e-01,4.826970398000000051e-01,4.520498513999999801e-01,4.855772555000000268e-01
4.108851552000000185e-01,4.488489330000000055e-01,4.144478737999999773e-01,4.520498513999999801e-01
3.670386373999999785e-01,4.108851552000000185e-01,3.710187971999999723e-01,4.144478737999999773e-01
3.190153836999999881e-01,3.670386373999999785e-01,3.234558701999999952e-01,3.710187971999999723e-01
2.699394225999999786e-01,3.190153836999999881e-01,2.748565673999999737e-01,3.234558701999999952e-01
2.205983250999999923e-01,2.699394225999999786e-01,2.259978652000000088e-01,2.748565673999999737e-01
1.718065887999999930e-01,2.205983250999999923e-01,1.776840091000000121e-01,2.259978652000000088e-01
1.243517548000000056e-01,1.718065887999999930e-01,1.306932568999999988e-01,1.776840091000000121e-01
7.894582300999999913e-02,1.243517548000000056e-01,8.572991191999999872e-02,1.306932568999999988e-01
3.618286550000000129e-02,7.894582300999999913e-02,4.338229074999999657e-02,8.572991191999999872e-02
-3.488933667999999984e-03,3.618286550000000129e-02,4.094681703000000415e-03,4.338229074999999657e-02
-3.977954759999999951e-02,-3.488933667999999984e-03,-3.184503317000000194e-02,4.094681703000000415e-03
-7.255387305999999592e-02,-3.977954759999999951e-02,-6.430259347000000236e-02,-3.184503317000000194e-02
-1.018166169999999981e-01,-7.255387305999999592e-02,-9.328250587000000427e-02,-6.430259347000000236e-02
-1.276787071999999912e-01,-1.018166169999999981e-01,-1.188945322999999943e-01,-9.328250587000000427e-02
-1.503359227999999936e-01,-1.276787071999999912e-01,-1.413327456000000037e-01,-1.188945322999999943e-01
-1.700409203999999896e-01,-1.503359227999999936e-01,-1.608478278000000095e-01,-1.413327456000000037e-01
-1.870681046999999875e-01,-1.700409203999999896e-01,-1.777116357999999896e-01,-1.608478278000000095e-01
-2.017083018999999977e-01,-1.870681046999999875e-01,-1.922125815999999876e-01,-1.777116357999999896e-01
8.846936225999999515e-01,9.515132903999999892e-01,8.856104611999999765e-01,9.525982141000000070e-01
8.313145040999999624e-01,8.846936225999999515e-01,8.322677612000000114e-01,8.856104611999999765e-01
7.868750095000000000e-01,8.313145040999999624e-01,7.879605293000000454e-01,8.322677612000000114e-01
7.485753894000000130e-01,7.868750095000000000e-01,7.498407959999999761e-01,7.879605293000000454e-01
7.145631313000000429e-01,7.485753894000000130e-01,7.160339355000000516e-01,7.498407959999999761e-01
6.835415363000000299e-01,7.145631313000000429e-01,6.852325796999999552e-01,7.160339355000000516e-01
6.545459031999999455e-01,6.835415363000000299e-01,6.564678550000000445e-01,6.852325796999999552e-01
6.268177629000000195e-01,6.545459031999999455e-01,6.289801001999999475e-01,6.564678550000000445e-01
5.997164845000000355e-01,6.268177629000000195e-01,6.021292806000000386e-01,6.289801001999999475e-01
5.726531743999999646e-01,5.997164845000000355e-01,5.753287673000000435e-01,6.021292806000000386e-01
5.450479388000000203e-01,5.726531743999999646e-01,5.480019449999999903e-01,5.753287673000000435e-01
5.162672996999999597e-01,5.450479388000000203e-01,5.195199847000000482e-01,5.480019449999999903e-01
4.855772555000000268e-01,5.162672996999999597e-01,4.891550243000000187e-01,5.195199847000000482e-01
4.520498513999999801e-01,4.855772555000000268e-01,4.559873938999999821e-01,4.891550243000000187e-01
4.144478737999999773e-01,4.520498513999999801e-01,4.187913536999999797e-01,4.559873938999999821e-01
3.710187971999999723e-01,4.144478737999999773e-01,3.758306800999999808e-01,4.187913536999999797e-01
3.234558701999999952e-01,3.710187971999999723e-01,3.287844360000000132e-01,3.758306800999999808e-01
2.748565673999999737e-01,3.234558701999999952e-01,2.807199954999999858e-01,3.287844360000000132e-01
2.259978652000000088e-01,2.748565673999999737e-01,2.324027270000000034e-01,2.807199954999999858e-01
1.776840091000000121e-01,2.259978652000000088e-01,1.846254318999999977e-01,2.324027270000000034e-01
1.306932568999999988e-01,1.776840091000000121e-01,1.381560116999999976e-01,1.846254318999999977e-01
8.572991191999999872e-02,1.306932568999999988e-01,9.369020909000000397e-02,1.381560116999999976e-01
4.338229074999999657e-02,8.572991191999999872e-02,5.180981009999999914e-02,9.369020909000000397e-02
4.094681703000000415e-03,4.338229074999999657e-02,1.295472309000000009e-02,5.180981009999999914e-02
-3.184503317000000194e-02,4.094681703000000415e-03,-2.258963510000000161e-02,1.295472309000000009e-02
-6.430259347000000236e-02,-3.184503317000000194e-02,-5.468999593999999964e-02,-2.258963510000000161e-02
-9.328250587000000427e-02,-6.430259347000000236e-02,-8.335071802000000585e-02,-5.468999593999999964e-02
-1.188945322999999943e-01,-9.328250587000000427e-02,-1.086802929999999973e-01,-8.335071802000000585e-02
-1.413327456000000037e-01,-1.188945322999999943e-01,-1.308709084999999939e-01,-1.086802929999999973e-01
-1.608478278000000095e-01,-1.413327456000000037e-01,-1.501710712999999864e-01,-1.308709084999999939e-01
-1.777116357999999896e-01,-1.608478278000000095e-01,-1.668498069000000084e-01,-1.501710712999999864e-01
-1.922125815999999876e-01,-1.777116357999999896e-01,-1.811928301999999880e-01,-1.668498069000000084e-01
8.856104611999999765e-01,9.525982141000000070e-01,8.869945406999999449e-01,9.541440606000000102e-01
8.322677612000000114e-01,8.856104611999999765e-01,8.337083458999999808e-01,8.869945406999999449e-01
7.879605293000000454e-01,8.322677612000000114e-01,7.895592450999999734e-01,8.337083458999999808e-01
7.498407959999999761e-01,7.879605293000000454e-01,7.516477703999999704e-01,7.895592450999999734e-01
7.160339355000000516e-01,7.498407959999999761e-01,7.180754541999999629e-01,7.516477703999999704e-01
6.852325796999999552e-01,7.160339355000000516e-01,6.875241399000000531e-01,7.180754541999999629e-01
6.564678550000000445e-01,6.852325796999999552e-01,6.590204239000000408e-01,6.875241399000000531e-01
6.289801001999999475e-01,6.564678550000000445e-01,6.318036317999999874e-01,6.590204239000000408e-01
6.021292806000000386e-01,6.289801001999999475e-01,6.052346826000000179e-01,6.318036317999999874e-01
5.753287673000000435e-01,6.021292806000000386e-01,5.787296294999999535e-01,6.052346826000000179e-01
5.480019449999999903e-01,5.753287673000000435e-01,5.517154335999999715e-01,5.787296294999999535e-01
5.195199847000000482e-01,5.480019449999999903e-01,5.235686898000000422e-01,5.517154335999999715e-01
4.891550243000000187e-01,5.195199847000000482e-01,4.935684502000000085e-01,5.235686898000000422e-01
4.559873938999999821e-01,4.891550243000000187e-01,4.608044028000000125e-01,4.935684502000000085e-01
4.187913536999999797e-01,4.559873938999999821e-01,4.240637124000000147e-01,4.608044028000000125e-01
3.758306800999999808e-01,4.187913536999999797e-01,3.816286622999999767e-01,4.240637124000000147e-01
3.287844360000000132e-01,3.758306800999999808e-01,3.351621627999999964e-01,3.816286622999999767e-01
2.807199954999999858e-01,3.287844360000000132e-01,2.876979708999999885e-01,3.351621627999999964e-01
2.324027270000000034e-01,2.807199954999999858e-01,2.399884015000000037e-01,2.876979708999999885e-01
1.846254318999999977e-01,2.324027270000000034e-01,1.928135604000000003e-01,2.399884015000000037e-01
1.381560116999999976e-01,1.846254318999999977e-01,1.469298005000000129e-01,1.928135604000000003e-01
9.369020909000000397e-02,1.381560116999999976e-01,1.030232160999999952e-01,1.469298005000000129e-01
5.180981009999999914e-02,9.369020909000000397e-02,6.166832894000000287e-02,1.030232160999999952e-01
1.295472309000000009e-02,5.180981009999999914e-02,2.330004982999999905e-02,6.166832894000000287e-02
-2.258963510000000161e-02,1.295472309000000009e-02,-1.179900765000000025e-02,2.330004982999999905e-02
-5.468999593999999964e-02,-2.258963510000000161e-02,-4.349676520000000240e-02,-1.179900765000000025e-02
-8.335071802000000585e-02,-5.468999593999999964e-02,-7.179743051999999681e-02,-4.349676520000000240e-02
-1.086802929999999973e-01,-8.335071802000000585e-02,-9.680815785999999368e-02,-7.179743051999999681e-02
-1.308709084999999939e-01,-1.086802929999999973e-01,-1.187190562000000060e-01,-9.680815785999999368e-02
-1.501710712999999864e-01,-1.308709084999999939e-01,-1.377762109000000013e-01,-1.187190562000000060e-01
-1.668498069000000084e-01,-1.501710712999999864e-01,-1.542455107000000047e-01,-1.377762109000000013e-01
-1.811928301999999880e-01,-1.668498069000000084e-01,-1.684096605000000024e-01,-1.542455107000000047e-01
8.869945406999999449e-01,9.541440606000000102e-01,8.889897465999999637e-01,9.562986492999999699e-01
8.337083458999999808e-01,8.869945406999999449e-01,8.357794881000000231e-01,8.889897465999999637e-01
7.895592450999999734e-01,8.337083458999999808e-01,7.918153405000000200e-01,8.357794881000000231e-01
7.516477703999999704e-01,7.895592450999999734e-01,7.541421055999999457e-01,7.918153405000000200e-01
7.180754541999999629e-01,7.516477703999999704e-01,7.208359838000000241e-01,7.541421055999999457e-01
6.875241399000000531e-01,7.180754541999999629e-01,6.905670762000000185e-01,7.208359838000000241e-01
6.590204239000000408e-01,6.875241399000000531e-01,6.623572706999999449e-01,6.905670762000000185e-01
6.318036317999999874e-01,6.590204239000000408e-01,6.354451180000000310e-01,6.623572706999999449e-01
6.052346826000000179e-01,6.318036317999999874e-01,6.091926694000000531e-01,6.354451180000000310e-01
5.787296294999999535e-01,6.052346826000000179e-01,5.830190182000000165e-01,6.091926694000000531e-01
5.517154335999999715e-01,5.787296294999999535e-01,5.563554168000000022e-01,5.830190182000000165e-01
5.235686898000000422e-01,5.517154335999999715e-01,5.285844207000000017e-01,5.563554168000000022e-01
4.935684502000000085e-01,5.235686898000000422e-01,4.989928304999999842e-01,5.285844207000000017e-01
4.608044028000000125e-01,4.935684502000000085e-01,4.666809738000000096e-01,4.989928304999999842e-01
4.240637124000000147e-01,4.608044028000000125e-01,4.304505586999999855e-01,4.666809738000000096e-01
3.816286622999999767e-01,4.240637124000000147e-01,3.886045813999999821e-01,4.304505586999999855e-01
3.351621627999999964e-01,3.816286622999999767e-01,3.427880406000000102e-01,3.886045813999999821e-01
2.876979708999999885e-01,3.351621627999999964e-01,2.959967256000000102e-01,3.427880406000000102e-01
2.399884015000000037e-01,2.876979708999999885e-01,2.489686161000000120e-01,2.959967256000000102e-01
1.928135604000000003e-01,2.399884015000000037e-01,2.024695873000000035e-01,2.489686161000000120e-01
1.469298005000000129e-01,1.928135604000000003e-01,1.572430730000000110e-01,2.024695873000000035e-01
1.030232160999999952e-01,1.469298005000000129e-01,1.139644234999999950e-01,1.572430730000000110e-01
6.166832894000000287e-02,1.030232160999999952e-01,7.319994270999999331e-02,1.139644234999999950e-01
2.330004982999999905e-02,6.166832894000000287e-02,3.537892178000000276e-02,7.319994270999999331e-02
-1.179900765000000025e-02,2.330004982999999905e-02,7.807757356000000117e-04,3.537892178000000276e-02
-4.349676520000000240e-02,-1.179900765000000025e-02,-3.046379797000000125e-02,7.807757356000000117e-04
-7.179743051999999681e-02,-4.349676520000000240e-02,-5.835891515000000279e-02,-3.046379797000000125e-02
-9.680815785999999368e-02,-7.179743051999999681e-02,-8.301024883999999493e-02,-5.835891515000000279e-02
-1.187190562000000060e-01,-9.680815785999999368e-02,-1.046056449000000027e-01,-8.301024883999999493e-02
-1.377762109000000013e-01,-1.187190562000000060e-01,-1.233884989999999987e-01,-1.046056449000000027e-01
-1.542455107000000047e-01,-1.377762109000000013e-01,-1.396212279999999861e-01,-1.233884989999999987e-01
-1.684096605000000024e-01,-1.542455107000000047e-01,-1.535831391999999962e-01,-1.396212279999999861e-01
8.889897465999999637e-01,9.562986492999999699e-01,8.917903303999999975e-01,9.592618346000000296e-01
8.357794881000000231e-01,8.889897465999999637e-01,8.386737704000000182e-01,8.917903303999999975e-01
7.918153405000000200e-01,8.357794881000000231e-01,7.949216366000000367e-01,8.386737704000000182e-01
7.541421055999999457e-01,7.918153405000000200e-01,7.575181722999999590e-01,7.949216366000000367e-01
7.208359838000000241e-01,7.541421055999999457e-01,7.245117425999999528e-01,7.575181722999999590e-01
6.905670762000000185e-01,7.208359838000000241e-01,6.945598124999999845e-01,7.245117425999999528e-01
6.623572706999999449e-01,6.905670762000000185e-01,6.666796206999999752e-01,6.945598124999999845e-01
6.354451180000000310e-01,6.623572706999999449e-01,6.401086449999999761e-01,6.666796206999999752e-01
6.091926694000000531e-01,6.354451180000000310e-01,6.142103075999999495e-01,6.401086449999999761e-01
5.830190182000000165e-01,6.091926694000000531e-01,5.884073973000000235e-01,6.142103075999999495e-01
5.563554168000000022e-01,5.830190182000000165e-01,5.621357559999999864e-01,5.884073973000000235e-01
5.285844207000000017e-01,5.563554168000000022e-01,5.347847938999999995e-01,5.621357559999999864e-01
4.989928304999999842e-01,5.285844207000000017e-01,5.056501031000000257e-01,5.347847938999999995e-01
4.666809738000000096e-01,4.989928304999999842e-01,4.738437831000000267e-01,5.056501031000000257e-01
4.304505586999999855e-01,4.666809738000000096e-01,4.381839335000000113e-01,4.738437831000000267e-01
3.886045813999999821e-01,4.304505586999999855e-01,3.969967960999999934e-01,4.381839335000000113e-01
3.427880406000000102e-01,3.886045813999999821e-01,3.519072234999999771e-01,3.969967960999999934e-01
2.959967256000000102e-01,3.427880406000000102e-01,3.058687448999999892e-01,3.519072234999999771e-01
2.489686161000000120e-01,2.959967256000000102e-01,2.596032618999999930e-01,3.058687448999999892e-01
2.024695873000000035e-01,2.489686161000000120e-01,2.138607949000000119e-01,2.596032618999999930e-01
1.572430730000000110e-01,2.024695873000000035e-01,1.693703531999999901e-01,2.138607949000000119e-01
1.139644234999999950e-01,1.572430730000000110e-01,1.267952621000000002e-01,1.693703531999999901e-01
7.319994270999999331e-02,1.139644234999999950e-01,8.669263123999999821e-02,1.267952621000000002e-01
3.537892178000000276e-02,7.319994270999999331e-02,4.948543011999999991e-02,8.669263123999999821e-02
7.807757356000000117e-04,3.537892178000000276e-02,1.544943078999999955e-02,4.948543011999999991e-02
-3.046379797000000125e-02,7.807757356000000117e-04,-1.528626680000000002e-02,1.544943078999999955e-02
-5.835891515000000279e-02,-3.046379797000000125e-02,-4.272572696000000170e-02,-1.528626680000000002e-02
-8.301024883999999493e-02,-5.835891515000000279e-02,-6.697303056999999449e-02,-4.272572696000000170e-02
-1.046056449000000027e-01,-8.301024883999999493e-02,-8.821351081000000649e-02,-6.697303056999999449e-02
-1.233884989999999987e-01,-1.046056449000000027e-01,-1.066876202999999940e-01,-8.821351081000000649e-02
-1.396212279999999861e-01,-1.233884989999999987e-01,-1.226538940999999938e-01,-1.066876202999999940e-01
-1.535831391999999962e-01,-1.396212279999999861e-01,-1.363878846000000089e-01,-1.226538940999999938e-01
8.917903303999999975e-01,9.592618346000000296e-01,8.956588506999999533e-01,9.633045196999999726e-01
8.386737704000000182e-01,8.917903303999999975e-01,8.426499963000000371e-01,8.956588506999999533e-01
7.949216366000000367e-01,8.386737704000000182e-01,7.991358041999999662e-01,8.426499963000000371e-01
7.575181722999999590e-01,7.949216366000000367e-01,7.620335220999999715e-01,7.991358041999999662e-01
7.245117425999999528e-01,7.575181722999999590e-01,7.293612956999999675e-01,7.620335220999999715e-01
6.945598124999999845e-01,7.245117425999999528e-01,6.997627020000000142e-01,7.293612956999999675e-01
6.666796206999999752e-01,6.945598124999999845e-01,6.722494959999999464e-01,6.997627020000000142e-01
6.401086449999999761e-01,6.666796206999999752e-01,6.460583805999999818e-01,6.722494959999999464e-01
6.142103075999999495e-01,6.401086449999999761e-01,6.205543876000000347e-01,6.460583805999999818e-01
5.884073973000000235e-01,6.142103075999999495e-01,5.951641798000000261e-01,6.205543876000000347e-01
5.621357559999999864e-01,5.884073973000000235e-01,5.693289637999999764e-01,5.951641798000000261e-01
5.347847938999999995e-01,5.621357559999999864e-01,5.424457191999999539e-01,5.693289637999999764e-01
5.056501031000000257e-01,5.347847938999999995e-01,5.138196944999999793e-01,5.424457191999999539e-01
4.738437831000000267e-01,5.056501031000000257e-01,4.825764893999999749e-01,5.138196944999999793e-01
4.381839335000000113e-01,4.738437831000000267e-01,4.475521445000000265e-01,4.825764893999999749e-01
3.969967960999999934e-01,4.381839335000000113e-01,4.070990682000000249e-01,4.475521445000000265e-01
3.519072234999999771e-01,3.969967960999999934e-01,3.628197014000000276e-01,4.070990682000000249e-01
3.058687448999999892e-01,3.519072234999999771e-01,3.176204263999999888e-01,3.628197014000000276e-01
2.596032618999999930e-01,3.058687448999999892e-01,2.722052931999999759e-01,3.176204263999999888e-01
2.138607949000000119e-01,2.596032618999999930e-01,2.273066937999999870e-01,2.722052931999999759e-01
1.693703531999999901e-01,2.138607949000000119e-01,1.836375892000000065e-01,2.273066937999999870e-01
1.267952621000000002e-01,1.693703531999999901e-01,1.418478638000000014e-01,1.836375892000000065e-01
8.669263123999999821e-02,1.267952621000000002e-01,1.024843379999999943e-01,1.418478638000000014e-01
4.948543011999999991e-02,8.669263123999999821e-02,6.596291810000000366e-02,1.024843379999999943e-01
1.544943078999999955e-02,4.948543011999999991e-02,3.255525604000000101e-02,6.596291810000000366e-02
-1.528626680000000002e-02,1.544943078999999955e-02,2.388625172999999866e-03,3.255525604000000101e-02
-4.272572696000000170e-02,-1.528626680000000002e-02,-2.454102784000000009e-02,2.388625172999999866e-03
-6.697303056999999449e-02,-4.272572696000000170e-02,-4.833606257999999850e-02,-2.454102784000000009e-02
-8.821351081000000649e-02,-6.697303056999999449e-02,-6.917908042999999785e-02,-4.833606257999999850e-02
-1.066876202999999940e-01,-8.821351081000000649e-02,-8.730724453999999524e-02,-6.917908042999999785e-02
-1.226538940999999938e-01,-1.066876202999999940e-01,-1.029748246000000006e-01,-8.730724453999999524e-02
-1.363878846000000089e-01,-1.226538940999999938e-01,-1.164531781999999932e-01,-1.029748246000000006e-01
8.956588506999999533e-01,9.633045196999999726e-01,9.009507894999999600e-01,9.687953591000000308e-01
8.426499963000000371e-01,8.956588506999999533e-01,8.480566739999999548e-01,9.009507894999999600e-01
7.991358041999999662e-01,8.426499963000000371e-01,8.048024773999999937e-01,8.480566739999999548e-01
7.620335220999999715e-01,7.991358041999999662e-01,7.680312394999999626e-01,8.048024773999999937e-01
7.293612956999999675e-01,7.620335220999999715e-01,7.357271314000000118e-01,7.680312394999999626e-01
6.997627020000000142e-01,7.293612956999999675e-01,7.065181731999999881e-01,7.357271314000000118e-01
6.722494959999999464e-01,6.997627020000000142e-01,6.794102788000000448e-01,7.065181731999999881e-01
6.460583805999999818e-01,6.722494959999999464e-01,6.536388397000000294e-01,6.794102788000000448e-01
6.205543876000000347e-01,6.460583805999999818e-01,6.285707951000000238e-01,6.536388397000000294e-01
5.951641798000000261e-01,6.205543876000000347e-01,6.036370992999999796e-01,6.285707951000000238e-01
5.693289637999999764e-01,5.951641798000000261e-01,5.782847403999999969e-01,6.036370992999999796e-01
5.424457191999999539e-01,5.693289637999999764e-01,5.519192218999999788e-01,5.782847403999999969e-01
5.138196944999999793e-01,5.424457191999999539e-01,5.238564610000000510e-01,5.519192218999999788e-01
4.825764893999999749e-01,5.138196944999999793e-01,4.932367802000000023e-01,5.238564610000000510e-01
4.475521445000000265e-01,4.825764893999999749e-01,4.589164554999999868e-01,4.932367802000000023e-01
4.070990682000000249e-01,4.475521445000000265e-01,4.192767440999999873e-01,4.589164554999999868e-01
3.628197014000000276e-01,4.070990682000000249e-01,3.758953512000000052e-01,4.192767440999999873e-01
3.176204263999999888e-01,3.628197014000000276e-01,3.316265345000000142e-01,3.758953512000000052e-01
2.722052931999999759e-01,3.176204263999999888e-01,2.871545254999999797e-01,3.316265345000000142e-01
2.273066937999999870e-01,2.722052931999999759e-01,2.431921660999999957e-01,2.871545254999999797e-01
1.836375892000000065e-01,2.273066937999999870e-01,2.004345506000000110e-01,2.431921660999999957e-01
1.418478638000000014e-01,1.836375892000000065e-01,1.595166772999999927e-01,2.004345506000000110e-01
1.024843379999999943e-01,1.418478638000000014e-01,1.209739149000000069e-01,1.595166772999999927e-01
6.596291810000000366e-02,1.024843379999999943e-01,8.521427958999999719e-02,1.209739149000000069e-01
3.255525604000000101e-02,6.596291810000000366e-02,5.250483006000000036e-02,8.521427958999999719e-02
2.388625172999999866e-03,3.255525604000000101e-02,2.297077327999999877e-02,5.250483006000000036e-02
-2.454102784000000009e-02,2.388625172999999866e-03,-3.391989041000000038e-03,2.297077327999999877e-02
-4.833606257999999850e-02,-2.454102784000000009e-02,-2.668393961999999953e-02,-3.391989041000000038e-03
-6.917908042999999785e-02,-4.833606257999999850e-02,-4.708468168999999787e-02,-2.668393961999999953e-02
-8.730724453999999524e-02,-6.917908042999999785e-02,-6.482779234999999640e-02,-4.708468168999999787e-02
-1.029748246000000006e-01,-8.730724453999999524e-02,-8.016281575000000492e-02,-6.482779234999999640e-02
-1.164531781999999932e-01,-1.029748246000000006e-01,-9.335650503999999572e-02,-8.016281575000000492e-02
9.009507894999999600e-01,9.687953591000000308e-01,9.081493019999999916e-01,9.762378930999999760e-01
8.480566739999999548e-01,9.009507894999999600e-01,8.553649186999999765e-01,9.081493019999999916e-01
8.048024773999999937e-01,8.480566739999999548e-01,8.123852015000000426e-01,8.553649186999999765e-01
7.680312394999999626e-01,8.048024773999999937e-01,7.759699224999999645e-01,8.123852015000000426e-01
7.357271314000000118e-01,7.680312394999999626e-01,7.440646291000000412e-01,7.759699224999999645e-01
7.065181731999999881e-01,7.357271314000000118e-01,7.152796388000000061e-01,7.440646291000000412e-01
6.794102788000000448e-01,7.065181731999999881e-01,6.886138915999999721e-01,7.152796388000000061e-01
6.536388397000000294e-01,6.794102788000000448e-01,6.633013487000000152e-01,6.886138915999999721e-01
6.285707951000000238e-01,6.536388397000000294e-01,6.387105584000000169e-01,6.633013487000000152e-01
6.036370992999999796e-01,6.285707951000000238e-01,6.142771839999999761e-01,6.387105584000000169e-01
5.782847403999999969e-01,6.036370992999999796e-01,5.894545912999999970e-01,6.142771839999999761e-01
5.519192218999999788e-01,5.782847403999999969e-01,5.636574030000000013e-01,5.894545912999999970e-01
5.238564610000000510e-01,5.519192218999999788e-01,5.362133383999999614e-01,5.636574030000000013e-01
4.932367802000000023e-01,5.238564610000000510e-01,5.062788725000000323e-01,5.362133383999999614e-01
4.589164554999999868e-01,4.932367802000000023e-01,4.727323949000000192e-01,5.062788725000000323e-01
4.192767440999999873e-01,4.589164554999999868e-01,4.339869022000000243e-01,4.727323949000000192e-01
3.758953512000000052e-01,4.192767440999999873e-01,3.915931582000000133e-01,4.339869022000000243e-01
3.316265345000000142e-01,3.758953512000000052e-01,3.483482003000000216e-01,3.915931582000000133e-01
2.871545254999999797e-01,3.316265345000000142e-01,3.049143552999999951e-01,3.483482003000000216e-01
2.431921660999999957e-01,2.871545254999999797e-01,2.619828880000000249e-01,3.049143552999999951e-01
2.004345506000000110e-01,2.431921660999999957e-01,2.202291339999999931e-01,2.619828880000000249e-01
1.595166772999999927e-01,2.004345506000000110e-01,1.802716255000000045e-01,2.202291339999999931e-01
1.209739149000000069e-01,1.595166772999999927e-01,1.426330805000000090e-01,1.802716255000000045e-01
8.521427958999999719e-02,1.209739149000000069e-01,1.077128053000000057e-01,1.426330805000000090e-01
5.250483006000000036e-02,8.521427958999999719e-02,7.577279209999999987e-02,1.077128053000000057e-01
2.297077327999999877e-02,5.250483006000000036e-02,4.693593830000000050e-02,7.577279209999999987e-02
-3.391989041000000038e-03,2.297077327999999877e-02,2.119807339999999971e-02,4.693593830000000050e-02
-2.668393961999999953e-02,-3.391989041000000038e-03,-1.539254094999999937e-03,2.119807339999999971e-02
-4.708468168999999787e-02,-2.668393961999999953e-02,-2.145236731000000133e-02,-1.539254094999999937e-03
-6.482779234999999640e-02,-4.708468168999999787e-02,-3.877092898000000093e-02,-2.145236731000000133e-02
-8.016281575000000492e-02,-6.482779234999999640e-02,-5.373929068000000281e-02,-3.877092898000000093e-02
-9.335650503999999572e-02,-8.016281575000000492e-02,-6.661915778999999427e-02,-5.373929068000000281e-02
9.081493019999999916e-01,9.762378930999999760e-01,9.179137944999999910e-01,9.863225222000000514e-01
8.553649186999999765e-01,9.081493019999999916e-01,8.652138710000000232e-01,9.179137944999999910e-01
8.123852015000000426e-01,8.553649186999999765e-01,8.225096464000000163e-01,8.652138710000000232e-01
7.759699224999999645e-01,8.123852015000000426e-01,7.864653468000000203e-01,8.225096464000000163e-01
7.440646291000000412e-01,7.759699224999999645e-01,7.549823522999999925e-01,7.864653468000000203e-01
7.152796388000000061e-01,7.440646291000000412e-01,7.266501187999999667e-01,7.549823522999999925e-01
6.886138915999999721e-01,7.152796388000000061e-01,7.004590630999999457e-01,7.266501187999999667e-01
6.633013487000000152e-01,6.886138915999999721e-01,6.756410002999999609e-01,7.004590630999999457e-01
6.387105584000000169e-01,6.633013487000000152e-01,6.515658497999999854e-01,6.756410002999999609e-01
6.142771839999999761e-01,6.387105584000000169e-01,6.276741028000000222e-01,6.515658497999999854e-01
5.894545912999999970e-01,6.142771839999999761e-01,6.034258007999999673e-01,6.276741028000000222e-01
5.636574030000000013e-01,5.894545912999999970e-01,5.782455206000000070e-01,6.034258007999999673e-01
5.362133383999999614e-01,5.636574030000000013e-01,5.514735578999999666e-01,5.782455206000000070e-01
5.062788725000000323e-01,5.362133383999999614e-01,5.222839116999999920e-01,5.514735578999999666e-01
4.727323949000000192e-01,5.062788725000000323e-01,4.895790815000000129e-01,5.222839116999999920e-01
4.339869022000000243e-01,4.727323949000000192e-01,4.518063068000000015e-01,4.895790815000000129e-01
3.915931582000000133e-01,4.339869022000000243e-01,4.104873835999999776e-01,4.518063068000000015e-01
3.483482003000000216e-01,3.915931582000000133e-01,3.683573604000000001e-01,4.104873835999999776e-01
3.049143552999999951e-01,3.483482003000000216e-01,3.260544837000000085e-01,3.683573604000000001e-01
2.619828880000000249e-01,3.049143552999999951e-01,2.842462956999999846e-01,3.260544837000000085e-01
2.202291339999999931e-01,2.619828880000000249e-01,2.435864805999999883e-01,2.842462956999999846e-01
1.802716255000000045e-01,2.202291339999999931e-01,2.046754658000000116e-01,2.435864805999999883e-01
1.426330805000000090e-01,1.802716255000000045e-01,1.680221707000000009e-01,2.046754658000000116e-01
1.077128053000000057e-01,1.426330805000000090e-01,1.340163498999999980e-01,1.680221707000000009e-01
7.577279209999999987e-02,1.077128053000000057e-01,1.029144824000000069e-01,1.340163498999999980e-01
4.693593830000000050e-02,7.577279209999999987e-02,7.483694702000000254e-02,1.029144824000000069e-01
2.119807339999999971e-02,4.693593830000000050e-02,4.977951198999999716e-02,7.483694702000000254e-02
-1.539254094999999937e-03,2.119807339999999971e-02,2.764596044999999974e-02,4.977951198999999716e-02
-2.145236731000000133e-02,-1.539254094999999937e-03,8.263530209999999862e-03,2.764596044999999974e-02
-3.877092898000000093e-02,-2.145236731000000133e-02,-8.593192323999999938e-03,8.263530209999999862e-03
-5.373929068000000281e-02,-3.877092898000000093e-02,-2.316287905000000147e-02,-8.593192323999999938e-03
-6.661915778999999427e-02,-5.373929068000000281e-02,-3.570175171000000008e-02,-2.316287905000000147e-02
9.179137944999999910e-01,9.863225222000000514e-01,9.311472177999999822e-01,1.000000000000000000e+00
8.652138710000000232e-01,9.179137944999999910e-01,8.784747720000000148e-01,9.311472177999999822e-01
8.225096464000000163e-01,8.652138710000000232e-01,8.360241054999999477e-01,8.784747720000000148e-01
7.864653468000000203e-01,8.225096464000000163e-01,8.003488778999999775e-01,8.360241054999999477e-01
7.549823522999999925e-01,7.864653468000000203e-01,7.692981958000000287e-01,8.003488778999999775e-01
7.266501187999999667e-01,7.549823522999999925e-01,7.414365411000000128e-01,7.692981958000000287e-01
7.004590630999999457e-01,7.266501187999999667e-01,7.157436013000000319e-01,7.414365411000000128e-01
6.756410002999999609e-01,7.004590630999999457e-01,6.914474964000000279e-01,7.157436013000000319e-01
6.515658497999999854e-01,6.756410002999999609e-01,6.679191588999999762e-01,6.914474964000000279e-01
6.276741028000000222e-01,6.515658497999999854e-01,6.446037291999999752e-01,6.679191588999999762e-01
6.034258007999999673e-01,6.276741028000000222e-01,6.209680438000000358e-01,6.446037291999999752e-01
5.782455206000000070e-01,6.034258007999999673e-01,5.964469314000000466e-01,6.209680438000000358e-01
5.514735578999999666e-01,5.782455206000000070e-01,5.703941583999999621e-01,5.964469314000000466e-01
5.222839116999999920e-01,5.514735578999999666e-01,5.420023798999999975e-01,5.703941583999999621e-01
4.895790815000000129e-01,5.222839116999999920e-01,5.101994871999999681e-01,5.420023798999999975e-01
4.518063068000000015e-01,4.895790815000000129e-01,4.734693765999999915e-01,5.101994871999999681e-01
4.104873835999999776e-01,4.518063068000000015e-01,4.333032071999999846e-01,4.734693765999999915e-01
3.683573604000000001e-01,4.104873835999999776e-01,3.923699558000000032e-01,4.333032071999999846e-01
3.260544837000000085e-01,3.683573604000000001e-01,3.512816429000000240e-01,3.923699558000000032e-01
2.842462956999999846e-01,3.260544837000000085e-01,3.106799424000000198e-01,3.512816429000000240e-01
2.435864805999999883e-01,2.842462956999999846e-01,2.711949049999999861e-01,3.106799424000000198e-01
2.046754658000000116e-01,2.435864805999999883e-01,2.334073335000000082e-01,2.711949049999999861e-01
1.680221707000000009e-01,2.046754658000000116e-01,1.978111862999999970e-01,2.334073335000000082e-01
1.340163498999999980e-01,1.680221707000000009e-01,1.647859811999999868e-01,1.978111862999999970e-01
1.029144824000000069e-01,1.340163498999999980e-01,1.345822959999999902e-01,1.647859811999999868e-01
7.483694702000000254e-02,1.029144824000000069e-01,1.073179244999999948e-01,1.345822959999999902e-01
4.977951198999999716e-02,7.483694702000000254e-02,8.298859745000000676e-02,1.073179244999999948e-01
2.764596044999999974e-02,4.977951198999999716e-02,6.150056421999999801e-02,8.298859745000000676e-02
8.263530209999999862e-03,2.764596044999999974e-02,4.268497228999999782e-02,6.150056421999999801e-02
-8.593192323999999938e-03,8.263530209999999862e-03,2.632098645000000015e-02,4.268497228999999782e-02
-2.316287905000000147e-02,-8.593192323999999938e-03,1.217609830000000032e-02,2.632098645000000015e-02
-3.570175171000000008e-02,-2.316287905000000147e-02,0.000000000000000000e+00,1.217609830000000032e-02
