9.985187053999999840e-01,9.688990116000000263e-01,1.000000000000000000e+00,9.703998566000000547e-01
9.688990116000000263e-01,9.412609338999999853e-01,9.703998566000000547e-01,9.427570700999999831e-01
9.412609338999999853e-01,9.154565333999999943e-01,9.427570700999999831e-01,9.169321656000000154e-01
9.154565333999999943e-01,8.913062810999999863e-01,9.169321656000000154e-01,8.927510381000000050e-01
8.913062810999999863e-01,8.686107397000000230e-01,8.927510381000000050e-01,8.700175285000000258e-01
8.686107397000000230e-01,8.471998572000000172e-01,8.700175285000000258e-01,8.485640287000000281e-01
8.471998572000000172e-01,8.268963098999999595e-01,8.485640287000000281e-01,8.282146454000000046e-01
8.268963098999999595e-01,8.075581192999999880e-01,8.282146454000000046e-01,8.088284135000000097e-01
8.075581192999999880e-01,7.890433073000000519e-01,8.088284135000000097e-01,7.902640699999999851e-01
7.890433073000000519e-01,7.712290883000000319e-01,7.902640699999999851e-01,7.723991274999999490e-01
7.712290883000000319e-01,7.540097236999999675e-01,7.723991274999999490e-01,7.551283239999999619e-01
7.540097236999999675e-01,7.372791171000000476e-01,7.551283239999999619e-01,7.383455634000000156e-01
7.372791171000000476e-01,7.209457755000000523e-01,7.383455634000000156e-01,7.219594121000000309e-01
7.209457755000000523e-01,7.049278020999999450e-01,7.219594121000000309e-01,7.058880924999999529e-01
7.049278020999999450e-01,6.891410351000000212e-01,7.058880924999999529e-01,6.900473833000000390e-01
6.891410351000000212e-01,6.735068560000000426e-01,6.900473833000000390e-01,6.743584871000000147e-01
6.735068560000000426e-01,6.579551697000000088e-01,6.743584871000000147e-01,6.587513088999999988e-01
6.579551697000000088e-01,6.424111127999999615e-01,6.587513088999999988e-01,6.431508063999999969e-01
6.424111127999999615e-01,6.267984508999999704e-01,6.431508063999999969e-01,6.274806260999999941e-01
6.267984508999999704e-01,6.110423803000000209e-01,6.274806260999999941e-01,6.116656065000000142e-01
6.110423803000000209e-01,5.950673818999999698e-01,6.116656065000000142e-01,5.956302285000000252e-01
5.950673818999999698e-01,5.787885784999999839e-01,5.956302285000000252e-01,5.792893170999999786e-01
5.787885784999999839e-01,5.621146559999999903e-01,5.792893170999999786e-01,5.625511408000000158e-01
5.621146559999999903e-01,5.449500083999999633e-01,5.625511408000000158e-01,5.453199147999999719e-01
5.449500083999999633e-01,5.271871686000000334e-01,5.453199147999999719e-01,5.274878144000000324e-01
5.271871686000000334e-01,5.087016224999999503e-01,5.274878144000000324e-01,5.089297890999999741e-01
5.087016224999999503e-01,4.893535674000000224e-01,5.089297890999999741e-01,4.895056187999999864e-01
4.893535674000000224e-01,4.689826369000000272e-01,4.895056187999999864e-01,4.690543114999999874e-01
4.689826369000000272e-01,4.473975300999999960e-01,4.690543114999999874e-01,4.473839700000000197e-01
4.473975300999999960e-01,4.243723452000000007e-01,4.473839700000000197e-01,4.242677986999999762e-01
4.243723452000000007e-01,3.996351062999999870e-01,4.242677986999999762e-01,3.994329274000000263e-01
3.996351062999999870e-01,3.728542029999999952e-01,3.994329274000000263e-01,3.725465237999999735e-01
3.728542029999999952e-01,3.448328077999999741e-01,3.725465237999999735e-01,3.444145023999999888e-01
3.448328077999999741e-01,3.163414001000000031e-01,3.444145023999999888e-01,3.158100843000000157e-01
3.163414001000000031e-01,2.874985932999999938e-01,3.158100843000000157e-01,2.868524492000000259e-01
2.874985932999999938e-01,2.584294080999999799e-01,2.868524492000000259e-01,2.576672434999999761e-01
2.584294080999999799e-01,2.292610854000000087e-01,2.576672434999999761e-01,2.283822745000000098e-01
2.292610854000000087e-01,2.001238613999999916e-01,2.283822745000000098e-01,1.991284638999999967e-01
2.001238613999999916e-01,1.711448281999999876e-01,1.991284638999999967e-01,1.700334400000000079e-01
1.711448281999999876e-01,1.424505263999999993e-01,1.700334400000000079e-01,1.412243246999999868e-01
1.424505263999999993e-01,1.141592040999999946e-01,1.412243246999999868e-01,1.128198950999999978e-01
1.141592040999999946e-01,8.638513087999999396e-02,1.128198950999999978e-01,8.493489771999999938e-02
8.638513087999999396e-02,5.923084170000000176e-02,8.493489771999999938e-02,5.767231806999999905e-02
5.923084170000000176e-02,3.279098123000000198e-02,5.767231806999999905e-02,3.112713992999999874e-02
3.279098123000000198e-02,7.148117292999999969e-03,3.112713992999999874e-02,5.382294301000000239e-03
7.148117292999999969e-03,-1.762763596999999960e-02,5.382294301000000239e-03,-1.949186996000000158e-02
-1.762763596999999960e-02,-4.147641733000000108e-02,-1.949186996000000158e-02,-4.343528300999999897e-02
-4.147641733000000108e-02,-6.435225903999999830e-02,-4.343528300999999897e-02,-6.640177965000000626e-02
-6.435225903999999830e-02,-8.622079342999999785e-02,-6.640177965000000626e-02,-8.835694194000000279e-02
-8.622079342999999785e-02,-1.070579588000000054e-01,-8.835694194000000279e-02,-1.092765777999999965e-01
-1.070579588000000054e-01,-1.268514394999999961e-01,-1.092765777999999965e-01,-1.291483790000000076e-01
-1.268514394999999961e-01,-1.455988883999999872e-01,-1.291483790000000076e-01,-1.479700059000000067e-01
-1.455988883999999872e-01,-1.633062362999999906e-01,-1.479700059000000067e-01,-1.657473892000000115e-01
-1.633062362999999906e-01,-1.799871175999999962e-01,-1.657473892000000115e-01,-1.824942528999999869e-01
-1.799871175999999962e-01,-1.956625878999999901e-01,-1.824942528999999869e-01,-1.982317120000000044e-01
-1.956625878999999901e-01,-2.103593796000000071e-01,-1.982317120000000044e-01,-2.129865884999999903e-01
-2.103593796000000071e-01,-2.241088002999999940e-01,-2.129865884999999903e-01,-2.267903537000000025e-01
-2.241088002999999940e-01,-2.369456141999999876e-01,-2.267903537000000025e-01,-2.396778762000000007e-01
-2.369456141999999876e-01,-2.489077151000000099e-01,-2.396778762000000007e-01,-2.516871690999999966e-01
-2.489077151000000099e-01,-2.600351571999999778e-01,-2.516871690999999966e-01,-2.628584503999999988e-01
-2.600351571999999778e-01,-2.703692316999999901e-01,-2.628584503999999988e-01,-2.732331753000000196e-01
-2.703692316999999901e-01,-2.799520194999999823e-01,-2.732331753000000196e-01,-2.828535437999999957e-01
-2.799520194999999823e-01,-2.888255714999999890e-01,-2.828535437999999957e-01,-2.917618453999999972e-01
-2.888255714999999890e-01,-2.970317601999999946e-01,-2.917618453999999972e-01,-3.000000118999999743e-01
9.969192147000000004e-01,9.672774672999999712e-01,9.985187053999999840e-01,9.688990116000000263e-01
9.672774672999999712e-01,9.396437407000000075e-01,9.688990116000000263e-01,9.412609338999999853e-01
9.396437407000000075e-01,9.138609170999999476e-01,9.412609338999999853e-01,9.154565333999999943e-01
9.138609170999999476e-01,8.897436856999999533e-01,9.154565333999999943e-01,8.913062810999999863e-01
8.897436856999999533e-01,8.670889138999999801e-01,8.913062810999999863e-01,8.686107397000000230e-01
8.670889138999999801e-01,8.457239269999999864e-01,8.686107397000000230e-01,8.471998572000000172e-01
8.457239269999999864e-01,8.254698514999999626e-01,8.471998572000000172e-01,8.268963098999999595e-01
8.254698514999999626e-01,8.061835170000000161e-01,8.268963098999999595e-01,8.075581192999999880e-01
8.061835170000000161e-01,7.877222896000000141e-01,8.075581192999999880e-01,7.890433073000000519e-01
7.877222896000000141e-01,7.699628471999999668e-01,7.890433073000000519e-01,7.712290883000000319e-01
7.699628471999999668e-01,7.527992128999999588e-01,7.712290883000000319e-01,7.540097236999999675e-01
7.527992128999999588e-01,7.361251116000000483e-01,7.540097236999999675e-01,7.372791171000000476e-01
7.361251116000000483e-01,7.198489308000000086e-01,7.372791171000000476e-01,7.209457755000000523e-01
7.198489308000000086e-01,7.038887142999999957e-01,7.209457755000000523e-01,7.049278020999999450e-01
7.038887142999999957e-01,6.881604790999999999e-01,7.049278020999999450e-01,6.891410351000000212e-01
6.881604790999999999e-01,6.725856065999999966e-01,6.891410351000000212e-01,6.735068560000000426e-01
6.725856065999999966e-01,6.570941209999999755e-01,6.735068560000000426e-01,6.579551697000000088e-01
6.570941209999999755e-01,6.416112185000000245e-01,6.579551697000000088e-01,6.424111127999999615e-01
6.416112185000000245e-01,6.260610223000000474e-01,6.424111127999999615e-01,6.267984508999999704e-01
6.260610223000000474e-01,6.103687881999999565e-01,6.267984508999999704e-01,6.110423803000000209e-01
6.103687881999999565e-01,5.944593549000000143e-01,6.110423803000000209e-01,5.950673818999999698e-01
5.944593549000000143e-01,5.782479644000000363e-01,5.950673818999999698e-01,5.787885784999999839e-01
5.782479644000000363e-01,5.616437197000000436e-01,5.787885784999999839e-01,5.621146559999999903e-01
5.616437197000000436e-01,5.445513129000000285e-01,5.621146559999999903e-01,5.449500083999999633e-01
5.445513129000000285e-01,5.268636942000000101e-01,5.449500083999999633e-01,5.271871686000000334e-01
5.268636942000000101e-01,5.084568261999999894e-01,5.271871686000000334e-01,5.087016224999999503e-01
5.084568261999999894e-01,4.891914725000000019e-01,5.087016224999999503e-01,4.893535674000000224e-01
4.891914725000000019e-01,4.689077735000000136e-01,4.893535674000000224e-01,4.689826369000000272e-01
4.689077735000000136e-01,4.474152625000000216e-01,4.689826369000000272e-01,4.473975300999999960e-01
4.474152625000000216e-01,4.244888425000000187e-01,4.473975300999999960e-01,4.243723452000000007e-01
4.244888425000000187e-01,3.998576998999999743e-01,4.243723452000000007e-01,3.996351062999999870e-01
3.998576998999999743e-01,3.731913566999999765e-01,3.996351062999999870e-01,3.728542029999999952e-01
3.731913566999999765e-01,3.452901244000000092e-01,3.728542029999999952e-01,3.448328077999999741e-01
3.452901244000000092e-01,3.169215023999999992e-01,3.448328077999999741e-01,3.163414001000000031e-01
3.169215023999999992e-01,2.882034779000000047e-01,3.163414001000000031e-01,2.874985932999999938e-01
2.882034779000000047e-01,2.592603564000000027e-01,2.874985932999999938e-01,2.584294080999999799e-01
2.592603564000000027e-01,2.302187830000000102e-01,2.584294080999999799e-01,2.292610854000000087e-01
2.302187830000000102e-01,2.012082933999999879e-01,2.292610854000000087e-01,2.001238613999999916e-01
2.012082933999999879e-01,1.723553537999999996e-01,2.001238613999999916e-01,1.711448281999999876e-01
1.723553537999999996e-01,1.437858790000000053e-01,1.711448281999999876e-01,1.424505263999999993e-01
1.437858790000000053e-01,1.156175061999999976e-01,1.424505263999999993e-01,1.141592040999999946e-01
1.156175061999999976e-01,8.796406536999999692e-02,1.141592040999999946e-01,8.638513087999999396e-02
8.796406536999999692e-02,6.092753261000000142e-02,8.638513087999999396e-02,5.923084170000000176e-02
6.092753261000000142e-02,3.460221364999999799e-02,5.923084170000000176e-02,3.279098123000000198e-02
3.460221364999999799e-02,9.070274419999999754e-03,3.279098123000000198e-02,7.148117292999999969e-03
9.070274419999999754e-03,-1.559842470999999939e-02,7.148117292999999969e-03,-1.762763596999999960e-02
-1.559842470999999939e-02,-3.934425487999999860e-02,-1.762763596999999960e-02,-4.147641733000000108e-02
-3.934425487999999860e-02,-6.212146208000000197e-02,-4.147641733000000108e-02,-6.435225903999999830e-02
-6.212146208000000197e-02,-8.389572799000000192e-02,-6.435225903999999830e-02,-8.622079342999999785e-02
-8.389572799000000192e-02,-1.046431362999999948e-01,-8.622079342999999785e-02,-1.070579588000000054e-01
-1.046431362999999948e-01,-1.243513747999999974e-01,-1.070579588000000054e-01,-1.268514394999999961e-01
-1.243513747999999974e-01,-1.430180520000000066e-01,-1.268514394999999961e-01,-1.455988883999999872e-01
-1.430180520000000066e-01,-1.606491804000000079e-01,-1.455988883999999872e-01,-1.633062362999999906e-01
-1.606491804000000079e-01,-1.772582084000000058e-01,-1.633062362999999906e-01,-1.799871175999999962e-01
-1.772582084000000058e-01,-1.928661466000000102e-01,-1.799871175999999962e-01,-1.956625878999999901e-01
-1.928661466000000102e-01,-2.074996679999999982e-01,-1.956625878999999901e-01,-2.103593796000000071e-01
-2.074996679999999982e-01,-2.211899012000000109e-01,-2.103593796000000071e-01,-2.241088002999999940e-01
-2.211899012000000109e-01,-2.339714616999999941e-01,-2.241088002999999940e-01,-2.369456141999999876e-01
-2.339714616999999941e-01,-2.458821385999999942e-01,-2.369456141999999876e-01,-2.489077151000000099e-01
-2.458821385999999942e-01,-2.569618224999999923e-01,-2.489077151000000099e-01,-2.600351571999999778e-01
-2.569618224999999923e-01,-2.672516107999999835e-01,-2.600351571999999778e-01,-2.703692316999999901e-01
-2.672516107999999835e-01,-2.767933606999999907e-01,-2.703692316999999901e-01,-2.799520194999999823e-01
-2.767933606999999907e-01,-2.856290935999999947e-01,-2.799520194999999823e-01,-2.888255714999999890e-01
-2.856290935999999947e-01,-2.938004135999999766e-01,-2.888255714999999890e-01,-2.970317601999999946e-01
9.952011107999999551e-01,9.655342101999999649e-01,9.969192147000000004e-01,9.672774672999999712e-01
9.655342101999999649e-01,9.379041194999999664e-01,9.672774672999999712e-01,9.396437407000000075e-01
9.379041194999999664e-01,9.121438265000000323e-01,9.396437407000000075e-01,9.138609170999999476e-01
9.121438265000000323e-01,8.880615830000000432e-01,9.138609170999999476e-01,8.897436856999999533e-01
8.880615830000000432e-01,8.654502630000000529e-01,8.897436856999999533e-01,8.670889138999999801e-01
8.654502630000000529e-01,8.441343306999999907e-01,8.670889138999999801e-01,8.457239269999999864e-01
8.441343306999999907e-01,8.239332437999999925e-01,8.457239269999999864e-01,8.254698514999999626e-01
8.239332437999999925e-01,8.047025799999999451e-01,8.254698514999999626e-01,8.061835170000000161e-01
8.047025799999999451e-01,7.862989306000000012e-01,8.061835170000000161e-01,7.877222896000000141e-01
7.862989306000000012e-01,7.685984372999999925e-01,7.877222896000000141e-01,7.699628471999999668e-01
7.685984372999999925e-01,7.514947056999999875e-01,7.699628471999999668e-01,7.527992128999999588e-01
7.514947056999999875e-01,7.348814010999999979e-01,7.527992128999999588e-01,7.361251116000000483e-01
7.348814010999999979e-01,7.186667919000000460e-01,7.361251116000000483e-01,7.198489308000000086e-01
7.186667919000000460e-01,7.027688622000000107e-01,7.198489308000000086e-01,7.038887142999999957e-01
7.027688622000000107e-01,6.871036291000000018e-01,7.038887142999999957e-01,6.881604790999999999e-01
6.871036291000000018e-01,6.715927123999999582e-01,6.881604790999999999e-01,6.725856065999999966e-01
6.715927123999999582e-01,6.561660767000000449e-01,6.725856065999999966e-01,6.570941209999999755e-01
6.561660767000000449e-01,6.407492161000000186e-01,6.570941209999999755e-01,6.416112185000000245e-01
6.407492161000000186e-01,6.252663732000000030e-01,6.416112185000000245e-01,6.260610223000000474e-01
6.252663732000000030e-01,6.096431017000000230e-01,6.260610223000000474e-01,6.103687881999999565e-01
6.096431017000000230e-01,5.938042998000000461e-01,6.103687881999999565e-01,5.944593549000000143e-01
5.938042998000000461e-01,5.776657461999999965e-01,5.944593549000000143e-01,5.782479644000000363e-01
5.776657461999999965e-01,5.611366629999999800e-01,5.782479644000000363e-01,5.616437197000000436e-01
5.611366629999999800e-01,5.441223383000000080e-01,5.616437197000000436e-01,5.445513129000000285e-01
5.441223383000000080e-01,5.265159606999999520e-01,5.445513129000000285e-01,5.268636942000000101e-01
5.265159606999999520e-01,5.081940888999999517e-01,5.268636942000000101e-01,5.084568261999999894e-01
5.081940888999999517e-01,4.890179336000000099e-01,5.084568261999999894e-01,4.891914725000000019e-01
4.890179336000000099e-01,4.688284992999999790e-01,4.891914725000000019e-01,4.689077735000000136e-01
4.688284992999999790e-01,4.474360049000000172e-01,4.689077735000000136e-01,4.474152625000000216e-01
4.474360049000000172e-01,4.246163070000000261e-01,4.474152625000000216e-01,4.244888425000000187e-01
4.246163070000000261e-01,4.000997244999999758e-01,4.244888425000000187e-01,3.998576998999999743e-01
4.000997244999999758e-01,3.735572099999999729e-01,3.998576998999999743e-01,3.731913566999999765e-01
3.735572099999999729e-01,3.457857965999999728e-01,3.731913566999999765e-01,3.452901244000000092e-01
3.457857965999999728e-01,3.175498545000000061e-01,3.452901244000000092e-01,3.169215023999999992e-01
3.175498545000000061e-01,2.889666854999999868e-01,3.169215023999999992e-01,2.882034779000000047e-01
2.889666854999999868e-01,2.601598799000000017e-01,2.882034779000000047e-01,2.592603564000000027e-01
2.601598799000000017e-01,2.312553375999999994e-01,2.592603564000000027e-01,2.302187830000000102e-01
2.312553375999999994e-01,2.023818790999999950e-01,2.302187830000000102e-01,2.012082933999999879e-01
2.023818790999999950e-01,1.736652851000000108e-01,2.012082933999999879e-01,1.723553537999999996e-01
1.736652851000000108e-01,1.452307999000000127e-01,1.723553537999999996e-01,1.437858790000000053e-01
1.452307999000000127e-01,1.171954349000000062e-01,1.437858790000000053e-01,1.156175061999999976e-01
1.171954349000000062e-01,8.967246859999999931e-02,1.156175061999999976e-01,8.796406536999999692e-02
8.967246859999999931e-02,6.276332586999999741e-02,8.796406536999999692e-02,6.092753261000000142e-02
6.276332586999999741e-02,3.656193614000000092e-02,6.092753261000000142e-02,3.460221364999999799e-02
3.656193614000000092e-02,1.115002017000000026e-02,3.460221364999999799e-02,9.070274419999999754e-03
1.115002017000000026e-02,-1.340282987999999974e-02,9.070274419999999754e-03,-1.559842470999999939e-02
-1.340282987999999974e-02,-3.703723475000000182e-02,-1.559842470999999939e-02,-3.934425487999999860e-02
-3.703723475000000182e-02,-5.970767885000000108e-02,-3.934425487999999860e-02,-6.212146208000000197e-02
-5.970767885000000108e-02,-8.137989044000000505e-02,-6.212146208000000197e-02,-8.389572799000000192e-02
-8.137989044000000505e-02,-1.020301207999999987e-01,-8.389572799000000192e-02,-1.046431362999999948e-01
-1.020301207999999987e-01,-1.216460466000000018e-01,-1.046431362999999948e-01,-1.243513747999999974e-01
-1.216460466000000018e-01,-1.402252763999999874e-01,-1.243513747999999974e-01,-1.430180520000000066e-01
-1.402252763999999874e-01,-1.577738224999999939e-01,-1.430180520000000066e-01,-1.606491804000000079e-01
-1.577738224999999939e-01,-1.743050217999999874e-01,-1.606491804000000079e-01,-1.772582084000000058e-01
-1.743050217999999874e-01,-1.898398101000000060e-01,-1.772582084000000058e-01,-1.928661466000000102e-01
-1.898398101000000060e-01,-2.044047563999999984e-01,-1.928661466000000102e-01,-2.074996679999999982e-01
-2.044047563999999984e-01,-2.180308401999999923e-01,-2.074996679999999982e-01,-2.211899012000000109e-01
-2.180308401999999923e-01,-2.307525128000000036e-01,-2.211899012000000109e-01,-2.339714616999999941e-01
-2.307525128000000036e-01,-2.426074444999999913e-01,-2.339714616999999941e-01,-2.458821385999999942e-01
-2.426074444999999913e-01,-2.536353469000000027e-01,-2.458821385999999942e-01,-2.569618224999999923e-01
-2.536353469000000027e-01,-2.638771235999999853e-01,-2.569618224999999923e-01,-2.672516107999999835e-01
-2.638771235999999853e-01,-2.733744383000000222e-01,-2.672516107999999835e-01,-2.767933606999999907e-01
-2.733744383000000222e-01,-2.821691036000000263e-01,-2.767933606999999907e-01,-2.856290935999999947e-01
-2.821691036000000263e-01,-2.903026043999999972e-01,-2.856290935999999947e-01,-2.938004135999999766e-01
9.933661221999999791e-01,9.636704922000000062e-01,9.952011107999999551e-01,9.655342101999999649e-01
9.636704922000000062e-01,9.360429048999999724e-01,9.655342101999999649e-01,9.379041194999999664e-01
9.360429048999999724e-01,9.103056191999999713e-01,9.379041194999999664e-01,9.121438265000000323e-01
9.103056191999999713e-01,8.862600326999999778e-01,9.121438265000000323e-01,8.880615830000000432e-01
8.862600326999999778e-01,8.636946081999999913e-01,8.880615830000000432e-01,8.654502630000000529e-01
8.636946081999999913e-01,8.424307107999999822e-01,8.654502630000000529e-01,8.441343306999999907e-01
8.424307107999999822e-01,8.222860694000000414e-01,8.441343306999999907e-01,8.239332437999999925e-01
8.222860694000000414e-01,8.031147121999999694e-01,8.239332437999999925e-01,8.047025799999999451e-01
8.031147121999999694e-01,7.847724556999999823e-01,8.047025799999999451e-01,7.862989306000000012e-01
7.847724556999999823e-01,7.671349049000000253e-01,7.862989306000000012e-01,7.685984372999999925e-01
7.671349049000000253e-01,7.500952481999999533e-01,7.685984372999999925e-01,7.514947056999999875e-01
7.500952481999999533e-01,7.335469722999999886e-01,7.514947056999999875e-01,7.348814010999999979e-01
7.335469722999999886e-01,7.173982858999999879e-01,7.348814010999999979e-01,7.186667919000000460e-01
7.173982858999999879e-01,7.015669942000000159e-01,7.186667919000000460e-01,7.027688622000000107e-01
7.015669942000000159e-01,6.859693527000000346e-01,7.027688622000000107e-01,6.871036291000000018e-01
6.859693527000000346e-01,6.705269216999999449e-01,6.871036291000000018e-01,6.715927123999999582e-01
6.705269216999999449e-01,6.551698446000000509e-01,6.715927123999999582e-01,6.561660767000000449e-01
6.551698446000000509e-01,6.398237944000000343e-01,6.561660767000000449e-01,6.407492161000000186e-01
6.398237944000000343e-01,6.244131923000000306e-01,6.407492161000000186e-01,6.252663732000000030e-01
6.244131923000000306e-01,6.088638306000000444e-01,6.252663732000000030e-01,6.096431017000000230e-01
6.088638306000000444e-01,5.931009054000000447e-01,6.096431017000000230e-01,5.938042998000000461e-01
5.931009054000000447e-01,5.770404339000000382e-01,5.938042998000000461e-01,5.776657461999999965e-01
5.770404339000000382e-01,5.605921149000000492e-01,5.776657461999999965e-01,5.611366629999999800e-01
5.605921149000000492e-01,5.436614751999999662e-01,5.611366629999999800e-01,5.441223383000000080e-01
5.436614751999999662e-01,5.261423588000000429e-01,5.441223383000000080e-01,5.265159606999999520e-01
5.261423588000000429e-01,5.079116821000000392e-01,5.265159606999999520e-01,5.081940888999999517e-01
5.079116821000000392e-01,4.888314008999999905e-01,5.081940888999999517e-01,4.890179336000000099e-01
4.888314008999999905e-01,4.687431752999999812e-01,4.890179336000000099e-01,4.688284992999999790e-01
4.687431752999999812e-01,4.474580884000000092e-01,4.688284992999999790e-01,4.474360049000000172e-01
4.474580884000000092e-01,4.247530103000000112e-01,4.474360049000000172e-01,4.246163070000000261e-01
4.247530103000000112e-01,4.003595113999999788e-01,4.246163070000000261e-01,4.000997244999999758e-01
4.003595113999999788e-01,3.739500045999999966e-01,4.000997244999999758e-01,3.735572099999999729e-01
3.739500045999999966e-01,3.463180660999999882e-01,3.735572099999999729e-01,3.457857965999999728e-01
3.463180660999999882e-01,3.182247281000000205e-01,3.457857965999999728e-01,3.175498545000000061e-01
3.182247281000000205e-01,2.897865176000000154e-01,3.175498545000000061e-01,2.889666854999999868e-01
2.897865176000000154e-01,2.611261904000000134e-01,2.889666854999999868e-01,2.601598799000000017e-01
2.611261904000000134e-01,2.323689758999999966e-01,2.601598799000000017e-01,2.312553375999999994e-01
2.323689758999999966e-01,2.036428302999999940e-01,2.312553375999999994e-01,2.023818790999999950e-01
2.036428302999999940e-01,1.750728488000000138e-01,2.023818790999999950e-01,1.736652851000000108e-01
1.750728488000000138e-01,1.467835306999999978e-01,1.736652851000000108e-01,1.452307999000000127e-01
1.467835306999999978e-01,1.188912018999999931e-01,1.452307999000000127e-01,1.171954349000000062e-01
1.188912018999999931e-01,9.150858222999999625e-02,1.171954349000000062e-01,8.967246859999999931e-02
9.150858222999999625e-02,6.473647057999999677e-02,8.967246859999999931e-02,6.276332586999999741e-02
6.473647057999999677e-02,3.866839780999999782e-02,6.276332586999999741e-02,3.656193614000000092e-02
3.866839780999999782e-02,1.338562276000000023e-02,3.656193614000000092e-02,1.115002017000000026e-02
1.338562276000000023e-02,-1.104256789999999953e-02,1.115002017000000026e-02,-1.340282987999999974e-02
-1.104256789999999953e-02,-3.455706313000000279e-02,-1.340282987999999974e-02,-3.703723475000000182e-02
-3.455706313000000279e-02,-5.711259693000000220e-02,-3.703723475000000182e-02,-5.970767885000000108e-02
-5.711259693000000220e-02,-7.867494970999999726e-02,-5.970767885000000108e-02,-8.137989044000000505e-02
-7.867494970999999726e-02,-9.922056645000000563e-02,-8.137989044000000505e-02,-1.020301207999999987e-01
-9.922056645000000563e-02,-1.187371016000000057e-01,-1.020301207999999987e-01,-1.216460466000000018e-01
-1.187371016000000057e-01,-1.372221559000000035e-01,-1.216460466000000018e-01,-1.402252763999999874e-01
-1.372221559000000035e-01,-1.546817571000000113e-01,-1.402252763999999874e-01,-1.577738224999999939e-01
-1.546817571000000113e-01,-1.711291224000000000e-01,-1.577738224999999939e-01,-1.743050217999999874e-01
-1.711291224000000000e-01,-1.865850836000000068e-01,-1.743050217999999874e-01,-1.898398101000000060e-01
-1.865850836000000068e-01,-2.010761648000000124e-01,-1.898398101000000060e-01,-2.044047563999999984e-01
-2.010761648000000124e-01,-2.146331072000000062e-01,-2.044047563999999984e-01,-2.180308401999999923e-01
-2.146331072000000062e-01,-2.272902428999999946e-01,-2.180308401999999923e-01,-2.307525128000000036e-01
-2.272902428999999946e-01,-2.390850781999999952e-01,-2.307525128000000036e-01,-2.426074444999999913e-01
-2.390850781999999952e-01,-2.500571609000000195e-01,-2.426074444999999913e-01,-2.536353469000000027e-01
-2.500571609000000195e-01,-2.602471411000000234e-01,-2.536353469000000027e-01,-2.638771235999999853e-01
-2.602471411000000234e-01,-2.696965038999999953e-01,-2.638771235999999853e-01,-2.733744383000000222e-01
-2.696965038999999953e-01,-2.784469426000000247e-01,-2.733744383000000222e-01,-2.821691036000000263e-01
-2.784469426000000247e-01,-2.865396439999999822e-01,-2.821691036000000263e-01,-2.903026043999999972e-01
9.914183616999999726e-01,9.616897702000000159e-01,9.933661221999999791e-01,9.636704922000000062e-01
9.616897702000000159e-01,9.340631365999999547e-01,9.636704922000000062e-01,9.360429048999999724e-01
9.340631365999999547e-01,9.083490372000000423e-01,9.360429048999999724e-01,9.103056191999999713e-01
9.083490372000000423e-01,8.843412994999999555e-01,9.103056191999999713e-01,8.862600326999999778e-01
8.843412994999999555e-01,8.618239164000000008e-01,8.862600326999999778e-01,8.636946081999999913e-01
8.618239164000000008e-01,8.406147956999999726e-01,8.636946081999999913e-01,8.424307107999999822e-01
8.406147956999999726e-01,8.205296397000000352e-01,8.424307107999999822e-01,8.222860694000000414e-01
8.205296397000000352e-01,8.014210462999999951e-01,8.222860694000000414e-01,8.031147121999999694e-01
8.014210462999999951e-01,7.831438184000000247e-01,8.031147121999999694e-01,7.847724556999999823e-01
7.831438184000000247e-01,7.655730844000000479e-01,7.847724556999999823e-01,7.671349049000000253e-01
7.655730844000000479e-01,7.486014366000000031e-01,7.671349049000000253e-01,7.500952481999999533e-01
7.486014366000000031e-01,7.321223020999999553e-01,7.500952481999999533e-01,7.335469722999999886e-01
7.321223020999999553e-01,7.160436511000000115e-01,7.335469722999999886e-01,7.173982858999999879e-01
7.160436511000000115e-01,7.002832890000000310e-01,7.173982858999999879e-01,7.015669942000000159e-01
7.002832890000000310e-01,6.847574710999999592e-01,7.015669942000000159e-01,6.859693527000000346e-01
6.847574710999999592e-01,6.693879962000000017e-01,6.859693527000000346e-01,6.705269216999999449e-01
6.693879962000000017e-01,6.541050076000000102e-01,6.705269216999999449e-01,6.551698446000000509e-01
6.541050076000000102e-01,6.388343573000000442e-01,6.551698446000000509e-01,6.398237944000000343e-01
6.388343573000000442e-01,6.235007644000000182e-01,6.398237944000000343e-01,6.244131923000000306e-01
6.235007644000000182e-01,6.080301404000000298e-01,6.244131923000000306e-01,6.088638306000000444e-01
6.080301404000000298e-01,5.923480987999999448e-01,6.088638306000000444e-01,5.931009054000000447e-01
5.923480987999999448e-01,5.763709544999999768e-01,5.931009054000000447e-01,5.770404339000000382e-01
5.763709544999999768e-01,5.600087046999999707e-01,5.770404339000000382e-01,5.605921149000000492e-01
5.600087046999999707e-01,5.431674719000000318e-01,5.605921149000000492e-01,5.436614751999999662e-01
5.431674719000000318e-01,5.257413386999999494e-01,5.436614751999999662e-01,5.261423588000000429e-01
5.257413386999999494e-01,5.076080561000000380e-01,5.261423588000000429e-01,5.079116821000000392e-01
5.076080561000000380e-01,4.886300564000000124e-01,5.079116821000000392e-01,4.888314008999999905e-01
4.886300564000000124e-01,4.686498641999999881e-01,4.888314008999999905e-01,4.687431752999999812e-01
4.686498641999999881e-01,4.474794268999999769e-01,4.687431752999999812e-01,4.474580884000000092e-01
4.474794268999999769e-01,4.248967469000000108e-01,4.474580884000000092e-01,4.247530103000000112e-01
4.248967469000000108e-01,4.006346761999999839e-01,4.247530103000000112e-01,4.003595113999999788e-01
4.006346761999999839e-01,3.743671774999999813e-01,4.003595113999999788e-01,3.739500045999999966e-01
3.743671774999999813e-01,3.468841910000000084e-01,3.739500045999999966e-01,3.463180660999999882e-01
3.468841910000000084e-01,3.189431428999999762e-01,3.463180660999999882e-01,3.182247281000000205e-01
3.189431428999999762e-01,2.906597256999999823e-01,3.182247281000000205e-01,2.897865176000000154e-01
2.906597256999999823e-01,2.621559203000000116e-01,2.897865176000000154e-01,2.611261904000000134e-01
2.621559203000000116e-01,2.335561066999999880e-01,2.611261904000000134e-01,2.323689758999999966e-01
2.335561066999999880e-01,2.049873918000000017e-01,2.323689758999999966e-01,2.036428302999999940e-01
2.049873918000000017e-01,1.765740812000000104e-01,2.036428302999999940e-01,1.750728488000000138e-01
1.765740812000000104e-01,1.484399438000000016e-01,1.750728488000000138e-01,1.467835306999999978e-01
1.484399438000000016e-01,1.207005008999999934e-01,1.467835306999999978e-01,1.188912018999999931e-01
1.207005008999999934e-01,9.346790611999999943e-02,1.188912018999999931e-01,9.150858222999999625e-02
9.346790611999999943e-02,6.684231012999999888e-02,9.150858222999999625e-02,6.473647057999999677e-02
6.684231012999999888e-02,4.091679304999999711e-02,6.473647057999999677e-02,3.866839780999999782e-02
4.091679304999999711e-02,1.577211544000000146e-02,3.866839780999999782e-02,1.338562276000000023e-02
1.577211544000000146e-02,-8.522750810000000177e-03,1.338562276000000023e-02,-1.104256789999999953e-02
-8.522750810000000177e-03,-3.190898522999999903e-02,-1.104256789999999953e-02,-3.455706313000000279e-02
-3.190898522999999903e-02,-5.434159188999999890e-02,-3.455706313000000279e-02,-5.711259693000000220e-02
-5.434159188999999890e-02,-7.578641176000000534e-02,-5.711259693000000220e-02,-7.867494970999999726e-02
-7.578641176000000534e-02,-9.622007607999999435e-02,-7.867494970999999726e-02,-9.922056645000000563e-02
-9.622007607999999435e-02,-1.156302466999999945e-01,-9.922056645000000563e-02,-1.187371016000000057e-01
-1.156302466999999945e-01,-1.340144873000000125e-01,-1.187371016000000057e-01,-1.372221559000000035e-01
-1.340144873000000125e-01,-1.513788849000000103e-01,-1.372221559000000035e-01,-1.546817571000000113e-01
-1.513788849000000103e-01,-1.677364856000000126e-01,-1.546817571000000113e-01,-1.711291224000000000e-01
-1.677364856000000126e-01,-1.831080616000000105e-01,-1.711291224000000000e-01,-1.865850836000000068e-01
-1.831080616000000105e-01,-1.975200175999999863e-01,-1.865850836000000068e-01,-2.010761648000000124e-01
-1.975200175999999863e-01,-2.110029160999999931e-01,-2.010761648000000124e-01,-2.146331072000000062e-01
-2.110029160999999931e-01,-2.235909104000000092e-01,-2.146331072000000062e-01,-2.272902428999999946e-01
-2.235909104000000092e-01,-2.353213577999999917e-01,-2.272902428999999946e-01,-2.390850781999999952e-01
-2.353213577999999917e-01,-2.462336271999999993e-01,-2.390850781999999952e-01,-2.500571609000000195e-01
-2.462336271999999993e-01,-2.563681005999999818e-01,-2.500571609000000195e-01,-2.602471411000000234e-01
-2.563681005999999818e-01,-2.657660841999999746e-01,-2.602471411000000234e-01,-2.696965038999999953e-01
-2.657660841999999746e-01,-2.744690477999999767e-01,-2.696965038999999953e-01,-2.784469426000000247e-01
-2.744690477999999767e-01,-2.825180292000000204e-01,-2.784469426000000247e-01,-2.865396439999999822e-01
9.893648623999999892e-01,9.595985412999999964e-01,9.914183616999999726e-01,9.616897702000000159e-01
9.595985412999999964e-01,9.319705963000000093e-01,9.616897702000000159e-01,9.340631365999999547e-01
9.319705963000000093e-01,9.062792658999999640e-01,9.340631365999999547e-01,9.083490372000000423e-01
9.062792658999999640e-01,8.823103308999999950e-01,9.083490372000000423e-01,8.843412994999999555e-01
8.823103308999999950e-01,8.598425983999999911e-01,8.843412994999999555e-01,8.618239164000000008e-01
8.598425983999999911e-01,8.386905788999999833e-01,8.618239164000000008e-01,8.406147956999999726e-01
8.386905788999999833e-01,8.186677098000000319e-01,8.406147956999999726e-01,8.205296397000000352e-01
8.186677098000000319e-01,7.996248603000000177e-01,8.205296397000000352e-01,8.014210462999999951e-01
7.996248603000000177e-01,7.814161181000000012e-01,8.014210462999999951e-01,7.831438184000000247e-01
7.814161181000000012e-01,7.639156580000000529e-01,7.831438184000000247e-01,7.655730844000000479e-01
7.639156580000000529e-01,7.470157146000000470e-01,7.655730844000000479e-01,7.486014366000000031e-01
7.470157146000000470e-01,7.306094170000000387e-01,7.486014366000000031e-01,7.321223020999999553e-01
7.306094170000000387e-01,7.146047354000000240e-01,7.321223020999999553e-01,7.160436511000000115e-01
7.146047354000000240e-01,6.989192963000000480e-01,7.160436511000000115e-01,7.002832890000000310e-01
6.989192963000000480e-01,6.834694743000000461e-01,7.002832890000000310e-01,6.847574710999999592e-01
6.834694743000000461e-01,6.681771278000000480e-01,6.847574710999999592e-01,6.693879962000000017e-01
6.681771278000000480e-01,6.529725194000000066e-01,6.693879962000000017e-01,6.541050076000000102e-01
6.529725194000000066e-01,6.377816200000000491e-01,6.541050076000000102e-01,6.388343573000000442e-01
6.377816200000000491e-01,6.225295066999999571e-01,6.388343573000000442e-01,6.235007644000000182e-01
6.225295066999999571e-01,6.071423888000000435e-01,6.235007644000000182e-01,6.080301404000000298e-01
6.071423888000000435e-01,5.915459991000000528e-01,6.080301404000000298e-01,5.923480987999999448e-01
5.915459991000000528e-01,5.756570696999999681e-01,5.923480987999999448e-01,5.763709544999999768e-01
5.756570696999999681e-01,5.593860744999999968e-01,5.763709544999999768e-01,5.600087046999999707e-01
5.593860744999999968e-01,5.426395535000000381e-01,5.600087046999999707e-01,5.431674719000000318e-01
5.426395535000000381e-01,5.253120661000000302e-01,5.431674719000000318e-01,5.257413386999999494e-01
5.253120661000000302e-01,5.072819590999999573e-01,5.257413386999999494e-01,5.076080561000000380e-01
5.072819590999999573e-01,4.884124397999999867e-01,5.076080561000000380e-01,4.886300564000000124e-01
4.884124397999999867e-01,4.685467779999999971e-01,4.886300564000000124e-01,4.686498641999999881e-01
4.685467779999999971e-01,4.474979639000000176e-01,4.686498641999999881e-01,4.474794268999999769e-01
4.474979639000000176e-01,4.250450431999999723e-01,4.474794268999999769e-01,4.248967469000000108e-01
4.250450431999999723e-01,4.009223878000000019e-01,4.248967469000000108e-01,4.006346761999999839e-01
4.009223878000000019e-01,3.748055397999999760e-01,4.006346761999999839e-01,3.743671774999999813e-01
3.748055397999999760e-01,3.474805951000000115e-01,3.743671774999999813e-01,3.468841910000000084e-01
3.474805951000000115e-01,3.197011054000000185e-01,3.468841910000000084e-01,3.189431428999999762e-01
3.197011054000000185e-01,2.915820181000000066e-01,3.189431428999999762e-01,2.906597256999999823e-01
2.915820181000000066e-01,2.632443308999999898e-01,2.906597256999999823e-01,2.621559203000000116e-01
2.632443308999999898e-01,2.348116188999999909e-01,2.621559203000000116e-01,2.335561066999999880e-01
2.348116188999999909e-01,2.064100503999999892e-01,2.335561066999999880e-01,2.049873918000000017e-01
2.064100503999999892e-01,1.781630962999999901e-01,2.049873918000000017e-01,1.765740812000000104e-01
1.781630962999999901e-01,1.501937359999999944e-01,1.765740812000000104e-01,1.484399438000000016e-01
1.501937359999999944e-01,1.226166785000000065e-01,1.484399438000000016e-01,1.207005008999999934e-01
1.226166785000000065e-01,9.554345160999999642e-02,1.207005008999999934e-01,9.346790611999999943e-02
9.554345160999999642e-02,6.907349079999999808e-02,9.346790611999999943e-02,6.684231012999999888e-02
6.907349079999999808e-02,4.329942539000000007e-02,6.684231012999999888e-02,4.091679304999999711e-02
4.329942539000000007e-02,1.830147579000000052e-02,4.091679304999999711e-02,1.577211544000000146e-02
1.830147579000000052e-02,-5.851717666000000144e-03,1.577211544000000146e-02,-8.522750810000000177e-03
-5.851717666000000144e-03,-2.910164184999999848e-02,-8.522750810000000177e-03,-3.190898522999999903e-02
-2.910164184999999848e-02,-5.140359700000000226e-02,-3.190898522999999903e-02,-5.434159188999999890e-02
-5.140359700000000226e-02,-7.272347062999999501e-02,-5.434159188999999890e-02,-7.578641176000000534e-02
-7.272347062999999501e-02,-9.303812682999999806e-02,-7.578641176000000534e-02,-9.622007607999999435e-02
-9.303812682999999806e-02,-1.123351902000000041e-01,-9.622007607999999435e-02,-1.156302466999999945e-01
-1.123351902000000041e-01,-1.306122392000000076e-01,-1.156302466999999945e-01,-1.340144873000000125e-01
-1.306122392000000076e-01,-1.478753686000000012e-01,-1.340144873000000125e-01,-1.513788849000000103e-01
-1.478753686000000012e-01,-1.641374825999999953e-01,-1.513788849000000103e-01,-1.677364856000000126e-01
-1.641374825999999953e-01,-1.794192492999999999e-01,-1.677364856000000126e-01,-1.831080616000000105e-01
-1.794192492999999999e-01,-1.937470138000000064e-01,-1.831080616000000105e-01,-1.975200175999999863e-01
-1.937470138000000064e-01,-2.071511000000000047e-01,-1.975200175999999863e-01,-2.110029160999999931e-01
-2.071511000000000047e-01,-2.196654975000000010e-01,-2.110029160999999931e-01,-2.235909104000000092e-01
-2.196654975000000010e-01,-2.313273996000000110e-01,-2.235909104000000092e-01,-2.353213577999999917e-01
-2.313273996000000110e-01,-2.421759813999999900e-01,-2.353213577999999917e-01,-2.462336271999999993e-01
-2.421759813999999900e-01,-2.522513567999999928e-01,-2.462336271999999993e-01,-2.563681005999999818e-01
-2.522513567999999928e-01,-2.615946531000000186e-01,-2.563681005999999818e-01,-2.657660841999999746e-01
-2.615946531000000186e-01,-2.702470719999999771e-01,-2.657660841999999746e-01,-2.744690477999999767e-01
-2.702470719999999771e-01,-2.782494723999999753e-01,-2.744690477999999767e-01,-2.825180292000000204e-01
9.872156977999999583e-01,9.574061036000000025e-01,9.893648623999999892e-01,9.595985412999999964e-01
9.574061036000000025e-01,9.297740459000000124e-01,9.595985412999999964e-01,9.319705963000000093e-01
9.297740459000000124e-01,9.041045307999999725e-01,9.319705963000000093e-01,9.062792658999999640e-01
9.041045307999999725e-01,8.801746367999999654e-01,9.062792658999999640e-01,8.823103308999999950e-01
8.801746367999999654e-01,8.577578663999999575e-01,8.823103308999999950e-01,8.598425983999999911e-01
8.577578663999999575e-01,8.366647958999999801e-01,8.598425983999999911e-01,8.386905788999999833e-01
8.366647958999999801e-01,8.167065382000000540e-01,8.386905788999999833e-01,8.186677098000000319e-01
8.167065382000000540e-01,7.977321743999999937e-01,8.186677098000000319e-01,7.996248603000000177e-01
7.977321743999999937e-01,7.795947194000000247e-01,7.996248603000000177e-01,7.814161181000000012e-01
7.795947194000000247e-01,7.621676922000000243e-01,7.814161181000000012e-01,7.639156580000000529e-01
7.621676922000000243e-01,7.453427314999999664e-01,7.639156580000000529e-01,7.470157146000000470e-01
7.453427314999999664e-01,7.290127872999999648e-01,7.470157146000000470e-01,7.306094170000000387e-01
7.290127872999999648e-01,7.130856514000000201e-01,7.306094170000000387e-01,7.146047354000000240e-01
7.130856514000000201e-01,6.974787712000000139e-01,7.146047354000000240e-01,6.989192963000000480e-01
6.974787712000000139e-01,6.821086406999999907e-01,6.989192963000000480e-01,6.834694743000000461e-01
6.821086406999999907e-01,6.668972968999999917e-01,6.834694743000000461e-01,6.681771278000000480e-01
6.668972968999999917e-01,6.517750024999999781e-01,6.681771278000000480e-01,6.529725194000000066e-01
6.517750024999999781e-01,6.366679668000000403e-01,6.529725194000000066e-01,6.377816200000000491e-01
6.366679668000000403e-01,6.215015054000000427e-01,6.377816200000000491e-01,6.225295066999999571e-01
6.215015054000000427e-01,6.062021852000000210e-01,6.225295066999999571e-01,6.071423888000000435e-01
6.062021852000000210e-01,5.906959175999999534e-01,6.071423888000000435e-01,5.915459991000000528e-01
5.906959175999999534e-01,5.748997927000000230e-01,5.915459991000000528e-01,5.756570696999999681e-01
5.748997927000000230e-01,5.587248801999999959e-01,5.756570696999999681e-01,5.593860744999999968e-01
5.587248801999999959e-01,5.420779585999999650e-01,5.593860744999999968e-01,5.426395535000000381e-01
5.420779585999999650e-01,5.248543620000000187e-01,5.426395535000000381e-01,5.253120661000000302e-01
5.248543620000000187e-01,5.069329142999999815e-01,5.253120661000000302e-01,5.072819590999999573e-01
5.069329142999999815e-01,4.881776570999999953e-01,5.072819590999999573e-01,4.884124397999999867e-01
4.881776570999999953e-01,4.684326649000000176e-01,4.884124397999999867e-01,4.685467779999999971e-01
4.684326649000000176e-01,4.475119411999999852e-01,4.685467779999999971e-01,4.474979639000000176e-01
4.475119411999999852e-01,4.251957834000000269e-01,4.474979639000000176e-01,4.250450431999999723e-01
4.251957834000000269e-01,4.012199938000000077e-01,4.250450431999999723e-01,4.009223878000000019e-01
4.012199938000000077e-01,3.752618730000000236e-01,4.009223878000000019e-01,3.748055397999999760e-01
3.752618730000000236e-01,3.481034635999999960e-01,3.748055397999999760e-01,3.474805951000000115e-01
3.481034635999999960e-01,3.204943239999999971e-01,3.474805951000000115e-01,3.197011054000000185e-01
3.204943239999999971e-01,2.925484179999999768e-01,3.197011054000000185e-01,2.915820181000000066e-01
2.925484179999999768e-01,2.643859088000000135e-01,2.915820181000000066e-01,2.632443308999999898e-01
2.643859088000000135e-01,2.361294030999999960e-01,2.632443308999999898e-01,2.348116188999999909e-01
2.361294030999999960e-01,2.079041004000000137e-01,2.348116188999999909e-01,2.064100503999999892e-01
2.079041004000000137e-01,1.798326372999999867e-01,2.064100503999999892e-01,1.781630962999999901e-01
1.798326372999999867e-01,1.520370990000000089e-01,1.781630962999999901e-01,1.501937359999999944e-01
1.520370990000000089e-01,1.246313527000000032e-01,1.501937359999999944e-01,1.226166785000000065e-01
1.246313527000000032e-01,9.772626311000000288e-02,1.226166785000000065e-01,9.554345160999999642e-02
9.772626311000000288e-02,7.142052798999999619e-02,9.554345160999999642e-02,6.907349079999999808e-02
7.142052798999999619e-02,4.580628871999999768e-02,6.907349079999999808e-02,4.329942539000000007e-02
4.580628871999999768e-02,2.096320315999999906e-02,4.329942539000000007e-02,1.830147579000000052e-02
2.096320315999999906e-02,-3.040448761999999840e-03,1.830147579000000052e-02,-5.851717666000000144e-03
-3.040448761999999840e-03,-2.614647523000000057e-02,-5.851717666000000144e-03,-2.910164184999999848e-02
-2.614647523000000057e-02,-4.831048846000000202e-02,-2.910164184999999848e-02,-5.140359700000000226e-02
-4.831048846000000202e-02,-6.949843465999999692e-02,-5.140359700000000226e-02,-7.272347062999999501e-02
-6.949843465999999692e-02,-8.968739957000000651e-02,-7.272347062999999501e-02,-9.303812682999999806e-02
-8.968739957000000651e-02,-1.088650077999999966e-01,-9.303812682999999806e-02,-1.123351902000000041e-01
-1.088650077999999966e-01,-1.270287931000000092e-01,-1.123351902000000041e-01,-1.306122392000000076e-01
-1.270287931000000092e-01,-1.441849470000000077e-01,-1.306122392000000076e-01,-1.478753686000000012e-01
-1.441849470000000077e-01,-1.603461503999999982e-01,-1.478753686000000012e-01,-1.641374825999999953e-01
-1.603461503999999982e-01,-1.755330116000000107e-01,-1.641374825999999953e-01,-1.794192492999999999e-01
-1.755330116000000107e-01,-1.897718012000000065e-01,-1.794192492999999999e-01,-1.937470138000000064e-01
-1.897718012000000065e-01,-2.030925751000000057e-01,-1.937470138000000064e-01,-2.071511000000000047e-01
-2.030925751000000057e-01,-2.155291437999999893e-01,-2.071511000000000047e-01,-2.196654975000000010e-01
-2.155291437999999893e-01,-2.271185665999999881e-01,-2.196654975000000010e-01,-2.313273996000000110e-01
-2.271185665999999881e-01,-2.378997952000000138e-01,-2.313273996000000110e-01,-2.421759813999999900e-01
-2.378997952000000138e-01,-2.479126601999999957e-01,-2.421759813999999900e-01,-2.522513567999999928e-01
-2.479126601999999957e-01,-2.571980655000000171e-01,-2.522513567999999928e-01,-2.615946531000000186e-01
-2.571980655000000171e-01,-2.657970190000000232e-01,-2.615946531000000186e-01,-2.702470719999999771e-01
-2.657970190000000232e-01,-2.737501561999999833e-01,-2.702470719999999771e-01,-2.782494723999999753e-01
9.849838614000000492e-01,9.551249146000000412e-01,9.872156977999999583e-01,9.574061036000000025e-01
9.551249146000000412e-01,9.274854660000000361e-01,9.574061036000000025e-01,9.297740459000000124e-01
9.274854660000000361e-01,9.018362164000000014e-01,9.297740459000000124e-01,9.041045307999999725e-01
9.018362164000000014e-01,8.779451847000000475e-01,9.041045307999999725e-01,8.801746367999999654e-01
8.779451847000000475e-01,8.555800318999999821e-01,8.801746367999999654e-01,8.577578663999999575e-01
8.555800318999999821e-01,8.345472216999999526e-01,8.577578663999999575e-01,8.366647958999999801e-01
8.345472216999999526e-01,8.146554231999999507e-01,8.366647958999999801e-01,8.167065382000000540e-01
8.146554231999999507e-01,7.957517505000000213e-01,8.167065382000000540e-01,7.977321743999999937e-01
7.957517505000000213e-01,7.776880859999999451e-01,7.977321743999999937e-01,7.795947194000000247e-01
7.776880859999999451e-01,7.603371738999999963e-01,7.795947194000000247e-01,7.621676922000000243e-01
7.603371738999999963e-01,7.435900569000000182e-01,7.621676922000000243e-01,7.453427314999999664e-01
7.435900569000000182e-01,7.273395060999999773e-01,7.453427314999999664e-01,7.290127872999999648e-01
7.273395060999999773e-01,7.114929557000000404e-01,7.290127872999999648e-01,7.130856514000000201e-01
7.114929557000000404e-01,6.959679127000000243e-01,7.130856514000000201e-01,6.974787712000000139e-01
6.959679127000000243e-01,6.806808709999999651e-01,6.974787712000000139e-01,6.821086406999999907e-01
6.806808709999999651e-01,6.655539870000000136e-01,6.821086406999999907e-01,6.668972968999999917e-01
6.655539870000000136e-01,6.505175828999999466e-01,6.668972968999999917e-01,6.517750024999999781e-01
6.505175828999999466e-01,6.354981065000000484e-01,6.517750024999999781e-01,6.366679668000000403e-01
6.354981065000000484e-01,6.204211116000000192e-01,6.366679668000000403e-01,6.215015054000000427e-01
6.204211116000000192e-01,6.052134036999999855e-01,6.215015054000000427e-01,6.062021852000000210e-01
6.052134036999999855e-01,5.898012518999999898e-01,6.062021852000000210e-01,5.906959175999999534e-01
5.898012518999999898e-01,5.741022229000000143e-01,5.906959175999999534e-01,5.748997927000000230e-01
5.741022229000000143e-01,5.580276251000000354e-01,5.748997927000000230e-01,5.587248801999999959e-01
5.580276251000000354e-01,5.414849520000000194e-01,5.587248801999999959e-01,5.420779585999999650e-01
5.414849520000000194e-01,5.243699550999999515e-01,5.420779585999999650e-01,5.248543620000000187e-01
5.243699550999999515e-01,5.065621733999999821e-01,5.248543620000000187e-01,5.069329142999999815e-01
5.065621733999999821e-01,4.879264234999999839e-01,5.069329142999999815e-01,4.881776570999999953e-01
4.879264234999999839e-01,4.683076738999999988e-01,4.881776570999999953e-01,4.684326649000000176e-01
4.683076738999999988e-01,4.475210010999999821e-01,4.684326649000000176e-01,4.475119411999999852e-01
4.475210010999999821e-01,4.253479242000000049e-01,4.475119411999999852e-01,4.251957834000000269e-01
4.253479242000000049e-01,4.015258253000000277e-01,4.251957834000000269e-01,4.012199938000000077e-01
4.015258253000000277e-01,3.757338524000000124e-01,4.012199938000000077e-01,3.752618730000000236e-01
3.757338524000000124e-01,3.487497866000000002e-01,3.752618730000000236e-01,3.481034635999999960e-01
3.487497866000000002e-01,3.213189542000000065e-01,3.481034635999999960e-01,3.204943239999999971e-01
3.213189542000000065e-01,2.935544549999999919e-01,3.204943239999999971e-01,2.925484179999999768e-01
2.935544549999999919e-01,2.655753492999999854e-01,2.925484179999999768e-01,2.643859088000000135e-01
2.655753492999999854e-01,2.375034242999999878e-01,2.643859088000000135e-01,2.361294030999999960e-01
2.375034242999999878e-01,2.094628065999999955e-01,2.361294030999999960e-01,2.079041004000000137e-01
2.094628065999999955e-01,1.815751791000000115e-01,2.079041004000000137e-01,1.798326372999999867e-01
1.815751791000000115e-01,1.539617628000000127e-01,1.798326372999999867e-01,1.520370990000000089e-01
1.539617628000000127e-01,1.267355531000000091e-01,1.520370990000000089e-01,1.246313527000000032e-01
1.267355531000000091e-01,1.000066772000000048e-01,1.246313527000000032e-01,9.772626311000000288e-02
1.000066772000000048e-01,7.387306540999999394e-02,9.772626311000000288e-02,7.142052798999999619e-02
7.387306540999999394e-02,4.842637107000000163e-02,7.142052798999999619e-02,4.580628871999999768e-02
4.842637107000000163e-02,2.374562993999999871e-02,4.580628871999999768e-02,2.096320315999999906e-02
2.374562993999999871e-02,-1.012369757999999977e-04,2.096320315999999906e-02,-3.040448761999999840e-03
-1.012369757999999977e-04,-2.305637858999999915e-02,-3.040448761999999840e-03,-2.614647523000000057e-02
-2.305637858999999915e-02,-4.507573321000000327e-02,-2.614647523000000057e-02,-4.831048846000000202e-02
-4.507573321000000327e-02,-6.612531096000000275e-02,-4.831048846000000202e-02,-6.949843465999999692e-02
-6.612531096000000275e-02,-8.618243038999999495e-02,-6.949843465999999692e-02,-8.968739957000000651e-02
-8.618243038999999495e-02,-1.052347123999999995e-01,-8.968739957000000651e-02,-1.088650077999999966e-01
-1.052347123999999995e-01,-1.232796832999999981e-01,-1.088650077999999966e-01,-1.270287931000000092e-01
-1.232796832999999981e-01,-1.403235495000000055e-01,-1.270287931000000092e-01,-1.441849470000000077e-01
-1.403235495000000055e-01,-1.563788651999999946e-01,-1.441849470000000077e-01,-1.603461503999999982e-01
-1.563788651999999946e-01,-1.714660972000000005e-01,-1.603461503999999982e-01,-1.755330116000000107e-01
-1.714660972000000005e-01,-1.856114566000000021e-01,-1.755330116000000107e-01,-1.897718012000000065e-01
-1.856114566000000021e-01,-1.988447458000000001e-01,-1.897718012000000065e-01,-2.030925751000000057e-01
-1.988447458000000001e-01,-2.111995965000000031e-01,-2.030925751000000057e-01,-2.155291437999999893e-01
-2.111995965000000031e-01,-2.227128892999999943e-01,-2.155291437999999893e-01,-2.271185665999999881e-01
-2.227128892999999943e-01,-2.334233671000000010e-01,-2.271185665999999881e-01,-2.378997952000000138e-01
-2.334233671000000010e-01,-2.433705627999999954e-01,-2.378997952000000138e-01,-2.479126601999999957e-01
-2.433705627999999954e-01,-2.525951564000000205e-01,-2.479126601999999957e-01,-2.571980655000000171e-01
-2.525951564000000205e-01,-2.611379325000000029e-01,-2.571980655000000171e-01,-2.657970190000000232e-01
-2.611379325000000029e-01,-2.690392732999999925e-01,-2.657970190000000232e-01,-2.737501561999999833e-01
9.826855659000000021e-01,9.527708292000000023e-01,9.849838614000000492e-01,9.551249146000000412e-01
9.527708292000000023e-01,9.251201153000000454e-01,9.551249146000000412e-01,9.274854660000000361e-01
9.251201153000000454e-01,8.994891644000000408e-01,9.274854660000000361e-01,9.018362164000000014e-01
8.994891644000000408e-01,8.756362199999999651e-01,9.018362164000000014e-01,8.779451847000000475e-01
8.756362199999999651e-01,8.533229232000000275e-01,8.779451847000000475e-01,8.555800318999999821e-01
8.533229232000000275e-01,8.323512672999999751e-01,8.555800318999999821e-01,8.345472216999999526e-01
8.323512672999999751e-01,8.125271796999999907e-01,8.345472216999999526e-01,8.146554231999999507e-01
8.125271796999999907e-01,7.936959266999999985e-01,8.146554231999999507e-01,7.957517505000000213e-01
7.936959266999999985e-01,7.757081389000000105e-01,7.957517505000000213e-01,7.776880859999999451e-01
7.757081389000000105e-01,7.584356070000000116e-01,7.776880859999999451e-01,7.603371738999999963e-01
7.584356070000000116e-01,7.417687177999999770e-01,7.603371738999999963e-01,7.435900569000000182e-01
7.417687177999999770e-01,7.256000637999999725e-01,7.435900569000000182e-01,7.273395060999999773e-01
7.256000637999999725e-01,7.098369002000000094e-01,7.273395060999999773e-01,7.114929557000000404e-01
7.098369002000000094e-01,6.943964362000000223e-01,7.114929557000000404e-01,6.959679127000000243e-01
6.943964362000000223e-01,6.791954041000000108e-01,6.959679127000000243e-01,6.806808709999999651e-01
6.791954041000000108e-01,6.641559600999999979e-01,6.806808709999999651e-01,6.655539870000000136e-01
6.641559600999999979e-01,6.492085456999999726e-01,6.655539870000000136e-01,6.505175828999999466e-01
6.492085456999999726e-01,6.342798470999999605e-01,6.505175828999999466e-01,6.354981065000000484e-01
6.342798470999999605e-01,6.192955971000000392e-01,6.354981065000000484e-01,6.204211116000000192e-01
6.192955971000000392e-01,6.041830181999999771e-01,6.204211116000000192e-01,6.052134036999999855e-01
6.041830181999999771e-01,5.888686180000000103e-01,6.052134036999999855e-01,5.898012518999999898e-01
5.888686180000000103e-01,5.732702613000000280e-01,5.898012518999999898e-01,5.741022229000000143e-01
5.732702613000000280e-01,5.572999715999999992e-01,5.741022229000000143e-01,5.580276251000000354e-01
5.572999715999999992e-01,5.408655405000000194e-01,5.580276251000000354e-01,5.414849520000000194e-01
5.408655405000000194e-01,5.238633155999999902e-01,5.414849520000000194e-01,5.243699550999999515e-01
5.238633155999999902e-01,5.061736703000000448e-01,5.243699550999999515e-01,5.065621733999999821e-01
5.061736703000000448e-01,4.876621067999999948e-01,5.065621733999999821e-01,4.879264234999999839e-01
4.876621067999999948e-01,4.681745768000000196e-01,4.879264234999999839e-01,4.683076738999999988e-01
4.681745768000000196e-01,4.475272596000000047e-01,4.683076738999999988e-01,4.475210010999999821e-01
4.475272596000000047e-01,4.255029558999999795e-01,4.475210010999999821e-01,4.253479242000000049e-01
4.255029558999999795e-01,4.018406868000000132e-01,4.253479242000000049e-01,4.015258253000000277e-01
4.018406868000000132e-01,3.762214481999999749e-01,4.015258253000000277e-01,3.757338524000000124e-01
3.762214481999999749e-01,3.494186698999999785e-01,3.757338524000000124e-01,3.487497866000000002e-01
3.494186698999999785e-01,3.221733272000000259e-01,3.487497866000000002e-01,3.213189542000000065e-01
3.221733272000000259e-01,2.945975064999999948e-01,3.213189542000000065e-01,2.935544549999999919e-01
2.945975064999999948e-01,2.668093145000000055e-01,2.935544549999999919e-01,2.655753492999999854e-01
2.668093145000000055e-01,2.389294355999999897e-01,2.655753492999999854e-01,2.375034242999999878e-01
2.389294355999999897e-01,2.110810130999999923e-01,2.375034242999999878e-01,2.094628065999999955e-01
2.110810130999999923e-01,1.833847463000000122e-01,2.094628065999999955e-01,1.815751791000000115e-01
1.833847463000000122e-01,1.559609324000000019e-01,1.815751791000000115e-01,1.539617628000000127e-01
1.559609324000000019e-01,1.289216130999999987e-01,1.539617628000000127e-01,1.267355531000000091e-01
1.289216130999999987e-01,1.023762151999999953e-01,1.267355531000000091e-01,1.000066772000000048e-01
1.023762151999999953e-01,7.642184198000000206e-02,1.000066772000000048e-01,7.387306540999999394e-02
7.642184198000000206e-02,5.114961787999999787e-02,7.387306540999999394e-02,4.842637107000000163e-02
5.114961787999999787e-02,2.663795835999999834e-02,4.842637107000000163e-02,2.374562993999999871e-02
2.663795835999999834e-02,2.954399212999999930e-03,2.374562993999999871e-02,-1.012369757999999977e-04
2.954399212999999930e-03,-1.984356343999999980e-02,-1.012369757999999977e-04,-2.305637858999999915e-02
-1.984356343999999980e-02,-4.171221331000000282e-02,-2.305637858999999915e-02,-4.507573321000000327e-02
-4.171221331000000282e-02,-6.261760740999999797e-02,-4.507573321000000327e-02,-6.612531096000000275e-02
-6.261760740999999797e-02,-8.253734559000000526e-02,-6.612531096000000275e-02,-8.618243038999999495e-02
-8.253734559000000526e-02,-1.014590040000000054e-01,-8.618243038999999495e-02,-1.052347123999999995e-01
-1.014590040000000054e-01,-1.193801164999999942e-01,-1.052347123999999995e-01,-1.232796832999999981e-01
-1.193801164999999942e-01,-1.363069415000000006e-01,-1.232796832999999981e-01,-1.403235495000000055e-01
-1.363069415000000006e-01,-1.522518247000000102e-01,-1.403235495000000055e-01,-1.563788651999999946e-01
-1.522518247000000102e-01,-1.672351807000000135e-01,-1.563788651999999946e-01,-1.714660972000000005e-01
-1.672351807000000135e-01,-1.812830864999999958e-01,-1.714660972000000005e-01,-1.856114566000000021e-01
-1.812830864999999958e-01,-1.944251208999999980e-01,-1.856114566000000021e-01,-1.988447458000000001e-01
-1.944251208999999980e-01,-2.066947073000000024e-01,-1.988447458000000001e-01,-2.111995965000000031e-01
-2.066947073000000024e-01,-2.181285769000000097e-01,-2.111995965000000031e-01,-2.227128892999999943e-01
-2.181285769000000097e-01,-2.287652343999999893e-01,-2.227128892999999943e-01,-2.334233671000000010e-01
-2.287652343999999893e-01,-2.386438847000000030e-01,-2.334233671000000010e-01,-2.433705627999999954e-01
-2.386438847000000030e-01,-2.478049994000000034e-01,-2.433705627999999954e-01,-2.525951564000000205e-01
-2.478049994000000034e-01,-2.562891245000000207e-01,-2.525951564000000205e-01,-2.611379325000000029e-01
-2.562891245000000207e-01,-2.641364037999999748e-01,-2.611379325000000029e-01,-2.690392732999999925e-01
9.803399444000000518e-01,9.503628612000000198e-01,9.826855659000000021e-01,9.527708292000000023e-01
9.503628612000000198e-01,9.226968288000000351e-01,9.527708292000000023e-01,9.251201153000000454e-01
9.226968288000000351e-01,8.970818520000000129e-01,9.251201153000000454e-01,8.994891644000000408e-01
8.970818520000000129e-01,8.732659817000000269e-01,8.994891644000000408e-01,8.756362199999999651e-01
8.732659817000000269e-01,8.510042428999999853e-01,8.756362199999999651e-01,8.533229232000000275e-01
8.510042428999999853e-01,8.300941586000000205e-01,8.533229232000000275e-01,8.323512672999999751e-01
8.300941586000000205e-01,8.103388548000000080e-01,8.323512672999999751e-01,8.125271796999999907e-01
8.103388548000000080e-01,7.915812731000000380e-01,8.125271796999999907e-01,7.936959266999999985e-01
7.915812731000000380e-01,7.736708521999999810e-01,7.936959266999999985e-01,7.757081389000000105e-01
7.736708521999999810e-01,7.564784883999999821e-01,7.757081389000000105e-01,7.584356070000000116e-01
7.564784883999999821e-01,7.398939132999999835e-01,7.584356070000000116e-01,7.417687177999999770e-01
7.398939132999999835e-01,7.238092421999999804e-01,7.417687177999999770e-01,7.256000637999999725e-01
7.238092421999999804e-01,7.081316709999999626e-01,7.256000637999999725e-01,7.098369002000000094e-01
7.081316709999999626e-01,6.927782297000000256e-01,7.098369002000000094e-01,6.943964362000000223e-01
6.927782297000000256e-01,6.776656507999999635e-01,6.943964362000000223e-01,6.791954041000000108e-01
6.776656507999999635e-01,6.627162694999999548e-01,6.791954041000000108e-01,6.641559600999999979e-01
6.627162694999999548e-01,6.478605269999999638e-01,6.641559600999999979e-01,6.492085456999999726e-01
6.478605269999999638e-01,6.330252885999999579e-01,6.492085456999999726e-01,6.342798470999999605e-01
6.330252885999999579e-01,6.181367039999999813e-01,6.342798470999999605e-01,6.192955971000000392e-01
6.181367039999999813e-01,6.031222343000000041e-01,6.192955971000000392e-01,6.041830181999999771e-01
6.031222343000000041e-01,5.879086256000000121e-01,6.041830181999999771e-01,5.888686180000000103e-01
5.879086256000000121e-01,5.724142789999999703e-01,5.888686180000000103e-01,5.732702613000000280e-01
5.724142789999999703e-01,5.565515757000000230e-01,5.732702613000000280e-01,5.572999715999999992e-01
5.565515757000000230e-01,5.402289032999999518e-01,5.572999715999999992e-01,5.408655405000000194e-01
5.402289032999999518e-01,5.233432055000000194e-01,5.408655405000000194e-01,5.238633155999999902e-01
5.233432055000000194e-01,5.057755709000000266e-01,5.238633155999999902e-01,5.061736703000000448e-01
5.057755709000000266e-01,4.873922764999999990e-01,5.061736703000000448e-01,4.876621067999999948e-01
4.873922764999999990e-01,4.680403173000000083e-01,4.876621067999999948e-01,4.681745768000000196e-01
4.680403173000000083e-01,4.475369751000000118e-01,4.681745768000000196e-01,4.475272596000000047e-01
4.475369751000000118e-01,4.256664217000000194e-01,4.475272596000000047e-01,4.255029558999999795e-01
4.256664217000000194e-01,4.021693170000000261e-01,4.255029558999999795e-01,4.018406868000000132e-01
4.021693170000000261e-01,3.767286241000000202e-01,4.018406868000000132e-01,3.762214481999999749e-01
3.767286241000000202e-01,3.501132429000000101e-01,3.762214481999999749e-01,3.494186698999999785e-01
3.501132429000000101e-01,3.230596483000000019e-01,3.494186698999999785e-01,3.221733272000000259e-01
3.230596483000000019e-01,2.956789731999999726e-01,3.221733272000000259e-01,2.945975064999999948e-01
2.956789731999999726e-01,2.680881619000000105e-01,2.945975064999999948e-01,2.668093145000000055e-01
2.680881619000000105e-01,2.404069601999999917e-01,2.668093145000000055e-01,2.389294355999999897e-01
2.404069601999999917e-01,2.127573490000000123e-01,2.389294355999999897e-01,2.110810130999999923e-01
2.127573490000000123e-01,1.852590889000000074e-01,2.110810130999999923e-01,1.833847463000000122e-01
1.852590889000000074e-01,1.580314486999999934e-01,1.833847463000000122e-01,1.559609324000000019e-01
1.580314486999999934e-01,1.311855167000000044e-01,1.559609324000000019e-01,1.289216130999999987e-01
1.311855167000000044e-01,1.048300043000000015e-01,1.289216130999999987e-01,1.023762151999999953e-01
1.048300043000000015e-01,7.906113565000000287e-02,1.023762151999999953e-01,7.642184198000000206e-02
7.906113565000000287e-02,5.396949872000000176e-02,7.642184198000000206e-02,5.114961787999999787e-02
5.396949872000000176e-02,2.963286638000000098e-02,5.114961787999999787e-02,2.663795835999999834e-02
2.963286638000000098e-02,6.118371616999999756e-03,2.663795835999999834e-02,2.954399212999999930e-03
6.118371616999999756e-03,-1.651685312000000100e-02,2.954399212999999930e-03,-1.984356343999999980e-02
-1.651685312000000100e-02,-3.822944686000000203e-02,-1.984356343999999980e-02,-4.171221331000000282e-02
-3.822944686000000203e-02,-5.898553505999999669e-02,-4.171221331000000282e-02,-6.261760740999999797e-02
-5.898553505999999669e-02,-7.876297086000000336e-02,-6.261760740999999797e-02,-8.253734559000000526e-02
-7.876297086000000336e-02,-9.754932671999999583e-02,-8.253734559000000526e-02,-1.014590040000000054e-01
-9.754932671999999583e-02,-1.153421178000000047e-01,-1.014590040000000054e-01,-1.193801164999999942e-01
-1.153421178000000047e-01,-1.321476548999999945e-01,-1.193801164999999942e-01,-1.363069415000000006e-01
-1.321476548999999945e-01,-1.479781121000000033e-01,-1.363069415000000006e-01,-1.522518247000000102e-01
-1.479781121000000033e-01,-1.628537922999999943e-01,-1.522518247000000102e-01,-1.672351807000000135e-01
-1.628537922999999943e-01,-1.768006980000000061e-01,-1.672351807000000135e-01,-1.812830864999999958e-01
-1.768006980000000061e-01,-1.898481250000000065e-01,-1.812830864999999958e-01,-1.944251208999999980e-01
-1.898481250000000065e-01,-2.020293026999999964e-01,-1.944251208999999980e-01,-2.066947073000000024e-01
-2.020293026999999964e-01,-2.133807987000000128e-01,-2.066947073000000024e-01,-2.181285769000000097e-01
-2.133807987000000128e-01,-2.239408790999999899e-01,-2.181285769000000097e-01,-2.287652343999999893e-01
-2.239408790999999899e-01,-2.337484508999999877e-01,-2.287652343999999893e-01,-2.386438847000000030e-01
-2.337484508999999877e-01,-2.428437173000000115e-01,-2.386438847000000030e-01,-2.478049994000000034e-01
-2.428437173000000115e-01,-2.512670159000000014e-01,-2.478049994000000034e-01,-2.562891245000000207e-01
-2.512670159000000014e-01,-2.590582073000000096e-01,-2.562891245000000207e-01,-2.641364037999999748e-01
9.779686332000000482e-01,9.479228854000000259e-01,9.803399444000000518e-01,9.503628612000000198e-01
9.479228854000000259e-01,9.202375412000000088e-01,9.503628612000000198e-01,9.226968288000000351e-01
9.202375412000000088e-01,8.946361541999999778e-01,9.226968288000000351e-01,8.970818520000000129e-01
8.946361541999999778e-01,8.708560467000000527e-01,8.970818520000000129e-01,8.732659817000000269e-01
8.708560467000000527e-01,8.486455679000000085e-01,8.732659817000000269e-01,8.510042428999999853e-01
8.486455679000000085e-01,8.277972340999999457e-01,8.510042428999999853e-01,8.300941586000000205e-01
8.277972340999999457e-01,8.081112503999999808e-01,8.300941586000000205e-01,8.103388548000000080e-01
8.081112503999999808e-01,7.894284128999999872e-01,8.103388548000000080e-01,7.915812731000000380e-01
7.894284128999999872e-01,7.715966702000000010e-01,7.915812731000000380e-01,7.736708521999999810e-01
7.715966702000000010e-01,7.544859052000000288e-01,7.736708521999999810e-01,7.564784883999999821e-01
7.544859052000000288e-01,7.379851937000000417e-01,7.564784883999999821e-01,7.398939132999999835e-01
7.379851937000000417e-01,7.219863533999999472e-01,7.398939132999999835e-01,7.238092421999999804e-01
7.219863533999999472e-01,7.063962817000000172e-01,7.238092421999999804e-01,7.081316709999999626e-01
7.063962817000000172e-01,6.911318302000000191e-01,7.081316709999999626e-01,6.927782297000000256e-01
6.911318302000000191e-01,6.761097907999999990e-01,6.927782297000000256e-01,6.776656507999999635e-01
6.761097907999999990e-01,6.612526774000000440e-01,6.776656507999999635e-01,6.627162694999999548e-01
6.612526774000000440e-01,6.464908718999999859e-01,6.627162694999999548e-01,6.478605269999999638e-01
6.464908718999999859e-01,6.317515372999999990e-01,6.478605269999999638e-01,6.330252885999999579e-01
6.317515372999999990e-01,6.169610620000000045e-01,6.330252885999999579e-01,6.181367039999999813e-01
6.169610620000000045e-01,6.020472049999999742e-01,6.181367039999999813e-01,6.031222343000000041e-01
6.020472049999999742e-01,5.869370699000000524e-01,6.031222343000000041e-01,5.879086256000000121e-01
5.869370699000000524e-01,5.715494751999999901e-01,5.879086256000000121e-01,5.724142789999999703e-01
5.715494751999999901e-01,5.557972788999999691e-01,5.724142789999999703e-01,5.565515757000000230e-01
5.557972788999999691e-01,5.395894050999999747e-01,5.565515757000000230e-01,5.402289032999999518e-01
5.395894050999999747e-01,5.228233933000000500e-01,5.402289032999999518e-01,5.233432055000000194e-01
5.228233933000000500e-01,5.053811072999999654e-01,5.233432055000000194e-01,5.057755709000000266e-01
5.053811072999999654e-01,4.871296882999999744e-01,5.057755709000000266e-01,4.873922764999999990e-01
4.871296882999999744e-01,4.679170549000000179e-01,4.873922764999999990e-01,4.680403173000000083e-01
4.679170549000000179e-01,4.475617110999999815e-01,4.680403173000000083e-01,4.475369751000000118e-01
4.475617110999999815e-01,4.258491992999999809e-01,4.475369751000000118e-01,4.256664217000000194e-01
4.258491992999999809e-01,4.025218784999999855e-01,4.256664217000000194e-01,4.021693170000000261e-01
4.025218784999999855e-01,3.772647679000000198e-01,4.021693170000000261e-01,3.767286241000000202e-01
3.772647679000000198e-01,3.508420884999999823e-01,3.767286241000000202e-01,3.501132429000000101e-01
3.508420884999999823e-01,3.239857255999999963e-01,3.501132429000000101e-01,3.230596483000000019e-01
3.239857255999999963e-01,2.968057393999999904e-01,3.230596483000000019e-01,2.956789731999999726e-01
2.968057393999999904e-01,2.694180310000000023e-01,2.956789731999999726e-01,2.680881619000000105e-01
2.694180310000000023e-01,2.419412434000000056e-01,2.680881619000000105e-01,2.404069601999999917e-01
2.419412434000000056e-01,2.144962102000000093e-01,2.404069601999999917e-01,2.127573490000000123e-01
2.144962102000000093e-01,1.872016937000000047e-01,2.127573490000000123e-01,1.852590889000000074e-01
1.872016937000000047e-01,1.601759641999999928e-01,1.852590889000000074e-01,1.580314486999999934e-01
1.601759641999999928e-01,1.335291117000000083e-01,1.580314486999999934e-01,1.311855167000000044e-01
1.335291117000000083e-01,1.073690578000000007e-01,1.311855167000000044e-01,1.048300043000000015e-01
1.073690578000000007e-01,8.179116248999999950e-02,1.048300043000000015e-01,7.906113565000000287e-02
8.179116248999999950e-02,5.688545479999999877e-02,7.906113565000000287e-02,5.396949872000000176e-02
5.688545479999999877e-02,3.272904455999999657e-02,5.396949872000000176e-02,2.963286638000000098e-02
3.272904455999999657e-02,9.388647042000000664e-03,2.963286638000000098e-02,6.118371616999999756e-03
9.388647042000000664e-03,-1.307897828999999949e-02,6.118371616999999756e-03,-1.651685312000000100e-02
-1.307897828999999949e-02,-3.463083877999999921e-02,-1.651685312000000100e-02,-3.822944686000000203e-02
-3.463083877999999921e-02,-5.523312463999999894e-02,-3.822944686000000203e-02,-5.898553505999999669e-02
-5.523312463999999894e-02,-7.486396283000000540e-02,-5.898553505999999669e-02,-7.876297086000000336e-02
-7.486396283000000540e-02,-9.351091087000000523e-02,-7.876297086000000336e-02,-9.754932671999999583e-02
-9.351091087000000523e-02,-1.111714691000000033e-01,-9.754932671999999583e-02,-1.153421178000000047e-01
-1.111714691000000033e-01,-1.278520076999999922e-01,-1.153421178000000047e-01,-1.321476548999999945e-01
-1.278520076999999922e-01,-1.435645222999999970e-01,-1.321476548999999945e-01,-1.479781121000000033e-01
-1.435645222999999970e-01,-1.583292037000000041e-01,-1.479781121000000033e-01,-1.628537922999999943e-01
-1.583292037000000041e-01,-1.721719651999999989e-01,-1.628537922999999943e-01,-1.768006980000000061e-01
-1.721719651999999989e-01,-1.851218343000000099e-01,-1.768006980000000061e-01,-1.898481250000000065e-01
-1.851218343000000099e-01,-1.972118466999999986e-01,-1.898481250000000065e-01,-2.020293026999999964e-01
-1.972118466999999986e-01,-2.084783762999999901e-01,-2.020293026999999964e-01,-2.133807987000000128e-01
-2.084783762999999901e-01,-2.189594804999999977e-01,-2.133807987000000128e-01,-2.239408790999999899e-01
-2.189594804999999977e-01,-2.286937088000000062e-01,-2.239408790999999899e-01,-2.337484508999999877e-01
-2.286937088000000062e-01,-2.377210408000000053e-01,-2.337484508999999877e-01,-2.428437173000000115e-01
-2.377210408000000053e-01,-2.460815608999999959e-01,-2.428437173000000115e-01,-2.512670159000000014e-01
-2.460815608999999959e-01,-2.538148760999999753e-01,-2.512670159000000014e-01,-2.590582073000000096e-01
9.755950570000000432e-01,9.454744457999999518e-01,9.779686332000000482e-01,9.479228854000000259e-01
9.454744457999999518e-01,9.177657366000000483e-01,9.479228854000000259e-01,9.202375412000000088e-01
9.177657366000000483e-01,8.921753763999999975e-01,9.202375412000000088e-01,8.946361541999999778e-01
8.921753763999999975e-01,8.684294223999999840e-01,8.946361541999999778e-01,8.708560467000000527e-01
8.684294223999999840e-01,8.462693095000000110e-01,8.708560467000000527e-01,8.486455679000000085e-01
8.462693095000000110e-01,8.254824876999999894e-01,8.486455679000000085e-01,8.277972340999999457e-01
8.254824876999999894e-01,8.058660626000000438e-01,8.277972340999999457e-01,8.081112503999999808e-01
8.058660626000000438e-01,7.872583269999999800e-01,8.081112503999999808e-01,7.894284128999999872e-01
7.872583269999999800e-01,7.695059775999999463e-01,7.894284128999999872e-01,7.715966702000000010e-01
7.695059775999999463e-01,7.524777650999999734e-01,7.715966702000000010e-01,7.544859052000000288e-01
7.524777650999999734e-01,7.360619902999999686e-01,7.544859052000000288e-01,7.379851937000000417e-01
7.360619902999999686e-01,7.201502322999999706e-01,7.379851937000000417e-01,7.219863533999999472e-01
7.201502322999999706e-01,7.046490311999999978e-01,7.219863533999999472e-01,7.063962817000000172e-01
7.046490311999999978e-01,6.894749999000000518e-01,7.063962817000000172e-01,6.911318302000000191e-01
6.894749999000000518e-01,6.745451093000000009e-01,6.911318302000000191e-01,6.761097907999999990e-01
6.745451093000000009e-01,6.597817540000000536e-01,6.761097907999999990e-01,6.612526774000000440e-01
6.597817540000000536e-01,6.451156734999999864e-01,6.612526774000000440e-01,6.464908718999999859e-01
6.451156734999999864e-01,6.304739714000000550e-01,6.464908718999999859e-01,6.317515372999999990e-01
6.304739714000000550e-01,6.157834530000000361e-01,6.317515372999999990e-01,6.169610620000000045e-01
6.157834530000000361e-01,6.009722351999999823e-01,6.169610620000000045e-01,6.020472049999999742e-01
6.009722351999999823e-01,5.859676002999999467e-01,6.020472049999999742e-01,5.869370699000000524e-01
5.859676002999999467e-01,5.706887841000000128e-01,5.869370699000000524e-01,5.715494751999999901e-01
5.706887841000000128e-01,5.550493598000000306e-01,5.715494751999999901e-01,5.557972788999999691e-01
5.550493598000000306e-01,5.389586091000000412e-01,5.557972788999999691e-01,5.395894050999999747e-01
5.389586091000000412e-01,5.223147868999999943e-01,5.395894050999999747e-01,5.228233933000000500e-01
5.223147868999999943e-01,5.050004125000000510e-01,5.228233933000000500e-01,5.053811072999999654e-01
5.050004125000000510e-01,4.868836105000000081e-01,5.053811072999999654e-01,4.871296882999999744e-01
4.868836105000000081e-01,4.678132831999999852e-01,4.871296882999999744e-01,4.679170549000000179e-01
4.678132831999999852e-01,4.476090670000000271e-01,4.679170549000000179e-01,4.475617110999999815e-01
4.476090670000000271e-01,4.260579347999999822e-01,4.475617110999999815e-01,4.258491992999999809e-01
4.260579347999999822e-01,4.029040336999999972e-01,4.258491992999999809e-01,4.025218784999999855e-01
4.029040336999999972e-01,3.778343797000000004e-01,4.025218784999999855e-01,3.772647679000000198e-01
3.778343797000000004e-01,3.516085446000000170e-01,3.772647679000000198e-01,3.508420884999999823e-01
3.516085446000000170e-01,3.249536454999999990e-01,3.508420884999999823e-01,3.239857255999999963e-01
3.249536454999999990e-01,2.979787588000000209e-01,3.239857255999999963e-01,2.968057393999999904e-01
2.979787588000000209e-01,2.707985937999999870e-01,2.968057393999999904e-01,2.694180310000000023e-01
2.707985937999999870e-01,2.435307056000000081e-01,2.694180310000000023e-01,2.419412434000000056e-01
2.435307056000000081e-01,2.162948101999999928e-01,2.419412434000000056e-01,2.144962102000000093e-01
2.162948101999999928e-01,1.892085671000000024e-01,2.144962102000000093e-01,1.872016937000000047e-01
1.892085671000000024e-01,1.623892634999999918e-01,1.872016937000000047e-01,1.601759641999999928e-01
1.623892634999999918e-01,1.359459460000000119e-01,1.601759641999999928e-01,1.335291117000000083e-01
1.359459460000000119e-01,1.099857464000000007e-01,1.335291117000000083e-01,1.073690578000000007e-01
1.099857464000000007e-01,8.460313827000000286e-02,1.073690578000000007e-01,8.179116248999999950e-02
8.460313827000000286e-02,5.988757312000000249e-02,8.179116248999999950e-02,5.688545479999999877e-02
5.988757312000000249e-02,3.591547905999999818e-02,5.688545479999999877e-02,3.272904455999999657e-02
3.591547905999999818e-02,1.275315695000000041e-02,3.272904455999999657e-02,9.388647042000000664e-03
1.275315695000000041e-02,-9.543027729000000056e-03,9.388647042000000664e-03,-1.307897828999999949e-02
-9.543027729000000056e-03,-3.093045763999999892e-02,-1.307897828999999949e-02,-3.463083877999999921e-02
-3.093045763999999892e-02,-5.137538165000000295e-02,-3.463083877999999921e-02,-5.523312463999999894e-02
-5.137538165000000295e-02,-7.085621357000000675e-02,-5.523312463999999894e-02,-7.486396283000000540e-02
-7.085621357000000675e-02,-8.936049789000000132e-02,-7.486396283000000540e-02,-9.351091087000000523e-02
-8.936049789000000132e-02,-1.068857163000000027e-01,-9.351091087000000523e-02,-1.111714691000000033e-01
-1.068857163000000027e-01,-1.234383210999999980e-01,-1.111714691000000033e-01,-1.278520076999999922e-01
-1.234383210999999980e-01,-1.390300690999999866e-01,-1.278520076999999922e-01,-1.435645222999999970e-01
-1.390300690999999866e-01,-1.536810993999999930e-01,-1.435645222999999970e-01,-1.583292037000000041e-01
-1.536810993999999930e-01,-1.674172281999999901e-01,-1.583292037000000041e-01,-1.721719651999999989e-01
-1.674172281999999901e-01,-1.802671849999999965e-01,-1.721719651999999989e-01,-1.851218343000000099e-01
-1.802671849999999965e-01,-1.922638117999999896e-01,-1.851218343000000099e-01,-1.972118466999999986e-01
-1.922638117999999896e-01,-2.034433186000000060e-01,-1.972118466999999986e-01,-2.084783762999999901e-01
-2.034433186000000060e-01,-2.138435096000000091e-01,-2.084783762999999901e-01,-2.189594804999999977e-01
-2.138435096000000091e-01,-2.235025912999999975e-01,-2.189594804999999977e-01,-2.286937088000000062e-01
-2.235025912999999975e-01,-2.324603199999999981e-01,-2.286937088000000062e-01,-2.377210408000000053e-01
-2.324603199999999981e-01,-2.407564967999999972e-01,-2.377210408000000053e-01,-2.460815608999999959e-01
-2.407564967999999972e-01,-2.484305203000000128e-01,-2.460815608999999959e-01,-2.538148760999999753e-01
9.732439518000000067e-01,9.430296420999999540e-01,9.755950570000000432e-01,9.454744457999999518e-01
9.430296420999999540e-01,9.152818917999999693e-01,9.454744457999999518e-01,9.177657366000000483e-01
9.152818917999999693e-01,8.896892667000000365e-01,9.177657366000000483e-01,8.921753763999999975e-01
8.896892667000000365e-01,8.659662007999999744e-01,8.921753763999999975e-01,8.684294223999999840e-01
8.659662007999999744e-01,8.438466191000000283e-01,8.684294223999999840e-01,8.462693095000000110e-01
8.438466191000000283e-01,8.231125473999999498e-01,8.462693095000000110e-01,8.254824876999999894e-01
8.231125473999999498e-01,8.035578728000000170e-01,8.254824876999999894e-01,8.058660626000000438e-01
8.035578728000000170e-01,7.850183249000000085e-01,8.058660626000000438e-01,7.872583269999999800e-01
7.850183249000000085e-01,7.673388719999999497e-01,7.872583269999999800e-01,7.695059775999999463e-01
7.673388719999999497e-01,7.503873706000000476e-01,7.695059775999999463e-01,7.524777650999999734e-01
7.503873706000000476e-01,7.340510488000000500e-01,7.524777650999999734e-01,7.360619902999999686e-01
7.340510488000000500e-01,7.182211875999999773e-01,7.360619902999999686e-01,7.201502322999999706e-01
7.182211875999999773e-01,7.028039694000000059e-01,7.201502322999999706e-01,7.046490311999999978e-01
7.028039694000000059e-01,6.877157687999999602e-01,7.046490311999999978e-01,6.894749999000000518e-01
6.877157687999999602e-01,6.728734969999999871e-01,6.894749999000000518e-01,6.745451093000000009e-01
6.728734969999999871e-01,6.581997871000000444e-01,6.745451093000000009e-01,6.597817540000000536e-01
6.581997871000000444e-01,6.436251401999999455e-01,6.597817540000000536e-01,6.451156734999999864e-01
6.436251401999999455e-01,6.290770172999999854e-01,6.451156734999999864e-01,6.304739714000000550e-01
6.290770172999999854e-01,6.144825219999999755e-01,6.304739714000000550e-01,6.157834530000000361e-01
6.144825219999999755e-01,5.997698903000000525e-01,6.157834530000000361e-01,6.009722351999999823e-01
5.997698903000000525e-01,5.848668218000000474e-01,6.009722351999999823e-01,5.859676002999999467e-01
5.848668218000000474e-01,5.696929693000000183e-01,5.859676002999999467e-01,5.706887841000000128e-01
5.696929693000000183e-01,5.541622639000000072e-01,5.706887841000000128e-01,5.550493598000000306e-01
5.541622639000000072e-01,5.381845831999999552e-01,5.550493598000000306e-01,5.389586091000000412e-01
5.381845831999999552e-01,5.216587781999999507e-01,5.389586091000000412e-01,5.223147868999999943e-01
5.216587781999999507e-01,5.044680834000000447e-01,5.223147868999999943e-01,5.050004125000000510e-01
5.044680834000000447e-01,4.864814878000000009e-01,5.050004125000000510e-01,4.868836105000000081e-01
4.864814878000000009e-01,4.675487577999999922e-01,4.868836105000000081e-01,4.678132831999999852e-01
4.675487577999999922e-01,4.474907814999999900e-01,4.678132831999999852e-01,4.476090670000000271e-01
4.474907814999999900e-01,4.260958731000000221e-01,4.476090670000000271e-01,4.260579347999999822e-01
4.260958731000000221e-01,4.031098484999999787e-01,4.260579347999999822e-01,4.029040336999999972e-01
4.031098484999999787e-01,3.782216907000000017e-01,4.029040336999999972e-01,3.778343797000000004e-01
3.782216907000000017e-01,3.521864413999999943e-01,3.778343797000000004e-01,3.516085446000000170e-01
3.521864413999999943e-01,3.257267772999999922e-01,3.516085446000000170e-01,3.249536454999999990e-01
3.257267772999999922e-01,2.989506720999999811e-01,3.249536454999999990e-01,2.979787588000000209e-01
2.989506720999999811e-01,2.719717025999999760e-01,2.979787588000000209e-01,2.707985937999999870e-01
2.719717025999999760e-01,2.449064552999999922e-01,2.707985937999999870e-01,2.435307056000000081e-01
2.449064552999999922e-01,2.178734093999999955e-01,2.435307056000000081e-01,2.162948101999999928e-01
2.178734093999999955e-01,1.909892410000000040e-01,2.162948101999999928e-01,1.892085671000000024e-01
1.909892410000000040e-01,1.643702089999999894e-01,1.892085671000000024e-01,1.623892634999999918e-01
1.643702089999999894e-01,1.381243615999999952e-01,1.623892634999999918e-01,1.359459460000000119e-01
1.381243615999999952e-01,1.123580857999999932e-01,1.359459460000000119e-01,1.099857464000000007e-01
1.123580857999999932e-01,8.716495335000000455e-02,1.099857464000000007e-01,8.460313827000000286e-02
8.716495335000000455e-02,6.263387948000000149e-02,8.460313827000000286e-02,5.988757312000000249e-02
6.263387948000000149e-02,3.884060680999999737e-02,5.988757312000000249e-02,3.591547905999999818e-02
3.884060680999999737e-02,1.585104316000000152e-02,3.591547905999999818e-02,1.275315695000000041e-02
1.585104316000000152e-02,-6.278820335999999586e-03,1.275315695000000041e-02,-9.543027729000000056e-03
-6.278820335999999586e-03,-2.750673517999999845e-02,-9.543027729000000056e-03,-3.093045763999999892e-02
-2.750673517999999845e-02,-4.779899492999999805e-02,-3.093045763999999892e-02,-5.137538165000000295e-02
-4.779899492999999805e-02,-6.713430583000000451e-02,-5.137538165000000295e-02,-7.085621357000000675e-02
-6.713430583000000451e-02,-8.550018071999999913e-02,-7.085621357000000675e-02,-8.936049789000000132e-02
-8.550018071999999913e-02,-1.028940975999999979e-01,-8.936049789000000132e-02,-1.068857163000000027e-01
-1.028940975999999979e-01,-1.193225682000000065e-01,-1.068857163000000027e-01,-1.234383210999999980e-01
-1.193225682000000065e-01,-1.347971708000000046e-01,-1.234383210999999980e-01,-1.390300690999999866e-01
-1.347971708000000046e-01,-1.493379176000000086e-01,-1.390300690999999866e-01,-1.536810993999999930e-01
-1.493379176000000086e-01,-1.629705727000000104e-01,-1.536810993999999930e-01,-1.674172281999999901e-01
-1.629705727000000104e-01,-1.757235825000000029e-01,-1.674172281999999901e-01,-1.802671849999999965e-01
-1.757235825000000029e-01,-1.876295953999999877e-01,-1.802671849999999965e-01,-1.922638117999999896e-01
-1.876295953999999877e-01,-1.987246572999999961e-01,-1.922638117999999896e-01,-2.034433186000000060e-01
-1.987246572999999961e-01,-2.090463340000000003e-01,-2.034433186000000060e-01,-2.138435096000000091e-01
-2.090463340000000003e-01,-2.186325191999999862e-01,-2.138435096000000091e-01,-2.235025912999999975e-01
-2.186325191999999862e-01,-2.275227307999999893e-01,-2.235025912999999975e-01,-2.324603199999999981e-01
-2.275227307999999893e-01,-2.357565313999999967e-01,-2.324603199999999981e-01,-2.407564967999999972e-01
-2.357565313999999967e-01,-2.433730513000000040e-01,-2.407564967999999972e-01,-2.484305203000000128e-01
9.709402918999999743e-01,9.406008124000000414e-01,9.732439518000000067e-01,9.430296420999999540e-01
9.406008124000000414e-01,9.127870797999999564e-01,9.430296420999999540e-01,9.152818917999999693e-01
9.127870797999999564e-01,8.871687055000000433e-01,9.152818917999999693e-01,8.896892667000000365e-01
8.871687055000000433e-01,8.634477257999999544e-01,8.896892667000000365e-01,8.659662007999999744e-01
8.634477257999999544e-01,8.413499594000000137e-01,8.659662007999999744e-01,8.438466191000000283e-01
8.413499594000000137e-01,8.206517100000000342e-01,8.438466191000000283e-01,8.231125473999999498e-01
8.206517100000000342e-01,8.011432885999999476e-01,8.231125473999999498e-01,8.035578728000000170e-01
8.011432885999999476e-01,7.826575041000000121e-01,8.035578728000000170e-01,7.850183249000000085e-01
7.826575041000000121e-01,7.650376558000000493e-01,7.850183249000000085e-01,7.673388719999999497e-01
7.650376558000000493e-01,7.481501698000000422e-01,7.673388719999999497e-01,7.503873706000000476e-01
7.481501698000000422e-01,7.318814396999999694e-01,7.503873706000000476e-01,7.340510488000000500e-01
7.318814396999999694e-01,7.161221504000000460e-01,7.340510488000000500e-01,7.182211875999999773e-01
7.161221504000000460e-01,7.007780074999999664e-01,7.182211875999999773e-01,7.028039694000000059e-01
7.007780074999999664e-01,6.857650280000000542e-01,7.028039694000000059e-01,6.877157687999999602e-01
6.857650280000000542e-01,6.710001826000000502e-01,6.877157687999999602e-01,6.728734969999999871e-01
6.710001826000000502e-01,6.564060449999999935e-01,6.728734969999999871e-01,6.581997871000000444e-01
6.564060449999999935e-01,6.419130563999999595e-01,6.581997871000000444e-01,6.436251401999999455e-01
6.419130563999999595e-01,6.274487972000000191e-01,6.436251401999999455e-01,6.290770172999999854e-01
6.274487972000000191e-01,6.129405499000000201e-01,6.290770172999999854e-01,6.144825219999999755e-01
6.129405499000000201e-01,5.983168482999999815e-01,6.144825219999999755e-01,5.997698903000000525e-01
5.983168482999999815e-01,5.835055708999999924e-01,5.997698903000000525e-01,5.848668218000000474e-01
5.835055708999999924e-01,5.684267879000000079e-01,5.848668218000000474e-01,5.696929693000000183e-01
5.684267879000000079e-01,5.529947281000000547e-01,5.696929693000000183e-01,5.541622639000000072e-01
5.529947281000000547e-01,5.371198654000000072e-01,5.541622639000000072e-01,5.381845831999999552e-01
5.371198654000000072e-01,5.207014679999999451e-01,5.381845831999999552e-01,5.216587781999999507e-01
5.207014679999999451e-01,5.036234856000000315e-01,5.216587781999999507e-01,5.044680834000000447e-01
5.036234856000000315e-01,4.857556223999999756e-01,5.044680834000000447e-01,4.864814878000000009e-01
4.857556223999999756e-01,4.669485389999999958e-01,4.864814878000000009e-01,4.675487577999999922e-01
4.669485389999999958e-01,4.470241368000000270e-01,4.675487577999999922e-01,4.474907814999999900e-01
4.470241368000000270e-01,4.257719219000000166e-01,4.474907814999999900e-01,4.260958731000000221e-01
4.257719219000000166e-01,4.029393196000000121e-01,4.260958731000000221e-01,4.031098484999999787e-01
4.029393196000000121e-01,3.782169819000000266e-01,4.031098484999999787e-01,3.782216907000000017e-01
3.782169819000000266e-01,3.523559868000000206e-01,3.782216907000000017e-01,3.521864413999999943e-01
3.523559868000000206e-01,3.260749578000000093e-01,3.521864413999999943e-01,3.257267772999999922e-01
3.260749578000000093e-01,2.994809448999999901e-01,3.257267772999999922e-01,2.989506720999999811e-01
2.994809448999999901e-01,2.726863921000000079e-01,2.989506720999999811e-01,2.719717025999999760e-01
2.726863921000000079e-01,2.458069025999999879e-01,2.719717025999999760e-01,2.449064552999999922e-01
2.458069025999999879e-01,2.189598977999999974e-01,2.449064552999999922e-01,2.178734093999999955e-01
2.189598977999999974e-01,1.922610700000000061e-01,2.178734093999999955e-01,1.909892410000000040e-01
1.922610700000000061e-01,1.658257543999999972e-01,1.909892410000000040e-01,1.643702089999999894e-01
1.658257543999999972e-01,1.397610455999999945e-01,1.643702089999999894e-01,1.381243615999999952e-01
1.397610455999999945e-01,1.141726225999999955e-01,1.381243615999999952e-01,1.123580857999999932e-01
1.141726225999999955e-01,8.915323763999999374e-02,1.123580857999999932e-01,8.716495335000000455e-02
8.915323763999999374e-02,6.479130684999999390e-02,8.716495335000000455e-02,6.263387948000000149e-02
6.479130684999999390e-02,4.116194322999999766e-02,6.263387948000000149e-02,3.884060680999999737e-02
4.116194322999999766e-02,1.833070255999999856e-02,3.884060680999999737e-02,1.585104316000000152e-02
1.833070255999999856e-02,-3.646764438999999802e-03,1.585104316000000152e-02,-6.278820335999999586e-03
-3.646764438999999802e-03,-2.472855523000000097e-02,-6.278820335999999586e-03,-2.750673517999999845e-02
-2.472855523000000097e-02,-4.488098621000000121e-02,-2.750673517999999845e-02,-4.779899492999999805e-02
-4.488098621000000121e-02,-6.408303230999999600e-02,-4.779899492999999805e-02,-6.713430583000000451e-02
-6.408303230999999600e-02,-8.232218027000000327e-02,-6.713430583000000451e-02,-8.550018071999999913e-02
-8.232218027000000327e-02,-9.959587455000000478e-02,-8.550018071999999913e-02,-1.028940975999999979e-01
-9.959587455000000478e-02,-1.159107164000000023e-01,-1.028940975999999979e-01,-1.193225682000000065e-01
-1.159107164000000023e-01,-1.312780678000000090e-01,-1.193225682000000065e-01,-1.347971708000000046e-01
-1.312780678000000090e-01,-1.457178742000000138e-01,-1.347971708000000046e-01,-1.493379176000000086e-01
-1.457178742000000138e-01,-1.592558473000000030e-01,-1.493379176000000086e-01,-1.629705727000000104e-01
-1.592558473000000030e-01,-1.719201653999999913e-01,-1.629705727000000104e-01,-1.757235825000000029e-01
-1.719201653999999913e-01,-1.837432981000000076e-01,-1.757235825000000029e-01,-1.876295953999999877e-01
-1.837432981000000076e-01,-1.947611271999999949e-01,-1.876295953999999877e-01,-1.987246572999999961e-01
-1.947611271999999949e-01,-2.050110548999999893e-01,-1.987246572999999961e-01,-2.090463340000000003e-01
-2.050110548999999893e-01,-2.145306318999999906e-01,-2.090463340000000003e-01,-2.186325191999999862e-01
-2.145306318999999906e-01,-2.233591675999999915e-01,-2.186325191999999862e-01,-2.275227307999999893e-01
-2.233591675999999915e-01,-2.315360307999999867e-01,-2.275227307999999893e-01,-2.357565313999999967e-01
-2.315360307999999867e-01,-2.391000986000000050e-01,-2.357565313999999967e-01,-2.433730513000000040e-01
9.687083363999999808e-01,9.382072687000000411e-01,9.709402918999999743e-01,9.406008124000000414e-01
9.382072687000000411e-01,9.102959037000000198e-01,9.406008124000000414e-01,9.127870797999999564e-01
9.102959037000000198e-01,8.846238852000000152e-01,9.127870797999999564e-01,8.871687055000000433e-01
8.846238852000000152e-01,8.608800172999999667e-01,8.871687055000000433e-01,8.634477257999999544e-01
8.608800172999999667e-01,8.387815951999999520e-01,8.634477257999999544e-01,8.413499594000000137e-01
8.387815951999999520e-01,8.180986046999999539e-01,8.413499594000000137e-01,8.206517100000000342e-01
8.180986046999999539e-01,7.986174226000000154e-01,8.206517100000000342e-01,8.011432885999999476e-01
7.986174226000000154e-01,7.801677584999999748e-01,8.011432885999999476e-01,7.826575041000000121e-01
7.801677584999999748e-01,7.625909448000000035e-01,7.826575041000000121e-01,7.650376558000000493e-01
7.625909448000000035e-01,7.457519174000000195e-01,7.650376558000000493e-01,7.481501698000000422e-01
7.457519174000000195e-01,7.295358776999999462e-01,7.481501698000000422e-01,7.318814396999999694e-01
7.295358776999999462e-01,7.138328551999999494e-01,7.318814396999999694e-01,7.161221504000000460e-01
7.138328551999999494e-01,6.985480785000000026e-01,7.161221504000000460e-01,7.007780074999999664e-01
6.985480785000000026e-01,6.835971475000000019e-01,7.007780074999999664e-01,6.857650280000000542e-01
6.835971475000000019e-01,6.688967346999999952e-01,6.857650280000000542e-01,6.710001826000000502e-01
6.688967346999999952e-01,6.543694139000000298e-01,6.710001826000000502e-01,6.564060449999999935e-01
6.543694139000000298e-01,6.399455069999999690e-01,6.564060449999999935e-01,6.419130563999999595e-01
6.399455069999999690e-01,6.255526542999999551e-01,6.419130563999999595e-01,6.274487972000000191e-01
6.255526542999999551e-01,6.111183167000000527e-01,6.274487972000000191e-01,6.129405499000000201e-01
6.111183167000000527e-01,5.965711473999999459e-01,6.129405499000000201e-01,5.983168482999999815e-01
5.965711473999999459e-01,5.818391442000000469e-01,5.983168482999999815e-01,5.835055708999999924e-01
5.818391442000000469e-01,5.668426156000000438e-01,5.835055708999999924e-01,5.684267879000000079e-01
5.668426156000000438e-01,5.514963268999999446e-01,5.684267879000000079e-01,5.529947281000000547e-01
5.514963268999999446e-01,5.357110499999999664e-01,5.529947281000000547e-01,5.371198654000000072e-01
5.357110499999999664e-01,5.193864107000000230e-01,5.371198654000000072e-01,5.207014679999999451e-01
5.193864107000000230e-01,5.024069547999999719e-01,5.207014679999999451e-01,5.036234856000000315e-01
5.024069547999999719e-01,4.846429824999999858e-01,5.036234856000000315e-01,4.857556223999999756e-01
4.846429824999999858e-01,4.659459888999999966e-01,4.857556223999999756e-01,4.669485389999999958e-01
4.659459888999999966e-01,4.461387097999999773e-01,4.669485389999999958e-01,4.470241368000000270e-01
4.461387097999999773e-01,4.250117241999999962e-01,4.470241368000000270e-01,4.257719219000000166e-01
4.250117241999999962e-01,4.023137092999999886e-01,4.257719219000000166e-01,4.029393196000000121e-01
4.023137092999999886e-01,3.777368664999999903e-01,4.029393196000000121e-01,3.782169819000000266e-01
3.777368664999999903e-01,3.520289062999999996e-01,3.782169819000000266e-01,3.523559868000000206e-01
3.520289062999999996e-01,3.259049951999999917e-01,3.523559868000000206e-01,3.260749578000000093e-01
3.259049951999999917e-01,2.994712590999999979e-01,3.260749578000000093e-01,2.994809448999999901e-01
2.994712590999999979e-01,2.728392184000000276e-01,2.994809448999999901e-01,2.726863921000000079e-01
2.728392184000000276e-01,2.461235374000000087e-01,2.726863921000000079e-01,2.458069025999999879e-01
2.461235374000000087e-01,2.194406091999999975e-01,2.458069025999999879e-01,2.189598977999999974e-01
2.194406091999999975e-01,1.929053068000000093e-01,2.189598977999999974e-01,1.922610700000000061e-01
1.929053068000000093e-01,1.666320413000000056e-01,1.922610700000000061e-01,1.658257543999999972e-01
1.666320413000000056e-01,1.407271028000000035e-01,1.658257543999999972e-01,1.397610455999999945e-01
1.407271028000000035e-01,1.152955219000000031e-01,1.397610455999999945e-01,1.141726225999999955e-01
1.152955219000000031e-01,9.042929113000000574e-02,1.141726225999999955e-01,8.915323763999999374e-02
9.042929113000000574e-02,6.621640920999999347e-02,8.915323763999999374e-02,6.479130684999999390e-02
6.621640920999999347e-02,4.273142666000000200e-02,6.479130684999999390e-02,4.116194322999999766e-02
4.273142666000000200e-02,2.003958076000000171e-02,4.116194322999999766e-02,1.833070255999999856e-02
2.003958076000000171e-02,-1.803764142000000101e-03,1.833070255999999856e-02,-3.646764438999999802e-03
-1.803764142000000101e-03,-2.275701612000000096e-02,-3.646764438999999802e-03,-2.472855523000000097e-02
-2.275701612000000096e-02,-4.278647900000000226e-02,-2.472855523000000097e-02,-4.488098621000000121e-02
-4.278647900000000226e-02,-6.187137960999999908e-02,-4.488098621000000121e-02,-6.408303230999999600e-02
-6.187137960999999908e-02,-7.999916375000000468e-02,-6.408303230999999600e-02,-8.232218027000000327e-02
-7.999916375000000468e-02,-9.716724604000000209e-02,-8.232218027000000327e-02,-9.959587455000000478e-02
-9.716724604000000209e-02,-1.133823022000000069e-01,-9.959587455000000478e-02,-1.159107164000000023e-01
-1.133823022000000069e-01,-1.286555081999999905e-01,-1.159107164000000023e-01,-1.312780678000000090e-01
-1.286555081999999905e-01,-1.430067419999999923e-01,-1.312780678000000090e-01,-1.457178742000000138e-01
-1.430067419999999923e-01,-1.564616561000000128e-01,-1.457178742000000138e-01,-1.592558473000000030e-01
-1.564616561000000128e-01,-1.690481900999999954e-01,-1.592558473000000030e-01,-1.719201653999999913e-01
-1.690481900999999954e-01,-1.807986796000000118e-01,-1.719201653999999913e-01,-1.837432981000000076e-01
-1.807986796000000118e-01,-1.917488873000000038e-01,-1.837432981000000076e-01,-1.947611271999999949e-01
-1.917488873000000038e-01,-2.019360064999999871e-01,-1.947611271999999949e-01,-2.050110548999999893e-01
-2.019360064999999871e-01,-2.113973349000000113e-01,-2.050110548999999893e-01,-2.145306318999999906e-01
-2.113973349000000113e-01,-2.201719880000000129e-01,-2.145306318999999906e-01,-2.233591675999999915e-01
-2.201719880000000129e-01,-2.282991409000000027e-01,-2.233591675999999915e-01,-2.315360307999999867e-01
-2.282991409000000027e-01,-2.358175069000000013e-01,-2.315360307999999867e-01,-2.391000986000000050e-01
9.665707350000000142e-01,9.358816743000000216e-01,9.687083363999999808e-01,9.382072687000000411e-01
9.358816743000000216e-01,9.078496098999999653e-01,9.382072687000000411e-01,9.102959037000000198e-01
9.078496098999999653e-01,8.821035623999999853e-01,9.102959037000000198e-01,8.846238852000000152e-01
8.821035623999999853e-01,8.583185076999999552e-01,8.846238852000000152e-01,8.608800172999999667e-01
8.583185076999999552e-01,8.362028598999999840e-01,8.608800172999999667e-01,8.387815951999999520e-01
8.362028598999999840e-01,8.155199884999999593e-01,8.387815951999999520e-01,8.180986046999999539e-01
8.155199884999999593e-01,7.960520386999999642e-01,8.180986046999999539e-01,7.986174226000000154e-01
7.960520386999999642e-01,7.776255011999999578e-01,7.986174226000000154e-01,7.801677584999999748e-01
7.776255011999999578e-01,7.600795031000000535e-01,7.801677584999999748e-01,7.625909448000000035e-01
7.600795031000000535e-01,7.432773112999999654e-01,7.625909448000000035e-01,7.457519174000000195e-01
7.432773112999999654e-01,7.271029948999999659e-01,7.457519174000000195e-01,7.295358776999999462e-01
7.271029948999999659e-01,7.114457487999999996e-01,7.295358776999999462e-01,7.138328551999999494e-01
7.114457487999999996e-01,6.962101459999999742e-01,7.138328551999999494e-01,6.985480785000000026e-01
6.962101459999999742e-01,6.813113092999999454e-01,6.985480785000000026e-01,6.835971475000000019e-01
6.813113092999999454e-01,6.666656733000000390e-01,6.835971475000000019e-01,6.688967346999999952e-01
6.666656733000000390e-01,6.521957516999999926e-01,6.688967346999999952e-01,6.543694139000000298e-01
6.521957516999999926e-01,6.378316878999999995e-01,6.543694139000000298e-01,6.399455069999999690e-01
6.378316878999999995e-01,6.235010027999999815e-01,6.399455069999999690e-01,6.255526542999999551e-01
6.235010027999999815e-01,6.091312765999999934e-01,6.255526542999999551e-01,6.111183167000000527e-01
6.091312765999999934e-01,5.946513413999999775e-01,6.111183167000000527e-01,5.965711473999999459e-01
5.946513413999999775e-01,5.799892545000000510e-01,5.965711473999999459e-01,5.818391442000000469e-01
5.799892545000000510e-01,5.650655626999999681e-01,5.818391442000000469e-01,5.668426156000000438e-01
5.650655626999999681e-01,5.497953892000000398e-01,5.668426156000000438e-01,5.514963268999999446e-01
5.497953892000000398e-01,5.340896845000000503e-01,5.514963268999999446e-01,5.357110499999999664e-01
5.340896845000000503e-01,5.178486109000000059e-01,5.357110499999999664e-01,5.193864107000000230e-01
5.178486109000000059e-01,5.009570718000000422e-01,5.193864107000000230e-01,5.024069547999999719e-01
5.009570718000000422e-01,4.832859932999999941e-01,5.024069547999999719e-01,4.846429824999999858e-01
4.832859932999999941e-01,4.646874665999999876e-01,4.846429824999999858e-01,4.659459888999999966e-01
4.646874665999999876e-01,4.449850618999999785e-01,4.659459888999999966e-01,4.461387097999999773e-01
4.449850618999999785e-01,4.239701629000000027e-01,4.461387097999999773e-01,4.250117241999999962e-01
4.239701629000000027e-01,4.013926983000000170e-01,4.250117241999999962e-01,4.023137092999999886e-01
4.013926983000000170e-01,3.769461512999999764e-01,4.023137092999999886e-01,3.777368664999999903e-01
3.769461512999999764e-01,3.513753116000000176e-01,3.777368664999999903e-01,3.520289062999999996e-01
3.513753116000000176e-01,3.253923953000000258e-01,3.520289062999999996e-01,3.259049951999999917e-01
3.253923953000000258e-01,2.991026341999999949e-01,3.259049951999999917e-01,2.994712590999999979e-01
2.991026341999999949e-01,2.726166546000000079e-01,2.994712590999999979e-01,2.728392184000000276e-01
2.726166546000000079e-01,2.460483015000000107e-01,2.728392184000000276e-01,2.461235374000000087e-01
2.460483015000000107e-01,2.195129842000000109e-01,2.461235374000000087e-01,2.194406091999999975e-01
2.195129842000000109e-01,1.931247859999999927e-01,2.194406091999999975e-01,1.929053068000000093e-01
1.931247859999999927e-01,1.669973432999999896e-01,1.929053068000000093e-01,1.666320413000000056e-01
1.669973432999999896e-01,1.412360965999999995e-01,1.666320413000000056e-01,1.407271028000000035e-01
1.412360965999999995e-01,1.159455627000000044e-01,1.407271028000000035e-01,1.152955219000000031e-01
1.159455627000000044e-01,9.121699631000000641e-02,1.152955219000000031e-01,9.042929113000000574e-02
9.121699631000000641e-02,6.713804602999999538e-02,9.042929113000000574e-02,6.621640920999999347e-02
6.713804602999999538e-02,4.378271848000000327e-02,6.621640920999999347e-02,4.273142666000000200e-02
4.378271848000000327e-02,2.121599576999999917e-02,4.273142666000000200e-02,2.003958076000000171e-02
2.121599576999999917e-02,-5.070115440000000232e-04,2.003958076000000171e-02,-1.803764142000000101e-03
-5.070115440000000232e-04,-2.134500258000000122e-02,-1.803764142000000101e-03,-2.275701612000000096e-02
-2.134500258000000122e-02,-4.126423969999999664e-02,-2.275701612000000096e-02,-4.278647900000000226e-02
-4.126423969999999664e-02,-6.024419889000000305e-02,-4.278647900000000226e-02,-6.187137960999999908e-02
-6.024419889000000305e-02,-7.827225326999999455e-02,-6.187137960999999908e-02,-7.999916375000000468e-02
-7.827225326999999455e-02,-9.534579514999999561e-02,-7.999916375000000468e-02,-9.716724604000000209e-02
-9.534579514999999561e-02,-1.114715859000000031e-01,-9.716724604000000209e-02,-1.133823022000000069e-01
-1.114715859000000031e-01,-1.266605853999999975e-01,-1.133823022000000069e-01,-1.286555081999999905e-01
-1.266605853999999975e-01,-1.409326344999999869e-01,-1.286555081999999905e-01,-1.430067419999999923e-01
-1.409326344999999869e-01,-1.543133556999999878e-01,-1.430067419999999923e-01,-1.564616561000000128e-01
-1.543133556999999878e-01,-1.668304502999999883e-01,-1.564616561000000128e-01,-1.690481900999999954e-01
-1.668304502999999883e-01,-1.785160899000000079e-01,-1.690481900999999954e-01,-1.807986796000000118e-01
-1.785160899000000079e-01,-1.894059925999999894e-01,-1.807986796000000118e-01,-1.917488873000000038e-01
-1.894059925999999894e-01,-1.995371579999999923e-01,-1.917488873000000038e-01,-2.019360064999999871e-01
-1.995371579999999923e-01,-2.089466303999999996e-01,-2.019360064999999871e-01,-2.113973349000000113e-01
-2.089466303999999996e-01,-2.176733761999999905e-01,-2.113973349000000113e-01,-2.201719880000000129e-01
-2.176733761999999905e-01,-2.257563918999999919e-01,-2.201719880000000129e-01,-2.282991409000000027e-01
-2.257563918999999919e-01,-2.332342118000000075e-01,-2.282991409000000027e-01,-2.358175069000000013e-01
9.645474552999999673e-01,9.336630106000000096e-01,9.665707350000000142e-01,9.358816743000000216e-01
9.336630106000000096e-01,9.055038691000000250e-01,9.358816743000000216e-01,9.078496098999999653e-01
9.055038691000000250e-01,8.796781300999999553e-01,9.078496098999999653e-01,8.821035623999999853e-01
8.796781300999999553e-01,8.558467627000000411e-01,8.821035623999999853e-01,8.583185076999999552e-01
8.558467627000000411e-01,8.337091803999999717e-01,8.583185076999999552e-01,8.362028598999999840e-01
8.337091803999999717e-01,8.130222558999999904e-01,8.362028598999999840e-01,8.155199884999999593e-01
8.130222558999999904e-01,7.935636043999999556e-01,8.155199884999999593e-01,7.960520386999999642e-01
7.935636043999999556e-01,7.751564384000000363e-01,7.960520386999999642e-01,7.776255011999999578e-01
7.751564384000000363e-01,7.576377988000000396e-01,7.776255011999999578e-01,7.600795031000000535e-01
7.576377988000000396e-01,7.408692241000000012e-01,7.600795031000000535e-01,7.432773112999999654e-01
7.408692241000000012e-01,7.247334122999999906e-01,7.432773112999999654e-01,7.271029948999999659e-01
7.247334122999999906e-01,7.091189623000000442e-01,7.271029948999999659e-01,7.114457487999999996e-01
7.091189623000000442e-01,6.939296722000000139e-01,7.114457487999999996e-01,6.962101459999999742e-01
6.939296722000000139e-01,6.790800690999999611e-01,6.962101459999999742e-01,6.813113092999999454e-01
6.790800690999999611e-01,6.644865869999999619e-01,6.813113092999999454e-01,6.666656733000000390e-01
6.644865869999999619e-01,6.500713229000000259e-01,6.666656733000000390e-01,6.521957516999999926e-01
6.500713229000000259e-01,6.357643603999999504e-01,6.521957516999999926e-01,6.378316878999999995e-01
6.357643603999999504e-01,6.214931607000000469e-01,6.378316878999999995e-01,6.235010027999999815e-01
6.214931607000000469e-01,6.071854829999999703e-01,6.235010027999999815e-01,6.091312765999999934e-01
6.071854829999999703e-01,5.927700996000000444e-01,6.091312765999999934e-01,5.946513413999999775e-01
5.927700996000000444e-01,5.781753063000000248e-01,5.946513413999999775e-01,5.799892545000000510e-01
5.781753063000000248e-01,5.633217691999999888e-01,5.799892545000000510e-01,5.650655626999999681e-01
5.633217691999999888e-01,5.481248497999999802e-01,5.650655626999999681e-01,5.497953892000000398e-01
5.481248497999999802e-01,5.324959755000000516e-01,5.497953892000000398e-01,5.340896845000000503e-01
5.324959755000000516e-01,5.163354874000000150e-01,5.340896845000000503e-01,5.178486109000000059e-01
5.163354874000000150e-01,4.995288849000000253e-01,5.178486109000000059e-01,5.009570718000000422e-01
4.995288849000000253e-01,4.819474816000000050e-01,5.009570718000000422e-01,4.832859932999999941e-01
4.819474816000000050e-01,4.634441136999999933e-01,4.832859932999999941e-01,4.646874665999999876e-01
4.634441136999999933e-01,4.438430071000000199e-01,4.646874665999999876e-01,4.449850618999999785e-01
4.438430071000000199e-01,4.229364693000000064e-01,4.449850618999999785e-01,4.239701629000000027e-01
4.229364693000000064e-01,4.004755318000000064e-01,4.239701629000000027e-01,4.013926983000000170e-01
4.004755318000000064e-01,3.761548995999999812e-01,4.013926983000000170e-01,3.769461512999999764e-01
3.761548995999999812e-01,3.507165909000000137e-01,3.769461512999999764e-01,3.513753116000000176e-01
3.507165909000000137e-01,3.248699903000000222e-01,3.513753116000000176e-01,3.253923953000000258e-01
3.248699903000000222e-01,2.987195253000000106e-01,3.253923953000000258e-01,2.991026341999999949e-01
2.987195253000000106e-01,2.723748684000000253e-01,2.991026341999999949e-01,2.726166546000000079e-01
2.723748684000000253e-01,2.459490746000000116e-01,2.726166546000000079e-01,2.460483015000000107e-01
2.459490746000000116e-01,2.195565999000000101e-01,2.460483015000000107e-01,2.195129842000000109e-01
2.195565999000000101e-01,1.933107524999999882e-01,2.195129842000000109e-01,1.931247859999999927e-01
1.933107524999999882e-01,1.673243939999999874e-01,1.931247859999999927e-01,1.669973432999999896e-01
1.673243939999999874e-01,1.417021900000000056e-01,1.669973432999999896e-01,1.412360965999999995e-01
1.417021900000000056e-01,1.165480911999999952e-01,1.412360965999999995e-01,1.159455627000000044e-01
1.165480911999999952e-01,9.195266663999999979e-02,1.159455627000000044e-01,9.121699631000000641e-02
9.195266663999999979e-02,6.800321489999999747e-02,9.121699631000000641e-02,6.713804602999999538e-02
6.800321489999999747e-02,4.477323218999999799e-02,6.713804602999999538e-02,4.378271848000000327e-02
4.477323218999999799e-02,2.232743612999999946e-02,4.378271848000000327e-02,2.121599576999999917e-02
2.232743612999999946e-02,7.206989685000000099e-04,2.121599576999999917e-02,-5.070115440000000232e-04
7.206989685000000099e-04,-2.000596002000000137e-02,-5.070115440000000232e-04,-2.134500258000000122e-02
-2.000596002000000137e-02,-3.981875255999999669e-02,-2.134500258000000122e-02,-4.126423969999999664e-02
-3.981875255999999669e-02,-5.869740248000000077e-02,-4.126423969999999664e-02,-6.024419889000000305e-02
-5.869740248000000077e-02,-7.662920653999999443e-02,-6.024419889000000305e-02,-7.827225326999999455e-02
-7.662920653999999443e-02,-9.361153095999999452e-02,-7.827225326999999455e-02,-9.534579514999999561e-02
-9.361153095999999452e-02,-1.096512154000000017e-01,-9.534579514999999561e-02,-1.114715859000000031e-01
-1.096512154000000017e-01,-1.247590184000000046e-01,-1.114715859000000031e-01,-1.266605853999999975e-01
-1.247590184000000046e-01,-1.389547288000000103e-01,-1.266605853999999975e-01,-1.409326344999999869e-01
-1.389547288000000103e-01,-1.522639543000000040e-01,-1.409326344999999869e-01,-1.543133556999999878e-01
-1.522639543000000040e-01,-1.647141427000000102e-01,-1.543133556999999878e-01,-1.668304502999999883e-01
-1.647141427000000102e-01,-1.763373464000000113e-01,-1.668304502999999883e-01,-1.785160899000000079e-01
-1.763373464000000113e-01,-1.871691941999999997e-01,-1.785160899000000079e-01,-1.894059925999999894e-01
-1.871691941999999997e-01,-1.972465365999999942e-01,-1.894059925999999894e-01,-1.995371579999999923e-01
-1.972465365999999942e-01,-2.066061348000000075e-01,-1.995371579999999923e-01,-2.089466303999999996e-01
-2.066061348000000075e-01,-2.152868210999999976e-01,-2.089466303999999996e-01,-2.176733761999999905e-01
-2.152868210999999976e-01,-2.233274281000000028e-01,-2.176733761999999905e-01,-2.257563918999999919e-01
-2.233274281000000028e-01,-2.307663410999999942e-01,-2.257563918999999919e-01,-2.332342118000000075e-01
9.626552462999999893e-01,9.315437675000000084e-01,9.645474552999999673e-01,9.336630106000000096e-01
9.315437675000000084e-01,9.032291770000000497e-01,9.336630106000000096e-01,9.055038691000000250e-01
9.032291770000000497e-01,8.772981762999999544e-01,9.055038691000000250e-01,8.796781300999999553e-01
8.772981762999999544e-01,8.533973693999999943e-01,8.796781300999999553e-01,8.558467627000000411e-01
8.533973693999999943e-01,8.312165140999999702e-01,8.558467627000000411e-01,8.337091803999999717e-01
8.312165140999999702e-01,8.105056285999999721e-01,8.337091803999999717e-01,8.130222558999999904e-01
8.105056285999999721e-01,7.910378574999999968e-01,8.130222558999999904e-01,7.935636043999999556e-01
7.910378574999999968e-01,7.726327777000000507e-01,7.935636043999999556e-01,7.751564384000000363e-01
7.726327777000000507e-01,7.551250457999999499e-01,7.751564384000000363e-01,7.576377988000000396e-01
7.551250457999999499e-01,7.383744120999999883e-01,7.576377988000000396e-01,7.408692241000000012e-01
7.383744120999999883e-01,7.222622037000000494e-01,7.408692241000000012e-01,7.247334122999999906e-01
7.222622037000000494e-01,7.066760063000000480e-01,7.247334122999999906e-01,7.091189623000000442e-01
7.066760063000000480e-01,6.915189027999999460e-01,7.091189623000000442e-01,6.939296722000000139e-01
6.915189027999999460e-01,6.767050028000000106e-01,6.939296722000000139e-01,6.790800690999999611e-01
6.767050028000000106e-01,6.621500850000000549e-01,6.790800690999999611e-01,6.644865869999999619e-01
6.621500850000000549e-01,6.477763653000000454e-01,6.644865869999999619e-01,6.500713229000000259e-01
6.477763653000000454e-01,6.335133910000000368e-01,6.500713229000000259e-01,6.357643603999999504e-01
6.335133910000000368e-01,6.192886829000000537e-01,6.357643603999999504e-01,6.214931607000000469e-01
6.192886829000000537e-01,6.050299406000000380e-01,6.214931607000000469e-01,6.071854829999999703e-01
6.050299406000000380e-01,5.906660556999999701e-01,6.071854829999999703e-01,5.927700996000000444e-01
5.906660556999999701e-01,5.761252046000000515e-01,5.927700996000000444e-01,5.781753063000000248e-01
5.761252046000000515e-01,5.613283515000000445e-01,5.781753063000000248e-01,5.633217691999999888e-01
5.613283515000000445e-01,5.461909770999999747e-01,5.633217691999999888e-01,5.481248497999999802e-01
5.461909770999999747e-01,5.306246877000000417e-01,5.481248497999999802e-01,5.324959755000000516e-01
5.306246877000000417e-01,5.145301818999999943e-01,5.324959755000000516e-01,5.163354874000000150e-01
5.145301818999999943e-01,4.977932572000000055e-01,5.163354874000000150e-01,4.995288849000000253e-01
4.977932572000000055e-01,4.802856743000000206e-01,4.995288849000000253e-01,4.819474816000000050e-01
4.802856743000000206e-01,4.618607460999999970e-01,4.819474816000000050e-01,4.634441136999999933e-01
4.618607460999999970e-01,4.423432648000000245e-01,4.634441136999999933e-01,4.438430071000000199e-01
4.423432648000000245e-01,4.215262234000000108e-01,4.438430071000000199e-01,4.229364693000000064e-01
4.215262234000000108e-01,3.991615176000000154e-01,4.229364693000000064e-01,4.004755318000000064e-01
3.991615176000000154e-01,3.749448657000000185e-01,4.004755318000000064e-01,3.761548995999999812e-01
3.749448657000000185e-01,3.496161698999999956e-01,3.761548995999999812e-01,3.507165909000000137e-01
3.496161698999999956e-01,3.238826095999999821e-01,3.507165909000000137e-01,3.248699903000000222e-01
3.238826095999999821e-01,2.978478372000000207e-01,3.248699903000000222e-01,2.987195253000000106e-01
2.978478372000000207e-01,2.716207205999999763e-01,2.987195253000000106e-01,2.723748684000000253e-01
2.716207205999999763e-01,2.453135549999999887e-01,2.723748684000000253e-01,2.459490746000000116e-01
2.453135549999999887e-01,2.190400362000000101e-01,2.459490746000000116e-01,2.195565999000000101e-01
2.190400362000000101e-01,1.929127425000000118e-01,2.195565999000000101e-01,1.933107524999999882e-01
1.929127425000000118e-01,1.670438498000000049e-01,1.933107524999999882e-01,1.673243939999999874e-01
1.670438498000000049e-01,1.415373534000000100e-01,1.673243939999999874e-01,1.417021900000000056e-01
1.415373534000000100e-01,1.164967269000000000e-01,1.417021900000000056e-01,1.165480911999999952e-01
1.164967269000000000e-01,9.201192111000000562e-02,1.165480911999999952e-01,9.195266663999999979e-02
9.201192111000000562e-02,6.816997379000000468e-02,9.195266663999999979e-02,6.800321489999999747e-02
6.816997379000000468e-02,4.504392668999999960e-02,6.800321489999999747e-02,4.477323218999999799e-02
4.504392668999999960e-02,2.269829437000000019e-02,4.477323218999999799e-02,2.232743612999999946e-02
2.269829437000000019e-02,1.187753863999999960e-03,2.232743612999999946e-02,7.206989685000000099e-04
1.187753863999999960e-03,-1.944691129000000046e-02,7.206989685000000099e-04,-2.000596002000000137e-02
-1.944691129000000046e-02,-3.917183353999999923e-02,-2.000596002000000137e-02,-3.981875255999999669e-02
-3.917183353999999923e-02,-5.796695501000000139e-02,-3.981875255999999669e-02,-5.869740248000000077e-02
-5.796695501000000139e-02,-7.581949234000000259e-02,-5.869740248000000077e-02,-7.662920653999999443e-02
-7.581949234000000259e-02,-9.272675961000000078e-02,-7.662920653999999443e-02,-9.361153095999999452e-02
-9.272675961000000078e-02,-1.086956859000000053e-01,-9.361153095999999452e-02,-1.096512154000000017e-01
-1.086956859000000053e-01,-1.237368360000000028e-01,-1.096512154000000017e-01,-1.247590184000000046e-01
-1.237368360000000028e-01,-1.378699690000000089e-01,-1.247590184000000046e-01,-1.389547288000000103e-01
-1.378699690000000089e-01,-1.511206478000000075e-01,-1.389547288000000103e-01,-1.522639543000000040e-01
-1.511206478000000075e-01,-1.635161190999999958e-01,-1.522639543000000040e-01,-1.647141427000000102e-01
-1.635161190999999958e-01,-1.750883608999999896e-01,-1.647141427000000102e-01,-1.763373464000000113e-01
-1.750883608999999896e-01,-1.858728826000000112e-01,-1.763373464000000113e-01,-1.871691941999999997e-01
-1.858728826000000112e-01,-1.959064305000000061e-01,-1.871691941999999997e-01,-1.972465365999999942e-01
-1.959064305000000061e-01,-2.052255571000000112e-01,-1.972465365999999942e-01,-2.066061348000000075e-01
-2.052255571000000112e-01,-2.138689309000000038e-01,-2.066061348000000075e-01,-2.152868210999999976e-01
-2.138689309000000038e-01,-2.218753099000000117e-01,-2.152868210999999976e-01,-2.233274281000000028e-01
-2.218753099000000117e-01,-2.292828858000000025e-01,-2.233274281000000028e-01,-2.307663410999999942e-01
9.609069824000000537e-01,9.294911622999999512e-01,9.626552462999999893e-01,9.315437675000000084e-01
9.294911622999999512e-01,9.009525179999999800e-01,9.315437675000000084e-01,9.032291770000000497e-01
9.009525179999999800e-01,8.748544455000000220e-01,9.032291770000000497e-01,8.772981762999999544e-01
8.748544455000000220e-01,8.508279920000000329e-01,8.772981762999999544e-01,8.533973693999999943e-01
8.508279920000000329e-01,8.285523652999999822e-01,8.533973693999999943e-01,8.312165140999999702e-01
8.285523652999999822e-01,8.077698946000000380e-01,8.312165140999999702e-01,8.105056285999999721e-01
8.077698946000000380e-01,7.882484793999999795e-01,8.105056285999999721e-01,7.910378574999999968e-01
7.882484793999999795e-01,7.698037624000000356e-01,7.910378574999999968e-01,7.726327777000000507e-01
7.698037624000000356e-01,7.522674203000000448e-01,7.726327777000000507e-01,7.551250457999999499e-01
7.522674203000000448e-01,7.354970574000000427e-01,7.551250457999999499e-01,7.383744120999999883e-01
7.354970574000000427e-01,7.193723320999999560e-01,7.383744120999999883e-01,7.222622037000000494e-01
7.193723320999999560e-01,7.037796974000000150e-01,7.222622037000000494e-01,7.066760063000000480e-01
7.037796974000000150e-01,6.886212229999999490e-01,7.066760063000000480e-01,6.915189027999999460e-01
6.886212229999999490e-01,6.738100648000000525e-01,6.915189027999999460e-01,6.767050028000000106e-01
6.738100648000000525e-01,6.592616438999999717e-01,6.767050028000000106e-01,6.621500850000000549e-01
6.592616438999999717e-01,6.448976993999999685e-01,6.621500850000000549e-01,6.477763653000000454e-01
6.448976993999999685e-01,6.306473017000000514e-01,6.477763653000000454e-01,6.335133910000000368e-01
6.306473017000000514e-01,6.164378524000000414e-01,6.335133910000000368e-01,6.192886829000000537e-01
6.164378524000000414e-01,6.021968126000000199e-01,6.192886829000000537e-01,6.050299406000000380e-01
6.021968126000000199e-01,5.878528952999999557e-01,6.050299406000000380e-01,5.906660556999999701e-01
5.878528952999999557e-01,5.733342767000000340e-01,5.906660556999999701e-01,5.761252046000000515e-01
5.733342767000000340e-01,5.585617422999999970e-01,5.761252046000000515e-01,5.613283515000000445e-01
5.585617422999999970e-01,5.434508919999999632e-01,5.613283515000000445e-01,5.461909770999999747e-01
5.434508919999999632e-01,5.279133915999999482e-01,5.461909770999999747e-01,5.306246877000000417e-01
5.279133915999999482e-01,5.118498205999999495e-01,5.306246877000000417e-01,5.145301818999999943e-01
5.118498205999999495e-01,4.951461554000000098e-01,5.145301818999999943e-01,4.977932572000000055e-01
4.951461554000000098e-01,4.776743649999999897e-01,4.977932572000000055e-01,4.802856743000000206e-01
4.776743649999999897e-01,4.592878519999999964e-01,4.802856743000000206e-01,4.618607460999999970e-01
4.592878519999999964e-01,4.398116469000000195e-01,4.618607460999999970e-01,4.423432648000000245e-01
4.398116469000000195e-01,4.190389811999999936e-01,4.423432648000000245e-01,4.215262234000000108e-01
4.190389811999999936e-01,3.967220484999999797e-01,4.215262234000000108e-01,3.991615176000000154e-01
3.967220484999999797e-01,3.725569248000000222e-01,3.991615176000000154e-01,3.749448657000000185e-01
3.725569248000000222e-01,3.472829163000000219e-01,3.749448657000000185e-01,3.496161698999999956e-01
3.472829163000000219e-01,3.216065764000000105e-01,3.496161698999999956e-01,3.238826095999999821e-01
3.216065764000000105e-01,2.956310213000000187e-01,3.238826095999999821e-01,2.978478372000000207e-01
2.956310213000000187e-01,2.694644629999999874e-01,2.978478372000000207e-01,2.716207205999999763e-01
2.694644629999999874e-01,2.432187647000000064e-01,2.716207205999999763e-01,2.453135549999999887e-01
2.432187647000000064e-01,2.170069963000000046e-01,2.453135549999999887e-01,2.190400362000000101e-01
2.170069963000000046e-01,1.909412742000000107e-01,2.190400362000000101e-01,1.929127425000000118e-01
1.909412742000000107e-01,1.651333420999999968e-01,1.929127425000000118e-01,1.670438498000000049e-01
1.651333420999999968e-01,1.396866887999999862e-01,1.670438498000000049e-01,1.415373534000000100e-01
1.396866887999999862e-01,1.147045492999999999e-01,1.415373534000000100e-01,1.164967269000000000e-01
1.147045492999999999e-01,9.027645736999999337e-02,1.164967269000000000e-01,9.201192111000000562e-02
9.027645736999999337e-02,6.648935377999999619e-02,9.201192111000000562e-02,6.816997379000000468e-02
6.648935377999999619e-02,4.341597109999999898e-02,6.816997379000000468e-02,4.504392668999999960e-02
4.341597109999999898e-02,2.112077922000000010e-02,4.504392668999999960e-02,2.269829437000000019e-02
2.112077922000000010e-02,-3.416205873000000264e-04,2.269829437000000019e-02,1.187753863999999960e-03
-3.416205873000000264e-04,-2.093059569999999869e-02,1.187753863999999960e-03,-1.944691129000000046e-02
-2.093059569999999869e-02,-4.061211646000000008e-02,-1.944691129000000046e-02,-3.917183353999999923e-02
-4.061211646000000008e-02,-5.936629325000000040e-02,-3.917183353999999923e-02,-5.796695501000000139e-02
-5.936629325000000040e-02,-7.718021423000000214e-02,-5.796695501000000139e-02,-7.581949234000000259e-02
-7.718021423000000214e-02,-9.405113756999999852e-02,-7.581949234000000259e-02,-9.272675961000000078e-02
-9.405113756999999852e-02,-1.099860743000000002e-01,-9.272675961000000078e-02,-1.086956859000000053e-01
-1.099860743000000002e-01,-1.249953954999999950e-01,-1.086956859000000053e-01,-1.237368360000000028e-01
-1.249953954999999950e-01,-1.390988380000000024e-01,-1.237368360000000028e-01,-1.378699690000000089e-01
-1.390988380000000024e-01,-1.523220091999999970e-01,-1.378699690000000089e-01,-1.511206478000000075e-01
-1.523220091999999970e-01,-1.646919846999999881e-01,-1.511206478000000075e-01,-1.635161190999999958e-01
-1.646919846999999881e-01,-1.762406528000000083e-01,-1.635161190999999958e-01,-1.750883608999999896e-01
-1.762406528000000083e-01,-1.870035677999999923e-01,-1.750883608999999896e-01,-1.858728826000000112e-01
-1.870035677999999923e-01,-1.970174014999999945e-01,-1.858728826000000112e-01,-1.959064305000000061e-01
-1.970174014999999945e-01,-2.063185126000000036e-01,-1.959064305000000061e-01,-2.052255571000000112e-01
-2.063185126000000036e-01,-2.149455398000000017e-01,-2.052255571000000112e-01,-2.138689309000000038e-01
-2.149455398000000017e-01,-2.229371964999999900e-01,-2.138689309000000038e-01,-2.218753099000000117e-01
-2.229371964999999900e-01,-2.303315997000000004e-01,-2.218753099000000117e-01,-2.292828858000000025e-01
9.593110680999999973e-01,9.275662302999999609e-01,9.609069824000000537e-01,9.294911622999999512e-01
9.275662302999999609e-01,8.987809420000000271e-01,9.294911622999999512e-01,9.009525179999999800e-01
8.987809420000000271e-01,8.724951744000000176e-01,9.009525179999999800e-01,8.748544455000000220e-01
8.724951744000000176e-01,8.483240008000000332e-01,8.748544455000000220e-01,8.508279920000000329e-01
8.483240008000000332e-01,8.259359001999999617e-01,8.508279920000000329e-01,8.285523652999999822e-01
8.259359001999999617e-01,8.050652146000000231e-01,8.285523652999999822e-01,8.077698946000000380e-01
8.050652146000000231e-01,7.854745984000000014e-01,8.077698946000000380e-01,7.882484793999999795e-01
7.854745984000000014e-01,7.669753432000000481e-01,7.882484793999999795e-01,7.698037624000000356e-01
7.669753432000000481e-01,7.493962645999999728e-01,7.698037624000000356e-01,7.522674203000000448e-01
7.493962645999999728e-01,7.325927614999999671e-01,7.522674203000000448e-01,7.354970574000000427e-01
7.325927614999999671e-01,7.164424658000000390e-01,7.354970574000000427e-01,7.193723320999999560e-01
7.164424658000000390e-01,7.008307576000000205e-01,7.193723320999999560e-01,7.037796974000000150e-01
7.008307576000000205e-01,6.856585740999999734e-01,7.037796974000000150e-01,6.886212229999999490e-01
6.856585740999999734e-01,6.708381772000000520e-01,6.886212229999999490e-01,6.738100648000000525e-01
6.708381772000000520e-01,6.562844515000000323e-01,6.738100648000000525e-01,6.592616438999999717e-01
6.562844515000000323e-01,6.419185400000000374e-01,6.592616438999999717e-01,6.448976993999999685e-01
6.419185400000000374e-01,6.276692151999999636e-01,6.448976993999999685e-01,6.306473017000000514e-01
6.276692151999999636e-01,6.134633421999999836e-01,6.306473017000000514e-01,6.164378524000000414e-01
6.134633421999999836e-01,5.992283225000000213e-01,6.164378524000000414e-01,6.021968126000000199e-01
5.992283225000000213e-01,5.848927497999999447e-01,6.021968126000000199e-01,5.878528952999999557e-01
5.848927497999999447e-01,5.703843831999999558e-01,5.878528952999999557e-01,5.733342767000000340e-01
5.703843831999999558e-01,5.556241274000000008e-01,5.733342767000000340e-01,5.585617422999999970e-01
5.556241274000000008e-01,5.405274034000000505e-01,5.585617422999999970e-01,5.434508919999999632e-01
5.405274034000000505e-01,5.250058173999999633e-01,5.434508919999999632e-01,5.279133915999999482e-01
5.250058173999999633e-01,5.089600086000000134e-01,5.279133915999999482e-01,5.118498205999999495e-01
5.089600086000000134e-01,4.922759830999999808e-01,5.118498205999999495e-01,4.951461554000000098e-01
4.922759830999999808e-01,4.748256207000000062e-01,4.951461554000000098e-01,4.776743649999999897e-01
4.748256207000000062e-01,4.564624131000000196e-01,4.776743649999999897e-01,4.592878519999999964e-01
4.564624131000000196e-01,4.370114802999999770e-01,4.592878519999999964e-01,4.398116469000000195e-01
4.370114802999999770e-01,4.162660837000000114e-01,4.398116469000000195e-01,4.190389811999999936e-01
4.162660837000000114e-01,3.939785659000000217e-01,4.190389811999999936e-01,3.967220484999999797e-01
3.939785659000000217e-01,3.698450327000000204e-01,3.967220484999999797e-01,3.725569248000000222e-01
3.698450327000000204e-01,3.446049392000000156e-01,3.725569248000000222e-01,3.472829163000000219e-01
3.446049392000000156e-01,3.189646005999999812e-01,3.472829163000000219e-01,3.216065764000000105e-01
3.189646005999999812e-01,2.930267453000000022e-01,3.216065764000000105e-01,2.956310213000000187e-01
2.930267453000000022e-01,2.668990790999999918e-01,2.956310213000000187e-01,2.694644629999999874e-01
2.668990790999999918e-01,2.406930327000000036e-01,2.694644629999999874e-01,2.432187647000000064e-01
2.406930327000000036e-01,2.145211696999999862e-01,2.432187647000000064e-01,2.170069963000000046e-01
2.145211696999999862e-01,1.884952336999999867e-01,2.170069963000000046e-01,1.909412742000000107e-01
1.884952336999999867e-01,1.627266257999999965e-01,1.909412742000000107e-01,1.651333420999999968e-01
1.627266257999999965e-01,1.373183876000000081e-01,1.651333420999999968e-01,1.396866887999999862e-01
1.373183876000000081e-01,1.123736575000000015e-01,1.396866887999999862e-01,1.147045492999999999e-01
1.123736575000000015e-01,8.798158169000000473e-02,1.147045492999999999e-01,9.027645736999999337e-02
8.798158169000000473e-02,6.422905623999999869e-02,9.027645736999999337e-02,6.648935377999999619e-02
6.422905623999999869e-02,4.118860513000000001e-02,6.648935377999999619e-02,4.341597109999999898e-02
4.118860513000000001e-02,1.892468146999999948e-02,4.341597109999999898e-02,2.112077922000000010e-02
1.892468146999999948e-02,-2.508144126999999838e-03,2.112077922000000010e-02,-3.416205873000000264e-04
-2.508144126999999838e-03,-2.306934445999999847e-02,-3.416205873000000264e-04,-2.093059569999999869e-02
-2.306934445999999847e-02,-4.272470622999999940e-02,-2.093059569999999869e-02,-4.061211646000000008e-02
-4.272470622999999940e-02,-6.145447119999999930e-02,-4.061211646000000008e-02,-5.936629325000000040e-02
-6.145447119999999930e-02,-7.924559711999999700e-02,-5.936629325000000040e-02,-7.718021423000000214e-02
-7.924559711999999700e-02,-9.609526395999999637e-02,-7.718021423000000214e-02,-9.405113756999999852e-02
-9.609526395999999637e-02,-1.120105757999999979e-01,-9.405113756999999852e-02,-1.099860743000000002e-01
-1.120105757999999979e-01,-1.270017028000000048e-01,-1.099860743000000002e-01,-1.249953954999999950e-01
-1.270017028000000048e-01,-1.410883813999999903e-01,-1.249953954999999950e-01,-1.390988380000000024e-01
-1.410883813999999903e-01,-1.542962492000000130e-01,-1.390988380000000024e-01,-1.523220091999999970e-01
-1.542962492000000130e-01,-1.666522323999999888e-01,-1.523220091999999970e-01,-1.646919846999999881e-01
-1.666522323999999888e-01,-1.781881750000000042e-01,-1.646919846999999881e-01,-1.762406528000000083e-01
-1.781881750000000042e-01,-1.889396459000000084e-01,-1.762406528000000083e-01,-1.870035677999999923e-01
-1.889396459000000084e-01,-1.989433019999999885e-01,-1.870035677999999923e-01,-1.970174014999999945e-01
-1.989433019999999885e-01,-2.082353234000000053e-01,-1.970174014999999945e-01,-2.063185126000000036e-01
-2.082353234000000053e-01,-2.168543636999999968e-01,-2.063185126000000036e-01,-2.149455398000000017e-01
-2.168543636999999968e-01,-2.248390764000000042e-01,-2.149455398000000017e-01,-2.229371964999999900e-01
-2.248390764000000042e-01,-2.322275788000000007e-01,-2.229371964999999900e-01,-2.303315997000000004e-01
9.578719734999999735e-01,9.257964492000000378e-01,9.593110680999999973e-01,9.275662302999999609e-01
9.257964492000000378e-01,8.967621921999999746e-01,9.275662302999999609e-01,8.987809420000000271e-01
8.967621921999999746e-01,8.702858686000000121e-01,8.987809420000000271e-01,8.724951744000000176e-01
8.702858686000000121e-01,8.459667562999999557e-01,8.724951744000000176e-01,8.483240008000000332e-01
8.459667562999999557e-01,8.234629034999999542e-01,8.483240008000000332e-01,8.259359001999999617e-01
8.234629034999999542e-01,8.025007248000000093e-01,8.259359001999999617e-01,8.050652146000000231e-01
8.025007248000000093e-01,7.828373909000000408e-01,8.050652146000000231e-01,7.854745984000000014e-01
7.828373909000000408e-01,7.642801999999999651e-01,7.854745984000000014e-01,7.669753432000000481e-01
7.642801999999999651e-01,7.466549873000000170e-01,7.669753432000000481e-01,7.493962645999999728e-01
7.466549873000000170e-01,7.298148274000000324e-01,7.493962645999999728e-01,7.325927614999999671e-01
7.298148274000000324e-01,7.136356831000000289e-01,7.325927614999999671e-01,7.164424658000000390e-01
7.136356831000000289e-01,6.980015039000000421e-01,7.164424658000000390e-01,7.008307576000000205e-01
6.980015039000000421e-01,6.828121542999999738e-01,7.008307576000000205e-01,6.856585740999999734e-01
6.828121542999999738e-01,6.679791212000000256e-01,6.856585740999999734e-01,6.708381772000000520e-01
6.679791212000000256e-01,6.534166336000000186e-01,6.708381772000000520e-01,6.562844515000000323e-01
6.534166336000000186e-01,6.390453577000000385e-01,6.562844515000000323e-01,6.419185400000000374e-01
6.390453577000000385e-01,6.247935891000000463e-01,6.419185400000000374e-01,6.276692151999999636e-01
6.247935891000000463e-01,6.105878948999999833e-01,6.276692151999999636e-01,6.134633421999999836e-01
6.105878948999999833e-01,5.963553190000000503e-01,6.134633421999999836e-01,5.992283225000000213e-01
5.963553190000000503e-01,5.820243359000000227e-01,5.992283225000000213e-01,5.848927497999999447e-01
5.820243359000000227e-01,5.675225854000000014e-01,5.848927497999999447e-01,5.703843831999999558e-01
5.675225854000000014e-01,5.527707337999999693e-01,5.703843831999999558e-01,5.556241274000000008e-01
5.527707337999999693e-01,5.376842022000000165e-01,5.556241274000000008e-01,5.405274034000000505e-01
5.376842022000000165e-01,5.221745371999999552e-01,5.405274034000000505e-01,5.250058173999999633e-01
5.221745371999999552e-01,5.061422585999999502e-01,5.250058173999999633e-01,5.089600086000000134e-01
5.061422585999999502e-01,4.894733130999999737e-01,5.089600086000000134e-01,4.922759830999999808e-01
4.894733130999999737e-01,4.720396995999999734e-01,4.922759830999999808e-01,4.748256207000000062e-01
4.720396995999999734e-01,4.536948501999999994e-01,4.748256207000000062e-01,4.564624131000000196e-01
4.536948501999999994e-01,4.342639147999999838e-01,4.564624131000000196e-01,4.370114802999999770e-01
4.342639147999999838e-01,4.135401546999999955e-01,4.370114802999999770e-01,4.162660837000000114e-01
4.135401546999999955e-01,3.912760019000000034e-01,4.162660837000000114e-01,3.939785659000000217e-01
3.912760019000000034e-01,3.671674728000000054e-01,3.939785659000000217e-01,3.698450327000000204e-01
3.671674728000000054e-01,3.419543206999999807e-01,3.698450327000000204e-01,3.446049392000000156e-01
3.419543206999999807e-01,3.163429499000000034e-01,3.446049392000000156e-01,3.189646005999999812e-01
3.163429499000000034e-01,2.904355525999999799e-01,3.189646005999999812e-01,2.930267453000000022e-01
2.904355525999999799e-01,2.643394171999999820e-01,2.930267453000000022e-01,2.668990790999999918e-01
2.643394171999999820e-01,2.381656319000000077e-01,2.668990790999999918e-01,2.406930327000000036e-01
2.381656319000000077e-01,2.120262384000000111e-01,2.406930327000000036e-01,2.145211696999999862e-01
2.120262384000000111e-01,1.860326529000000118e-01,2.145211696999999862e-01,1.884952336999999867e-01
1.860326529000000118e-01,1.602959633000000106e-01,1.884952336999999867e-01,1.627266257999999965e-01
1.602959633000000106e-01,1.349188386999999878e-01,1.627266257999999965e-01,1.373183876000000081e-01
1.349188386999999878e-01,1.100042462000000026e-01,1.373183876000000081e-01,1.123736575000000015e-01
1.100042462000000026e-01,8.564102649999999484e-02,1.123736575000000015e-01,8.798158169000000473e-02
8.564102649999999484e-02,6.191608682000000058e-02,8.798158169000000473e-02,6.422905623999999869e-02
6.191608682000000058e-02,3.890171647000000010e-02,6.422905623999999869e-02,4.118860513000000001e-02
3.890171647000000010e-02,1.666238903999999951e-02,4.118860513000000001e-02,1.892468146999999948e-02
1.666238903999999951e-02,-4.747341387000000162e-03,1.892468146999999948e-02,-2.508144126999999838e-03
-4.747341387000000162e-03,-2.528704329999999917e-02,-2.508144126999999838e-03,-2.306934445999999847e-02
-2.528704329999999917e-02,-4.492230341000000293e-02,-2.306934445999999847e-02,-4.272470622999999940e-02
-4.492230341000000293e-02,-6.363350152999999731e-02,-4.272470622999999940e-02,-6.145447119999999930e-02
-6.363350152999999731e-02,-8.140743524000000619e-02,-6.145447119999999930e-02,-7.924559711999999700e-02
-8.140743524000000619e-02,-9.824123979000000395e-02,-7.924559711999999700e-02,-9.609526395999999637e-02
-9.824123979000000395e-02,-1.141420528000000045e-01,-9.609526395999999637e-02,-1.120105757999999979e-01
-1.141420528000000045e-01,-1.291198879000000077e-01,-1.120105757999999979e-01,-1.270017028000000048e-01
-1.291198879000000077e-01,-1.431944668000000032e-01,-1.270017028000000048e-01,-1.410883813999999903e-01
-1.431944668000000032e-01,-1.563914715999999983e-01,-1.410883813999999903e-01,-1.542962492000000130e-01
-1.563914715999999983e-01,-1.687376499000000085e-01,-1.542962492000000130e-01,-1.666522323999999888e-01
-1.687376499000000085e-01,-1.802648306000000089e-01,-1.666522323999999888e-01,-1.781881750000000042e-01
-1.802648306000000089e-01,-1.910086125000000079e-01,-1.781881750000000042e-01,-1.889396459000000084e-01
-1.910086125000000079e-01,-2.010055779999999903e-01,-1.889396459000000084e-01,-1.989433019999999885e-01
-2.010055779999999903e-01,-2.102918326999999865e-01,-1.989433019999999885e-01,-2.082353234000000053e-01
-2.102918326999999865e-01,-2.189059704999999911e-01,-2.082353234000000053e-01,-2.168543636999999968e-01
-2.189059704999999911e-01,-2.268866599000000095e-01,-2.168543636999999968e-01,-2.248390764000000042e-01
-2.268866599000000095e-01,-2.342719584999999882e-01,-2.248390764000000042e-01,-2.322275788000000007e-01
9.565896987999999990e-01,9.241937398999999775e-01,9.578719734999999735e-01,9.257964492000000378e-01
9.241937398999999775e-01,8.949182033999999453e-01,9.257964492000000378e-01,8.967621921999999746e-01
8.949182033999999453e-01,8.682573437999999699e-01,8.967621921999999746e-01,8.702858686000000121e-01
8.682573437999999699e-01,8.437951803000000028e-01,8.702858686000000121e-01,8.459667562999999557e-01
8.437951803000000028e-01,8.211792706999999636e-01,8.459667562999999557e-01,8.234629034999999542e-01
8.211792706999999636e-01,8.001285791000000147e-01,8.234629034999999542e-01,8.025007248000000093e-01
8.001285791000000147e-01,7.803950309999999613e-01,8.025007248000000093e-01,7.828373909000000408e-01
7.803950309999999613e-01,7.617819309000000150e-01,7.828373909000000408e-01,7.642801999999999651e-01
7.617819309000000150e-01,7.441122531999999623e-01,7.642801999999999651e-01,7.466549873000000170e-01
7.441122531999999623e-01,7.272368072999999544e-01,7.466549873000000170e-01,7.298148274000000324e-01
7.272368072999999544e-01,7.110298275999999973e-01,7.298148274000000324e-01,7.136356831000000289e-01
7.110298275999999973e-01,6.953740715999999766e-01,7.136356831000000289e-01,6.980015039000000421e-01
6.953740715999999766e-01,6.801683902999999809e-01,6.980015039000000421e-01,6.828121542999999738e-01
6.801683902999999809e-01,6.653232573999999788e-01,6.828121542999999738e-01,6.679791212000000256e-01
6.653232573999999788e-01,6.507525443999999659e-01,6.679791212000000256e-01,6.534166336000000186e-01
6.507525443999999659e-01,6.363762616999999455e-01,6.534166336000000186e-01,6.390453577000000385e-01
6.363762616999999455e-01,6.221222878000000067e-01,6.390453577000000385e-01,6.247935891000000463e-01
6.221222878000000067e-01,6.079168915999999534e-01,6.247935891000000463e-01,6.105878948999999833e-01
6.079168915999999534e-01,5.936869382999999667e-01,6.105878948999999833e-01,5.963553190000000503e-01
5.936869382999999667e-01,5.793606638999999614e-01,5.963553190000000503e-01,5.820243359000000227e-01
5.793606638999999614e-01,5.648654698999999724e-01,5.820243359000000227e-01,5.675225854000000014e-01
5.648654698999999724e-01,5.501219630000000471e-01,5.675225854000000014e-01,5.527707337999999693e-01
5.501219630000000471e-01,5.350455045999999992e-01,5.527707337999999693e-01,5.376842022000000165e-01
5.350455045999999992e-01,5.195475817000000385e-01,5.376842022000000165e-01,5.221745371999999552e-01
5.195475817000000385e-01,5.035285950000000232e-01,5.221745371999999552e-01,5.061422585999999502e-01
5.035285950000000232e-01,4.868744910000000203e-01,5.061422585999999502e-01,4.894733130999999737e-01
4.868744910000000203e-01,4.694572985000000087e-01,4.894733130999999737e-01,4.720396995999999734e-01
4.694572985000000087e-01,4.511304497999999996e-01,4.720396995999999734e-01,4.536948501999999994e-01
4.511304497999999996e-01,4.317190945000000113e-01,4.536948501999999994e-01,4.342639147999999838e-01
4.317190945000000113e-01,4.110164940000000100e-01,4.342639147999999838e-01,4.135401546999999955e-01
4.110164940000000100e-01,3.887751697999999867e-01,4.135401546999999955e-01,3.912760019000000034e-01
3.887751697999999867e-01,3.646910787000000043e-01,3.912760019000000034e-01,3.671674728000000054e-01
3.646910787000000043e-01,3.395042419000000034e-01,3.671674728000000054e-01,3.419543206999999807e-01
3.395042419000000034e-01,3.139210640999999802e-01,3.419543206999999807e-01,3.163429499000000034e-01
3.139210640999999802e-01,2.880433202000000081e-01,3.163429499000000034e-01,2.904355525999999799e-01
2.880433202000000081e-01,2.619779110000000077e-01,2.904355525999999799e-01,2.643394171999999820e-01
2.619779110000000077e-01,2.358354628000000064e-01,2.643394171999999820e-01,2.381656319000000077e-01
2.358354628000000064e-01,2.097276150999999866e-01,2.381656319000000077e-01,2.120262384000000111e-01
2.097276150999999866e-01,1.837654411999999904e-01,2.120262384000000111e-01,1.860326529000000118e-01
1.837654411999999904e-01,1.580596714999999985e-01,1.860326529000000118e-01,1.602959633000000106e-01
1.580596714999999985e-01,1.327126324000000024e-01,1.602959633000000106e-01,1.349188386999999878e-01
1.327126324000000024e-01,1.078271865999999996e-01,1.349188386999999878e-01,1.100042462000000026e-01
1.078271865999999996e-01,8.349183202000000359e-02,1.100042462000000026e-01,8.564102649999999484e-02
8.349183202000000359e-02,5.979346483999999767e-02,8.564102649999999484e-02,6.191608682000000058e-02
5.979346483999999767e-02,3.680417686999999660e-02,6.191608682000000058e-02,3.890171647000000010e-02
3.680417686999999660e-02,1.458845008000000075e-02,3.890171647000000010e-02,1.666238903999999951e-02
1.458845008000000075e-02,-6.799170747000000264e-03,1.666238903999999951e-02,-4.747341387000000162e-03
-6.799170747000000264e-03,-2.731834911000000088e-02,-4.747341387000000162e-03,-2.528704329999999917e-02
-2.731834911000000088e-02,-4.693447425999999756e-02,-2.528704329999999917e-02,-4.492230341000000293e-02
-4.693447425999999756e-02,-6.562804430999999439e-02,-4.492230341000000293e-02,-6.363350152999999731e-02
-6.562804430999999439e-02,-8.338573574999999516e-02,-6.363350152999999731e-02,-8.140743524000000619e-02
-8.338573574999999516e-02,-1.002045795000000017e-01,-8.140743524000000619e-02,-9.824123979000000395e-02
-1.002045795000000017e-01,-1.160918175999999941e-01,-9.824123979000000395e-02,-1.141420528000000045e-01
-1.160918175999999941e-01,-1.310572475000000015e-01,-1.141420528000000045e-01,-1.291198879000000077e-01
-1.310572475000000015e-01,-1.451205760000000011e-01,-1.291198879000000077e-01,-1.431944668000000032e-01
-1.451205760000000011e-01,-1.583075374000000035e-01,-1.431944668000000032e-01,-1.563914715999999983e-01
-1.583075374000000035e-01,-1.706447154000000077e-01,-1.563914715999999983e-01,-1.687376499000000085e-01
-1.706447154000000077e-01,-1.821639240000000048e-01,-1.687376499000000085e-01,-1.802648306000000089e-01
-1.821639240000000048e-01,-1.929007470999999918e-01,-1.802648306000000089e-01,-1.910086125000000079e-01
-1.929007470999999918e-01,-2.028917520999999891e-01,-1.910086125000000079e-01,-2.010055779999999903e-01
-2.028917520999999891e-01,-2.121729105999999865e-01,-2.010055779999999903e-01,-2.102918326999999865e-01
-2.121729105999999865e-01,-2.207827866000000028e-01,-2.102918326999999865e-01,-2.189059704999999911e-01
-2.207827866000000028e-01,-2.287600338000000122e-01,-2.189059704999999911e-01,-2.268866599000000095e-01
-2.287600338000000122e-01,-2.361426799999999937e-01,-2.268866599000000095e-01,-2.342719584999999882e-01
9.554609059999999987e-01,9.227615595000000503e-01,9.565896987999999990e-01,9.241937398999999775e-01
9.227615595000000503e-01,8.932583927999999673e-01,9.241937398999999775e-01,8.949182033999999453e-01
8.932583927999999673e-01,8.664240240999999676e-01,8.949182033999999453e-01,8.682573437999999699e-01
8.664240240999999676e-01,8.418278693999999840e-01,8.682573437999999699e-01,8.437951803000000028e-01
8.418278693999999840e-01,8.191076516999999946e-01,8.437951803000000028e-01,8.211792706999999636e-01
8.191076516999999946e-01,7.979749441000000276e-01,8.211792706999999636e-01,8.001285791000000147e-01
7.979749441000000276e-01,7.781769037000000333e-01,8.001285791000000147e-01,7.803950309999999613e-01
7.781769037000000333e-01,7.595127820999999502e-01,7.803950309999999613e-01,7.617819309000000150e-01
7.595127820999999502e-01,7.418029308000000377e-01,7.617819309000000150e-01,7.441122531999999623e-01
7.418029308000000377e-01,7.248960733000000545e-01,7.441122531999999623e-01,7.272368072999999544e-01
7.248960733000000545e-01,7.086647749000000163e-01,7.272368072999999544e-01,7.110298275999999973e-01
7.086647749000000163e-01,6.929906010999999921e-01,7.110298275999999973e-01,6.953740715999999766e-01
6.929906010999999921e-01,6.777714490999999786e-01,6.953740715999999766e-01,6.801683902999999809e-01
6.777714490999999786e-01,6.629169582999999699e-01,6.801683902999999809e-01,6.653232573999999788e-01
6.629169582999999699e-01,6.483404040000000368e-01,6.653232573999999788e-01,6.507525443999999659e-01
6.483404040000000368e-01,6.339614391000000237e-01,6.507525443999999659e-01,6.363762616999999455e-01
6.339614391000000237e-01,6.197074651999999739e-01,6.363762616999999455e-01,6.221222878000000067e-01
6.197074651999999739e-01,6.055044532000000146e-01,6.221222878000000067e-01,6.079168915999999534e-01
6.055044532000000146e-01,5.912790894999999658e-01,6.079168915999999534e-01,5.936869382999999667e-01
5.912790894999999658e-01,5.769594312000000391e-01,5.936869382999999667e-01,5.793606638999999614e-01
5.769594312000000391e-01,5.624727011000000276e-01,5.793606638999999614e-01,5.648654698999999724e-01
5.624727011000000276e-01,5.477393865999999889e-01,5.648654698999999724e-01,5.501219630000000471e-01
5.477393865999999889e-01,5.326747894000000150e-01,5.501219630000000471e-01,5.350455045999999992e-01
5.326747894000000150e-01,5.171902776000000257e-01,5.350455045999999992e-01,5.195475817000000385e-01
5.171902776000000257e-01,5.011863707999999473e-01,5.195475817000000385e-01,5.035285950000000232e-01
5.011863707999999473e-01,4.845490157999999825e-01,5.035285950000000232e-01,4.868744910000000203e-01
4.845490157999999825e-01,4.671500623000000019e-01,4.868744910000000203e-01,4.694572985000000087e-01
4.671500623000000019e-01,4.488431214999999974e-01,4.694572985000000087e-01,4.511304497999999996e-01
4.488431214999999974e-01,4.294533432000000039e-01,4.511304497999999996e-01,4.317190945000000113e-01
4.294533432000000039e-01,4.087739885000000184e-01,4.317190945000000113e-01,4.110164940000000100e-01
4.087739885000000184e-01,3.865576982000000217e-01,4.110164940000000100e-01,3.887751697999999867e-01
3.865576982000000217e-01,3.625004888000000203e-01,3.887751697999999867e-01,3.646910787000000043e-01
3.625004888000000203e-01,3.373424112999999780e-01,3.646910787000000043e-01,3.395042419000000034e-01
3.373424112999999780e-01,3.117898405000000261e-01,3.395042419000000034e-01,3.139210640999999802e-01
3.117898405000000261e-01,2.859441936000000073e-01,3.139210640999999802e-01,2.880433202000000081e-01
2.859441936000000073e-01,2.599118351999999965e-01,2.880433202000000081e-01,2.619779110000000077e-01
2.599118351999999965e-01,2.338030635999999995e-01,2.619779110000000077e-01,2.358354628000000064e-01
2.338030635999999995e-01,2.077290415999999973e-01,2.358354628000000064e-01,2.097276150999999866e-01
2.077290415999999973e-01,1.818004995999999984e-01,2.097276150999999866e-01,1.837654411999999904e-01
1.818004995999999984e-01,1.561278551999999986e-01,1.837654411999999904e-01,1.580596714999999985e-01
1.561278551999999986e-01,1.308130771000000081e-01,1.580596714999999985e-01,1.327126324000000024e-01
1.308130771000000081e-01,1.059588863999999936e-01,1.327126324000000024e-01,1.078271865999999996e-01
1.059588863999999936e-01,8.165345340999999313e-02,1.078271865999999996e-01,8.349183202000000359e-02
8.165345340999999313e-02,5.798365921000000339e-02,8.349183202000000359e-02,5.979346483999999767e-02
5.798365921000000339e-02,3.502139077000000073e-02,5.979346483999999767e-02,3.680417686999999660e-02
3.502139077000000073e-02,1.283113007000000021e-02,3.680417686999999660e-02,1.458845008000000075e-02
1.283113007000000021e-02,-8.532593958000000284e-03,1.458845008000000075e-02,-6.799170747000000264e-03
-8.532593958000000284e-03,-2.902953699000000026e-02,-6.799170747000000264e-03,-2.731834911000000088e-02
-2.902953699000000026e-02,-4.862490296000000073e-02,-2.731834911000000088e-02,-4.693447425999999756e-02
-4.862490296000000073e-02,-6.729932129000000540e-02,-4.693447425999999756e-02,-6.562804430999999439e-02
-6.729932129000000540e-02,-8.503931016000000620e-02,-6.562804430999999439e-02,-8.338573574999999516e-02
-8.503931016000000620e-02,-1.018418371999999933e-01,-8.338573574999999516e-02,-1.002045795000000017e-01
-1.018418371999999933e-01,-1.177142038999999946e-01,-1.002045795000000017e-01,-1.160918175999999941e-01
-1.177142038999999946e-01,-1.326660365000000008e-01,-1.160918175999999941e-01,-1.310572475000000015e-01
-1.326660365000000008e-01,-1.467170118999999995e-01,-1.310572475000000015e-01,-1.451205760000000011e-01
-1.467170118999999995e-01,-1.598929017999999869e-01,-1.451205760000000011e-01,-1.583075374000000035e-01
-1.598929017999999869e-01,-1.722201258000000124e-01,-1.583075374000000035e-01,-1.706447154000000077e-01
-1.722201258000000124e-01,-1.837304681999999967e-01,-1.706447154000000077e-01,-1.821639240000000048e-01
-1.837304681999999967e-01,-1.944594979000000001e-01,-1.821639240000000048e-01,-1.929007470999999918e-01
-1.944594979000000001e-01,-2.044437826000000125e-01,-1.929007470999999918e-01,-2.028917520999999891e-01
-2.044437826000000125e-01,-2.137191146999999902e-01,-2.028917520999999891e-01,-2.121729105999999865e-01
-2.137191146999999902e-01,-2.223240733000000080e-01,-2.121729105999999865e-01,-2.207827866000000028e-01
-2.223240733000000080e-01,-2.302972674000000053e-01,-2.207827866000000028e-01,-2.287600338000000122e-01
-2.302972674000000053e-01,-2.376766949999999934e-01,-2.287600338000000122e-01,-2.361426799999999937e-01
9.544788002999999854e-01,9.214973450000000232e-01,9.554609059999999987e-01,9.227615595000000503e-01
9.214973450000000232e-01,8.917835355000000019e-01,9.227615595000000503e-01,8.932583927999999673e-01
8.917835355000000019e-01,8.647896646999999604e-01,8.932583927999999673e-01,8.664240240999999676e-01
8.647896646999999604e-01,8.400711416999999681e-01,8.664240240999999676e-01,8.418278693999999840e-01
8.400711416999999681e-01,8.172563910000000265e-01,8.418278693999999840e-01,8.191076516999999946e-01
8.172563910000000265e-01,7.960502505000000006e-01,8.191076516999999946e-01,7.979749441000000276e-01
7.960502505000000006e-01,7.761949897000000043e-01,7.979749441000000276e-01,7.781769037000000333e-01
7.761949897000000043e-01,7.574863433999999840e-01,7.781769037000000333e-01,7.595127820999999502e-01
7.574863433999999840e-01,7.397421598000000209e-01,7.595127820999999502e-01,7.418029308000000377e-01
7.397421598000000209e-01,7.228090763000000196e-01,7.418029308000000377e-01,7.248960733000000545e-01
7.228090763000000196e-01,7.065581082999999873e-01,7.248960733000000545e-01,7.086647749000000163e-01
7.065581082999999873e-01,6.908698081999999907e-01,7.086647749000000163e-01,6.929906010999999921e-01
6.908698081999999907e-01,6.756411790999999889e-01,6.929906010999999921e-01,6.777714490999999786e-01
6.756411790999999889e-01,6.607809663000000500e-01,6.777714490999999786e-01,6.629169582999999699e-01
6.607809663000000500e-01,6.462020873999999582e-01,6.629169582999999699e-01,6.483404040000000368e-01
6.462020873999999582e-01,6.318237184999999645e-01,6.483404040000000368e-01,6.339614391000000237e-01
6.318237184999999645e-01,6.175729035999999450e-01,6.339614391000000237e-01,6.197074651999999739e-01
6.175729035999999450e-01,6.033752560999999792e-01,6.197074651999999739e-01,6.055044532000000146e-01
6.033752560999999792e-01,5.891574025000000381e-01,6.055044532000000146e-01,5.912790894999999658e-01
5.891574025000000381e-01,5.748471617999999506e-01,5.912790894999999658e-01,5.769594312000000391e-01
5.748471617999999506e-01,5.603715777000000120e-01,5.769594312000000391e-01,5.624727011000000276e-01
5.603715777000000120e-01,5.456511377999999635e-01,5.624727011000000276e-01,5.477393865999999889e-01
5.456511377999999635e-01,5.306011438000000080e-01,5.477393865999999889e-01,5.326747894000000150e-01
5.306011438000000080e-01,5.151329041000000108e-01,5.326747894000000150e-01,5.171902776000000257e-01
5.151329041000000108e-01,4.991467893000000045e-01,5.171902776000000257e-01,5.011863707999999473e-01
4.991467893000000045e-01,4.825288652999999983e-01,5.011863707999999473e-01,4.845490157999999825e-01
4.825288652999999983e-01,4.651510715000000129e-01,4.845490157999999825e-01,4.671500623000000019e-01
4.651510715000000129e-01,4.468670189000000237e-01,4.671500623000000019e-01,4.488431214999999974e-01
4.468670189000000237e-01,4.275019467000000239e-01,4.488431214999999974e-01,4.294533432000000039e-01
4.275019467000000239e-01,4.068491458999999866e-01,4.294533432000000039e-01,4.087739885000000184e-01
4.068491458999999866e-01,3.846614360999999760e-01,4.087739885000000184e-01,3.865576982000000217e-01
3.846614360999999760e-01,3.606348634000000053e-01,3.865576982000000217e-01,3.625004888000000203e-01
3.606348634000000053e-01,3.355095088000000225e-01,3.625004888000000203e-01,3.373424112999999780e-01
3.355095088000000225e-01,3.099914789000000059e-01,3.373424112999999780e-01,3.117898405000000261e-01
3.099914789000000059e-01,2.841818034999999965e-01,3.117898405000000261e-01,2.859441936000000073e-01
2.841818034999999965e-01,2.581863701000000066e-01,2.859441936000000073e-01,2.599118351999999965e-01
2.581863701000000066e-01,2.321151047999999995e-01,2.599118351999999965e-01,2.338030635999999995e-01
2.321151047999999995e-01,2.060787081999999881e-01,2.338030635999999995e-01,2.077290415999999973e-01
2.060787081999999881e-01,1.801875681000000007e-01,2.077290415999999973e-01,1.818004995999999984e-01
1.801875681000000007e-01,1.545517892000000115e-01,1.818004995999999984e-01,1.561278551999999986e-01
1.545517892000000115e-01,1.292729377999999874e-01,1.561278551999999986e-01,1.308130771000000081e-01
1.292729377999999874e-01,1.044535860000000010e-01,1.308130771000000081e-01,1.059588863999999936e-01
1.044535860000000010e-01,8.018159866000000580e-02,1.059588863999999936e-01,8.165345340999999313e-02
8.018159866000000580e-02,5.654382332999999955e-02,8.165345340999999313e-02,5.798365921000000339e-02
5.654382332999999955e-02,3.361192345999999831e-02,5.798365921000000339e-02,3.502139077000000073e-02
3.361192345999999831e-02,1.145038194999999960e-02,3.502139077000000073e-02,1.283113007000000021e-02
1.145038194999999960e-02,-9.886304848000000353e-03,1.283113007000000021e-02,-8.532593958000000284e-03
-9.886304848000000353e-03,-3.035798669000000158e-02,-8.532593958000000284e-03,-2.902953699000000026e-02
-3.035798669000000158e-02,-4.992969707000000090e-02,-2.902953699000000026e-02,-4.862490296000000073e-02
-4.992969707000000090e-02,-6.858217715999999353e-02,-4.862490296000000073e-02,-6.729932129000000540e-02
-6.858217715999999353e-02,-8.630182593999999319e-02,-6.729932129000000540e-02,-8.503931016000000620e-02
-8.630182593999999319e-02,-1.030855402000000060e-01,-8.503931016000000620e-02,-1.018418371999999933e-01
-1.030855402000000060e-01,-1.189406662999999975e-01,-1.018418371999999933e-01,-1.177142038999999946e-01
-1.189406662999999975e-01,-1.338766514999999990e-01,-1.177142038999999946e-01,-1.326660365000000008e-01
-1.338766514999999990e-01,-1.479131727999999923e-01,-1.326660365000000008e-01,-1.467170118999999995e-01
-1.479131727999999923e-01,-1.610759944000000055e-01,-1.467170118999999995e-01,-1.598929017999999869e-01
-1.610759944000000055e-01,-1.733914018000000112e-01,-1.598929017999999869e-01,-1.722201258000000124e-01
-1.733914018000000112e-01,-1.848911047000000030e-01,-1.722201258000000124e-01,-1.837304681999999967e-01
-1.848911047000000030e-01,-1.956107169000000090e-01,-1.837304681999999967e-01,-1.944594979000000001e-01
-1.956107169000000090e-01,-2.055867314000000001e-01,-1.944594979000000001e-01,-2.044437826000000125e-01
-2.055867314000000001e-01,-2.148548067000000117e-01,-2.044437826000000125e-01,-2.137191146999999902e-01
-2.148548067000000117e-01,-2.234534770000000115e-01,-2.137191146999999902e-01,-2.223240733000000080e-01
-2.234534770000000115e-01,-2.314213364999999911e-01,-2.223240733000000080e-01,-2.302972674000000053e-01
-2.314213364999999911e-01,-2.387963533000000138e-01,-2.302972674000000053e-01,-2.376766949999999934e-01
9.536343216999999539e-01,9.203941822000000217e-01,9.544788002999999854e-01,9.214973450000000232e-01
9.203941822000000217e-01,8.904886246000000005e-01,9.214973450000000232e-01,8.917835355000000019e-01
8.904886246000000005e-01,8.633506894000000376e-01,8.917835355000000019e-01,8.647896646999999604e-01
8.633506894000000376e-01,8.385227322999999622e-01,8.647896646999999604e-01,8.400711416999999681e-01
8.385227322999999622e-01,8.156243562999999641e-01,8.400711416999999681e-01,8.172563910000000265e-01
8.156243562999999641e-01,7.943540811999999507e-01,8.172563910000000265e-01,7.960502505000000006e-01
7.943540811999999507e-01,7.744497657000000146e-01,7.960502505000000006e-01,7.761949897000000043e-01
7.744497657000000146e-01,7.557038069000000524e-01,7.761949897000000043e-01,7.574863433999999840e-01
7.557038069000000524e-01,7.379316092000000049e-01,7.574863433999999840e-01,7.397421598000000209e-01
7.379316092000000049e-01,7.209780811999999539e-01,7.397421598000000209e-01,7.228090763000000196e-01
7.209780811999999539e-01,7.047126889000000505e-01,7.228090763000000196e-01,7.065581082999999873e-01
7.047126889000000505e-01,6.890150904999999826e-01,7.065581082999999873e-01,6.908698081999999907e-01
6.890150904999999826e-01,6.737812757000000152e-01,6.908698081999999907e-01,6.756411790999999889e-01
6.737812757000000152e-01,6.589195728000000196e-01,6.756411790999999889e-01,6.607809663000000500e-01
6.589195728000000196e-01,6.443421840999999928e-01,6.607809663000000500e-01,6.462020873999999582e-01
6.443421840999999928e-01,6.299680470999999837e-01,6.462020873999999582e-01,6.318237184999999645e-01
6.299680470999999837e-01,6.157237886999999965e-01,6.318237184999999645e-01,6.175729035999999450e-01
6.157237886999999965e-01,6.015349030000000097e-01,6.175729035999999450e-01,6.033752560999999792e-01
6.015349030000000097e-01,5.873276590999999547e-01,6.033752560999999792e-01,5.891574025000000381e-01
5.873276590999999547e-01,5.730299949999999587e-01,5.891574025000000381e-01,5.748471617999999506e-01
5.730299949999999587e-01,5.585686563999999743e-01,5.748471617999999506e-01,5.603715777000000120e-01
5.585686563999999743e-01,5.438641906000000192e-01,5.603715777000000120e-01,5.456511377999999635e-01
5.438641906000000192e-01,5.288317204000000382e-01,5.456511377999999635e-01,5.306011438000000080e-01
5.288317204000000382e-01,5.133827329000000272e-01,5.306011438000000080e-01,5.151329041000000108e-01
5.133827329000000272e-01,4.974175095999999741e-01,5.151329041000000108e-01,4.991467893000000045e-01
4.974175095999999741e-01,4.808221757000000207e-01,4.991467893000000045e-01,4.825288652999999983e-01
4.808221757000000207e-01,4.634687303999999730e-01,4.825288652999999983e-01,4.651510715000000129e-01
4.634687303999999730e-01,4.452109039000000101e-01,4.651510715000000129e-01,4.468670189000000237e-01
4.452109039000000101e-01,4.258739947999999886e-01,4.468670189000000237e-01,4.275019467000000239e-01
4.258739947999999886e-01,4.052514731999999897e-01,4.275019467000000239e-01,4.068491458999999866e-01
4.052514731999999897e-01,3.830962776999999875e-01,4.068491458999999866e-01,3.846614360999999760e-01
3.830962776999999875e-01,3.591046332999999757e-01,3.846614360999999760e-01,3.606348634000000053e-01
3.591046332999999757e-01,3.340164125000000261e-01,3.606348634000000053e-01,3.355095088000000225e-01
3.340164125000000261e-01,3.085373342000000130e-01,3.355095088000000225e-01,3.099914789000000059e-01
3.085373342000000130e-01,2.827680409000000172e-01,3.099914789000000059e-01,2.841818034999999965e-01
2.827680409000000172e-01,2.568138837999999757e-01,2.841818034999999965e-01,2.581863701000000066e-01
2.568138837999999757e-01,2.307844608999999880e-01,2.581863701000000066e-01,2.321151047999999995e-01
2.307844608999999880e-01,2.047900109999999940e-01,2.321151047999999995e-01,2.060787081999999881e-01
2.047900109999999940e-01,1.789405346000000063e-01,2.060787081999999881e-01,1.801875681000000007e-01
1.789405346000000063e-01,1.533458232999999893e-01,1.801875681000000007e-01,1.545517892000000115e-01
1.533458232999999893e-01,1.281070709000000085e-01,1.545517892000000115e-01,1.292729377999999874e-01
1.281070709000000085e-01,1.033266783000000022e-01,1.292729377999999874e-01,1.044535860000000010e-01
1.033266783000000022e-01,7.909216732000000361e-02,1.044535860000000010e-01,8.018159866000000580e-02
7.909216732000000361e-02,5.549035593999999960e-02,8.018159866000000580e-02,5.654382332999999955e-02
5.549035593999999960e-02,3.259268402999999925e-02,5.654382332999999955e-02,3.361192345999999831e-02
3.259268402999999925e-02,1.046360843000000013e-02,3.361192345999999831e-02,1.145038194999999960e-02
1.046360843000000013e-02,-1.084240805000000023e-02,1.145038194999999960e-02,-9.886304848000000353e-03
-1.084240805000000023e-02,-3.128531575000000065e-02,-9.886304848000000353e-03,-3.035798669000000158e-02
-3.128531575000000065e-02,-5.082999170000000039e-02,-3.035798669000000158e-02,-4.992969707000000090e-02
-5.082999170000000039e-02,-6.945730001000000042e-02,-4.992969707000000090e-02,-6.858217715999999353e-02
-6.945730001000000042e-02,-8.715350181000000584e-02,-6.858217715999999353e-02,-8.630182593999999319e-02
-8.715350181000000584e-02,-1.039154454999999949e-01,-8.630182593999999319e-02,-1.030855402000000060e-01
-1.039154454999999949e-01,-1.197505145999999965e-01,-1.030855402000000060e-01,-1.189406662999999975e-01
-1.197505145999999965e-01,-1.346679926000000083e-01,-1.189406662999999975e-01,-1.338766514999999990e-01
-1.346679926000000083e-01,-1.486875116999999968e-01,-1.338766514999999990e-01,-1.479131727999999923e-01
-1.486875116999999968e-01,-1.618348806999999889e-01,-1.479131727999999923e-01,-1.610759944000000055e-01
-1.618348806999999889e-01,-1.741362214000000130e-01,-1.610759944000000055e-01,-1.733914018000000112e-01
-1.741362214000000130e-01,-1.856231838000000078e-01,-1.733914018000000112e-01,-1.848911047000000030e-01
-1.856231838000000078e-01,-1.963313668999999984e-01,-1.848911047000000030e-01,-1.956107169000000090e-01
-1.963313668999999984e-01,-2.062972187999999873e-01,-1.956107169000000090e-01,-2.055867314000000001e-01
-2.062972187999999873e-01,-2.155562638999999892e-01,-2.055867314000000001e-01,-2.148548067000000117e-01
-2.155562638999999892e-01,-2.241469919999999894e-01,-2.148548067000000117e-01,-2.234534770000000115e-01
-2.241469919999999894e-01,-2.321079671000000066e-01,-2.234534770000000115e-01,-2.314213364999999911e-01
-2.321079671000000066e-01,-2.394770830999999878e-01,-2.314213364999999911e-01,-2.387963533000000138e-01
9.529165626000000167e-01,9.194421172000000197e-01,9.536343216999999539e-01,9.203941822000000217e-01
9.194421172000000197e-01,8.893643618000000028e-01,9.203941822000000217e-01,8.904886246000000005e-01
8.893643618000000028e-01,8.620982170000000000e-01,8.904886246000000005e-01,8.633506894000000376e-01
8.620982170000000000e-01,8.371740579999999987e-01,8.633506894000000376e-01,8.385227322999999622e-01
8.371740579999999987e-01,8.142033218999999988e-01,8.385227322999999622e-01,8.156243562999999641e-01
8.142033218999999988e-01,7.928785085999999760e-01,8.156243562999999641e-01,7.943540811999999507e-01
7.928785085999999760e-01,7.729334235000000497e-01,7.943540811999999507e-01,7.744497657000000146e-01
7.729334235000000497e-01,7.541574836000000115e-01,7.744497657000000146e-01,7.557038069000000524e-01
7.541574836000000115e-01,7.363637685999999682e-01,7.557038069000000524e-01,7.379316092000000049e-01
7.363637685999999682e-01,7.193955183000000364e-01,7.379316092000000049e-01,7.209780811999999539e-01
7.193955183000000364e-01,7.031210064999999787e-01,7.209780811999999539e-01,7.047126889000000505e-01
7.031210064999999787e-01,6.874188184999999729e-01,7.047126889000000505e-01,6.890150904999999826e-01
6.874188184999999729e-01,6.721843481000000509e-01,6.890150904999999826e-01,6.737812757000000152e-01
6.721843481000000509e-01,6.573250889999999735e-01,6.737812757000000152e-01,6.589195728000000196e-01
6.573250889999999735e-01,6.427530049999999884e-01,6.589195728000000196e-01,6.443421840999999928e-01
6.427530049999999884e-01,6.283867359000000485e-01,6.443421840999999928e-01,6.299680470999999837e-01
6.283867359000000485e-01,6.141524911000000309e-01,6.299680470999999837e-01,6.157237886999999965e-01
6.141524911000000309e-01,5.999755262999999506e-01,6.157237886999999965e-01,6.015349030000000097e-01
5.999755262999999506e-01,5.857821703000000158e-01,6.015349030000000097e-01,5.873276590999999547e-01
5.857821703000000158e-01,5.715000628999999943e-01,5.873276590999999547e-01,5.730299949999999587e-01
5.715000628999999943e-01,5.570560098000000293e-01,5.730299949999999587e-01,5.585686563999999743e-01
5.570560098000000293e-01,5.423703789999999580e-01,5.585686563999999743e-01,5.438641906000000192e-01
5.423703789999999580e-01,5.273584722999999919e-01,5.438641906000000192e-01,5.288317204000000382e-01
5.273584722999999919e-01,5.119315982000000043e-01,5.288317204000000382e-01,5.133827329000000272e-01
5.119315982000000043e-01,4.959902465000000094e-01,5.133827329000000272e-01,4.974175095999999741e-01
4.959902465000000094e-01,4.794205128999999843e-01,4.974175095999999741e-01,4.808221757000000207e-01
4.794205128999999843e-01,4.620945454000000008e-01,4.808221757000000207e-01,4.634687303999999730e-01
4.620945454000000008e-01,4.438661336999999985e-01,4.634687303999999730e-01,4.452109039000000101e-01
4.438661336999999985e-01,4.245607554999999977e-01,4.452109039000000101e-01,4.258739947999999886e-01
4.245607554999999977e-01,4.039720297000000127e-01,4.258739947999999886e-01,4.052514731999999897e-01
4.039720297000000127e-01,3.818531929999999797e-01,4.052514731999999897e-01,3.830962776999999875e-01
3.818531929999999797e-01,3.579006195000000168e-01,3.830962776999999875e-01,3.591046332999999757e-01
3.579006195000000168e-01,3.328537940999999889e-01,3.591046332999999757e-01,3.340164125000000261e-01
3.328537940999999889e-01,3.074178994000000276e-01,3.340164125000000261e-01,3.085373342000000130e-01
3.074178994000000276e-01,2.816931604999999839e-01,3.085373342000000130e-01,2.827680409000000172e-01
2.816931604999999839e-01,2.557844818000000187e-01,2.827680409000000172e-01,2.568138837999999757e-01
2.557844818000000187e-01,2.298011034999999924e-01,2.568138837999999757e-01,2.307844608999999880e-01
2.298011034999999924e-01,2.038527130999999992e-01,2.307844608999999880e-01,2.047900109999999940e-01
2.038527130999999992e-01,1.780490278999999898e-01,2.047900109999999940e-01,1.789405346000000063e-01
1.780490278999999898e-01,1.524994671000000079e-01,1.789405346000000063e-01,1.533458232999999893e-01
1.524994671000000079e-01,1.273048371000000123e-01,1.533458232999999893e-01,1.281070709000000085e-01
1.273048371000000123e-01,1.025673673000000036e-01,1.281070709000000085e-01,1.033266783000000022e-01
1.025673673000000036e-01,7.837425917000000186e-02,1.033266783000000022e-01,7.909216732000000361e-02
7.837425917000000186e-02,5.481225624999999657e-02,7.909216732000000361e-02,5.549035593999999960e-02
5.481225624999999657e-02,3.195257112000000205e-02,5.549035593999999960e-02,3.259268402999999925e-02
3.195257112000000205e-02,9.859635494999999597e-03,3.259268402999999925e-02,1.046360843000000013e-02
9.859635494999999597e-03,-1.141214463999999998e-02,1.046360843000000013e-02,-1.084240805000000023e-02
-1.141214463999999998e-02,-3.182281554000000040e-02,-1.084240805000000023e-02,-3.128531575000000065e-02
-3.182281554000000040e-02,-5.133712291999999872e-02,-3.128531575000000065e-02,-5.082999170000000039e-02
-5.133712291999999872e-02,-6.993603705999999753e-02,-5.082999170000000039e-02,-6.945730001000000042e-02
-6.993603705999999753e-02,-8.760571479999999800e-02,-6.945730001000000042e-02,-8.715350181000000584e-02
-8.760571479999999800e-02,-1.043429300000000004e-01,-8.715350181000000584e-02,-1.039154454999999949e-01
-1.043429300000000004e-01,-1.201551259000000066e-01,-1.039154454999999949e-01,-1.197505145999999965e-01
-1.201551259000000066e-01,-1.350514144000000138e-01,-1.197505145999999965e-01,-1.346679926000000083e-01
-1.350514144000000138e-01,-1.490514129000000132e-01,-1.346679926000000083e-01,-1.486875116999999968e-01
-1.490514129000000132e-01,-1.621809006000000108e-01,-1.486875116999999968e-01,-1.618348806999999889e-01
-1.621809006000000108e-01,-1.744658798000000011e-01,-1.618348806999999889e-01,-1.741362214000000130e-01
-1.744658798000000011e-01,-1.859379261999999922e-01,-1.741362214000000130e-01,-1.856231838000000078e-01
-1.859379261999999922e-01,-1.966326535000000042e-01,-1.856231838000000078e-01,-1.963313668999999984e-01
-1.966326535000000042e-01,-2.065864055999999949e-01,-1.963313668999999984e-01,-2.062972187999999873e-01
-2.065864055999999949e-01,-2.158345878000000051e-01,-2.062972187999999873e-01,-2.155562638999999892e-01
-2.158345878000000051e-01,-2.244156449999999969e-01,-2.155562638999999892e-01,-2.241469919999999894e-01
-2.244156449999999969e-01,-2.323680966999999986e-01,-2.241469919999999894e-01,-2.321079671000000066e-01
-2.323680966999999986e-01,-2.397297918999999888e-01,-2.321079671000000066e-01,-2.394770830999999878e-01
9.523134232000000088e-01,9.186289309999999819e-01,9.529165626000000167e-01,9.194421172000000197e-01
9.186289309999999819e-01,8.883982897000000101e-01,9.194421172000000197e-01,8.893643618000000028e-01
8.883982897000000101e-01,8.610197306000000328e-01,8.893643618000000028e-01,8.620982170000000000e-01
8.610197306000000328e-01,8.360123038000000228e-01,8.620982170000000000e-01,8.371740579999999987e-01
8.360123038000000228e-01,8.129800557999999899e-01,8.371740579999999987e-01,8.142033218999999988e-01
8.129800557999999899e-01,7.916100025000000207e-01,8.142033218999999988e-01,7.928785085999999760e-01
7.916100025000000207e-01,7.716322541000000257e-01,7.928785085999999760e-01,7.729334235000000497e-01
7.716322541000000257e-01,7.528331875999999534e-01,7.729334235000000497e-01,7.541574836000000115e-01
7.528331875999999534e-01,7.350241542000000017e-01,7.541574836000000115e-01,7.363637685999999682e-01
7.350241542000000017e-01,7.180467247999999802e-01,7.363637685999999682e-01,7.193955183000000364e-01
7.180467247999999802e-01,7.017679811000000489e-01,7.193955183000000364e-01,7.031210064999999787e-01
7.017679811000000489e-01,6.860657333999999885e-01,7.031210064999999787e-01,6.874188184999999729e-01
6.860657333999999885e-01,6.708346009000000221e-01,6.874188184999999729e-01,6.721843481000000509e-01
6.708346009000000221e-01,6.559816599000000137e-01,6.721843481000000509e-01,6.573250889999999735e-01
6.559816599000000137e-01,6.414184569999999974e-01,6.573250889999999735e-01,6.427530049999999884e-01
6.414184569999999974e-01,6.270633340000000278e-01,6.427530049999999884e-01,6.283867359000000485e-01
6.270633340000000278e-01,6.128421426000000283e-01,6.283867359000000485e-01,6.141524911000000309e-01
6.128421426000000283e-01,5.986801386000000225e-01,6.141524911000000309e-01,5.999755262999999506e-01
5.986801386000000225e-01,5.845034718999999601e-01,5.999755262999999506e-01,5.857821703000000158e-01
5.845034718999999601e-01,5.702396630999999605e-01,5.857821703000000158e-01,5.715000628999999943e-01
5.702396630999999605e-01,5.558155178999999446e-01,5.715000628999999943e-01,5.570560098000000293e-01
5.558155178999999446e-01,5.411514043999999801e-01,5.570560098000000293e-01,5.423703789999999580e-01
5.411514043999999801e-01,5.261625648000000099e-01,5.423703789999999580e-01,5.273584722999999919e-01
5.261625648000000099e-01,5.107604264999999755e-01,5.273584722999999919e-01,5.119315982000000043e-01
5.107604264999999755e-01,4.948455393000000258e-01,5.119315982000000043e-01,4.959902465000000094e-01
4.948455393000000258e-01,4.783040284999999781e-01,4.959902465000000094e-01,4.794205128999999843e-01
4.783040284999999781e-01,4.610081911000000199e-01,4.794205128999999843e-01,4.620945454000000008e-01
4.610081911000000199e-01,4.428119957000000162e-01,4.620945454000000008e-01,4.438661336999999985e-01
4.428119957000000162e-01,4.235410988000000154e-01,4.438661336999999985e-01,4.245607554999999977e-01
4.235410988000000154e-01,4.029892682999999809e-01,4.245607554999999977e-01,4.039720297000000127e-01
4.029892682999999809e-01,3.809100688000000012e-01,4.039720297000000127e-01,3.818531929999999797e-01
3.809100688000000012e-01,3.570001422999999896e-01,3.818531929999999797e-01,3.579006195000000168e-01
3.570001422999999896e-01,3.319984078000000061e-01,3.579006195000000168e-01,3.328537940999999889e-01
3.319984078000000061e-01,3.066093921999999972e-01,3.328537940999999889e-01,3.074178994000000276e-01
3.066093921999999972e-01,2.809328436999999901e-01,3.074178994000000276e-01,2.816931604999999839e-01
2.809328436999999901e-01,2.550732790999999944e-01,2.816931604999999839e-01,2.557844818000000187e-01
2.550732790999999944e-01,2.291394918999999919e-01,2.557844818000000187e-01,2.298011034999999924e-01
2.291394918999999919e-01,2.032407522000000133e-01,2.298011034999999924e-01,2.038527130999999992e-01
2.032407522000000133e-01,1.774863899000000134e-01,2.038527130999999992e-01,1.780490278999999898e-01
1.774863899000000134e-01,1.519854664999999994e-01,1.780490278999999898e-01,1.524994671000000079e-01
1.519854664999999994e-01,1.268384456999999965e-01,1.524994671000000079e-01,1.273048371000000123e-01
1.268384456999999965e-01,1.021473556999999976e-01,1.273048371000000123e-01,1.025673673000000036e-01
1.021473556999999976e-01,7.799904793999999641e-02,1.025673673000000036e-01,7.837425917000000186e-02
7.799904793999999641e-02,5.448019877000000177e-02,7.837425917000000186e-02,5.481225624999999657e-02
5.448019877000000177e-02,3.166178985999999751e-02,5.481225624999999657e-02,3.195257112000000205e-02
3.166178985999999751e-02,9.608207271000000771e-03,3.195257112000000205e-02,9.859635494999999597e-03
9.608207271000000771e-03,-1.162619703000000032e-02,9.859635494999999597e-03,-1.141214463999999998e-02
-1.162619703000000032e-02,-3.200157732000000199e-02,-1.141214463999999998e-02,-3.182281554000000040e-02
-3.200157732000000199e-02,-5.148255824999999758e-02,-3.182281554000000040e-02,-5.133712291999999872e-02
-5.148255824999999758e-02,-7.005021721000000146e-02,-5.133712291999999872e-02,-6.993603705999999753e-02
-7.005021721000000146e-02,-8.769062161000000521e-02,-6.993603705999999753e-02,-8.760571479999999800e-02
-8.769062161000000521e-02,-1.044004709000000003e-01,-8.760571479999999800e-02,-1.043429300000000004e-01
-1.044004709000000003e-01,-1.201872528000000051e-01,-1.043429300000000004e-01,-1.201551259000000066e-01
-1.201872528000000051e-01,-1.350599378000000017e-01,-1.201551259000000066e-01,-1.350514144000000138e-01
-1.350599378000000017e-01,-1.490380913000000085e-01,-1.350514144000000138e-01,-1.490514129000000132e-01
-1.490380913000000085e-01,-1.621475071000000046e-01,-1.490514129000000132e-01,-1.621809006000000108e-01
-1.621475071000000046e-01,-1.744140386999999959e-01,-1.621809006000000108e-01,-1.744658798000000011e-01
-1.744140386999999959e-01,-1.858691870999999995e-01,-1.744658798000000011e-01,-1.859379261999999922e-01
-1.858691870999999995e-01,-1.965485513000000128e-01,-1.859379261999999922e-01,-1.966326535000000042e-01
-1.965485513000000128e-01,-2.064884304999999864e-01,-1.966326535000000042e-01,-2.065864055999999949e-01
-2.064884304999999864e-01,-2.157240510000000000e-01,-2.065864055999999949e-01,-2.158345878000000051e-01
-2.157240510000000000e-01,-2.242938429000000122e-01,-2.158345878000000051e-01,-2.244156449999999969e-01
-2.242938429000000122e-01,-2.322362511999999934e-01,-2.244156449999999969e-01,-2.323680966999999986e-01
-2.322362511999999934e-01,-2.395890652999999870e-01,-2.323680966999999986e-01,-2.397297918999999888e-01
9.518124461000000425e-01,9.179412722999999996e-01,9.523134232000000088e-01,9.186289309999999819e-01
9.179412722999999996e-01,8.875762224000000034e-01,9.186289309999999819e-01,8.883982897000000101e-01
8.875762224000000034e-01,8.601000905000000252e-01,8.883982897000000101e-01,8.610197306000000328e-01
8.601000905000000252e-01,8.350217342000000320e-01,8.610197306000000328e-01,8.360123038000000228e-01
8.350217342000000320e-01,8.119382262000000017e-01,8.360123038000000228e-01,8.129800557999999899e-01
8.119382262000000017e-01,7.905315161000000534e-01,8.129800557999999899e-01,7.916100025000000207e-01
7.905315161000000534e-01,7.705284356999999584e-01,7.916100025000000207e-01,7.716322541000000257e-01
7.705284356999999584e-01,7.517127990999999954e-01,7.716322541000000257e-01,7.528331875999999534e-01
7.517127990999999954e-01,7.338939905000000374e-01,7.528331875999999534e-01,7.350241542000000017e-01
7.338939905000000374e-01,7.169123292000000314e-01,7.350241542000000017e-01,7.180467247999999802e-01
7.169123292000000314e-01,7.006337643000000170e-01,7.180467247999999802e-01,7.017679811000000489e-01
7.006337643000000170e-01,6.849354506000000509e-01,7.017679811000000489e-01,6.860657333999999885e-01
6.849354506000000509e-01,6.697113514000000434e-01,6.860657333999999885e-01,6.708346009000000221e-01
6.697113514000000434e-01,6.548680067000000049e-01,6.708346009000000221e-01,6.559816599000000137e-01
6.548680067000000049e-01,6.403166651999999681e-01,6.559816599000000137e-01,6.414184569999999974e-01
6.403166651999999681e-01,6.259754896000000457e-01,6.414184569999999974e-01,6.270633340000000278e-01
6.259754896000000457e-01,6.117700337999999460e-01,6.270633340000000278e-01,6.128421426000000283e-01
6.117700337999999460e-01,5.976254939999999793e-01,6.128421426000000283e-01,5.986801386000000225e-01
5.976254939999999793e-01,5.834678411000000509e-01,5.986801386000000225e-01,5.845034718999999601e-01
5.834678411000000509e-01,5.692246556000000179e-01,5.845034718999999601e-01,5.702396630999999605e-01
5.692246556000000179e-01,5.548226237000000172e-01,5.702396630999999605e-01,5.558155178999999446e-01
5.548226237000000172e-01,5.401820539999999671e-01,5.558155178999999446e-01,5.411514043999999801e-01
5.401820539999999671e-01,5.252184272000000043e-01,5.411514043999999801e-01,5.261625648000000099e-01
5.252184272000000043e-01,5.098431110000000155e-01,5.261625648000000099e-01,5.107604264999999755e-01
5.098431110000000155e-01,4.939566851000000147e-01,5.107604264999999755e-01,4.948455393000000258e-01
4.939566851000000147e-01,4.774455129999999881e-01,4.948455393000000258e-01,4.783040284999999781e-01
4.774455129999999881e-01,4.601819515000000194e-01,4.783040284999999781e-01,4.610081911000000199e-01
4.601819515000000194e-01,4.420201778000000248e-01,4.610081911000000199e-01,4.428119957000000162e-01
4.420201778000000248e-01,4.227860272000000252e-01,4.428119957000000162e-01,4.235410988000000154e-01
4.227860272000000252e-01,4.022735058999999946e-01,4.235410988000000154e-01,4.029892682999999809e-01
4.022735058999999946e-01,3.802365362999999832e-01,4.029892682999999809e-01,3.809100688000000012e-01
3.802365362999999832e-01,3.563720584000000247e-01,3.809100688000000012e-01,3.570001422999999896e-01
3.563720584000000247e-01,3.314182757999999951e-01,3.570001422999999896e-01,3.319984078000000061e-01
3.314182757999999951e-01,3.060789703999999833e-01,3.319984078000000061e-01,3.066093921999999972e-01
3.060789703999999833e-01,2.804534435000000103e-01,3.066093921999999972e-01,2.809328436999999901e-01
2.804534435000000103e-01,2.546457349999999842e-01,2.809328436999999901e-01,2.550732790999999944e-01
2.546457349999999842e-01,2.287643105000000121e-01,2.550732790999999944e-01,2.291394918999999919e-01
2.287643105000000121e-01,2.029179483999999922e-01,2.291394918999999919e-01,2.032407522000000133e-01
2.029179483999999922e-01,1.772156209000000093e-01,2.032407522000000133e-01,1.774863899000000134e-01
1.772156209000000093e-01,1.517660469000000067e-01,1.774863899000000134e-01,1.519854664999999994e-01
1.517660469000000067e-01,1.266693026000000055e-01,1.519854664999999994e-01,1.268384456999999965e-01
1.266693026000000055e-01,1.020272299999999965e-01,1.268384456999999965e-01,1.021473556999999976e-01
1.020272299999999965e-01,7.792636007000000586e-02,1.021473556999999976e-01,7.799904793999999641e-02
7.792636007000000586e-02,5.445326119999999853e-02,7.799904793999999641e-02,5.448019877000000177e-02
5.445326119999999853e-02,3.167870267999999684e-02,5.448019877000000177e-02,3.166178985999999751e-02
3.167870267999999684e-02,9.667005390000000392e-03,3.166178985999999751e-02,9.608207271000000771e-03
9.667005390000000392e-03,-1.152754389000000025e-02,9.608207271000000771e-03,-1.162619703000000032e-02
-1.152754389000000025e-02,-3.186520562000000334e-02,-1.162619703000000032e-02,-3.200157732000000199e-02
-3.186520562000000334e-02,-5.131049826999999758e-02,-3.200157732000000199e-02,-5.148255824999999758e-02
-5.131049826999999758e-02,-6.984461099000000006e-02,-5.148255824999999758e-02,-7.005021721000000146e-02
-6.984461099000000006e-02,-8.745350689000000455e-02,-7.005021721000000146e-02,-8.769062161000000521e-02
-8.745350689000000455e-02,-1.041338517999999963e-01,-8.769062161000000521e-02,-1.044004709000000003e-01
-1.041338517999999963e-01,-1.198931634000000024e-01,-1.044004709000000003e-01,-1.201872528000000051e-01
-1.198931634000000024e-01,-1.347402631999999878e-01,-1.201872528000000051e-01,-1.350599378000000017e-01
-1.347402631999999878e-01,-1.486946791000000045e-01,-1.350599378000000017e-01,-1.490380913000000085e-01
-1.486946791000000045e-01,-1.617822050999999928e-01,-1.490380913000000085e-01,-1.621475071000000046e-01
-1.617822050999999928e-01,-1.740285456000000008e-01,-1.621475071000000046e-01,-1.744140386999999959e-01
-1.740285456000000008e-01,-1.854651421000000078e-01,-1.744140386999999959e-01,-1.858691870999999995e-01
-1.854651421000000078e-01,-1.961275637000000072e-01,-1.858691870999999995e-01,-1.965485513000000128e-01
-1.961275637000000072e-01,-2.060520499999999866e-01,-1.965485513000000128e-01,-2.064884304999999864e-01
-2.060520499999999866e-01,-2.152736932000000047e-01,-2.064884304999999864e-01,-2.157240510000000000e-01
-2.152736932000000047e-01,-2.238308340000000063e-01,-2.157240510000000000e-01,-2.242938429000000122e-01
-2.238308340000000063e-01,-2.317618877000000022e-01,-2.242938429000000122e-01,-2.322362511999999934e-01
-2.317618877000000022e-01,-2.391045839000000006e-01,-2.322362511999999934e-01,-2.395890652999999870e-01
9.514010549000000427e-01,9.173651934000000008e-01,9.518124461000000425e-01,9.179412722999999996e-01
9.173651934000000008e-01,8.868829607999999531e-01,9.179412722999999996e-01,8.875762224000000034e-01
8.868829607999999531e-01,8.593231439999999832e-01,8.875762224000000034e-01,8.601000905000000252e-01
8.593231439999999832e-01,8.341850041999999688e-01,8.601000905000000252e-01,8.350217342000000320e-01
8.341850041999999688e-01,8.110594748999999659e-01,8.350217342000000320e-01,8.119382262000000017e-01
8.110594748999999659e-01,7.896239757999999886e-01,8.119382262000000017e-01,7.905315161000000534e-01
7.896239757999999886e-01,7.696021794999999832e-01,7.905315161000000534e-01,7.705284356999999584e-01
7.696021794999999832e-01,7.507755160000000316e-01,7.705284356999999584e-01,7.517127990999999954e-01
7.507755160000000316e-01,7.329519391000000050e-01,7.517127990999999954e-01,7.338939905000000374e-01
7.329519391000000050e-01,7.159703374000000453e-01,7.338939905000000374e-01,7.169123292000000314e-01
7.159703374000000453e-01,6.996957064000000059e-01,7.169123292000000314e-01,7.006337643000000170e-01
6.996957064000000059e-01,6.840046643999999620e-01,7.006337643000000170e-01,6.849354506000000509e-01
6.840046643999999620e-01,6.687905788000000351e-01,6.849354506000000509e-01,6.697113514000000434e-01
6.687905788000000351e-01,6.539595723000000138e-01,6.697113514000000434e-01,6.548680067000000049e-01
6.539595723000000138e-01,6.394225955000000239e-01,6.548680067000000049e-01,6.403166651999999681e-01
6.394225955000000239e-01,6.250975728000000009e-01,6.403166651999999681e-01,6.259754896000000457e-01
6.250975728000000009e-01,6.109099984000000427e-01,6.259754896000000457e-01,6.117700337999999460e-01
6.109099984000000427e-01,5.967848301000000522e-01,6.117700337999999460e-01,5.976254939999999793e-01
5.967848301000000522e-01,5.826480389000000537e-01,5.976254939999999793e-01,5.834678411000000509e-01
5.826480389000000537e-01,5.684271454999999529e-01,5.834678411000000509e-01,5.692246556000000179e-01
5.684271454999999529e-01,5.540488362000000055e-01,5.692246556000000179e-01,5.548226237000000172e-01
5.540488362000000055e-01,5.394334792999999628e-01,5.548226237000000172e-01,5.401820539999999671e-01
5.394334792999999628e-01,5.244964957000000094e-01,5.401820539999999671e-01,5.252184272000000043e-01
5.244964957000000094e-01,5.091494918000000203e-01,5.252184272000000043e-01,5.098431110000000155e-01
5.091494918000000203e-01,4.932930171000000086e-01,5.098431110000000155e-01,4.939566851000000147e-01
4.932930171000000086e-01,4.768136143999999743e-01,4.939566851000000147e-01,4.774455129999999881e-01
4.768136143999999743e-01,4.595837890999999731e-01,4.774455129999999881e-01,4.601819515000000194e-01
4.595837890999999731e-01,4.414578974000000211e-01,4.601819515000000194e-01,4.420201778000000248e-01
4.414578974000000211e-01,4.222620428000000148e-01,4.420201778000000248e-01,4.227860272000000252e-01
4.222620428000000148e-01,4.017904997000000256e-01,4.227860272000000252e-01,4.022735058999999946e-01
4.017904997000000256e-01,3.797975183000000254e-01,4.022735058999999946e-01,3.802365362999999832e-01
3.797975183000000254e-01,3.559803664999999784e-01,3.802365362999999832e-01,3.563720584000000247e-01
3.559803664999999784e-01,3.310765325999999731e-01,3.563720584000000247e-01,3.314182757999999951e-01
3.310765325999999731e-01,3.057887852000000239e-01,3.314182757999999951e-01,3.060789703999999833e-01
3.057887852000000239e-01,2.802161275999999757e-01,3.060789703999999833e-01,2.804534435000000103e-01
2.802161275999999757e-01,2.544621228999999762e-01,2.804534435000000103e-01,2.546457349999999842e-01
2.544621228999999762e-01,2.286348193999999945e-01,2.546457349999999842e-01,2.287643105000000121e-01
2.286348193999999945e-01,2.028425932000000043e-01,2.287643105000000121e-01,2.029179483999999922e-01
2.028425932000000043e-01,1.771940589000000066e-01,2.029179483999999922e-01,1.772156209000000093e-01
1.771940589000000066e-01,1.517975776999999915e-01,1.772156209000000093e-01,1.517660469000000067e-01
1.517975776999999915e-01,1.267528831999999994e-01,1.517660469000000067e-01,1.266693026000000055e-01
1.267528831999999994e-01,1.021615787999999997e-01,1.266693026000000055e-01,1.020272299999999965e-01
1.021615787999999997e-01,7.810989022000000559e-02,1.020272299999999965e-01,7.792636007000000586e-02
7.810989022000000559e-02,5.468429625000000016e-02,7.792636007000000586e-02,5.445326119999999853e-02
5.468429625000000016e-02,3.195532783999999876e-02,5.445326119999999853e-02,3.167870267999999684e-02
3.195532783999999876e-02,9.987241589000000683e-03,3.167870267999999684e-02,9.667005390000000392e-03
9.987241589000000683e-03,-1.116574463000000010e-02,9.667005390000000392e-03,-1.152754389000000025e-02
-1.116574463000000010e-02,-3.146399558000000096e-02,-1.152754389000000025e-02,-3.186520562000000334e-02
-3.146399558000000096e-02,-5.087194592000000154e-02,-3.186520562000000334e-02,-5.131049826999999758e-02
-5.087194592000000154e-02,-6.937088071999999994e-02,-5.131049826999999758e-02,-6.984461099000000006e-02
-6.937088071999999994e-02,-8.694669603999999330e-02,-6.984461099000000006e-02,-8.745350689000000455e-02
-8.694669603999999330e-02,-1.035959944000000021e-01,-8.745350689000000455e-02,-1.041338517999999963e-01
-1.035959944000000021e-01,-1.193263306999999968e-01,-1.041338517999999963e-01,-1.198931634000000024e-01
-1.193263306999999968e-01,-1.341463923000000003e-01,-1.198931634000000024e-01,-1.347402631999999878e-01
-1.341463923000000003e-01,-1.480756699999999926e-01,-1.347402631999999878e-01,-1.486946791000000045e-01
-1.480756699999999926e-01,-1.611399501999999928e-01,-1.486946791000000045e-01,-1.617822050999999928e-01
-1.611399501999999928e-01,-1.733648032000000005e-01,-1.617822050999999928e-01,-1.740285456000000008e-01
-1.733648032000000005e-01,-1.847816110000000123e-01,-1.740285456000000008e-01,-1.854651421000000078e-01
-1.847816110000000123e-01,-1.954258828999999864e-01,-1.854651421000000078e-01,-1.961275637000000072e-01
-1.954258828999999864e-01,-2.053338140000000034e-01,-1.961275637000000072e-01,-2.060520499999999866e-01
-2.053338140000000034e-01,-2.145403475000000060e-01,-2.060520499999999866e-01,-2.152736932000000047e-01
-2.145403475000000060e-01,-2.230837941000000102e-01,-2.152736932000000047e-01,-2.238308340000000063e-01
-2.230837941000000102e-01,-2.310024649000000097e-01,-2.238308340000000063e-01,-2.317618877000000022e-01
-2.310024649000000097e-01,-2.383340596999999894e-01,-2.317618877000000022e-01,-2.391045839000000006e-01
9.510672091999999855e-01,9.168869256999999662e-01,9.514010549000000427e-01,9.173651934000000008e-01
9.168869256999999662e-01,8.863032459999999890e-01,9.173651934000000008e-01,8.868829607999999531e-01
8.863032459999999890e-01,8.586721419999999716e-01,8.868829607999999531e-01,8.593231439999999832e-01
8.586721419999999716e-01,8.334842919999999600e-01,8.593231439999999832e-01,8.341850041999999688e-01
8.334842919999999600e-01,8.103249668999999988e-01,8.341850041999999688e-01,8.110594748999999659e-01
8.103249668999999988e-01,7.888674140000000445e-01,8.110594748999999659e-01,7.896239757999999886e-01
7.888674140000000445e-01,7.688326239999999645e-01,7.896239757999999886e-01,7.696021794999999832e-01
7.688326239999999645e-01,7.499998211999999720e-01,7.696021794999999832e-01,7.507755160000000316e-01
7.499998211999999720e-01,7.321755290000000471e-01,7.507755160000000316e-01,7.329519391000000050e-01
7.321755290000000471e-01,7.151975036000000063e-01,7.329519391000000050e-01,7.159703374000000453e-01
7.151975036000000063e-01,6.989299654999999722e-01,7.159703374000000453e-01,6.996957064000000059e-01
6.989299654999999722e-01,6.832488774999999626e-01,6.996957064000000059e-01,6.840046643999999620e-01
6.832488774999999626e-01,6.680471896999999881e-01,6.840046643999999620e-01,6.687905788000000351e-01
6.680471896999999881e-01,6.532305479000000137e-01,6.687905788000000351e-01,6.539595723000000138e-01
6.532305479000000137e-01,6.387097835999999695e-01,6.539595723000000138e-01,6.394225955000000239e-01
6.387097835999999695e-01,6.244027019000000234e-01,6.394225955000000239e-01,6.250975728000000009e-01
6.244027019000000234e-01,6.102344990000000413e-01,6.250975728000000009e-01,6.109099984000000427e-01
6.102344990000000413e-01,5.961300134999999445e-01,6.109099984000000427e-01,5.967848301000000522e-01
5.961300134999999445e-01,5.820152760000000258e-01,5.967848301000000522e-01,5.826480389000000537e-01
5.820152760000000258e-01,5.678179263999999504e-01,5.826480389000000537e-01,5.684271454999999529e-01
5.678179263999999504e-01,5.534643530999999728e-01,5.684271454999999529e-01,5.540488362000000055e-01
5.534643530999999728e-01,5.388751626000000128e-01,5.540488362000000055e-01,5.394334792999999628e-01
5.388751626000000128e-01,5.239657760000000497e-01,5.394334792999999628e-01,5.244964957000000094e-01
5.239657760000000497e-01,5.086479187000000346e-01,5.244964957000000094e-01,5.091494918000000203e-01
5.086479187000000346e-01,4.928222299000000195e-01,5.091494918000000203e-01,4.932930171000000086e-01
4.928222299000000195e-01,4.763753712000000085e-01,4.932930171000000086e-01,4.768136143999999743e-01
4.763753712000000085e-01,4.591800869000000063e-01,4.768136143999999743e-01,4.595837890999999731e-01
4.591800869000000063e-01,4.410909116000000241e-01,4.595837890999999731e-01,4.414578974000000211e-01
4.410909116000000241e-01,4.219341576000000260e-01,4.414578974000000211e-01,4.222620428000000148e-01
4.219341576000000260e-01,4.015044272000000136e-01,4.222620428000000148e-01,4.017904997000000256e-01
4.015044272000000136e-01,3.795562982999999835e-01,4.017904997000000256e-01,3.797975183000000254e-01
3.795562982999999835e-01,3.557875155999999928e-01,3.797975183000000254e-01,3.559803664999999784e-01
3.557875155999999928e-01,3.309345543000000167e-01,3.559803664999999784e-01,3.310765325999999731e-01
3.309345543000000167e-01,3.056993484000000150e-01,3.310765325999999731e-01,3.057887852000000239e-01
3.056993484000000150e-01,2.801803945999999934e-01,3.057887852000000239e-01,2.802161275999999757e-01
2.801803945999999934e-01,2.544809282000000117e-01,2.802161275999999757e-01,2.544621228999999762e-01
2.544809282000000117e-01,2.287085503000000075e-01,2.544621228999999762e-01,2.286348193999999945e-01
2.287085503000000075e-01,2.029712646999999870e-01,2.286348193999999945e-01,2.028425932000000043e-01
2.029712646999999870e-01,1.773772985000000024e-01,2.028425932000000043e-01,1.771940589000000066e-01
1.773772985000000024e-01,1.520347147999999982e-01,1.771940589000000066e-01,1.517975776999999915e-01
1.520347147999999982e-01,1.270428597999999909e-01,1.517975776999999915e-01,1.267528831999999994e-01
1.270428597999999909e-01,1.025031433000000020e-01,1.267528831999999994e-01,1.021615787999999997e-01
1.025031433000000020e-01,7.850149273999999788e-02,1.021615787999999997e-01,7.810989022000000559e-02
7.850149273999999788e-02,5.512425303000000054e-02,7.810989022000000559e-02,5.468429625000000016e-02
5.512425303000000054e-02,3.244175761999999741e-02,5.468429625000000016e-02,3.195532783999999876e-02
3.244175761999999741e-02,1.051818113999999915e-02,3.195532783999999876e-02,9.987241589000000683e-03
1.051818113999999915e-02,-1.059233210999999987e-02,9.987241589000000683e-03,-1.116574463000000010e-02
-1.059233210999999987e-02,-3.085025027000000072e-02,-1.116574463000000010e-02,-3.146399558000000096e-02
-3.085025027000000072e-02,-5.021993815999999805e-02,-3.146399558000000096e-02,-5.087194592000000154e-02
-5.021993815999999805e-02,-6.868277489999999319e-02,-5.087194592000000154e-02,-6.937088071999999994e-02
-6.868277489999999319e-02,-8.622457831999999489e-02,-6.937088071999999994e-02,-8.694669603999999330e-02
-8.622457831999999489e-02,-1.028419212000000055e-01,-8.694669603999999330e-02,-1.035959944000000021e-01
-1.028419212000000055e-01,-1.185423881000000068e-01,-1.035959944000000021e-01,-1.193263306999999968e-01
-1.185423881000000068e-01,-1.333345174999999994e-01,-1.193263306999999968e-01,-1.341463923000000003e-01
-1.333345174999999994e-01,-1.472378075000000119e-01,-1.341463923000000003e-01,-1.480756699999999926e-01
-1.472378075000000119e-01,-1.602779924999999939e-01,-1.480756699999999926e-01,-1.611399501999999928e-01
-1.602779924999999939e-01,-1.724805087000000070e-01,-1.611399501999999928e-01,-1.733648032000000005e-01
-1.724805087000000070e-01,-1.838767081000000081e-01,-1.733648032000000005e-01,-1.847816110000000123e-01
-1.838767081000000081e-01,-1.945020556000000012e-01,-1.847816110000000123e-01,-1.954258828999999864e-01
-1.945020556000000012e-01,-2.043926417999999967e-01,-1.954258828999999864e-01,-2.053338140000000034e-01
-2.043926417999999967e-01,-2.135833353000000101e-01,-2.053338140000000034e-01,-2.145403475000000060e-01
-2.135833353000000101e-01,-2.221123278000000090e-01,-2.145403475000000060e-01,-2.230837941000000102e-01
-2.221123278000000090e-01,-2.300179005000000110e-01,-2.230837941000000102e-01,-2.310024649000000097e-01
-2.300179005000000110e-01,-2.373376786999999988e-01,-2.310024649000000097e-01,-2.383340596999999894e-01
9.507995844000000085e-01,9.164931177999999790e-01,9.510672091999999855e-01,9.168869256999999662e-01
9.164931177999999790e-01,8.858220576999999984e-01,9.168869256999999662e-01,8.863032459999999890e-01
8.858220576999999984e-01,8.581306934000000330e-01,8.863032459999999890e-01,8.586721419999999716e-01
8.581306934000000330e-01,8.329019546999999468e-01,8.586721419999999716e-01,8.334842919999999600e-01
8.329019546999999468e-01,8.097159862999999680e-01,8.334842919999999600e-01,8.103249668999999988e-01
8.097159862999999680e-01,7.882421613000000216e-01,8.103249668999999988e-01,7.888674140000000445e-01
7.882421613000000216e-01,7.681990861999999920e-01,7.888674140000000445e-01,7.688326239999999645e-01
7.681990861999999920e-01,7.493641375999999799e-01,7.688326239999999645e-01,7.499998211999999720e-01
7.493641375999999799e-01,7.315424084999999632e-01,7.499998211999999720e-01,7.321755290000000471e-01
7.315424084999999632e-01,7.145708202999999648e-01,7.321755290000000471e-01,7.151975036000000063e-01
7.145708202999999648e-01,6.983126997999999919e-01,7.151975036000000063e-01,6.989299654999999722e-01
6.983126997999999919e-01,6.826435924000000544e-01,6.989299654999999722e-01,6.832488774999999626e-01
6.826435924000000544e-01,6.674560308000000441e-01,6.832488774999999626e-01,6.680471896999999881e-01
6.674560308000000441e-01,6.526553035000000058e-01,6.680471896999999881e-01,6.532305479000000137e-01
6.526553035000000058e-01,6.381520629000000389e-01,6.532305479000000137e-01,6.387097835999999695e-01
6.381520629000000389e-01,6.238639354999999664e-01,6.387097835999999695e-01,6.244027019000000234e-01
6.238639354999999664e-01,6.097159385999999515e-01,6.244027019000000234e-01,6.102344990000000413e-01
6.097159385999999515e-01,5.956330298999999995e-01,6.102344990000000413e-01,5.961300134999999445e-01
5.956330298999999995e-01,5.815411209999999942e-01,5.961300134999999445e-01,5.820152760000000258e-01
5.815411209999999942e-01,5.673677325000000549e-01,5.820152760000000258e-01,5.678179263999999504e-01
5.673677325000000549e-01,5.530394911999999552e-01,5.678179263999999504e-01,5.534643530999999728e-01
5.530394911999999552e-01,5.384768248000000312e-01,5.534643530999999728e-01,5.388751626000000128e-01
5.384768248000000312e-01,5.235954523000000416e-01,5.388751626000000128e-01,5.239657760000000497e-01
5.235954523000000416e-01,5.083069800999999721e-01,5.239657760000000497e-01,5.086479187000000346e-01
5.083069800999999721e-01,4.925123155000000197e-01,5.086479187000000346e-01,4.928222299000000195e-01
4.925123155000000197e-01,4.760982095999999886e-01,4.928222299000000195e-01,4.763753712000000085e-01
4.760982095999999886e-01,4.589375854000000143e-01,4.763753712000000085e-01,4.591800869000000063e-01
4.589375854000000143e-01,4.408852160000000242e-01,4.591800869000000063e-01,4.410909116000000241e-01
4.408852160000000242e-01,4.217676818000000161e-01,4.410909116000000241e-01,4.219341576000000260e-01
4.217676818000000161e-01,4.013798237000000269e-01,4.219341576000000260e-01,4.015044272000000136e-01
4.013798237000000269e-01,3.794766365999999724e-01,4.015044272000000136e-01,3.795562982999999835e-01
3.794766365999999724e-01,3.557562827999999899e-01,3.795562982999999835e-01,3.557875155999999928e-01
3.557562827999999899e-01,3.309543133000000248e-01,3.557875155999999928e-01,3.309345543000000167e-01
3.309543133000000248e-01,3.057715892999999796e-01,3.309345543000000167e-01,3.056993484000000150e-01
3.057715892999999796e-01,2.803063095000000171e-01,3.056993484000000150e-01,2.801803945999999934e-01
2.803063095000000171e-01,2.546612024000000085e-01,2.801803945999999934e-01,2.544809282000000117e-01
2.546612024000000085e-01,2.289436310999999891e-01,2.544809282000000117e-01,2.287085503000000075e-01
2.289436310999999891e-01,2.032611220999999968e-01,2.287085503000000075e-01,2.029712646999999870e-01
2.032611220999999968e-01,1.777215749000000122e-01,2.029712646999999870e-01,1.773772985000000024e-01
1.777215749000000122e-01,1.524327248000000024e-01,1.773772985000000024e-01,1.520347147999999982e-01
1.524327248000000024e-01,1.274935900999999983e-01,1.520347147999999982e-01,1.270428597999999909e-01
1.274935900999999983e-01,1.030053868999999955e-01,1.270428597999999909e-01,1.025031433000000020e-01
1.030053868999999955e-01,7.905372232000000554e-02,1.025031433000000020e-01,7.850149273999999788e-02
7.905372232000000554e-02,5.572483688999999712e-02,7.850149273999999788e-02,5.512425303000000054e-02
5.572483688999999712e-02,3.308885171999999958e-02,5.512425303000000054e-02,3.244175761999999741e-02
3.308885171999999958e-02,1.120986602999999963e-02,3.244175761999999741e-02,1.051818113999999915e-02
1.120986602999999963e-02,-9.858054108999999773e-03,1.051818113999999915e-02,-1.059233210999999987e-02
-9.858054108999999773e-03,-3.007547744000000148e-02,-1.059233210999999987e-02,-3.085025027000000072e-02
-3.007547744000000148e-02,-4.940670728999999733e-02,-3.085025027000000072e-02,-5.021993815999999805e-02
-4.940670728999999733e-02,-6.783321500000000226e-02,-5.021993815999999805e-02,-6.868277489999999319e-02
-6.783321500000000226e-02,-8.534076064999999989e-02,-6.868277489999999319e-02,-8.622457831999999489e-02
-8.534076064999999989e-02,-1.019258722999999978e-01,-8.622457831999999489e-02,-1.028419212000000055e-01
-1.019258722999999978e-01,-1.175961568999999984e-01,-1.028419212000000055e-01,-1.185423881000000068e-01
-1.175961568999999984e-01,-1.323600560000000037e-01,-1.185423881000000068e-01,-1.333345174999999994e-01
-1.323600560000000037e-01,-1.462370007999999888e-01,-1.333345174999999994e-01,-1.472378075000000119e-01
-1.462370007999999888e-01,-1.592527330000000074e-01,-1.472378075000000119e-01,-1.602779924999999939e-01
-1.592527330000000074e-01,-1.714325845000000126e-01,-1.602779924999999939e-01,-1.724805087000000070e-01
-1.714325845000000126e-01,-1.828078032000000075e-01,-1.724805087000000070e-01,-1.838767081000000081e-01
-1.828078032000000075e-01,-1.934138237999999954e-01,-1.838767081000000081e-01,-1.945020556000000012e-01
-1.934138237999999954e-01,-2.032866925000000047e-01,-1.945020556000000012e-01,-2.043926417999999967e-01
-2.032866925000000047e-01,-2.124611288000000098e-01,-2.043926417999999967e-01,-2.135833353000000101e-01
-2.124611288000000098e-01,-2.209752798000000074e-01,-2.135833353000000101e-01,-2.221123278000000090e-01
-2.209752798000000074e-01,-2.288673519999999961e-01,-2.221123278000000090e-01,-2.300179005000000110e-01
-2.288673519999999961e-01,-2.361748964000000006e-01,-2.300179005000000110e-01,-2.373376786999999988e-01
9.505877495000000232e-01,9.161714315000000219e-01,9.507995844000000085e-01,9.164931177999999790e-01
9.161714315000000219e-01,8.854254484000000369e-01,9.164931177999999790e-01,8.858220576999999984e-01
8.854254484000000369e-01,8.576834201999999907e-01,8.858220576999999984e-01,8.581306934000000330e-01
8.576834201999999907e-01,8.324213623999999756e-01,8.581306934000000330e-01,8.329019546999999468e-01
8.324213623999999756e-01,8.092146515999999457e-01,8.329019546999999468e-01,8.097159862999999680e-01
8.092146515999999457e-01,7.877293825000000194e-01,8.097159862999999680e-01,7.882421613000000216e-01
7.877293825000000194e-01,7.676819563000000235e-01,7.882421613000000216e-01,7.681990861999999920e-01
7.676819563000000235e-01,7.488479613999999840e-01,7.681990861999999920e-01,7.493641375999999799e-01
7.488479613999999840e-01,7.310314774999999710e-01,7.493641375999999799e-01,7.315424084999999632e-01
7.310314774999999710e-01,7.140683531999999500e-01,7.315424084999999632e-01,7.145708202999999648e-01
7.140683531999999500e-01,6.978214382999999854e-01,7.145708202999999648e-01,6.983126997999999919e-01
6.978214382999999854e-01,6.821656822999999648e-01,6.983126997999999919e-01,6.826435924000000544e-01
6.821656822999999648e-01,6.669933796000000470e-01,6.826435924000000544e-01,6.674560308000000441e-01
6.669933796000000470e-01,6.522094606999999655e-01,6.674560308000000441e-01,6.526553035000000058e-01
6.522094606999999655e-01,6.377244591999999823e-01,6.526553035000000058e-01,6.381520629000000389e-01
6.377244591999999823e-01,6.234558821000000250e-01,6.381520629000000389e-01,6.238639354999999664e-01
6.234558821000000250e-01,6.093286275999999502e-01,6.238639354999999664e-01,6.097159385999999515e-01
6.093286275999999502e-01,5.952675343000000119e-01,6.097159385999999515e-01,5.956330298999999995e-01
5.952675343000000119e-01,5.811985731000000044e-01,5.956330298999999995e-01,5.815411209999999942e-01
5.811985731000000044e-01,5.670493245000000071e-01,5.815411209999999942e-01,5.673677325000000549e-01
5.670493245000000071e-01,5.527463554999999529e-01,5.673677325000000549e-01,5.530394911999999552e-01
5.527463554999999529e-01,5.382101536000000186e-01,5.530394911999999552e-01,5.384768248000000312e-01
5.382101536000000186e-01,5.233565569000000472e-01,5.384768248000000312e-01,5.235954523000000416e-01
5.233565569000000472e-01,5.080972910000000065e-01,5.235954523000000416e-01,5.083069800999999721e-01
5.080972910000000065e-01,4.923333525999999960e-01,5.083069800999999721e-01,4.925123155000000197e-01
4.923333525999999960e-01,4.759516417999999915e-01,4.925123155000000197e-01,4.760982095999999886e-01
4.759516417999999915e-01,4.588252603999999901e-01,4.760982095999999886e-01,4.589375854000000143e-01
4.588252603999999901e-01,4.408092201000000099e-01,4.589375854000000143e-01,4.408852160000000242e-01
4.408092201000000099e-01,4.217303096999999723e-01,4.408852160000000242e-01,4.217676818000000161e-01
4.217303096999999723e-01,4.013837576000000018e-01,4.217676818000000161e-01,4.013798237000000269e-01
4.013837576000000018e-01,3.795249164000000230e-01,4.013798237000000269e-01,3.794766365999999724e-01
3.795249164000000230e-01,3.558523058999999988e-01,3.794766365999999724e-01,3.557562827999999899e-01
3.558523058999999988e-01,3.311005831000000121e-01,3.557562827999999899e-01,3.309543133000000248e-01
3.311005831000000121e-01,3.059695363000000112e-01,3.309543133000000248e-01,3.057715892999999796e-01
3.059695363000000112e-01,2.805570065999999918e-01,3.057715892999999796e-01,2.803063095000000171e-01
2.805570065999999918e-01,2.549653648999999911e-01,2.803063095000000171e-01,2.546612024000000085e-01
2.549653648999999911e-01,2.293016314999999916e-01,2.546612024000000085e-01,2.289436310999999891e-01
2.293016314999999916e-01,2.036729305999999962e-01,2.289436310999999891e-01,2.032611220999999968e-01
2.036729305999999962e-01,1.781868487999999917e-01,2.032611220999999968e-01,1.777215749000000122e-01
1.781868487999999917e-01,1.529507934999999874e-01,1.777215749000000122e-01,1.524327248000000024e-01
1.529507934999999874e-01,1.280634850000000047e-01,1.524327248000000024e-01,1.274935900999999983e-01
1.280634850000000047e-01,1.036259308000000018e-01,1.274935900999999983e-01,1.030053868999999955e-01
1.036259308000000018e-01,7.972344755999999366e-02,1.030053868999999955e-01,7.905372232000000554e-02
7.972344755999999366e-02,5.644217133999999969e-02,7.905372232000000554e-02,5.572483688999999712e-02
5.644217133999999969e-02,3.385201469000000130e-02,5.572483688999999712e-02,3.308885171999999958e-02
3.385201469000000130e-02,1.201700512000000026e-02,3.308885171999999958e-02,1.120986602999999963e-02
1.201700512000000026e-02,-9.008875116999999488e-03,1.120986602999999963e-02,-9.858054108999999773e-03
-9.008875116999999488e-03,-2.918628976000000111e-02,-9.858054108999999773e-03,-3.007547744000000148e-02
-2.918628976000000111e-02,-4.847949371000000174e-02,-3.007547744000000148e-02,-4.940670728999999733e-02
-4.847949371000000174e-02,-6.687004119000000690e-02,-4.940670728999999733e-02,-6.783321500000000226e-02
-6.687004119000000690e-02,-8.434364199999999645e-02,-6.783321500000000226e-02,-8.534076064999999989e-02
-8.434364199999999645e-02,-1.008967832000000064e-01,-8.534076064999999989e-02,-1.019258722999999978e-01
-1.008967832000000064e-01,-1.165371089999999998e-01,-1.019258722999999978e-01,-1.175961568999999984e-01
-1.165371089999999998e-01,-1.312729269000000032e-01,-1.175961568999999984e-01,-1.323600560000000037e-01
-1.312729269000000032e-01,-1.451236754999999934e-01,-1.323600560000000037e-01,-1.462370007999999888e-01
-1.451236754999999934e-01,-1.581150591000000105e-01,-1.462370007999999888e-01,-1.592527330000000074e-01
-1.581150591000000105e-01,-1.702722608999999998e-01,-1.592527330000000074e-01,-1.714325845000000126e-01
-1.702722608999999998e-01,-1.816265284999999952e-01,-1.714325845000000126e-01,-1.828078032000000075e-01
-1.816265284999999952e-01,-1.922132223999999945e-01,-1.828078032000000075e-01,-1.934138237999999954e-01
-1.922132223999999945e-01,-2.020683139999999989e-01,-1.934138237999999954e-01,-2.032866925000000047e-01
-2.020683139999999989e-01,-2.112264185999999933e-01,-2.032866925000000047e-01,-2.124611288000000098e-01
-2.112264185999999933e-01,-2.197256237000000112e-01,-2.124611288000000098e-01,-2.209752798000000074e-01
-2.197256237000000112e-01,-2.276040911999999972e-01,-2.209752798000000074e-01,-2.288673519999999961e-01
-2.276040911999999972e-01,-2.348992675999999891e-01,-2.288673519999999961e-01,-2.361748964000000006e-01
9.504143000000000452e-01,9.158977270000000503e-01,9.505877495000000232e-01,9.161714315000000219e-01
9.158977270000000503e-01,8.850843905999999928e-01,9.161714315000000219e-01,8.854254484000000369e-01
8.850843905999999928e-01,8.572979568999999911e-01,8.854254484000000369e-01,8.576834201999999907e-01
8.572979568999999911e-01,8.320075869999999929e-01,8.576834201999999907e-01,8.324213623999999756e-01
8.320075869999999929e-01,8.087844253000000538e-01,8.324213623999999756e-01,8.092146515999999457e-01
8.087844253000000538e-01,7.872914076000000483e-01,8.092146515999999457e-01,7.877293825000000194e-01
7.872914076000000483e-01,7.672427296999999591e-01,7.877293825000000194e-01,7.676819563000000235e-01
7.672427296999999591e-01,7.484124898999999775e-01,7.676819563000000235e-01,7.488479613999999840e-01
7.484124898999999775e-01,7.306035160999999611e-01,7.488479613999999840e-01,7.310314774999999710e-01
7.306035160999999611e-01,7.136511207000000301e-01,7.310314774999999710e-01,7.140683531999999500e-01
7.136511207000000301e-01,6.974172591999999726e-01,7.140683531999999500e-01,6.978214382999999854e-01
6.974172591999999726e-01,6.817766428000000545e-01,6.978214382999999854e-01,6.821656822999999648e-01
6.817766428000000545e-01,6.666212082000000372e-01,6.821656822999999648e-01,6.669933796000000470e-01
6.666212082000000372e-01,6.518555284000000505e-01,6.669933796000000470e-01,6.522094606999999655e-01
6.518555284000000505e-01,6.373901366999999984e-01,6.522094606999999655e-01,6.377244591999999823e-01
6.373901366999999984e-01,6.231423616000000276e-01,6.377244591999999823e-01,6.234558821000000250e-01
6.231423616000000276e-01,6.090370416999999481e-01,6.234558821000000250e-01,6.093286275999999502e-01
6.090370416999999481e-01,5.949988961000000076e-01,6.093286275999999502e-01,5.952675343000000119e-01
5.949988961000000076e-01,5.809540153000000151e-01,5.952675343000000119e-01,5.811985731000000044e-01
5.809540153000000151e-01,5.668299794000000169e-01,5.811985731000000044e-01,5.670493245000000071e-01
5.668299794000000169e-01,5.525532364999999890e-01,5.670493245000000071e-01,5.527463554999999529e-01
5.525532364999999890e-01,5.380445718999999904e-01,5.527463554999999529e-01,5.382101536000000186e-01
5.380445718999999904e-01,5.232197642000000481e-01,5.382101536000000186e-01,5.233565569000000472e-01
5.232197642000000481e-01,5.079907179000000550e-01,5.233565569000000472e-01,5.080972910000000065e-01
5.079907179000000550e-01,4.922584593000000064e-01,5.080972910000000065e-01,4.923333525999999960e-01
4.922584593000000064e-01,4.759101570000000003e-01,4.923333525999999960e-01,4.759516417999999915e-01
4.759101570000000003e-01,4.588190615000000139e-01,4.759516417999999915e-01,4.588252603999999901e-01
4.588190615000000139e-01,4.408404529000000127e-01,4.588252603999999901e-01,4.408092201000000099e-01
4.408404529000000127e-01,4.218013585000000010e-01,4.408092201000000099e-01,4.217303096999999723e-01
4.218013585000000010e-01,4.014973043999999769e-01,4.217303096999999723e-01,4.013837576000000018e-01
4.014973043999999769e-01,3.796840608000000006e-01,4.013837576000000018e-01,3.795249164000000230e-01
3.796840608000000006e-01,3.560606539000000237e-01,3.795249164000000230e-01,3.558523058999999988e-01
3.560606539000000237e-01,3.313606083000000257e-01,3.558523058999999988e-01,3.311005831000000121e-01
3.313606083000000257e-01,3.062826692999999767e-01,3.311005831000000121e-01,3.059695363000000112e-01
3.062826692999999767e-01,2.809243499999999893e-01,3.059695363000000112e-01,2.805570065999999918e-01
2.809243499999999893e-01,2.553876339999999745e-01,2.805570065999999918e-01,2.549653648999999911e-01
2.553876339999999745e-01,2.297791690000000053e-01,2.549653648999999911e-01,2.293016314999999916e-01
2.297791690000000053e-01,2.042056918000000054e-01,2.293016314999999916e-01,2.036729305999999962e-01
2.042056918000000054e-01,1.787745058999999914e-01,2.036729305999999962e-01,1.781868487999999917e-01
1.787745058999999914e-01,1.535926907999999869e-01,1.781868487999999917e-01,1.529507934999999874e-01
1.535926907999999869e-01,1.287586242000000047e-01,1.529507934999999874e-01,1.280634850000000047e-01
1.287586242000000047e-01,1.043731271999999988e-01,1.280634850000000047e-01,1.036259308000000018e-01
1.043731271999999988e-01,8.052123338000000130e-02,1.036259308000000018e-01,7.972344755999999366e-02
8.052123338000000130e-02,5.728894845000000180e-02,7.972344755999999366e-02,5.644217133999999969e-02
5.728894845000000180e-02,3.474599123000000206e-02,5.644217133999999969e-02,3.385201469000000130e-02
3.474599123000000206e-02,1.295630260999999957e-02,3.385201469000000130e-02,1.201700512000000026e-02
1.295630260999999957e-02,-8.026214316000000737e-03,1.201700512000000026e-02,-9.008875116999999488e-03
-8.026214316000000737e-03,-2.816232666000000051e-02,-9.008875116999999488e-03,-2.918628976000000111e-02
-2.816232666000000051e-02,-4.741623997999999673e-02,-2.918628976000000111e-02,-4.847949371000000174e-02
-4.741623997999999673e-02,-6.576960533999999525e-02,-4.847949371000000174e-02,-6.687004119000000690e-02
-6.576960533999999525e-02,-8.320806920999999912e-02,-6.687004119000000690e-02,-8.434364199999999645e-02
-8.320806920999999912e-02,-9.972809254999999429e-02,-8.434364199999999645e-02,-1.008967832000000064e-01
-9.972809254999999429e-02,-1.153373419999999955e-01,-1.008967832000000064e-01,-1.165371089999999998e-01
-1.153373419999999955e-01,-1.300440431000000063e-01,-1.165371089999999998e-01,-1.312729269000000032e-01
-1.300440431000000063e-01,-1.438675523000000067e-01,-1.312729269000000032e-01,-1.451236754999999934e-01
-1.438675523000000067e-01,-1.568335891000000037e-01,-1.451236754999999934e-01,-1.581150591000000105e-01
-1.568335891000000037e-01,-1.689672321000000033e-01,-1.581150591000000105e-01,-1.702722608999999998e-01
-1.689672321000000033e-01,-1.802996396999999862e-01,-1.702722608999999998e-01,-1.816265284999999952e-01
-1.802996396999999862e-01,-1.908661574000000138e-01,-1.816265284999999952e-01,-1.922132223999999945e-01
-1.908661574000000138e-01,-2.007026671999999901e-01,-1.922132223999999945e-01,-2.020683139999999989e-01
-2.007026671999999901e-01,-2.098436653999999901e-01,-2.020683139999999989e-01,-2.112264185999999933e-01
-2.098436653999999901e-01,-2.183272093999999997e-01,-2.112264185999999933e-01,-2.197256237000000112e-01
-2.183272093999999997e-01,-2.261913419000000092e-01,-2.197256237000000112e-01,-2.276040911999999972e-01
-2.261913419000000092e-01,-2.334734796999999862e-01,-2.276040911999999972e-01,-2.348992675999999891e-01
9.502701163000000228e-01,9.156585336000000463e-01,9.504143000000000452e-01,9.158977270000000503e-01
9.156585336000000463e-01,8.847826122999999932e-01,9.158977270000000503e-01,8.850843905999999928e-01
8.847826122999999932e-01,8.569559454999999826e-01,8.850843905999999928e-01,8.572979568999999911e-01
8.569559454999999826e-01,8.316411971999999597e-01,8.572979568999999911e-01,8.320075869999999929e-01
8.316411971999999597e-01,8.084051609000000305e-01,8.320075869999999929e-01,8.087844253000000538e-01
8.084051609000000305e-01,7.869076133000000306e-01,8.087844253000000538e-01,7.872914076000000483e-01
7.869076133000000306e-01,7.668607831000000541e-01,7.872914076000000483e-01,7.672427296999999591e-01
7.668607831000000541e-01,7.480371594000000401e-01,7.672427296999999591e-01,7.484124898999999775e-01
7.480371594000000401e-01,7.302384973000000112e-01,7.484124898999999775e-01,7.306035160999999611e-01
7.302384973000000112e-01,7.132993936999999507e-01,7.306035160999999611e-01,7.136511207000000301e-01
7.132993936999999507e-01,6.970811486000000334e-01,7.136511207000000301e-01,6.974172591999999726e-01
6.970811486000000334e-01,6.814581156000000250e-01,6.974172591999999726e-01,6.817766428000000545e-01
6.814581156000000250e-01,6.663218141000000205e-01,6.817766428000000545e-01,6.666212082000000372e-01
6.663218141000000205e-01,6.515766978000000487e-01,6.666212082000000372e-01,6.518555284000000505e-01
6.515766978000000487e-01,6.371331810999999457e-01,6.518555284000000505e-01,6.373901366999999984e-01
6.371331810999999457e-01,6.229084134000000272e-01,6.373901366999999984e-01,6.231423616000000276e-01
6.229084134000000272e-01,6.088271736999999462e-01,6.231423616000000276e-01,6.090370416999999481e-01
6.088271736999999462e-01,5.948142409000000130e-01,6.090370416999999481e-01,5.949988961000000076e-01
5.948142409000000130e-01,5.807955861000000386e-01,5.949988961000000076e-01,5.809540153000000151e-01
5.807955861000000386e-01,5.666989087999999564e-01,5.809540153000000151e-01,5.668299794000000169e-01
5.666989087999999564e-01,5.524507164999999942e-01,5.668299794000000169e-01,5.525532364999999890e-01
5.524507164999999942e-01,5.379717945999999973e-01,5.525532364999999890e-01,5.380445718999999904e-01
5.379717945999999973e-01,5.231780409999999826e-01,5.380445718999999904e-01,5.232197642000000481e-01
5.231780409999999826e-01,5.079815387999999654e-01,5.232197642000000481e-01,5.079907179000000550e-01
5.079815387999999654e-01,4.922834635000000181e-01,5.079907179000000550e-01,4.922584593000000064e-01
4.922834635000000181e-01,4.759711325000000048e-01,4.922584593000000064e-01,4.759101570000000003e-01
4.759711325000000048e-01,4.589179754000000111e-01,4.759101570000000003e-01,4.588190615000000139e-01
4.589179754000000111e-01,4.409795702000000039e-01,4.588190615000000139e-01,4.408404529000000127e-01
4.409795702000000039e-01,4.219832419999999806e-01,4.408404529000000127e-01,4.218013585000000010e-01
4.219832419999999806e-01,4.017248452000000136e-01,4.218013585000000010e-01,4.014973043999999769e-01
4.017248452000000136e-01,3.799606264000000011e-01,4.014973043999999769e-01,3.796840608000000006e-01
3.799606264000000011e-01,3.563900292000000136e-01,3.796840608000000006e-01,3.560606539000000237e-01
3.563900292000000136e-01,3.317455350999999886e-01,3.560606539000000237e-01,3.313606083000000257e-01
3.317455350999999886e-01,3.067246377000000246e-01,3.313606083000000257e-01,3.062826692999999767e-01
3.067246377000000246e-01,2.814244926000000202e-01,3.062826692999999767e-01,2.809243499999999893e-01
2.814244926000000202e-01,2.559466659999999893e-01,2.809243499999999893e-01,2.553876339999999745e-01
2.559466659999999893e-01,2.303974478999999964e-01,2.553876339999999745e-01,2.297791690000000053e-01
2.303974478999999964e-01,2.048832177999999893e-01,2.297791690000000053e-01,2.042056918000000054e-01
2.048832177999999893e-01,1.795109062999999949e-01,2.042056918000000054e-01,1.787745058999999914e-01
1.795109062999999949e-01,1.543872654000000011e-01,1.787745058999999914e-01,1.535926907999999869e-01
1.543872654000000011e-01,1.296103597000000107e-01,1.535926907999999869e-01,1.287586242000000047e-01
1.296103597000000107e-01,1.052807719000000003e-01,1.287586242000000047e-01,1.043731271999999988e-01
1.052807719000000003e-01,8.148323744999999563e-02,1.043731271999999988e-01,8.052123338000000130e-02
8.148323744999999563e-02,5.830363929000000056e-02,8.052123338000000130e-02,5.728894845000000180e-02
5.830363929000000056e-02,3.581148012999999658e-02,5.728894845000000180e-02,3.474599123000000206e-02
3.581148012999999658e-02,1.407060213000000011e-02,3.474599123000000206e-02,1.295630260999999957e-02
1.407060213000000011e-02,-6.865179166000000104e-03,1.295630260999999957e-02,-8.026214316000000737e-03
-6.865179166000000104e-03,-2.695673518000000005e-02,-8.026214316000000737e-03,-2.816232666000000051e-02
-2.695673518000000005e-02,-4.616823419999999817e-02,-2.816232666000000051e-02,-4.741623997999999673e-02
-4.616823419999999817e-02,-6.448141485000000173e-02,-4.741623997999999673e-02,-6.576960533999999525e-02
-6.448141485000000173e-02,-8.188188075999999760e-02,-6.576960533999999525e-02,-8.320806920999999912e-02
-8.188188075999999760e-02,-9.836607426000000542e-02,-8.320806920999999912e-02,-9.972809254999999429e-02
-9.836607426000000542e-02,-1.139416545999999975e-01,-9.972809254999999429e-02,-1.153373419999999955e-01
-1.139416545999999975e-01,-1.286167651000000023e-01,-1.153373419999999955e-01,-1.300440431000000063e-01
-1.286167651000000023e-01,-1.424107253999999934e-01,-1.300440431000000063e-01,-1.438675523000000067e-01
-1.424107253999999934e-01,-1.553492397000000025e-01,-1.438675523000000067e-01,-1.568335891000000037e-01
-1.553492397000000025e-01,-1.674572527000000033e-01,-1.568335891000000037e-01,-1.689672321000000033e-01
-1.674572527000000033e-01,-1.787658632000000136e-01,-1.689672321000000033e-01,-1.802996396999999862e-01
-1.787658632000000136e-01,-1.893103718999999963e-01,-1.802996396999999862e-01,-1.908661574000000138e-01
-1.893103718999999963e-01,-1.991265862999999914e-01,-1.908661574000000138e-01,-2.007026671999999901e-01
-1.991265862999999914e-01,-2.082488983999999932e-01,-2.007026671999999901e-01,-2.098436653999999901e-01
-2.082488983999999932e-01,-2.167152612999999894e-01,-2.098436653999999901e-01,-2.183272093999999997e-01
-2.167152612999999894e-01,-2.245636880000000113e-01,-2.183272093999999997e-01,-2.261913419000000092e-01
-2.245636880000000113e-01,-2.318315059000000122e-01,-2.261913419000000092e-01,-2.334734796999999862e-01
9.501554965999999824e-01,9.154542685000000013e-01,9.502701163000000228e-01,9.156585336000000463e-01
9.154542685000000013e-01,8.845204710999999831e-01,9.156585336000000463e-01,8.847826122999999932e-01
8.845204710999999831e-01,8.566579818999999762e-01,8.847826122999999932e-01,8.569559454999999826e-01
8.566579818999999762e-01,8.313229084000000046e-01,8.569559454999999826e-01,8.316411971999999597e-01
8.313229084000000046e-01,8.080776929999999858e-01,8.316411971999999597e-01,8.084051609000000305e-01
8.080776929999999858e-01,7.865791917000000133e-01,8.084051609000000305e-01,7.869076133000000306e-01
7.865791917000000133e-01,7.665374279000000124e-01,7.869076133000000306e-01,7.668607831000000541e-01
7.665374279000000124e-01,7.477234602000000230e-01,7.668607831000000541e-01,7.480371594000000401e-01
7.477234602000000230e-01,7.299381495000000220e-01,7.480371594000000401e-01,7.302384973000000112e-01
7.299381495000000220e-01,7.130150794999999819e-01,7.302384973000000112e-01,7.132993936999999507e-01
7.130150794999999819e-01,6.968151330999999837e-01,7.132993936999999507e-01,6.970811486000000334e-01
6.968151330999999837e-01,6.812123060000000452e-01,6.970811486000000334e-01,6.814581156000000250e-01
6.812123060000000452e-01,6.660977601999999997e-01,6.814581156000000250e-01,6.663218141000000205e-01
6.660977601999999997e-01,6.513757110000000239e-01,6.663218141000000205e-01,6.515766978000000487e-01
6.513757110000000239e-01,6.369564532999999473e-01,6.515766978000000487e-01,6.371331810999999457e-01
6.369564532999999473e-01,6.227571367999999996e-01,6.371331810999999457e-01,6.229084134000000272e-01
6.227571367999999996e-01,6.087024211999999546e-01,6.229084134000000272e-01,6.088271736999999462e-01
6.087024211999999546e-01,5.947170257999999654e-01,6.088271736999999462e-01,5.948142409000000130e-01
5.947170257999999654e-01,5.807270408000000383e-01,5.948142409000000130e-01,5.807955861000000386e-01
5.807270408000000383e-01,5.666601061999999578e-01,5.807955861000000386e-01,5.666989087999999564e-01
5.666601061999999578e-01,5.524429082999999796e-01,5.666989087999999564e-01,5.524507164999999942e-01
5.524429082999999796e-01,5.379962324999999490e-01,5.524507164999999942e-01,5.379717945999999973e-01
5.379962324999999490e-01,5.232361555000000219e-01,5.379717945999999973e-01,5.231780409999999826e-01
5.232361555000000219e-01,5.080748200000000381e-01,5.231780409999999826e-01,5.079815387999999654e-01
5.080748200000000381e-01,4.924135803999999950e-01,5.079815387999999654e-01,4.922834635000000181e-01
4.924135803999999950e-01,4.761399924999999977e-01,4.922834635000000181e-01,4.759711325000000048e-01
4.761399924999999977e-01,4.591277838000000222e-01,4.759711325000000048e-01,4.589179754000000111e-01
4.591277838000000222e-01,4.412326515000000171e-01,4.589179754000000111e-01,4.409795702000000039e-01
4.412326515000000171e-01,4.222823679000000108e-01,4.409795702000000039e-01,4.219832419999999806e-01
4.222823679000000108e-01,4.020731449000000124e-01,4.219832419999999806e-01,4.017248452000000136e-01
4.020731449000000124e-01,3.803616761999999984e-01,4.017248452000000136e-01,3.799606264000000011e-01
3.803616761999999984e-01,3.568480015000000116e-01,3.799606264000000011e-01,3.563900292000000136e-01
3.568480015000000116e-01,3.322632909000000079e-01,3.563900292000000136e-01,3.317455350999999886e-01
3.322632909000000079e-01,3.073037565000000249e-01,3.317455350999999886e-01,3.067246377000000246e-01
3.073037565000000249e-01,2.820661663999999846e-01,3.067246377000000246e-01,2.814244926000000202e-01
2.820661663999999846e-01,2.566516399000000059e-01,2.814244926000000202e-01,2.559466659999999893e-01
2.566516399000000059e-01,2.311661540999999931e-01,2.559466659999999893e-01,2.303974478999999964e-01
2.311661540999999931e-01,2.057156115999999868e-01,2.303974478999999964e-01,2.048832177999999893e-01
2.057156115999999868e-01,1.804066151000000007e-01,2.048832177999999893e-01,1.795109062999999949e-01
1.804066151000000007e-01,1.553455591000000025e-01,1.795109062999999949e-01,1.543872654000000011e-01
1.553455591000000025e-01,1.306301652999999896e-01,1.543872654000000011e-01,1.296103597000000107e-01
1.306301652999999896e-01,1.063607632999999941e-01,1.296103597000000107e-01,1.052807719000000003e-01
1.063607632999999941e-01,8.262179792000000356e-02,1.052807719000000003e-01,8.148323744999999563e-02
8.262179792000000356e-02,5.949898809000000316e-02,8.148323744999999563e-02,5.830363929000000056e-02
5.949898809000000316e-02,3.706161678000000070e-02,5.830363929000000056e-02,3.581148012999999658e-02
3.706161678000000070e-02,1.537342648999999971e-02,3.581148012999999658e-02,1.407060213000000011e-02
1.537342648999999971e-02,-5.511870607999999616e-03,1.407060213000000011e-02,-6.865179166000000104e-03
-5.511870607999999616e-03,-2.555525675000000149e-02,-6.865179166000000104e-03,-2.695673518000000005e-02
-2.555525675000000149e-02,-4.472087324000000030e-02,-2.695673518000000005e-02,-4.616823419999999817e-02
-4.472087324000000030e-02,-6.299054622999999964e-02,-4.616823419999999817e-02,-6.448141485000000173e-02
-6.299054622999999964e-02,-8.034984021999999615e-02,-6.448141485000000173e-02,-8.188188075999999760e-02
-8.034984021999999615e-02,-9.679515660000000132e-02,-8.188188075999999760e-02,-9.836607426000000542e-02
-9.679515660000000132e-02,-1.123341991999999984e-01,-9.836607426000000542e-02,-1.139416545999999975e-01
-1.123341991999999984e-01,-1.269749850000000124e-01,-1.139416545999999975e-01,-1.286167651000000023e-01
-1.269749850000000124e-01,-1.407368331999999944e-01,-1.286167651000000023e-01,-1.424107253999999934e-01
-1.407368331999999944e-01,-1.536453664000000108e-01,-1.424107253999999934e-01,-1.553492397000000025e-01
-1.536453664000000108e-01,-1.657254546999999967e-01,-1.553492397000000025e-01,-1.674572527000000033e-01
-1.657254546999999967e-01,-1.770081222000000065e-01,-1.674572527000000033e-01,-1.787658632000000136e-01
-1.770081222000000065e-01,-1.875286102000000010e-01,-1.787658632000000136e-01,-1.893103718999999963e-01
-1.875286102000000010e-01,-1.973226516999999902e-01,-1.893103718999999963e-01,-1.991265862999999914e-01
-1.973226516999999902e-01,-2.064245044999999945e-01,-1.991265862999999914e-01,-2.082488983999999932e-01
-2.064245044999999945e-01,-2.148720473000000075e-01,-2.082488983999999932e-01,-2.167152612999999894e-01
-2.148720473000000075e-01,-2.227032334000000058e-01,-2.167152612999999894e-01,-2.245636880000000113e-01
-2.227032334000000058e-01,-2.299552857999999922e-01,-2.245636880000000113e-01,-2.318315059000000122e-01
9.500713347999999447e-01,9.152855872999999809e-01,9.501554965999999824e-01,9.154542685000000013e-01
9.152855872999999809e-01,8.842987418000000099e-01,9.154542685000000013e-01,8.845204710999999831e-01
8.842987418000000099e-01,8.564048409000000195e-01,8.845204710999999831e-01,8.566579818999999762e-01
8.564048409000000195e-01,8.310534953999999530e-01,8.566579818999999762e-01,8.313229084000000046e-01
8.310534953999999530e-01,8.078029751999999952e-01,8.313229084000000046e-01,8.080776929999999858e-01
8.078029751999999952e-01,7.863070369000000337e-01,8.080776929999999858e-01,7.865791917000000133e-01
7.863070369000000337e-01,7.662737965999999457e-01,7.865791917000000133e-01,7.665374279000000124e-01
7.662737965999999457e-01,7.474727630999999928e-01,7.665374279000000124e-01,7.477234602000000230e-01
7.474727630999999928e-01,7.297037840000000219e-01,7.477234602000000230e-01,7.299381495000000220e-01
7.297037840000000219e-01,7.127997874999999484e-01,7.299381495000000220e-01,7.130150794999999819e-01
7.127997874999999484e-01,6.966210008000000009e-01,7.130150794999999819e-01,6.968151330999999837e-01
6.966210008000000009e-01,6.810410619000000221e-01,6.968151330999999837e-01,6.812123060000000452e-01
6.810410619000000221e-01,6.659509540000000394e-01,6.812123060000000452e-01,6.660977601999999997e-01
6.659509540000000394e-01,6.512546539000000356e-01,6.660977601999999997e-01,6.513757110000000239e-01
6.512546539000000356e-01,6.368622779999999484e-01,6.513757110000000239e-01,6.369564532999999473e-01
6.368622779999999484e-01,6.226909756999999823e-01,6.369564532999999473e-01,6.227571367999999996e-01
6.226909756999999823e-01,6.086653470999999760e-01,6.227571367999999996e-01,6.087024211999999546e-01
6.086653470999999760e-01,5.947100520000000445e-01,6.087024211999999546e-01,5.947170257999999654e-01
5.947100520000000445e-01,5.807512998999999621e-01,5.947170257999999654e-01,5.807270408000000383e-01
5.807512998999999621e-01,5.667167901999999868e-01,5.807270408000000383e-01,5.666601061999999578e-01
5.667167901999999868e-01,5.525331497000000036e-01,5.666601061999999578e-01,5.524429082999999796e-01
5.525331497000000036e-01,5.381214023000000513e-01,5.524429082999999796e-01,5.379962324999999490e-01
5.381214023000000513e-01,5.233976840999999824e-01,5.379962324999999490e-01,5.232361555000000219e-01
5.233976840999999824e-01,5.082743763999999498e-01,5.232361555000000219e-01,5.080748200000000381e-01
5.082743763999999498e-01,4.926529526999999797e-01,5.080748200000000381e-01,4.924135803999999950e-01
4.926529526999999797e-01,4.764211774000000066e-01,4.924135803999999950e-01,4.761399924999999977e-01
4.764211774000000066e-01,4.594530463000000009e-01,4.761399924999999977e-01,4.591277838000000222e-01
4.594530463000000009e-01,4.416045845000000081e-01,4.591277838000000222e-01,4.412326515000000171e-01
4.416045845000000081e-01,4.227038920000000255e-01,4.412326515000000171e-01,4.222823679000000108e-01
4.227038920000000255e-01,4.025475978999999982e-01,4.222823679000000108e-01,4.020731449000000124e-01
4.025475978999999982e-01,3.808929622000000181e-01,4.020731449000000124e-01,3.803616761999999984e-01
3.808929622000000181e-01,3.574406206999999891e-01,3.803616761999999984e-01,3.568480015000000116e-01
3.574406206999999891e-01,3.329202830999999918e-01,3.568480015000000116e-01,3.322632909000000079e-01
3.329202830999999918e-01,3.080268204000000121e-01,3.322632909000000079e-01,3.073037565000000249e-01
3.080268204000000121e-01,2.828565239999999981e-01,3.073037565000000249e-01,2.820661663999999846e-01
2.828565239999999981e-01,2.575101255999999728e-01,2.820661663999999846e-01,2.566516399000000059e-01
2.575101255999999728e-01,2.320931851999999962e-01,2.566516399000000059e-01,2.311661540999999931e-01
2.320931851999999962e-01,2.067111581999999947e-01,2.311661540999999931e-01,2.057156115999999868e-01
2.067111581999999947e-01,1.814702749000000059e-01,2.057156115999999868e-01,1.804066151000000007e-01
1.814702749000000059e-01,1.564765871000000086e-01,1.804066151000000007e-01,1.553455591000000025e-01
1.564765871000000086e-01,1.318274140000000039e-01,1.553455591000000025e-01,1.306301652999999896e-01
1.318274140000000039e-01,1.076228469999999937e-01,1.306301652999999896e-01,1.063607632999999941e-01
1.076228469999999937e-01,8.394699544000000513e-02,1.063607632999999941e-01,8.262179792000000356e-02
8.394699544000000513e-02,6.088542938000000154e-02,8.262179792000000356e-02,5.949898809000000316e-02
6.088542938000000154e-02,3.850718214999999944e-02,5.949898809000000316e-02,3.706161678000000070e-02
3.850718214999999944e-02,1.687588543000000108e-02,3.706161678000000070e-02,1.537342648999999971e-02
1.687588543000000108e-02,-3.954860846999999797e-03,1.537342648999999971e-02,-5.511870607999999616e-03
-3.954860846999999797e-03,-2.394615858999999888e-02,-5.511870607999999616e-03,-2.555525675000000149e-02
-2.394615858999999888e-02,-4.306212439999999864e-02,-2.555525675000000149e-02,-4.472087324000000030e-02
-4.306212439999999864e-02,-6.128468363999999696e-02,-4.472087324000000030e-02,-6.299054622999999964e-02
-6.128468363999999696e-02,-7.859935611000000433e-02,-6.299054622999999964e-02,-8.034984021999999615e-02
-7.859935611000000433e-02,-9.500252454999999485e-02,-8.034984021999999615e-02,-9.679515660000000132e-02
-9.500252454999999485e-02,-1.105019151999999949e-01,-9.679515660000000132e-02,-1.123341991999999984e-01
-1.105019151999999949e-01,-1.251054256999999947e-01,-1.123341991999999984e-01,-1.269749850000000124e-01
-1.251054256999999947e-01,-1.388323455999999900e-01,-1.269749850000000124e-01,-1.407368331999999944e-01
-1.388323455999999900e-01,-1.517082899999999956e-01,-1.407368331999999944e-01,-1.536453664000000108e-01
-1.517082899999999956e-01,-1.637579798999999892e-01,-1.536453664000000108e-01,-1.657254546999999967e-01
-1.637579798999999892e-01,-1.750123500999999915e-01,-1.657254546999999967e-01,-1.770081222000000065e-01
-1.750123500999999915e-01,-1.855066270000000073e-01,-1.770081222000000065e-01,-1.875286102000000010e-01
-1.855066270000000073e-01,-1.952764392000000127e-01,-1.875286102000000010e-01,-1.973226516999999902e-01
-1.952764392000000127e-01,-2.043559252999999909e-01,-1.973226516999999902e-01,-2.064245044999999945e-01
-2.043559252999999909e-01,-2.127828747000000131e-01,-2.064245044999999945e-01,-2.148720473000000075e-01
-2.127828747000000131e-01,-2.205951362999999943e-01,-2.148720473000000075e-01,-2.227032334000000058e-01
-2.205951362999999943e-01,-2.278298884999999940e-01,-2.227032334000000058e-01,-2.299552857999999922e-01
9.500188828000000196e-01,9.151530265999999747e-01,9.500713347999999447e-01,9.152855872999999809e-01
9.151530265999999747e-01,8.841173052999999893e-01,9.152855872999999809e-01,8.842987418000000099e-01
8.841173052999999893e-01,8.561959266999999985e-01,8.842987418000000099e-01,8.564048409000000195e-01
8.561959266999999985e-01,8.308320045000000542e-01,8.564048409000000195e-01,8.310534953999999530e-01
8.308320045000000542e-01,8.075796962000000301e-01,8.310534953999999530e-01,8.078029751999999952e-01
8.075796962000000301e-01,7.860895990999999805e-01,8.078029751999999952e-01,7.863070369000000337e-01
7.860895990999999805e-01,7.660681008999999930e-01,7.863070369000000337e-01,7.662737965999999457e-01
7.660681008999999930e-01,7.472829818999999762e-01,7.662737965999999457e-01,7.474727630999999928e-01
7.472829818999999762e-01,7.295333147000000462e-01,7.474727630999999928e-01,7.297037840000000219e-01
7.295333147000000462e-01,7.126511334999999780e-01,7.297037840000000219e-01,7.127997874999999484e-01
7.126511334999999780e-01,6.964962482000000010e-01,7.127997874999999484e-01,6.966210008000000009e-01
6.964962482000000010e-01,6.809419394000000292e-01,6.966210008000000009e-01,6.810410619000000221e-01
6.809419394000000292e-01,6.658788323000000009e-01,6.810410619000000221e-01,6.659509540000000394e-01
6.658788323000000009e-01,6.512108444999999968e-01,6.659509540000000394e-01,6.512546539000000356e-01
6.512108444999999968e-01,6.368478536999999662e-01,6.512546539000000356e-01,6.368622779999999484e-01
6.368478536999999662e-01,6.227070689000000492e-01,6.368622779999999484e-01,6.226909756999999823e-01
6.227070689000000492e-01,6.087129712000000081e-01,6.226909756999999823e-01,6.086653470999999760e-01
6.087129712000000081e-01,5.947903395000000426e-01,6.086653470999999760e-01,5.947100520000000445e-01
5.947903395000000426e-01,5.808653234999999748e-01,5.947100520000000445e-01,5.807512998999999621e-01
5.808653234999999748e-01,5.668656826000000315e-01,5.807512998999999621e-01,5.667167901999999868e-01
5.668656826000000315e-01,5.527182220999999895e-01,5.667167901999999868e-01,5.525331497000000036e-01
5.527182220999999895e-01,5.383440256000000534e-01,5.525331497000000036e-01,5.381214023000000513e-01
5.383440256000000534e-01,5.236594081000000012e-01,5.381214023000000513e-01,5.233976840999999824e-01
5.236594081000000012e-01,5.085768699999999587e-01,5.233976840999999824e-01,5.082743763999999498e-01
5.085768699999999587e-01,4.929980635999999805e-01,5.082743763999999498e-01,4.926529526999999797e-01
4.929980635999999805e-01,4.768110811999999865e-01,4.926529526999999797e-01,4.764211774000000066e-01
4.768110811999999865e-01,4.598901271999999985e-01,4.764211774000000066e-01,4.594530463000000009e-01
4.598901271999999985e-01,4.420916140000000216e-01,4.594530463000000009e-01,4.416045845000000081e-01
4.420916140000000216e-01,4.232439995000000232e-01,4.416045845000000081e-01,4.227038920000000255e-01
4.232439995000000232e-01,4.031443596000000018e-01,4.227038920000000255e-01,4.025475978999999982e-01
4.031443596000000018e-01,3.815505504999999742e-01,4.025475978999999982e-01,3.808929622000000181e-01
3.815505504999999742e-01,3.581638335999999811e-01,3.808929622000000181e-01,3.574406206999999891e-01
3.581638335999999811e-01,3.337124288000000161e-01,3.574406206999999891e-01,3.329202830999999918e-01
3.337124288000000161e-01,3.088896274999999858e-01,3.329202830999999918e-01,3.080268204000000121e-01
3.088896274999999858e-01,2.837913035999999889e-01,3.080268204000000121e-01,2.828565239999999981e-01
2.837913035999999889e-01,2.585177422000000114e-01,2.828565239999999981e-01,2.575101255999999728e-01
2.585177422000000114e-01,2.331740707000000135e-01,2.575101255999999728e-01,2.320931851999999962e-01
2.331740707000000135e-01,2.078652977999999873e-01,2.320931851999999962e-01,2.067111581999999947e-01
2.078652977999999873e-01,1.826972662999999941e-01,2.067111581999999947e-01,1.814702749000000059e-01
1.826972662999999941e-01,1.577756107000000130e-01,1.814702749000000059e-01,1.564765871000000086e-01
1.577756107000000130e-01,1.331973076000000089e-01,1.564765871000000086e-01,1.318274140000000039e-01
1.331973076000000089e-01,1.090621202999999956e-01,1.318274140000000039e-01,1.076228469999999937e-01
1.090621202999999956e-01,8.545386046000000291e-02,1.076228469999999937e-01,8.394699544000000513e-02
8.545386046000000291e-02,6.245790049000000260e-02,8.394699544000000513e-02,6.088542938000000154e-02
6.245790049000000260e-02,4.014302418000000039e-02,6.088542938000000154e-02,3.850718214999999944e-02
4.014302418000000039e-02,1.857273838999999940e-02,3.850718214999999944e-02,1.687588543000000108e-02
1.857273838999999940e-02,-2.199477049999999829e-03,1.687588543000000108e-02,-3.954860846999999797e-03
-2.199477049999999829e-03,-2.213485353000000169e-02,-3.954860846999999797e-03,-2.394615858999999888e-02
-2.213485353000000169e-02,-4.119748622000000277e-02,-2.394615858999999888e-02,-4.306212439999999864e-02
-4.119748622000000277e-02,-5.936940386999999680e-02,-4.306212439999999864e-02,-6.128468363999999696e-02
-5.936940386999999680e-02,-7.663609087000000653e-02,-6.128468363999999696e-02,-7.859935611000000433e-02
-7.663609087000000653e-02,-9.299390762999999727e-02,-7.859935611000000433e-02,-9.500252454999999485e-02
-9.299390762999999727e-02,-1.084505840999999970e-01,-9.500252454999999485e-02,-1.105019151999999949e-01
-1.084505840999999970e-01,-1.230139509000000020e-01,-1.105019151999999949e-01,-1.251054256999999947e-01
-1.230139509000000020e-01,-1.367032081000000010e-01,-1.251054256999999947e-01,-1.388323455999999900e-01
-1.367032081000000010e-01,-1.495439708000000090e-01,-1.388323455999999900e-01,-1.517082899999999956e-01
-1.495439708000000090e-01,-1.615608335000000007e-01,-1.517082899999999956e-01,-1.637579798999999892e-01
-1.615608335000000007e-01,-1.727846711999999896e-01,-1.637579798999999892e-01,-1.750123500999999915e-01
-1.727846711999999896e-01,-1.832505912000000070e-01,-1.750123500999999915e-01,-1.855066270000000073e-01
-1.832505912000000070e-01,-1.929941921999999976e-01,-1.855066270000000073e-01,-1.952764392000000127e-01
-1.929941921999999976e-01,-2.020494341999999888e-01,-1.952764392000000127e-01,-2.043559252999999909e-01
-2.020494341999999888e-01,-2.104540317999999965e-01,-2.043559252999999909e-01,-2.127828747000000131e-01
-2.104540317999999965e-01,-2.182457744999999893e-01,-2.127828747000000131e-01,-2.205951362999999943e-01
-2.182457744999999893e-01,-2.254617214000000092e-01,-2.205951362999999943e-01,-2.278298884999999940e-01
9.500000477000000165e-01,9.150578379999999568e-01,9.500188828000000196e-01,9.151530265999999747e-01
9.150578379999999568e-01,8.839768767000000249e-01,9.151530265999999747e-01,8.841173052999999893e-01
8.839768767000000249e-01,8.560315371000000173e-01,8.841173052999999893e-01,8.561959266999999985e-01
8.560315371000000173e-01,8.306584357999999835e-01,8.561959266999999985e-01,8.308320045000000542e-01
8.306584357999999835e-01,8.074075579999999697e-01,8.308320045000000542e-01,8.075796962000000301e-01
8.074075579999999697e-01,7.859265208000000280e-01,8.075796962000000301e-01,7.860895990999999805e-01
7.859265208000000280e-01,7.659196257999999480e-01,7.860895990999999805e-01,7.660681008999999930e-01
7.659196257999999480e-01,7.471534013999999724e-01,7.660681008999999930e-01,7.472829818999999762e-01
7.471534013999999724e-01,7.294257879000000111e-01,7.472829818999999762e-01,7.295333147000000462e-01
7.294257879000000111e-01,7.125682235000000420e-01,7.295333147000000462e-01,7.126511334999999780e-01
7.125682235000000420e-01,6.964398622999999899e-01,7.126511334999999780e-01,6.964962482000000010e-01
6.964398622999999899e-01,6.809136867999999732e-01,6.964962482000000010e-01,6.809419394000000292e-01
6.809136867999999732e-01,6.658802031999999649e-01,6.809419394000000292e-01,6.658788323000000009e-01
6.658802031999999649e-01,6.512429713999999814e-01,6.658788323000000009e-01,6.512108444999999968e-01
6.512429713999999814e-01,6.369118689999999638e-01,6.512108444999999968e-01,6.368478536999999662e-01
6.369118689999999638e-01,6.228041052999999660e-01,6.368478536999999662e-01,6.227070689000000492e-01
6.228041052999999660e-01,6.088440417999999577e-01,6.227070689000000492e-01,6.087129712000000081e-01
6.088440417999999577e-01,5.949564576000000438e-01,6.087129712000000081e-01,5.947903395000000426e-01
5.949564576000000438e-01,5.810676217000000365e-01,5.947903395000000426e-01,5.808653234999999748e-01
5.810676217000000365e-01,5.671054720999999521e-01,5.808653234999999748e-01,5.668656826000000315e-01
5.671054720999999521e-01,5.529966950000000381e-01,5.668656826000000315e-01,5.527182220999999895e-01
5.529966950000000381e-01,5.386626124000000182e-01,5.527182220999999895e-01,5.383440256000000534e-01
5.386626124000000182e-01,5.240197777999999751e-01,5.383440256000000534e-01,5.236594081000000012e-01
5.240197777999999751e-01,5.089808105999999999e-01,5.236594081000000012e-01,5.085768699999999587e-01
5.089808105999999999e-01,4.934475124000000101e-01,5.085768699999999587e-01,4.929980635999999805e-01
4.934475124000000101e-01,4.773083030999999976e-01,4.929980635999999805e-01,4.768110811999999865e-01
4.773083030999999976e-01,4.604376853000000103e-01,4.768110811999999865e-01,4.598901271999999985e-01
4.604376853000000103e-01,4.426924287999999819e-01,4.598901271999999985e-01,4.420916140000000216e-01
4.426924287999999819e-01,4.239013790999999753e-01,4.420916140000000216e-01,4.232439995000000232e-01
4.239013790999999753e-01,4.038621186999999946e-01,4.232439995000000232e-01,4.031443596000000018e-01
4.038621186999999946e-01,3.823331295999999879e-01,4.031443596000000018e-01,3.815505504999999742e-01
3.823331295999999879e-01,3.590163887000000220e-01,3.815505504999999742e-01,3.581638335999999811e-01
3.590163887000000220e-01,3.346384465999999724e-01,3.581638335999999811e-01,3.337124288000000161e-01
3.346384465999999724e-01,3.098909259000000027e-01,3.337124288000000161e-01,3.088896274999999858e-01
3.098909259000000027e-01,2.848692834000000063e-01,3.088896274999999858e-01,2.837913035999999889e-01
2.848692834000000063e-01,2.596732974000000027e-01,2.837913035999999889e-01,2.585177422000000114e-01
2.596732974000000027e-01,2.344076484000000016e-01,2.585177422000000114e-01,2.331740707000000135e-01
2.344076484000000016e-01,2.091769129000000116e-01,2.331740707000000135e-01,2.078652977999999873e-01
2.091769129000000116e-01,1.840864866999999960e-01,2.078652977999999873e-01,1.826972662999999941e-01
1.840864866999999960e-01,1.592416017999999933e-01,1.826972662999999941e-01,1.577756107000000130e-01
1.592416017999999933e-01,1.347388029000000098e-01,1.577756107000000130e-01,1.331973076000000089e-01
1.347388029000000098e-01,1.106776074000000026e-01,1.331973076000000089e-01,1.090621202999999956e-01
1.106776074000000026e-01,8.714143186999999402e-02,1.090621202999999956e-01,8.545386046000000291e-02
8.714143186999999402e-02,6.421546638000000251e-02,8.545386046000000291e-02,6.245790049000000260e-02
6.421546638000000251e-02,4.196823761000000041e-02,6.245790049000000260e-02,4.014302418000000039e-02
4.196823761000000041e-02,2.046310528999999850e-02,4.014302418000000039e-02,1.857273838999999940e-02
2.046310528999999850e-02,-2.465769066000000204e-04,1.857273838999999940e-02,-2.199477049999999829e-03
-2.465769066000000204e-04,-2.012217603999999840e-02,-2.199477049999999829e-03,-2.213485353000000169e-02
-2.012217603999999840e-02,-3.912777454000000016e-02,-2.213485353000000169e-02,-4.119748622000000277e-02
-3.912777454000000016e-02,-5.724550410999999783e-02,-4.119748622000000277e-02,-5.936940386999999680e-02
-5.724550410999999783e-02,-7.446082681000000536e-02,-5.936940386999999680e-02,-7.663609087000000653e-02
-7.446082681000000536e-02,-9.077005833000000024e-02,-7.663609087000000653e-02,-9.299390762999999727e-02
-9.077005833000000024e-02,-1.061809734000000033e-01,-9.299390762999999727e-02,-1.084505840999999970e-01
-1.061809734000000033e-01,-1.207012831999999952e-01,-1.084505840999999970e-01,-1.230139509000000020e-01
-1.207012831999999952e-01,-1.343501508000000122e-01,-1.230139509000000020e-01,-1.367032081000000010e-01
-1.343501508000000122e-01,-1.471531540000000082e-01,-1.367032081000000010e-01,-1.495439708000000090e-01
-1.471531540000000082e-01,-1.591347604999999998e-01,-1.495439708000000090e-01,-1.615608335000000007e-01
-1.591347604999999998e-01,-1.703257561000000031e-01,-1.615608335000000007e-01,-1.727846711999999896e-01
-1.703257561000000031e-01,-1.807612031999999980e-01,-1.727846711999999896e-01,-1.832505912000000070e-01
-1.807612031999999980e-01,-1.904765814999999918e-01,-1.832505912000000070e-01,-1.929941921999999976e-01
-1.904765814999999918e-01,-1.995057165999999937e-01,-1.929941921999999976e-01,-2.020494341999999888e-01
-1.995057165999999937e-01,-2.078862636999999902e-01,-2.020494341999999888e-01,-2.104540317999999965e-01
-2.078862636999999902e-01,-2.156558483999999887e-01,-2.104540317999999965e-01,-2.182457744999999893e-01
-2.156558483999999887e-01,-2.228514849999999881e-01,-2.182457744999999893e-01,-2.254617214000000092e-01
9.500172138000000377e-01,9.150019287999999751e-01,9.500000477000000165e-01,9.150578379999999568e-01
9.150019287999999751e-01,8.838789462999999680e-01,9.150578379999999568e-01,8.839768767000000249e-01
8.838789462999999680e-01,8.559128642000000120e-01,8.839768767000000249e-01,8.560315371000000173e-01
8.559128642000000120e-01,8.305338024999999735e-01,8.560315371000000173e-01,8.306584357999999835e-01
8.305338024999999735e-01,8.072873950000000187e-01,8.306584357999999835e-01,8.074075579999999697e-01
8.072873950000000187e-01,7.858183979999999735e-01,8.074075579999999697e-01,7.859265208000000280e-01
7.858183979999999735e-01,7.658290863000000170e-01,7.859265208000000280e-01,7.659196257999999480e-01
7.658290863000000170e-01,7.470845579999999542e-01,7.659196257999999480e-01,7.471534013999999724e-01
7.470845579999999542e-01,7.293817401000000089e-01,7.471534013999999724e-01,7.294257879000000111e-01
7.293817401000000089e-01,7.125513554000000305e-01,7.294257879000000111e-01,7.125682235000000420e-01
7.125513554000000305e-01,6.964521407999999525e-01,7.125682235000000420e-01,6.964398622999999899e-01
6.964521407999999525e-01,6.809567809000000027e-01,6.964398622999999899e-01,6.809136867999999732e-01
6.809567809000000027e-01,6.659553647000000520e-01,6.809136867999999732e-01,6.658802031999999649e-01
6.659553647000000520e-01,6.513513923000000538e-01,6.658802031999999649e-01,6.512429713999999814e-01
6.513513923000000538e-01,6.370547413999999575e-01,6.512429713999999814e-01,6.369118689999999638e-01
6.370547413999999575e-01,6.229823827999999564e-01,6.369118689999999638e-01,6.228041052999999660e-01
6.229823827999999564e-01,6.090588569999999535e-01,6.228041052999999660e-01,6.088440417999999577e-01
6.090588569999999535e-01,5.952088236999999449e-01,6.088440417999999577e-01,5.949564576000000438e-01
5.952088236999999449e-01,5.813587308000000009e-01,5.949564576000000438e-01,5.810676217000000365e-01
5.813587308000000009e-01,5.674365758999999620e-01,5.810676217000000365e-01,5.671054720999999521e-01
5.674365758999999620e-01,5.533691644999999548e-01,5.671054720999999521e-01,5.529966950000000381e-01
5.533691644999999548e-01,5.390778779999999548e-01,5.529966950000000381e-01,5.386626124000000182e-01
5.390778779999999548e-01,5.244795084000000163e-01,5.386626124000000182e-01,5.240197777999999751e-01
5.244795084000000163e-01,5.094868541000000528e-01,5.240197777999999751e-01,5.089808105999999999e-01
5.094868541000000528e-01,4.940020740000000132e-01,5.089808105999999999e-01,4.934475124000000101e-01
4.940020740000000132e-01,4.779136776999999836e-01,4.934475124000000101e-01,4.773083030999999976e-01
4.779136776999999836e-01,4.610965550000000190e-01,4.773083030999999976e-01,4.604376853000000103e-01
4.610965550000000190e-01,4.434078932000000139e-01,4.604376853000000103e-01,4.426924287999999819e-01
4.434078932000000139e-01,4.246769845000000210e-01,4.426924287999999819e-01,4.239013790999999753e-01
4.246769845000000210e-01,4.047019184000000269e-01,4.239013790999999753e-01,4.038621186999999946e-01
4.047019184000000269e-01,3.832418620999999970e-01,4.038621186999999946e-01,3.823331295999999879e-01
3.832418620999999970e-01,3.599995375000000220e-01,3.823331295999999879e-01,3.590163887000000220e-01
3.599995375000000220e-01,3.356997072999999832e-01,3.590163887000000220e-01,3.346384465999999724e-01
3.356997072999999832e-01,3.110322058000000167e-01,3.346384465999999724e-01,3.098909259000000027e-01
3.110322058000000167e-01,2.860920130999999866e-01,3.098909259000000027e-01,2.848692834000000063e-01
2.860920130999999866e-01,2.609784602999999925e-01,2.848692834000000063e-01,2.596732974000000027e-01
2.609784602999999925e-01,2.357957511999999867e-01,2.596732974000000027e-01,2.344076484000000016e-01
2.357957511999999867e-01,2.106479256999999883e-01,2.344076484000000016e-01,2.091769129000000116e-01
2.106479256999999883e-01,1.856399626000000136e-01,2.091769129000000116e-01,1.840864866999999960e-01
1.856399626000000136e-01,1.608766764000000016e-01,1.840864866999999960e-01,1.592416017999999933e-01
1.608766764000000016e-01,1.364541799000000000e-01,1.592416017999999933e-01,1.347388029000000098e-01
1.364541799000000000e-01,1.124716550000000037e-01,1.347388029000000098e-01,1.106776074000000026e-01
1.124716550000000037e-01,8.901217579999999574e-02,1.106776074000000026e-01,8.714143186999999402e-02
8.901217579999999574e-02,6.616070866999999855e-02,8.714143186999999402e-02,6.421546638000000251e-02
6.616070866999999855e-02,4.398549347999999859e-02,6.421546638000000251e-02,4.196823761000000041e-02
4.398549347999999859e-02,2.254975773000000155e-02,4.196823761000000041e-02,2.046310528999999850e-02
2.254975773000000155e-02,1.906706253000000056e-03,2.046310528999999850e-02,-2.465769066000000204e-04
1.906706253000000056e-03,-1.790517009999999937e-02,-2.465769066000000204e-04,-2.012217603999999840e-02
-1.790517009999999937e-02,-3.684994577999999715e-02,-2.012217603999999840e-02,-3.912777454000000016e-02
-3.684994577999999715e-02,-5.490987003000000199e-02,-3.912777454000000016e-02,-5.724550410999999783e-02
-5.490987003000000199e-02,-7.207036018000000099e-02,-5.724550410999999783e-02,-7.446082681000000536e-02
-7.207036018000000099e-02,-8.832772820999999774e-02,-7.446082681000000536e-02,-9.077005833000000024e-02
-8.832772820999999774e-02,-1.036897600000000058e-01,-9.077005833000000024e-02,-1.061809734000000033e-01
-1.036897600000000058e-01,-1.181640550000000039e-01,-1.061809734000000033e-01,-1.207012831999999952e-01
-1.181640550000000039e-01,-1.317697465000000068e-01,-1.207012831999999952e-01,-1.343501508000000122e-01
-1.317697465000000068e-01,-1.445323527000000052e-01,-1.343501508000000122e-01,-1.471531540000000082e-01
-1.445323527000000052e-01,-1.564762293999999998e-01,-1.471531540000000082e-01,-1.591347604999999998e-01
-1.564762293999999998e-01,-1.676320732000000091e-01,-1.591347604999999998e-01,-1.703257561000000031e-01
-1.676320732000000091e-01,-1.780348569000000103e-01,-1.703257561000000031e-01,-1.807612031999999980e-01
-1.780348569000000103e-01,-1.877199709000000050e-01,-1.807612031999999980e-01,-1.904765814999999918e-01
-1.877199709000000050e-01,-1.967211217000000012e-01,-1.904765814999999918e-01,-1.995057165999999937e-01
-1.967211217000000012e-01,-2.050758004000000079e-01,-1.995057165999999937e-01,-2.078862636999999902e-01
-2.050758004000000079e-01,-2.128216176999999931e-01,-2.078862636999999902e-01,-2.156558483999999887e-01
-2.128216176999999931e-01,-2.199953943000000078e-01,-2.156558483999999887e-01,-2.228514849999999881e-01
9.500735997999999460e-01,9.149878025000000026e-01,9.500172138000000377e-01,9.150019287999999751e-01
9.149878025000000026e-01,8.838257790000000336e-01,9.150019287999999751e-01,8.838789462999999680e-01
8.838257790000000336e-01,8.558419347000000288e-01,8.838789462999999680e-01,8.559128642000000120e-01
8.558419347000000288e-01,8.304597734999999981e-01,8.559128642000000120e-01,8.305338024999999735e-01
8.304597734999999981e-01,8.072208166000000018e-01,8.305338024999999735e-01,8.072873950000000187e-01
8.072208166000000018e-01,7.857666612000000494e-01,8.072873950000000187e-01,7.858183979999999735e-01
7.857666612000000494e-01,7.657977342999999770e-01,7.858183979999999735e-01,7.658290863000000170e-01
7.657977342999999770e-01,7.470775843000000416e-01,7.658290863000000170e-01,7.470845579999999542e-01
7.470775843000000416e-01,7.294023037000000320e-01,7.470845579999999542e-01,7.293817401000000089e-01
7.294023037000000320e-01,7.126018404999999722e-01,7.293817401000000089e-01,7.125513554000000305e-01
7.126018404999999722e-01,6.965343355999999986e-01,7.125513554000000305e-01,6.964521407999999525e-01
6.965343355999999986e-01,6.810722946999999694e-01,6.964521407999999525e-01,6.809567809000000027e-01
6.810722946999999694e-01,6.661055684000000143e-01,6.809567809000000027e-01,6.659553647000000520e-01
6.661055684000000143e-01,6.515373587999999661e-01,6.659553647000000520e-01,6.513513923000000538e-01
6.515373587999999661e-01,6.372775434999999877e-01,6.513513923000000538e-01,6.370547413999999575e-01
6.372775434999999877e-01,6.232432127000000488e-01,6.370547413999999575e-01,6.229823827999999564e-01
6.232432127000000488e-01,6.093586682999999615e-01,6.229823827999999564e-01,6.090588569999999535e-01
6.093586682999999615e-01,5.955487489999999884e-01,6.090588569999999535e-01,5.952088236999999449e-01
5.955487489999999884e-01,5.817399621000000076e-01,5.952088236999999449e-01,5.813587308000000009e-01
5.817399621000000076e-01,5.678604244999999606e-01,5.813587308000000009e-01,5.674365758999999620e-01
5.678604244999999606e-01,5.538369416999999739e-01,5.674365758999999620e-01,5.533691644999999548e-01
5.538369416999999739e-01,5.395911932000000411e-01,5.533691644999999548e-01,5.390778779999999548e-01
5.395911932000000411e-01,5.250400900999999676e-01,5.390778779999999548e-01,5.244795084000000163e-01
5.250400900999999676e-01,5.100966691999999636e-01,5.244795084000000163e-01,5.094868541000000528e-01
5.100966691999999636e-01,4.946632384999999910e-01,5.094868541000000528e-01,4.940020740000000132e-01
4.946632384999999910e-01,4.786287844000000069e-01,4.940020740000000132e-01,4.779136776999999836e-01
4.786287844000000069e-01,4.618684648999999975e-01,4.779136776999999836e-01,4.610965550000000190e-01
4.618684648999999975e-01,4.442398249999999771e-01,4.610965550000000190e-01,4.434078932000000139e-01
4.442398249999999771e-01,4.255726933000000267e-01,4.434078932000000139e-01,4.246769845000000210e-01
4.255726933000000267e-01,4.056656956999999952e-01,4.246769845000000210e-01,4.047019184000000269e-01
4.056656956999999952e-01,3.842787444999999913e-01,4.047019184000000269e-01,3.832418620999999970e-01
3.842787444999999913e-01,3.611153363999999866e-01,3.832418620999999970e-01,3.599995375000000220e-01
3.611153363999999866e-01,3.368983567000000123e-01,3.599995375000000220e-01,3.356997072999999832e-01
3.368983567000000123e-01,3.123157024000000059e-01,3.356997072999999832e-01,3.110322058000000167e-01
3.123157024000000059e-01,2.874619066999999917e-01,3.110322058000000167e-01,2.860920130999999866e-01
2.874619066999999917e-01,2.624357044999999777e-01,2.860920130999999866e-01,2.609784602999999925e-01
2.624357044999999777e-01,2.373409270999999876e-01,2.609784602999999925e-01,2.357957511999999867e-01
2.373409270999999876e-01,2.122810185000000016e-01,2.357957511999999867e-01,2.106479256999999883e-01
2.122810185000000016e-01,1.873604953000000128e-01,2.106479256999999883e-01,1.856399626000000136e-01
1.873604953000000128e-01,1.626837402999999904e-01,1.856399626000000136e-01,1.608766764000000016e-01
1.626837402999999904e-01,1.383464187000000012e-01,1.608766764000000016e-01,1.364541799000000000e-01
1.383464187000000012e-01,1.144473701999999954e-01,1.364541799000000000e-01,1.124716550000000037e-01
1.144473701999999954e-01,9.106928855000000211e-02,1.124716550000000037e-01,8.901217579999999574e-02
9.106928855000000211e-02,6.829689443000000471e-02,8.901217579999999574e-02,6.616070866999999855e-02
6.829689443000000471e-02,4.619816690999999781e-02,6.616070866999999855e-02,4.398549347999999859e-02
4.619816690999999781e-02,2.483614534000000082e-02,4.398549347999999859e-02,2.254975773000000155e-02
2.483614534000000082e-02,4.263898357999999778e-03,2.254975773000000155e-02,1.906706253000000056e-03
4.263898357999999778e-03,-1.548024081000000038e-02,1.906706253000000056e-03,-1.790517009999999937e-02
-1.548024081000000038e-02,-3.436033799999999722e-02,-1.790517009999999937e-02,-3.684994577999999715e-02
-3.436033799999999722e-02,-5.235876888000000340e-02,-3.684994577999999715e-02,-5.490987003000000199e-02
-5.235876888000000340e-02,-6.946091354000000218e-02,-5.490987003000000199e-02,-7.207036018000000099e-02
-6.946091354000000218e-02,-8.566305786000000255e-02,-7.207036018000000099e-02,-8.832772820999999774e-02
-8.566305786000000255e-02,-1.009730249999999940e-01,-8.832772820999999774e-02,-1.036897600000000058e-01
-1.009730249999999940e-01,-1.153982952000000006e-01,-1.036897600000000058e-01,-1.181640550000000039e-01
-1.153982952000000006e-01,-1.289579570000000119e-01,-1.181640550000000039e-01,-1.317697465000000068e-01
-1.289579570000000119e-01,-1.416774987999999957e-01,-1.317697465000000068e-01,-1.445323527000000052e-01
-1.416774987999999957e-01,-1.535811274999999976e-01,-1.445323527000000052e-01,-1.564762293999999998e-01
-1.535811274999999976e-01,-1.646994501000000055e-01,-1.564762293999999998e-01,-1.676320732000000091e-01
-1.646994501000000055e-01,-1.750673651999999914e-01,-1.676320732000000091e-01,-1.780348569000000103e-01
-1.750673651999999914e-01,-1.847201735000000011e-01,-1.780348569000000103e-01,-1.877199709000000050e-01
-1.847201735000000011e-01,-1.936913878000000033e-01,-1.877199709000000050e-01,-1.967211217000000012e-01
-1.936913878000000033e-01,-2.020184248999999932e-01,-1.967211217000000012e-01,-2.050758004000000079e-01
-2.020184248999999932e-01,-2.097387910000000077e-01,-2.050758004000000079e-01,-2.128216176999999931e-01
-2.097387910000000077e-01,-2.168891877000000135e-01,-2.128216176999999931e-01,-2.199953943000000078e-01
9.501729608000000216e-01,9.150190352999999499e-01,9.500735997999999460e-01,9.149878025000000026e-01
9.150190352999999499e-01,8.838204740999999753e-01,9.149878025000000026e-01,8.838257790000000336e-01
8.838204740999999753e-01,8.558216094999999690e-01,8.838257790000000336e-01,8.558419347000000288e-01
8.558216094999999690e-01,8.304391503000000396e-01,8.558419347000000288e-01,8.304597734999999981e-01
8.304391503000000396e-01,8.072105050000000226e-01,8.304597734999999981e-01,8.072208166000000018e-01
8.072105050000000226e-01,7.857740520999999534e-01,8.072208166000000018e-01,7.857666612000000494e-01
7.857740520999999534e-01,7.658283710000000077e-01,7.857666612000000494e-01,7.657977342999999770e-01
7.658283710000000077e-01,7.471353412000000249e-01,7.657977342999999770e-01,7.470775843000000416e-01
7.471353412000000249e-01,7.294902801999999520e-01,7.470775843000000416e-01,7.294023037000000320e-01
7.294902801999999520e-01,7.127223610999999792e-01,7.294023037000000320e-01,7.126018404999999722e-01
7.127223610999999792e-01,6.966893077000000378e-01,7.126018404999999722e-01,6.965343355999999986e-01
6.966893077000000378e-01,6.812631488000000513e-01,6.965343355999999986e-01,6.810722946999999694e-01
6.812631488000000513e-01,6.663336753999999917e-01,6.810722946999999694e-01,6.661055684000000143e-01
6.663336753999999917e-01,6.518038511000000534e-01,6.661055684000000143e-01,6.515373587999999661e-01
6.518038511000000534e-01,6.375834942000000449e-01,6.515373587999999661e-01,6.372775434999999877e-01
6.375834942000000449e-01,6.235896945000000136e-01,6.372775434999999877e-01,6.232432127000000488e-01
6.235896945000000136e-01,6.097467542000000185e-01,6.232432127000000488e-01,6.093586682999999615e-01
6.097467542000000185e-01,5.959795713000000106e-01,6.093586682999999615e-01,5.955487489999999884e-01
5.959795713000000106e-01,5.822147130999999476e-01,5.955487489999999884e-01,5.817399621000000076e-01
5.822147130999999476e-01,5.683804153999999498e-01,5.817399621000000076e-01,5.678604244999999606e-01
5.683804153999999498e-01,5.544036626999999662e-01,5.678604244999999606e-01,5.538369416999999739e-01
5.544036626999999662e-01,5.402061939000000201e-01,5.538369416999999739e-01,5.395911932000000411e-01
5.402061939000000201e-01,5.257052778999999898e-01,5.395911932000000411e-01,5.250400900999999676e-01
5.257052778999999898e-01,5.108140111000000205e-01,5.250400900999999676e-01,5.100966691999999636e-01
5.108140111000000205e-01,4.954351484999999777e-01,5.100966691999999636e-01,4.946632384999999910e-01
4.954351484999999777e-01,4.794578552000000049e-01,4.946632384999999910e-01,4.786287844000000069e-01
4.794578552000000049e-01,4.627576768000000174e-01,4.786287844000000069e-01,4.618684648999999975e-01
4.627576768000000174e-01,4.451926648999999792e-01,4.618684648999999975e-01,4.442398249999999771e-01
4.451926648999999792e-01,4.265930950999999860e-01,4.442398249999999771e-01,4.255726933000000267e-01
4.265930950999999860e-01,4.067582487999999996e-01,4.255726933000000267e-01,4.056656956999999952e-01
4.067582487999999996e-01,3.854487240000000203e-01,4.056656956999999952e-01,3.842787444999999913e-01
3.854487240000000203e-01,3.623689710999999924e-01,3.842787444999999913e-01,3.611153363999999866e-01
3.623689710999999924e-01,3.382397591999999897e-01,3.611153363999999866e-01,3.368983567000000123e-01
3.382397591999999897e-01,3.137470185999999828e-01,3.368983567000000123e-01,3.123157024000000059e-01
3.137470185999999828e-01,2.889847159000000221e-01,3.123157024000000059e-01,2.874619066999999917e-01
2.889847159000000221e-01,2.640511096000000002e-01,2.874619066999999917e-01,2.624357044999999777e-01
2.640511096000000002e-01,2.390494197999999959e-01,2.624357044999999777e-01,2.373409270999999876e-01
2.390494197999999959e-01,2.140826433999999945e-01,2.373409270999999876e-01,2.122810185000000016e-01
2.140826433999999945e-01,1.892547606999999965e-01,2.122810185000000016e-01,1.873604953000000128e-01
1.892547606999999965e-01,1.646697074000000038e-01,1.873604953000000128e-01,1.626837402999999904e-01
1.646697074000000038e-01,1.404226422000000030e-01,1.626837402999999904e-01,1.383464187000000012e-01
1.404226422000000030e-01,1.166120841999999935e-01,1.383464187000000012e-01,1.144473701999999954e-01
1.166120841999999935e-01,9.332029521000000105e-02,1.144473701999999954e-01,9.106928855000000211e-02
9.332029521000000105e-02,7.063177972999999665e-02,9.106928855000000211e-02,6.829689443000000471e-02
7.063177972999999665e-02,4.861418902999999764e-02,6.829689443000000471e-02,4.619816690999999781e-02
4.861418902999999764e-02,2.733039483000000019e-02,4.619816690999999781e-02,2.483614534000000082e-02
2.733039483000000019e-02,6.833308841999999848e-03,2.483614534000000082e-02,4.263898357999999778e-03
6.833308841999999848e-03,-1.283889916000000020e-02,4.263898357999999778e-03,-1.548024081000000038e-02
-1.283889916000000020e-02,-3.165029734000000122e-02,-1.548024081000000038e-02,-3.436033799999999722e-02
-3.165029734000000122e-02,-4.958338290000000037e-02,-3.436033799999999722e-02,-5.235876888000000340e-02
-4.958338290000000037e-02,-6.662350893000000551e-02,-5.235876888000000340e-02,-6.946091354000000218e-02
-6.662350893000000551e-02,-8.276695013000000267e-02,-6.946091354000000218e-02,-8.566305786000000255e-02
-8.276695013000000267e-02,-9.802153706999999772e-02,-8.566305786000000255e-02,-1.009730249999999940e-01
-9.802153706999999772e-02,-1.123946532999999942e-01,-1.009730249999999940e-01,-1.153982952000000006e-01
-1.123946532999999942e-01,-1.259053348999999988e-01,-1.153982952000000006e-01,-1.289579570000000119e-01
-1.259053348999999988e-01,-1.385790110000000019e-01,-1.289579570000000119e-01,-1.416774987999999957e-01
-1.385790110000000019e-01,-1.504397690000000010e-01,-1.416774987999999957e-01,-1.535811274999999976e-01
-1.504397690000000010e-01,-1.615181118000000027e-01,-1.535811274999999976e-01,-1.646994501000000055e-01
-1.615181118000000027e-01,-1.718488633999999959e-01,-1.646994501000000055e-01,-1.750673651999999914e-01
-1.718488633999999959e-01,-1.814671904000000058e-01,-1.750673651999999914e-01,-1.847201735000000011e-01
-1.814671904000000058e-01,-1.904064715000000074e-01,-1.847201735000000011e-01,-1.936913878000000033e-01
-1.904064715000000074e-01,-1.987040191999999983e-01,-1.936913878000000033e-01,-2.020184248999999932e-01
-1.987040191999999983e-01,-2.063971907000000106e-01,-2.020184248999999932e-01,-2.097387910000000077e-01
-2.063971907000000106e-01,-2.135225980999999884e-01,-2.097387910000000077e-01,-2.168891877000000135e-01
9.503200053999999453e-01,9.150998592000000320e-01,9.501729608000000216e-01,9.150190352999999499e-01
9.150998592000000320e-01,8.838672041999999784e-01,9.150190352999999499e-01,8.838204740999999753e-01
8.838672041999999784e-01,8.558559418000000196e-01,8.838204740999999753e-01,8.558216094999999690e-01
8.558559418000000196e-01,8.304760455999999902e-01,8.558216094999999690e-01,8.304391503000000396e-01
8.304760455999999902e-01,8.072604536999999914e-01,8.304391503000000396e-01,8.072105050000000226e-01
8.072604536999999914e-01,7.858445048000000099e-01,8.072105050000000226e-01,7.857740520999999534e-01
7.858445048000000099e-01,7.659248114000000163e-01,7.857740520999999534e-01,7.658283710000000077e-01
7.659248114000000163e-01,7.472618222000000365e-01,7.658283710000000077e-01,7.471353412000000249e-01
7.472618222000000365e-01,7.296497226000000502e-01,7.471353412000000249e-01,7.294902801999999520e-01
7.296497226000000502e-01,7.129171491000000360e-01,7.294902801999999520e-01,7.127223610999999792e-01
7.129171491000000360e-01,6.969211697999999622e-01,7.127223610999999792e-01,6.966893077000000378e-01
6.969211697999999622e-01,6.815336942999999925e-01,6.966893077000000378e-01,6.812631488000000513e-01
6.815336942999999925e-01,6.666441560000000432e-01,6.812631488000000513e-01,6.663336753999999917e-01
6.666441560000000432e-01,6.521553396999999475e-01,6.663336753999999917e-01,6.518038511000000534e-01
6.521553396999999475e-01,6.379771829000000505e-01,6.518038511000000534e-01,6.375834942000000449e-01
6.379771829000000505e-01,6.240265965000000303e-01,6.375834942000000449e-01,6.235896945000000136e-01
6.240265965000000303e-01,6.102280021000000554e-01,6.235896945000000136e-01,6.097467542000000185e-01
6.102280021000000554e-01,5.965062380000000219e-01,6.097467542000000185e-01,5.959795713000000106e-01
5.965062380000000219e-01,5.827881097999999538e-01,5.959795713000000106e-01,5.822147130999999476e-01
5.827881097999999538e-01,5.690018534999999877e-01,5.822147130999999476e-01,5.683804153999999498e-01
5.690018534999999877e-01,5.550746918000000196e-01,5.683804153999999498e-01,5.544036626999999662e-01
5.550746918000000196e-01,5.409284829999999600e-01,5.544036626999999662e-01,5.402061939000000201e-01
5.409284829999999600e-01,5.264807342999999751e-01,5.402061939000000201e-01,5.257052778999999898e-01
5.264807342999999751e-01,5.116448402000000062e-01,5.257052778999999898e-01,5.108140111000000205e-01
5.116448402000000062e-01,4.963237643000000254e-01,5.108140111000000205e-01,4.954351484999999777e-01
4.963237643000000254e-01,4.804069995999999954e-01,4.954351484999999777e-01,4.794578552000000049e-01
4.804069995999999954e-01,4.637705981999999949e-01,4.794578552000000049e-01,4.627576768000000174e-01
4.637705981999999949e-01,4.462729691999999804e-01,4.627576768000000174e-01,4.451926648999999792e-01
4.462729691999999804e-01,4.277449845999999889e-01,4.451926648999999792e-01,4.265930950999999860e-01
4.277449845999999889e-01,4.079865216999999933e-01,4.265930950999999860e-01,4.067582487999999996e-01
4.079865216999999933e-01,3.867590426999999997e-01,4.067582487999999996e-01,3.854487240000000203e-01
3.867590426999999997e-01,3.637678920999999899e-01,3.854487240000000203e-01,3.623689710999999924e-01
3.637678920999999899e-01,3.397316933000000261e-01,3.623689710999999924e-01,3.382397591999999897e-01
3.397316933000000261e-01,3.153341412999999815e-01,3.382397591999999897e-01,3.137470185999999828e-01
3.153341412999999815e-01,2.906687558000000116e-01,3.137470185999999828e-01,2.889847159000000221e-01
2.906687558000000116e-01,2.658331691999999968e-01,2.889847159000000221e-01,2.640511096000000002e-01
2.658331691999999968e-01,2.409301251000000033e-01,2.640511096000000002e-01,2.390494197999999959e-01
2.409301251000000033e-01,2.160619795000000010e-01,2.390494197999999959e-01,2.140826433999999945e-01
2.160619795000000010e-01,1.913322359000000084e-01,2.140826433999999945e-01,1.892547606999999965e-01
1.913322359000000084e-01,1.668443233000000137e-01,1.892547606999999965e-01,1.646697074000000038e-01
1.668443233000000137e-01,1.426928936999999897e-01,1.646697074000000038e-01,1.404226422000000030e-01
1.426928936999999897e-01,1.189761235999999972e-01,1.404226422000000030e-01,1.166120841999999935e-01
1.189761235999999972e-01,9.577582777000000214e-02,1.166120841999999935e-01,9.332029521000000105e-02
9.577582777000000214e-02,7.317624240999999474e-02,9.332029521000000105e-02,7.063177972999999665e-02
7.317624240999999474e-02,5.124470218999999799e-02,7.063177972999999665e-02,4.861418902999999764e-02
5.124470218999999799e-02,3.004390373999999905e-02,4.861418902999999764e-02,2.733039483000000019e-02
3.004390373999999905e-02,9.626578539999999795e-03,2.733039483000000019e-02,6.833308841999999848e-03
9.626578539999999795e-03,-9.969274513000000310e-03,6.833308841999999848e-03,-1.283889916000000020e-02
-9.969274513000000310e-03,-2.870772778999999830e-02,-1.283889916000000020e-02,-3.165029734000000122e-02
-2.870772778999999830e-02,-4.657140746999999942e-02,-3.165029734000000122e-02,-4.958338290000000037e-02
-4.657140746999999942e-02,-6.354565172999999956e-02,-4.958338290000000037e-02,-6.662350893000000551e-02
-6.354565172999999956e-02,-7.962669431999999659e-02,-6.662350893000000551e-02,-8.276695013000000267e-02
-7.962669431999999659e-02,-9.482240677000000617e-02,-8.276695013000000267e-02,-9.802153706999999772e-02
-9.482240677000000617e-02,-1.091400607999999939e-01,-9.802153706999999772e-02,-1.123946532999999942e-01
-1.091400607999999939e-01,-1.225986257000000051e-01,-1.123946532999999942e-01,-1.259053348999999988e-01
-1.225986257000000051e-01,-1.352235227999999956e-01,-1.259053348999999988e-01,-1.385790110000000019e-01
-1.352235227999999956e-01,-1.470386385999999934e-01,-1.385790110000000019e-01,-1.504397690000000010e-01
-1.470386385999999934e-01,-1.580744088000000103e-01,-1.504397690000000010e-01,-1.615181118000000027e-01
-1.580744088000000103e-01,-1.683655679000000127e-01,-1.615181118000000027e-01,-1.718488633999999959e-01
-1.683655679000000127e-01,-1.779471636000000134e-01,-1.718488633999999959e-01,-1.814671904000000058e-01
-1.779471636000000134e-01,-1.868524104000000019e-01,-1.814671904000000058e-01,-1.904064715000000074e-01
-1.868524104000000019e-01,-1.951184868999999988e-01,-1.904064715000000074e-01,-1.987040191999999983e-01
-1.951184868999999988e-01,-2.027826309000000105e-01,-1.987040191999999983e-01,-2.063971907000000106e-01
-2.027826309000000105e-01,-2.098813653000000112e-01,-2.063971907000000106e-01,-2.135225980999999884e-01
9.505203366000000154e-01,9.152356981999999475e-01,9.503200053999999453e-01,9.150998592000000320e-01
9.152356981999999475e-01,8.839711546999999836e-01,9.150998592000000320e-01,8.838672041999999784e-01
8.839711546999999836e-01,8.559499979000000369e-01,8.838672041999999784e-01,8.558559418000000196e-01
8.559499979000000369e-01,8.305753469000000111e-01,8.558559418000000196e-01,8.304760455999999902e-01
8.305753469000000111e-01,8.073756694999999484e-01,8.304760455999999902e-01,8.072604536999999914e-01
8.073756694999999484e-01,7.859831452000000107e-01,8.072604536999999914e-01,7.858445048000000099e-01
7.859831452000000107e-01,7.660923003999999814e-01,7.858445048000000099e-01,7.659248114000000163e-01
7.660923003999999814e-01,7.474621533999999956e-01,7.659248114000000163e-01,7.472618222000000365e-01
7.474621533999999956e-01,7.298858762000000056e-01,7.472618222000000365e-01,7.296497226000000502e-01
7.298858762000000056e-01,7.131915091999999623e-01,7.296497226000000502e-01,7.129171491000000360e-01
7.131915091999999623e-01,6.972354649999999987e-01,7.129171491000000360e-01,6.969211697999999622e-01
6.972354649999999987e-01,6.818894744000000285e-01,6.969211697999999622e-01,6.815336942999999925e-01
6.818894744000000285e-01,6.670426726000000528e-01,6.815336942999999925e-01,6.666441560000000432e-01
6.670426726000000528e-01,6.525977254000000505e-01,6.666441560000000432e-01,6.521553396999999475e-01
6.525977254000000505e-01,6.384645103999999627e-01,6.521553396999999475e-01,6.379771829000000505e-01
6.384645103999999627e-01,6.245599984999999910e-01,6.379771829000000505e-01,6.240265965000000303e-01
6.245599984999999910e-01,6.108084916999999558e-01,6.240265965000000303e-01,6.102280021000000554e-01
6.108084916999999558e-01,5.971350669999999639e-01,6.102280021000000554e-01,5.965062380000000219e-01
5.971350669999999639e-01,5.834665298000000222e-01,5.965062380000000219e-01,5.827881097999999538e-01
5.834665298000000222e-01,5.697313547000000256e-01,5.827881097999999538e-01,5.690018534999999877e-01
5.697313547000000256e-01,5.558567642999999725e-01,5.690018534999999877e-01,5.550746918000000196e-01
5.558567642999999725e-01,5.417649745999999489e-01,5.550746918000000196e-01,5.409284829999999600e-01
5.417649745999999489e-01,5.273736118999999833e-01,5.409284829999999600e-01,5.264807342999999751e-01
5.273736118999999833e-01,5.125963688000000351e-01,5.264807342999999751e-01,5.116448402000000062e-01
5.125963688000000351e-01,4.973365068000000222e-01,5.116448402000000062e-01,4.963237643000000254e-01
4.973365068000000222e-01,4.814839363000000261e-01,4.963237643000000254e-01,4.804069995999999954e-01
4.814839363000000261e-01,4.649150371999999920e-01,4.804069995999999954e-01,4.637705981999999949e-01
4.649150371999999920e-01,4.474887847999999835e-01,4.637705981999999949e-01,4.462729691999999804e-01
4.474887847999999835e-01,4.290365875000000107e-01,4.462729691999999804e-01,4.277449845999999889e-01
4.290365875000000107e-01,4.093590677000000233e-01,4.277449845999999889e-01,4.079865216999999933e-01
4.093590677000000233e-01,3.882184922999999954e-01,4.079865216999999933e-01,3.867590426999999997e-01
3.882184922999999954e-01,3.653211593999999840e-01,3.867590426999999997e-01,3.637678920999999899e-01
3.653211593999999840e-01,3.413834869999999855e-01,3.637678920999999899e-01,3.397316933000000261e-01
3.413834869999999855e-01,3.170868157999999770e-01,3.397316933000000261e-01,3.153341412999999815e-01
3.170868157999999770e-01,2.925240397000000159e-01,3.153341412999999815e-01,2.906687558000000116e-01
2.925240397000000159e-01,2.677922844999999774e-01,2.906687558000000116e-01,2.658331691999999968e-01
2.677922844999999774e-01,2.429936974999999943e-01,2.658331691999999968e-01,2.409301251000000033e-01
2.429936974999999943e-01,2.182300091000000108e-01,2.409301251000000033e-01,2.160619795000000010e-01
2.182300091000000108e-01,1.936042159999999956e-01,2.160619795000000010e-01,1.913322359000000084e-01
1.936042159999999956e-01,1.692192107000000112e-01,1.913322359000000084e-01,1.668443233000000137e-01
1.692192107000000112e-01,1.451691388999999943e-01,1.668443233000000137e-01,1.426928936999999897e-01
1.451691388999999943e-01,1.215517520999999934e-01,1.426928936999999897e-01,1.189761235999999972e-01
1.215517520999999934e-01,9.844843298000000020e-02,1.189761235999999972e-01,9.577582777000000214e-02
9.844843298000000020e-02,7.594313473000000037e-02,9.577582777000000214e-02,7.317624240999999474e-02
7.594313473000000037e-02,5.410286039000000019e-02,7.317624240999999474e-02,5.124470218999999799e-02
5.410286039000000019e-02,3.299010171999999796e-02,5.124470218999999799e-02,3.004390373999999905e-02
3.299010171999999796e-02,1.265740394999999990e-02,3.004390373999999905e-02,9.626578539999999795e-03
1.265740394999999990e-02,-6.857409608000000246e-03,9.626578539999999795e-03,-9.969274513000000310e-03
-6.857409608000000246e-03,-2.551842295000000121e-02,-9.969274513000000310e-03,-2.870772778999999830e-02
-2.551842295000000121e-02,-4.330840334000000263e-02,-2.870772778999999830e-02,-4.657140746999999942e-02
-4.330840334000000263e-02,-6.021265685999999812e-02,-4.657140746999999942e-02,-6.354565172999999956e-02
-6.021265685999999812e-02,-7.622740417999999962e-02,-6.354565172999999956e-02,-7.962669431999999659e-02
-7.622740417999999962e-02,-9.136055410000000487e-02,-7.962669431999999659e-02,-9.482240677000000617e-02
-9.136055410000000487e-02,-1.056192442999999981e-01,-9.482240677000000617e-02,-1.091400607999999939e-01
-1.056192442999999981e-01,-1.190223992000000036e-01,-1.091400607999999939e-01,-1.225986257000000051e-01
-1.190223992000000036e-01,-1.315953880999999881e-01,-1.225986257000000051e-01,-1.352235227999999956e-01
-1.315953880999999881e-01,-1.433619559000000043e-01,-1.352235227999999956e-01,-1.470386385999999934e-01
-1.433619559000000043e-01,-1.543524115999999891e-01,-1.470386385999999934e-01,-1.580744088000000103e-01
-1.543524115999999891e-01,-1.646014154000000063e-01,-1.580744088000000103e-01,-1.683655679000000127e-01
-1.646014154000000063e-01,-1.741438955000000066e-01,-1.683655679000000127e-01,-1.779471636000000134e-01
-1.741438955000000066e-01,-1.830128580000000005e-01,-1.779471636000000134e-01,-1.868524104000000019e-01
-1.830128580000000005e-01,-1.912453919999999863e-01,-1.868524104000000019e-01,-1.951184868999999988e-01
-1.912453919999999863e-01,-1.988786160999999886e-01,-1.951184868999999988e-01,-2.027826309000000105e-01
-1.988786160999999886e-01,-2.059488744000000093e-01,-2.027826309000000105e-01,-2.098813653000000112e-01
9.507805704999999774e-01,9.154327512000000056e-01,9.505203366000000154e-01,9.152356981999999475e-01
9.154327512000000056e-01,8.841382861000000037e-01,9.152356981999999475e-01,8.839711546999999836e-01
8.841382861000000037e-01,8.561097383000000338e-01,8.839711546999999836e-01,8.559499979000000369e-01
8.561097383000000338e-01,8.307429551999999662e-01,8.559499979000000369e-01,8.305753469000000111e-01
8.307429551999999662e-01,8.075620531999999629e-01,8.305753469000000111e-01,8.073756694999999484e-01
8.075620531999999629e-01,7.861958145999999870e-01,8.073756694999999484e-01,7.859831452000000107e-01
7.861958145999999870e-01,7.663367987000000436e-01,7.859831452000000107e-01,7.660923003999999814e-01
7.663367987000000436e-01,7.477424145000000077e-01,7.660923003999999814e-01,7.474621533999999956e-01
7.477424145000000077e-01,7.302049994000000543e-01,7.474621533999999956e-01,7.298858762000000056e-01
7.302049994000000543e-01,7.135516404999999729e-01,7.298858762000000056e-01,7.131915091999999623e-01
7.135516404999999729e-01,6.976385117000000191e-01,7.131915091999999623e-01,6.972354649999999987e-01
6.976385117000000191e-01,6.823368668999999498e-01,6.972354649999999987e-01,6.818894744000000285e-01
6.823368668999999498e-01,6.675357223000000229e-01,6.818894744000000285e-01,6.670426726000000528e-01
6.675357223000000229e-01,6.531375646999999507e-01,6.670426726000000528e-01,6.525977254000000505e-01
6.531375646999999507e-01,6.390522121999999694e-01,6.525977254000000505e-01,6.384645103999999627e-01
6.390522121999999694e-01,6.251967549000000401e-01,6.384645103999999627e-01,6.245599984999999910e-01
6.251967549000000401e-01,6.114953756000000018e-01,6.245599984999999910e-01,6.108084916999999558e-01
6.114953756000000018e-01,5.978732705000000536e-01,6.108084916999999558e-01,5.971350669999999639e-01
5.978732705000000536e-01,5.842574239000000169e-01,5.971350669999999639e-01,5.834665298000000222e-01
5.842574239000000169e-01,5.705763698000000383e-01,5.834665298000000222e-01,5.697313547000000256e-01
5.705763698000000383e-01,5.567575692999999770e-01,5.697313547000000256e-01,5.558567642999999725e-01
5.567575692999999770e-01,5.427234172999999551e-01,5.558567642999999725e-01,5.417649745999999489e-01
5.427234172999999551e-01,5.283917784999999645e-01,5.417649745999999489e-01,5.273736118999999833e-01
5.283917784999999645e-01,5.136767030000000123e-01,5.273736118999999833e-01,5.125963688000000351e-01
5.136767030000000123e-01,4.984816610999999731e-01,5.125963688000000351e-01,4.973365068000000222e-01
4.984816610999999731e-01,4.826970398000000051e-01,4.973365068000000222e-01,4.814839363000000261e-01
4.826970398000000051e-01,4.661996365000000142e-01,4.814839363000000261e-01,4.649150371999999920e-01
4.661996365000000142e-01,4.488489330000000055e-01,4.649150371999999920e-01,4.474887847999999835e-01
4.488489330000000055e-01,4.304769932999999993e-01,4.474887847999999835e-01,4.290365875000000107e-01
4.304769932999999993e-01,4.108851552000000185e-01,4.290365875000000107e-01,4.093590677000000233e-01
4.108851552000000185e-01,3.898365796000000105e-01,4.093590677000000233e-01,3.882184922999999954e-01
3.898365796000000105e-01,3.670386373999999785e-01,3.882184922999999954e-01,3.653211593999999840e-01
3.670386373999999785e-01,3.432052731999999939e-01,3.653211593999999840e-01,3.413834869999999855e-01
3.432052731999999939e-01,3.190153836999999881e-01,3.413834869999999855e-01,3.170868157999999770e-01
3.190153836999999881e-01,2.945612669000000072e-01,3.170868157999999770e-01,2.925240397000000159e-01
2.945612669000000072e-01,2.699394225999999786e-01,2.925240397000000159e-01,2.677922844999999774e-01
2.699394225999999786e-01,2.452514023000000043e-01,2.677922844999999774e-01,2.429936974999999943e-01
2.452514023000000043e-01,2.205983250999999923e-01,2.429936974999999943e-01,2.182300091000000108e-01
2.205983250999999923e-01,1.960826069000000116e-01,2.182300091000000108e-01,1.936042159999999956e-01
1.960826069000000116e-01,1.718065887999999930e-01,1.936042159999999956e-01,1.692192107000000112e-01
1.718065887999999930e-01,1.478638499999999911e-01,1.692192107000000112e-01,1.451691388999999943e-01
1.478638499999999911e-01,1.243517548000000056e-01,1.451691388999999943e-01,1.215517520999999934e-01
1.243517548000000056e-01,1.013511866000000039e-01,1.215517520999999934e-01,9.844843298000000020e-02
1.013511866000000039e-01,7.894582300999999913e-02,9.844843298000000020e-02,7.594313473000000037e-02
7.894582300999999913e-02,5.720228329000000278e-02,7.594313473000000037e-02,5.410286039000000019e-02
5.720228329000000278e-02,3.618286550000000129e-02,5.410286039000000019e-02,3.299010171999999796e-02
3.618286550000000129e-02,1.593991742000000142e-02,3.299010171999999796e-02,1.265740394999999990e-02
1.593991742000000142e-02,-3.488933667999999984e-03,1.265740394999999990e-02,-6.857409608000000246e-03
-3.488933667999999984e-03,-2.206778339999999894e-02,-6.857409608000000246e-03,-2.551842295000000121e-02
-2.206778339999999894e-02,-3.977954759999999951e-02,-2.551842295000000121e-02,-4.330840334000000263e-02
-3.977954759999999951e-02,-5.660950765000000162e-02,-4.330840334000000263e-02,-6.021265685999999812e-02
-5.660950765000000162e-02,-7.255387305999999592e-02,-6.021265685999999812e-02,-7.622740417999999962e-02
-7.255387305999999592e-02,-8.762056380999999616e-02,-7.622740417999999962e-02,-9.136055410000000487e-02
-8.762056380999999616e-02,-1.018166169999999981e-01,-9.136055410000000487e-02,-1.056192442999999981e-01
-1.018166169999999981e-01,-1.151608974000000035e-01,-1.056192442999999981e-01,-1.190223992000000036e-01
-1.151608974000000035e-01,-1.276787071999999912e-01,-1.190223992000000036e-01,-1.315953880999999881e-01
-1.276787071999999912e-01,-1.393936574000000095e-01,-1.315953880999999881e-01,-1.433619559000000043e-01
-1.393936574000000095e-01,-1.503359227999999936e-01,-1.433619559000000043e-01,-1.543524115999999891e-01
-1.503359227999999936e-01,-1.605400889999999969e-01,-1.543524115999999891e-01,-1.646014154000000063e-01
-1.605400889999999969e-01,-1.700409203999999896e-01,-1.646014154000000063e-01,-1.741438955000000066e-01
-1.700409203999999896e-01,-1.788712739999999968e-01,-1.741438955000000066e-01,-1.830128580000000005e-01
-1.788712739999999968e-01,-1.870681046999999875e-01,-1.830128580000000005e-01,-1.912453919999999863e-01
-1.870681046999999875e-01,-1.946683674999999947e-01,-1.912453919999999863e-01,-1.988786160999999886e-01
-1.946683674999999947e-01,-2.017083018999999977e-01,-1.988786160999999886e-01,-2.059488744000000093e-01
9.511085152999999570e-01,9.156985879000000272e-01,9.507805704999999774e-01,9.154327512000000056e-01
9.156985879000000272e-01,8.843761682999999874e-01,9.154327512000000056e-01,8.841382861000000037e-01
8.843761682999999874e-01,8.563425541000000418e-01,8.841382861000000037e-01,8.561097383000000338e-01
8.563425541000000418e-01,8.309864402000000094e-01,8.561097383000000338e-01,8.307429551999999662e-01
8.309864402000000094e-01,8.078271151000000483e-01,8.307429551999999662e-01,8.075620531999999629e-01
8.078271151000000483e-01,7.864900826999999817e-01,8.075620531999999629e-01,7.861958145999999870e-01
7.864900826999999817e-01,7.666659354999999509e-01,7.861958145999999870e-01,7.663367987000000436e-01
7.666659354999999509e-01,7.481104135999999682e-01,7.663367987000000436e-01,7.477424145000000077e-01
7.481104135999999682e-01,7.306148409999999593e-01,7.477424145000000077e-01,7.302049994000000543e-01
7.306148409999999593e-01,7.140057087000000191e-01,7.302049994000000543e-01,7.135516404999999729e-01
7.140057087000000191e-01,6.981384753999999582e-01,7.135516404999999729e-01,6.976385117000000191e-01
6.981384753999999582e-01,6.828842759000000040e-01,6.976385117000000191e-01,6.823368668999999498e-01
6.828842759000000040e-01,6.681318878999999988e-01,6.823368668999999498e-01,6.675357223000000229e-01
6.681318878999999988e-01,6.537835598000000248e-01,6.675357223000000229e-01,6.531375646999999507e-01
6.537835598000000248e-01,6.397491693000000312e-01,6.531375646999999507e-01,6.390522121999999694e-01
6.397491693000000312e-01,6.259458064999999793e-01,6.390522121999999694e-01,6.251967549000000401e-01
6.259458064999999793e-01,6.122977137999999764e-01,6.251967549000000401e-01,6.114953756000000018e-01
6.122977137999999764e-01,5.987300872999999912e-01,6.114953756000000018e-01,5.978732705000000536e-01
5.987300872999999912e-01,5.851700901999999926e-01,5.978732705000000536e-01,5.842574239000000169e-01
5.851700901999999926e-01,5.715464949999999877e-01,5.842574239000000169e-01,5.705763698000000383e-01
5.715464949999999877e-01,5.577868819000000311e-01,5.705763698000000383e-01,5.567575692999999770e-01
5.577868819000000311e-01,5.438138246999999481e-01,5.567575692999999770e-01,5.427234172999999551e-01
5.438138246999999481e-01,5.295454859999999542e-01,5.427234172999999551e-01,5.283917784999999645e-01
5.295454859999999542e-01,5.148962139999999632e-01,5.283917784999999645e-01,5.136767030000000123e-01
5.148962139999999632e-01,4.997698963000000161e-01,5.136767030000000123e-01,4.984816610999999731e-01
4.997698963000000161e-01,4.840572177999999948e-01,4.984816610999999731e-01,4.826970398000000051e-01
4.840572177999999948e-01,4.676355421999999762e-01,4.826970398000000051e-01,4.661996365000000142e-01
4.676355421999999762e-01,4.503648579000000263e-01,4.661996365000000142e-01,4.488489330000000055e-01
4.503648579000000263e-01,4.320779144999999932e-01,4.488489330000000055e-01,4.304769932999999993e-01
4.320779144999999932e-01,4.125767647999999954e-01,4.304769932999999993e-01,4.108851552000000185e-01
4.125767647999999954e-01,3.916256129999999835e-01,4.108851552000000185e-01,3.898365796000000105e-01
3.916256129999999835e-01,3.689329624000000085e-01,3.898365796000000105e-01,3.670386373999999785e-01
3.689329624000000085e-01,3.452100753999999827e-01,3.670386373999999785e-01,3.432052731999999939e-01
3.452100753999999827e-01,3.211332262000000104e-01,3.432052731999999939e-01,3.190153836999999881e-01
3.211332262000000104e-01,2.967942058999999966e-01,3.190153836999999881e-01,2.945612669000000072e-01
2.967942058999999966e-01,2.722887397000000043e-01,2.945612669000000072e-01,2.699394225999999786e-01
2.722887397000000043e-01,2.477178275999999957e-01,2.699394225999999786e-01,2.452514023000000043e-01
2.477178275999999957e-01,2.231818885000000086e-01,2.452514023000000043e-01,2.205983250999999923e-01
2.231818885000000086e-01,1.987827568999999961e-01,2.205983250999999923e-01,1.960826069000000116e-01
1.987827568999999961e-01,1.746221780999999973e-01,1.960826069000000116e-01,1.718065887999999930e-01
1.746221780999999973e-01,1.507931650000000068e-01,1.718065887999999930e-01,1.478638499999999911e-01
1.507931650000000068e-01,1.273926347000000070e-01,1.478638499999999911e-01,1.243517548000000056e-01
1.273926347000000070e-01,1.045009642999999988e-01,1.243517548000000056e-01,1.013511866000000039e-01
1.045009642999999988e-01,8.220152557000000304e-02,1.013511866000000039e-01,7.894582300999999913e-02
8.220152557000000304e-02,6.056055426999999713e-02,7.894582300999999913e-02,5.720228329000000278e-02
6.056055426999999713e-02,3.964012115999999974e-02,5.720228329000000278e-02,3.618286550000000129e-02
3.964012115999999974e-02,1.949236915000000098e-02,3.618286550000000129e-02,1.593991742000000142e-02
1.949236915000000098e-02,1.547200518000000084e-04,1.593991742000000142e-02,-3.488933667999999984e-03
1.547200518000000084e-04,-1.833694056000000072e-02,-3.488933667999999984e-03,-2.206778339999999894e-02
-1.833694056000000072e-02,-3.596568480000000151e-02,-2.206778339999999894e-02,-3.977954759999999951e-02
-3.596568480000000151e-02,-5.271676927999999901e-02,-3.977954759999999951e-02,-5.660950765000000162e-02
-5.271676927999999901e-02,-6.858638674000000490e-02,-5.660950765000000162e-02,-7.255387305999999592e-02
-6.858638674000000490e-02,-8.358249813000000195e-02,-7.255387305999999592e-02,-8.762056380999999616e-02
-8.358249813000000195e-02,-9.771200268999999383e-02,-8.762056380999999616e-02,-1.018166169999999981e-01
-9.771200268999999383e-02,-1.109937131000000021e-01,-1.018166169999999981e-01,-1.151608974000000035e-01
-1.109937131000000021e-01,-1.234528795000000012e-01,-1.151608974000000035e-01,-1.276787071999999912e-01
-1.234528795000000012e-01,-1.351129413000000112e-01,-1.276787071999999912e-01,-1.393936574000000095e-01
-1.351129413000000112e-01,-1.460039616000000096e-01,-1.393936574000000095e-01,-1.503359227999999936e-01
-1.460039616000000096e-01,-1.561604141999999862e-01,-1.503359227999999936e-01,-1.605400889999999969e-01
-1.561604141999999862e-01,-1.656169443999999935e-01,-1.605400889999999969e-01,-1.700409203999999896e-01
-1.656169443999999935e-01,-1.744062006000000054e-01,-1.700409203999999896e-01,-1.788712739999999968e-01
-1.744062006000000054e-01,-1.825650035999999976e-01,-1.788712739999999968e-01,-1.870681046999999875e-01
-1.825650035999999976e-01,-1.901301592999999901e-01,-1.870681046999999875e-01,-1.946683674999999947e-01
-1.901301592999999901e-01,-1.971377729999999884e-01,-1.946683674999999947e-01,-2.017083018999999977e-01
9.515132903999999892e-01,9.160422086999999713e-01,9.511085152999999570e-01,9.156985879000000272e-01
9.160422086999999713e-01,8.846936225999999515e-01,9.156985879000000272e-01,8.843761682999999874e-01
8.846936225999999515e-01,8.566573262000000133e-01,8.843761682999999874e-01,8.563425541000000418e-01
8.566573262000000133e-01,8.313145040999999624e-01,8.563425541000000418e-01,8.309864402000000094e-01
8.313145040999999624e-01,8.081797361000000457e-01,8.309864402000000094e-01,8.078271151000000483e-01
8.081797361000000457e-01,7.868750095000000000e-01,8.078271151000000483e-01,7.864900826999999817e-01
7.868750095000000000e-01,7.670888901000000315e-01,7.864900826999999817e-01,7.666659354999999509e-01
7.670888901000000315e-01,7.485753894000000130e-01,7.666659354999999509e-01,7.481104135999999682e-01
7.485753894000000130e-01,7.311248779000000253e-01,7.481104135999999682e-01,7.306148409999999593e-01
7.311248779000000253e-01,7.145631313000000429e-01,7.306148409999999593e-01,7.140057087000000191e-01
7.145631313000000429e-01,6.987450719000000143e-01,7.140057087000000191e-01,6.981384753999999582e-01
6.987450719000000143e-01,6.835415363000000299e-01,6.981384753999999582e-01,6.828842759000000040e-01
6.835415363000000299e-01,6.688411236000000315e-01,6.828842759000000040e-01,6.681318878999999988e-01
6.688411236000000315e-01,6.545459031999999455e-01,6.681318878999999988e-01,6.537835598000000248e-01
6.545459031999999455e-01,6.405657529999999600e-01,6.537835598000000248e-01,6.397491693000000312e-01
6.405657529999999600e-01,6.268177629000000195e-01,6.397491693000000312e-01,6.259458064999999793e-01
6.268177629000000195e-01,6.132262348999999446e-01,6.259458064999999793e-01,6.122977137999999764e-01
6.132262348999999446e-01,5.997164845000000355e-01,6.122977137999999764e-01,5.987300872999999912e-01
5.997164845000000355e-01,5.862158536999999559e-01,5.987300872999999912e-01,5.851700901999999926e-01
5.862158536999999559e-01,5.726531743999999646e-01,5.851700901999999926e-01,5.715464949999999877e-01
5.726531743999999646e-01,5.589562653999999853e-01,5.715464949999999877e-01,5.577868819000000311e-01
5.589562653999999853e-01,5.450479388000000203e-01,5.577868819000000311e-01,5.438138246999999481e-01
5.450479388000000203e-01,5.308467745999999599e-01,5.438138246999999481e-01,5.295454859999999542e-01
5.308467745999999599e-01,5.162672996999999597e-01,5.295454859999999542e-01,5.148962139999999632e-01
5.162672996999999597e-01,5.012136698000000390e-01,5.148962139999999632e-01,4.997698963000000161e-01
5.012136698000000390e-01,4.855772555000000268e-01,4.997698963000000161e-01,4.840572177999999948e-01
4.855772555000000268e-01,4.692357778999999840e-01,4.840572177999999948e-01,4.676355421999999762e-01
4.692357778999999840e-01,4.520498513999999801e-01,4.676355421999999762e-01,4.503648579000000263e-01
4.520498513999999801e-01,4.338529110000000077e-01,4.503648579000000263e-01,4.320779144999999932e-01
4.338529110000000077e-01,4.144478737999999773e-01,4.320779144999999932e-01,4.125767647999999954e-01
4.144478737999999773e-01,3.935999273999999937e-01,4.125767647999999954e-01,3.916256129999999835e-01
3.935999273999999937e-01,3.710187971999999723e-01,3.916256129999999835e-01,3.689329624000000085e-01
3.710187971999999723e-01,3.474129140000000171e-01,3.689329624000000085e-01,3.452100753999999827e-01
3.474129140000000171e-01,3.234558701999999952e-01,3.452100753999999827e-01,3.211332262000000104e-01
3.234558701999999952e-01,2.992387414000000079e-01,3.211332262000000104e-01,2.967942058999999966e-01
2.992387414000000079e-01,2.748565673999999737e-01,2.967942058999999966e-01,2.722887397000000043e-01
2.748565673999999737e-01,2.504097223000000261e-01,2.722887397000000043e-01,2.477178275999999957e-01
2.504097223000000261e-01,2.259978652000000088e-01,2.477178275999999957e-01,2.231818885000000086e-01
2.259978652000000088e-01,2.017222643000000093e-01,2.231818885000000086e-01,1.987827568999999961e-01
2.017222643000000093e-01,1.776840091000000121e-01,1.987827568999999961e-01,1.746221780999999973e-01
1.776840091000000121e-01,1.539755315000000124e-01,1.746221780999999973e-01,1.507931650000000068e-01
1.539755315000000124e-01,1.306932568999999988e-01,1.507931650000000068e-01,1.273926347000000070e-01
1.306932568999999988e-01,1.079170331000000038e-01,1.273926347000000070e-01,1.045009642999999988e-01
1.079170331000000038e-01,8.572991191999999872e-02,1.045009642999999988e-01,8.220152557000000304e-02
8.572991191999999872e-02,6.419772655000000050e-02,8.220152557000000304e-02,6.056055426999999713e-02
6.419772655000000050e-02,4.338229074999999657e-02,6.056055426999999713e-02,3.964012115999999974e-02
4.338229074999999657e-02,2.333554439000000078e-02,3.964012115999999974e-02,1.949236915000000098e-02
2.333554439000000078e-02,4.094681703000000415e-03,1.949236915000000098e-02,1.547200518000000084e-04
4.094681703000000415e-03,-1.430443208999999938e-02,1.547200518000000084e-04,-1.833694056000000072e-02
-1.430443208999999938e-02,-3.184503317000000194e-02,-1.833694056000000072e-02,-3.596568480000000151e-02
-3.184503317000000194e-02,-4.851236193999999835e-02,-3.596568480000000151e-02,-5.271676927999999901e-02
-4.851236193999999835e-02,-6.430259347000000236e-02,-5.271676927999999901e-02,-6.858638674000000490e-02
-6.430259347000000236e-02,-7.922371476999999496e-02,-6.858638674000000490e-02,-8.358249813000000195e-02
-7.922371476999999496e-02,-9.328250587000000427e-02,-8.358249813000000195e-02,-9.771200268999999383e-02
-9.328250587000000427e-02,-1.064977123999999997e-01,-9.771200268999999383e-02,-1.109937131000000021e-01
-1.064977123999999997e-01,-1.188945322999999943e-01,-1.109937131000000021e-01,-1.234528795000000012e-01
-1.188945322999999943e-01,-1.304962336999999917e-01,-1.234528795000000012e-01,-1.351129413000000112e-01
-1.304962336999999917e-01,-1.413327456000000037e-01,-1.351129413000000112e-01,-1.460039616000000096e-01
-1.413327456000000037e-01,-1.514384300000000128e-01,-1.460039616000000096e-01,-1.561604141999999862e-01
-1.514384300000000128e-01,-1.608478278000000095e-01,-1.561604141999999862e-01,-1.656169443999999935e-01
-1.608478278000000095e-01,-1.695933342000000010e-01,-1.656169443999999935e-01,-1.744062006000000054e-01
-1.695933342000000010e-01,-1.777116357999999896e-01,-1.744062006000000054e-01,-1.825650035999999976e-01
-1.777116357999999896e-01,-1.852394044000000017e-01,-1.825650035999999976e-01,-1.901301592999999901e-01
-1.852394044000000017e-01,-1.922125815999999876e-01,-1.901301592999999901e-01,-1.971377729999999884e-01
9.520056843999999963e-01,9.164741038999999478e-01,9.515132903999999892e-01,9.160422086999999713e-01
9.164741038999999478e-01,8.851010203000000409e-01,9.160422086999999713e-01,8.846936225999999515e-01
8.851010203000000409e-01,8.570644258999999821e-01,8.846936225999999515e-01,8.566573262000000133e-01
8.570644258999999821e-01,8.317376374999999600e-01,8.566573262000000133e-01,8.313145040999999624e-01
8.317376374999999600e-01,8.086303473000000519e-01,8.313145040999999624e-01,8.081797361000000457e-01
8.086303473000000519e-01,7.873610854000000492e-01,8.081797361000000457e-01,7.868750095000000000e-01
7.873610854000000492e-01,7.676162123999999976e-01,7.868750095000000000e-01,7.670888901000000315e-01
7.676162123999999976e-01,7.491480708000000099e-01,7.670888901000000315e-01,7.485753894000000130e-01
7.491480708000000099e-01,7.317459582999999990e-01,7.485753894000000130e-01,7.311248779000000253e-01
7.317459582999999990e-01,7.152349948999999762e-01,7.311248779000000253e-01,7.145631313000000429e-01
7.152349948999999762e-01,6.994694471000000302e-01,7.145631313000000429e-01,6.987450719000000143e-01
6.994694471000000302e-01,6.843199730000000258e-01,6.987450719000000143e-01,6.835415363000000299e-01
6.843199730000000258e-01,6.696749330000000278e-01,6.835415363000000299e-01,6.688411236000000315e-01
6.696749330000000278e-01,6.554362178000000538e-01,6.688411236000000315e-01,6.545459031999999455e-01
6.554362178000000538e-01,6.415137052999999590e-01,6.545459031999999455e-01,6.405657529999999600e-01
6.415137052999999590e-01,6.278246641000000405e-01,6.405657529999999600e-01,6.268177629000000195e-01
6.278246641000000405e-01,6.142932177000000049e-01,6.268177629000000195e-01,6.132262348999999446e-01
6.142932177000000049e-01,6.008448601000000444e-01,6.132262348999999446e-01,5.997164845000000355e-01
6.008448601000000444e-01,5.874071120999999618e-01,5.997164845000000355e-01,5.862158536999999559e-01
5.874071120999999618e-01,5.739091039000000505e-01,5.862158536999999559e-01,5.726531743999999646e-01
5.739091039000000505e-01,5.602787137000000417e-01,5.726531743999999646e-01,5.589562653999999853e-01
5.602787137000000417e-01,5.464390515999999476e-01,5.589562653999999853e-01,5.450479388000000203e-01
5.464390515999999476e-01,5.323089360999999631e-01,5.450479388000000203e-01,5.308467745999999599e-01
5.323089360999999631e-01,5.178034306000000031e-01,5.308467745999999599e-01,5.162672996999999597e-01
5.178034306000000031e-01,5.028269291000000418e-01,5.162672996999999597e-01,5.012136698000000390e-01
5.028269291000000418e-01,4.872712492999999867e-01,5.012136698000000390e-01,4.855772555000000268e-01
4.872712492999999867e-01,4.710147082999999735e-01,4.855772555000000268e-01,4.692357778999999840e-01
4.710147082999999735e-01,4.539185464000000114e-01,4.692357778999999840e-01,4.520498513999999801e-01
4.539185464000000114e-01,4.358169733999999740e-01,4.520498513999999801e-01,4.338529110000000077e-01
4.358169733999999740e-01,4.165137112000000252e-01,4.338529110000000077e-01,4.144478737999999773e-01
4.165137112000000252e-01,3.957751094999999997e-01,4.144478737999999773e-01,3.935999273999999937e-01
3.957751094999999997e-01,3.733121157000000023e-01,3.935999273999999937e-01,3.710187971999999723e-01
3.733121157000000023e-01,3.498302400000000145e-01,3.710187971999999723e-01,3.474129140000000171e-01
3.498302400000000145e-01,3.260000943999999956e-01,3.474129140000000171e-01,3.234558701999999952e-01
3.260000943999999956e-01,3.019120692999999744e-01,3.234558701999999952e-01,2.992387414000000079e-01
3.019120692999999744e-01,2.776605188999999863e-01,2.992387414000000079e-01,2.748565673999999737e-01
2.776605188999999863e-01,2.533451020999999970e-01,2.748565673999999737e-01,2.504097223000000261e-01
2.533451020999999970e-01,2.290647476999999876e-01,2.504097223000000261e-01,2.259978652000000088e-01
2.290647476999999876e-01,2.049200237000000091e-01,2.259978652000000088e-01,2.017222643000000093e-01
2.049200237000000091e-01,1.810114086000000067e-01,2.017222643000000093e-01,1.776840091000000121e-01
1.810114086000000067e-01,1.574306637000000009e-01,1.776840091000000121e-01,1.539755315000000124e-01
1.574306637000000009e-01,1.342737525999999904e-01,1.539755315000000124e-01,1.306932568999999988e-01
1.342737525999999904e-01,1.116199343999999954e-01,1.306932568999999988e-01,1.079170331000000038e-01
1.116199343999999954e-01,8.955191076000000583e-02,1.079170331000000038e-01,8.572991191999999872e-02
8.955191076000000583e-02,6.813509016999999557e-02,8.572991191999999872e-02,6.419772655000000050e-02
6.813509016999999557e-02,4.743104055999999846e-02,6.419772655000000050e-02,4.338229074999999657e-02
4.743104055999999846e-02,2.749145776000000083e-02,4.338229074999999657e-02,2.333554439000000078e-02
2.749145776000000083e-02,8.353304117999999293e-03,2.333554439000000078e-02,4.094681703000000415e-03
8.353304117999999293e-03,-9.947580285000000300e-03,4.094681703000000415e-03,-1.430443208999999938e-02
-9.947580285000000300e-03,-2.739460952999999907e-02,-1.430443208999999938e-02,-3.184503317000000194e-02
-2.739460952999999907e-02,-4.397299886000000102e-02,-3.184503317000000194e-02,-4.851236193999999835e-02
-4.397299886000000102e-02,-5.967891215999999999e-02,-4.851236193999999835e-02,-6.430259347000000236e-02
-5.967891215999999999e-02,-7.452037929999999477e-02,-6.430259347000000236e-02,-7.922371476999999496e-02
-7.452037929999999477e-02,-8.850403874999999976e-02,-7.922371476999999496e-02,-9.328250587000000427e-02
-8.850403874999999976e-02,-1.016485691000000025e-01,-9.328250587000000427e-02,-1.064977123999999997e-01
-1.016485691000000025e-01,-1.139791160999999997e-01,-1.064977123999999997e-01,-1.188945322999999943e-01
-1.139791160999999997e-01,-1.255187540999999907e-01,-1.188945322999999943e-01,-1.304962336999999917e-01
-1.255187540999999907e-01,-1.362973154000000076e-01,-1.304962336999999917e-01,-1.413327456000000037e-01
-1.362973154000000076e-01,-1.463490128999999917e-01,-1.413327456000000037e-01,-1.514384300000000128e-01
-1.463490128999999917e-01,-1.557082385000000124e-01,-1.514384300000000128e-01,-1.608478278000000095e-01
-1.557082385000000124e-01,-1.644071787999999978e-01,-1.608478278000000095e-01,-1.695933342000000010e-01
-1.644071787999999978e-01,-1.724823712999999925e-01,-1.695933342000000010e-01,-1.777116357999999896e-01
-1.724823712999999925e-01,-1.799703388999999987e-01,-1.777116357999999896e-01,-1.852394044000000017e-01
-1.799703388999999987e-01,-1.869068295000000102e-01,-1.852394044000000017e-01,-1.922125815999999876e-01
9.525982141000000070e-01,9.170064329999999542e-01,9.520056843999999963e-01,9.164741038999999478e-01
9.170064329999999542e-01,8.856104611999999765e-01,9.164741038999999478e-01,8.851010203000000409e-01
8.856104611999999765e-01,8.575757146000000386e-01,8.851010203000000409e-01,8.570644258999999821e-01
8.575757146000000386e-01,8.322677612000000114e-01,8.570644258999999821e-01,8.317376374999999600e-01
8.322677612000000114e-01,8.091910480999999766e-01,8.317376374999999600e-01,8.086303473000000519e-01
8.091910480999999766e-01,7.879605293000000454e-01,8.086303473000000519e-01,7.873610854000000492e-01
7.879605293000000454e-01,7.682601810000000420e-01,7.873610854000000492e-01,7.676162123999999976e-01
7.682601810000000420e-01,7.498407959999999761e-01,7.676162123999999976e-01,7.491480708000000099e-01
7.498407959999999761e-01,7.324906587999999719e-01,7.491480708000000099e-01,7.317459582999999990e-01
7.324906587999999719e-01,7.160339355000000516e-01,7.317459582999999990e-01,7.152349948999999762e-01
7.160339355000000516e-01,7.003244758000000125e-01,7.152349948999999762e-01,6.994694471000000302e-01
7.003244758000000125e-01,6.852325796999999552e-01,6.994694471000000302e-01,6.843199730000000258e-01
6.852325796999999552e-01,6.706464886999999875e-01,6.843199730000000258e-01,6.696749330000000278e-01
6.706464886999999875e-01,6.564678550000000445e-01,6.696749330000000278e-01,6.554362178000000538e-01
6.564678550000000445e-01,6.426066160000000194e-01,6.554362178000000538e-01,6.415137052999999590e-01
6.426066160000000194e-01,6.289801001999999475e-01,6.415137052999999590e-01,6.278246641000000405e-01
6.289801001999999475e-01,6.155124306999999462e-01,6.278246641000000405e-01,6.142932177000000049e-01
6.155124306999999462e-01,6.021292806000000386e-01,6.142932177000000049e-01,6.008448601000000444e-01
6.021292806000000386e-01,5.887582301999999546e-01,6.008448601000000444e-01,5.874071120999999618e-01
5.887582301999999546e-01,5.753287673000000435e-01,5.874071120999999618e-01,5.739091039000000505e-01
5.753287673000000435e-01,5.617688297999999802e-01,5.739091039000000505e-01,5.602787137000000417e-01
5.617688297999999802e-01,5.480019449999999903e-01,5.602787137000000417e-01,5.464390515999999476e-01
5.480019449999999903e-01,5.339472293999999453e-01,5.464390515999999476e-01,5.323089360999999631e-01
5.339472293999999453e-01,5.195199847000000482e-01,5.323089360999999631e-01,5.178034306000000031e-01
5.195199847000000482e-01,5.046251416000000489e-01,5.178034306000000031e-01,5.028269291000000418e-01
5.046251416000000489e-01,4.891550243000000187e-01,5.028269291000000418e-01,4.872712492999999867e-01
4.891550243000000187e-01,4.729884564999999874e-01,4.872712492999999867e-01,4.710147082999999735e-01
4.729884564999999874e-01,4.559873938999999821e-01,4.710147082999999735e-01,4.539185464000000114e-01
4.559873938999999821e-01,4.379867910999999947e-01,4.539185464000000114e-01,4.358169733999999740e-01
4.379867910999999947e-01,4.187913536999999797e-01,4.358169733999999740e-01,4.165137112000000252e-01
4.187913536999999797e-01,3.981685340000000184e-01,4.165137112000000252e-01,3.957751094999999997e-01
3.981685340000000184e-01,3.758306800999999808e-01,3.957751094999999997e-01,3.733121157000000023e-01
3.758306800999999808e-01,3.524801731000000160e-01,3.733121157000000023e-01,3.498302400000000145e-01
3.524801731000000160e-01,3.287844360000000132e-01,3.498302400000000145e-01,3.260000943999999956e-01
3.287844360000000132e-01,3.048332035999999912e-01,3.260000943999999956e-01,3.019120692999999744e-01
3.048332035999999912e-01,2.807199954999999858e-01,3.019120692999999744e-01,2.776605188999999863e-01
2.807199954999999858e-01,2.565437852999999935e-01,2.776605188999999863e-01,2.533451020999999970e-01
2.565437852999999935e-01,2.324027270000000034e-01,2.533451020999999970e-01,2.290647476999999876e-01
2.324027270000000034e-01,2.083966881000000049e-01,2.290647476999999876e-01,2.049200237000000091e-01
2.083966881000000049e-01,1.846254318999999977e-01,2.049200237000000091e-01,1.810114086000000067e-01
1.846254318999999977e-01,1.611800640999999923e-01,1.810114086000000067e-01,1.574306637000000009e-01
1.611800640999999923e-01,1.381560116999999976e-01,1.574306637000000009e-01,1.342737525999999904e-01
1.381560116999999976e-01,1.156319603000000029e-01,1.342737525999999904e-01,1.116199343999999954e-01
1.156319603000000029e-01,9.369020909000000397e-02,1.116199343999999954e-01,8.955191076000000583e-02
9.369020909000000397e-02,7.239572703999999637e-02,8.955191076000000583e-02,6.813509016999999557e-02
7.239572703999999637e-02,5.180981009999999914e-02,6.813509016999999557e-02,4.743104055999999846e-02
5.180981009999999914e-02,3.198390082000000106e-02,4.743104055999999846e-02,2.749145776000000083e-02
3.198390082000000106e-02,1.295472309000000009e-02,2.749145776000000083e-02,8.353304117999999293e-03
1.295472309000000009e-02,-5.241923499999999632e-03,8.353304117999999293e-03,-9.947580285000000300e-03
-5.241923499999999632e-03,-2.258963510000000161e-02,-9.947580285000000300e-03,-2.739460952999999907e-02
-2.258963510000000161e-02,-3.907361253999999673e-02,-2.739460952999999907e-02,-4.397299886000000102e-02
-3.907361253999999673e-02,-5.468999593999999964e-02,-4.397299886000000102e-02,-5.967891215999999999e-02
-5.468999593999999964e-02,-6.944686918999999625e-02,-5.967891215999999999e-02,-7.452037929999999477e-02
-6.944686918999999625e-02,-8.335071802000000585e-02,-7.452037929999999477e-02,-8.850403874999999976e-02
-8.335071802000000585e-02,-9.642016142999999817e-02,-8.850403874999999976e-02,-1.016485691000000025e-01
-9.642016142999999817e-02,-1.086802929999999973e-01,-1.016485691000000025e-01,-1.139791160999999997e-01
-1.086802929999999973e-01,-1.201539784999999944e-01,-1.139791160999999997e-01,-1.255187540999999907e-01
-1.201539784999999944e-01,-1.308709084999999939e-01,-1.255187540999999907e-01,-1.362973154000000076e-01
-1.308709084999999939e-01,-1.408652066999999952e-01,-1.362973154000000076e-01,-1.463490128999999917e-01
-1.408652066999999952e-01,-1.501710712999999864e-01,-1.463490128999999917e-01,-1.557082385000000124e-01
-1.501710712999999864e-01,-1.588204800999999944e-01,-1.557082385000000124e-01,-1.644071787999999978e-01
-1.588204800999999944e-01,-1.668498069000000084e-01,-1.644071787999999978e-01,-1.724823712999999925e-01
-1.668498069000000084e-01,-1.742953956000000137e-01,-1.724823712999999925e-01,-1.799703388999999987e-01
-1.742953956000000137e-01,-1.811928301999999880e-01,-1.799703388999999987e-01,-1.869068295000000102e-01
9.533053041000000283e-01,9.176536201999999642e-01,9.525982141000000070e-01,9.170064329999999542e-01
9.176536201999999642e-01,8.862360715999999528e-01,9.170064329999999542e-01,8.856104611999999765e-01
8.862360715999999528e-01,8.582055568999999995e-01,8.856104611999999765e-01,8.575757146000000386e-01
8.582055568999999995e-01,8.329191207999999680e-01,8.575757146000000386e-01,8.322677612000000114e-01
8.329191207999999680e-01,8.098761438999999562e-01,8.322677612000000114e-01,8.091910480999999766e-01
8.098761438999999562e-01,7.886876463999999975e-01,8.091910480999999766e-01,7.879605293000000454e-01
7.886876463999999975e-01,7.690354585999999992e-01,7.879605293000000454e-01,7.682601810000000420e-01
7.690354585999999992e-01,7.506684064999999961e-01,7.682601810000000420e-01,7.498407959999999761e-01
7.506684064999999961e-01,7.333737611999999739e-01,7.498407959999999761e-01,7.324906587999999719e-01
7.333737611999999739e-01,7.169749736999999623e-01,7.324906587999999719e-01,7.160339355000000516e-01
7.169749736999999623e-01,7.013252974000000473e-01,7.160339355000000516e-01,7.003244758000000125e-01
7.013252974000000473e-01,6.862947941000000496e-01,7.003244758000000125e-01,6.852325796999999552e-01
6.862947941000000496e-01,6.717713475000000045e-01,6.852325796999999552e-01,6.706464886999999875e-01
6.717713475000000045e-01,6.576566099999999748e-01,6.706464886999999875e-01,6.564678550000000445e-01
6.576566099999999748e-01,6.438604593000000209e-01,6.564678550000000445e-01,6.426066160000000194e-01
6.438604593000000209e-01,6.303002833999999943e-01,6.426066160000000194e-01,6.289801001999999475e-01
6.303002833999999943e-01,6.169003248000000106e-01,6.289801001999999475e-01,6.155124306999999462e-01
6.169003248000000106e-01,6.035862564999999735e-01,6.155124306999999462e-01,6.021292806000000386e-01
6.035862564999999735e-01,5.902860165000000103e-01,6.021292806000000386e-01,5.887582301999999546e-01
5.902860165000000103e-01,5.769292115999999915e-01,5.887582301999999546e-01,5.753287673000000435e-01
5.769292115999999915e-01,5.634439587999999777e-01,5.753287673000000435e-01,5.617688297999999802e-01
5.634439587999999777e-01,5.497542023999999472e-01,5.617688297999999802e-01,5.480019449999999903e-01
5.497542023999999472e-01,5.357792973999999653e-01,5.480019449999999903e-01,5.339472293999999453e-01
5.357792973999999653e-01,5.214350223999999479e-01,5.339472293999999453e-01,5.195199847000000482e-01
5.214350223999999479e-01,5.066267251999999610e-01,5.195199847000000482e-01,5.046251416000000489e-01
5.066267251999999610e-01,4.912471770999999876e-01,5.046251416000000489e-01,4.891550243000000187e-01
4.912471770999999876e-01,4.751758872999999883e-01,4.891550243000000187e-01,4.729884564999999874e-01
4.751758872999999883e-01,4.582755267999999993e-01,4.729884564999999874e-01,4.559873938999999821e-01
4.582755267999999993e-01,4.403818845999999954e-01,4.559873938999999821e-01,4.379867910999999947e-01
4.403818845999999954e-01,4.213006496000000212e-01,4.379867910999999947e-01,4.187913536999999797e-01
4.213006496000000212e-01,4.008005260999999986e-01,4.187913536999999797e-01,3.981685340000000184e-01
4.008005260999999986e-01,3.785952329999999755e-01,3.981685340000000184e-01,3.758306800999999808e-01
3.785952329999999755e-01,3.553838431999999936e-01,3.758306800999999808e-01,3.524801731000000160e-01
3.553838431999999936e-01,3.318305314000000172e-01,3.524801731000000160e-01,3.287844360000000132e-01
3.318305314000000172e-01,3.080241679999999871e-01,3.287844360000000132e-01,3.048332035999999912e-01
3.080241679999999871e-01,2.840575576000000102e-01,3.048332035999999912e-01,2.807199954999999858e-01
2.840575576000000102e-01,2.600288391000000199e-01,2.807199954999999858e-01,2.565437852999999935e-01
2.600288391000000199e-01,2.360353768000000019e-01,2.565437852999999935e-01,2.324027270000000034e-01
2.360353768000000019e-01,2.121762633000000009e-01,2.324027270000000034e-01,2.083966881000000049e-01
2.121762633000000009e-01,1.885505915000000032e-01,2.083966881000000049e-01,1.846254318999999977e-01
1.885505915000000032e-01,1.652487068999999864e-01,1.846254318999999977e-01,1.611800640999999923e-01
1.652487068999999864e-01,1.423654853999999914e-01,1.611800640999999923e-01,1.381560116999999976e-01
1.423654853999999914e-01,1.199789940999999999e-01,1.381560116999999976e-01,1.156319603000000029e-01
1.199789940999999999e-01,9.817113727000000012e-02,1.156319603000000029e-01,9.369020909000000397e-02
9.817113727000000012e-02,7.700639217999999397e-02,9.369020909000000397e-02,7.239572703999999637e-02
7.700639217999999397e-02,5.654577910999999957e-02,7.239572703999999637e-02,5.180981009999999914e-02
5.654577910999999957e-02,3.684046492000000311e-02,5.180981009999999914e-02,3.198390082000000106e-02
3.684046492000000311e-02,1.792691462000000138e-02,3.198390082000000106e-02,1.295472309000000009e-02
1.792691462000000138e-02,-1.591099572000000053e-04,1.295472309000000009e-02,-5.241923499999999632e-03
-1.591099572000000053e-04,-1.740140281999999830e-02,-5.241923499999999632e-03,-2.258963510000000161e-02
-1.740140281999999830e-02,-3.378514573000000049e-02,-2.258963510000000161e-02,-3.907361253999999673e-02
-3.378514573000000049e-02,-4.930647090000000315e-02,-3.907361253999999673e-02,-5.468999593999999964e-02
-4.930647090000000315e-02,-6.397350132000000078e-02,-5.468999593999999964e-02,-6.944686918999999625e-02
-6.397350132000000078e-02,-7.779256999000000450e-02,-6.944686918999999625e-02,-8.335071802000000585e-02
-7.779256999000000450e-02,-9.078224747999999455e-02,-8.335071802000000585e-02,-9.642016142999999817e-02
-9.078224747999999455e-02,-1.029675379000000029e-01,-9.642016142999999817e-02,-1.086802929999999973e-01
-1.029675379000000029e-01,-1.143711208999999979e-01,-1.086802929999999973e-01,-1.201539784999999944e-01
-1.143711208999999979e-01,-1.250225454999999986e-01,-1.201539784999999944e-01,-1.308709084999999939e-01
-1.250225454999999986e-01,-1.349557936000000125e-01,-1.308709084999999939e-01,-1.408652066999999952e-01
-1.349557936000000125e-01,-1.442049146000000115e-01,-1.408652066999999952e-01,-1.501710712999999864e-01
-1.442049146000000115e-01,-1.528016477999999956e-01,-1.501710712999999864e-01,-1.588204800999999944e-01
-1.528016477999999956e-01,-1.607821732999999975e-01,-1.588204800999999944e-01,-1.668498069000000084e-01
-1.607821732999999975e-01,-1.681826562000000025e-01,-1.668498069000000084e-01,-1.742953956000000137e-01
-1.681826562000000025e-01,-1.750385314000000025e-01,-1.742953956000000137e-01,-1.811928301999999880e-01
9.541440606000000102e-01,9.184322953000000345e-01,9.533053041000000283e-01,9.176536201999999642e-01
9.184322953000000345e-01,8.869945406999999449e-01,9.176536201999999642e-01,8.862360715999999528e-01
8.869945406999999449e-01,8.589704633000000422e-01,8.862360715999999528e-01,8.582055568999999995e-01
8.589704633000000422e-01,8.337083458999999808e-01,8.582055568999999995e-01,8.329191207999999680e-01
8.337083458999999808e-01,8.107022643000000306e-01,8.329191207999999680e-01,8.098761438999999562e-01
8.107022643000000306e-01,7.895592450999999734e-01,8.098761438999999562e-01,7.886876463999999975e-01
7.895592450999999734e-01,7.699587344999999639e-01,7.886876463999999975e-01,7.690354585999999992e-01
7.699587344999999639e-01,7.516477703999999704e-01,7.690354585999999992e-01,7.506684064999999961e-01
7.516477703999999704e-01,7.344124912999999699e-01,7.506684064999999961e-01,7.333737611999999739e-01
7.344124912999999699e-01,7.180754541999999629e-01,7.333737611999999739e-01,7.169749736999999623e-01
7.180754541999999629e-01,7.024894356999999978e-01,7.169749736999999623e-01,7.013252974000000473e-01
7.024894356999999978e-01,6.875241399000000531e-01,7.013252974000000473e-01,6.862947941000000496e-01
6.875241399000000531e-01,6.730673312999999602e-01,6.862947941000000496e-01,6.717713475000000045e-01
6.730673312999999602e-01,6.590204239000000408e-01,6.717713475000000045e-01,6.576566099999999748e-01
6.590204239000000408e-01,6.452934146000000037e-01,6.576566099999999748e-01,6.438604593000000209e-01
6.452934146000000037e-01,6.318036317999999874e-01,6.438604593000000209e-01,6.303002833999999943e-01
6.318036317999999874e-01,6.184754371999999778e-01,6.303002833999999943e-01,6.169003248000000106e-01
6.184754371999999778e-01,6.052346826000000179e-01,6.169003248000000106e-01,6.035862564999999735e-01
6.052346826000000179e-01,5.920094848000000409e-01,6.035862564999999735e-01,5.902860165000000103e-01
5.920094848000000409e-01,5.787296294999999535e-01,5.902860165000000103e-01,5.769292115999999915e-01
5.787296294999999535e-01,5.653235316000000399e-01,5.769292115999999915e-01,5.634439587999999777e-01
5.653235316000000399e-01,5.517154335999999715e-01,5.634439587999999777e-01,5.497542023999999472e-01
5.517154335999999715e-01,5.378251076000000186e-01,5.497542023999999472e-01,5.357792973999999653e-01
5.378251076000000186e-01,5.235686898000000422e-01,5.357792973999999653e-01,5.214350223999999479e-01
5.235686898000000422e-01,5.088520645999999870e-01,5.214350223999999479e-01,5.066267251999999610e-01
5.088520645999999870e-01,4.935684502000000085e-01,5.066267251999999610e-01,4.912471770999999876e-01
4.935684502000000085e-01,4.775981008999999888e-01,4.912471770999999876e-01,4.751758872999999883e-01
4.775981008999999888e-01,4.608044028000000125e-01,4.751758872999999883e-01,4.582755267999999993e-01
4.608044028000000125e-01,4.430240393000000054e-01,4.582755267999999993e-01,4.403818845999999954e-01
4.430240393000000054e-01,4.240637124000000147e-01,4.403818845999999954e-01,4.213006496000000212e-01
4.240637124000000147e-01,4.036935269999999965e-01,4.213006496000000212e-01,4.008005260999999986e-01
4.036935269999999965e-01,3.816286622999999767e-01,4.008005260999999986e-01,3.785952329999999755e-01
3.816286622999999767e-01,3.585646748999999911e-01,3.785952329999999755e-01,3.553838431999999936e-01
3.585646748999999911e-01,3.351621627999999964e-01,3.553838431999999936e-01,3.318305314000000172e-01
3.351621627999999964e-01,3.115093112000000275e-01,3.318305314000000172e-01,3.080241679999999871e-01
3.115093112000000275e-01,2.876979708999999885e-01,3.080241679999999871e-01,2.840575576000000102e-01
2.876979708999999885e-01,2.638255059999999874e-01,2.840575576000000102e-01,2.600288391000000199e-01
2.638255059999999874e-01,2.399884015000000037e-01,2.600288391000000199e-01,2.360353768000000019e-01
2.399884015000000037e-01,2.162849903000000074e-01,2.360353768000000019e-01,2.121762633000000009e-01
2.162849903000000074e-01,1.928135604000000003e-01,2.121762633000000009e-01,1.885505915000000032e-01
1.928135604000000003e-01,1.696637421999999951e-01,1.885505915000000032e-01,1.652487068999999864e-01
1.696637421999999951e-01,1.469298005000000129e-01,1.652487068999999864e-01,1.423654853999999914e-01
1.469298005000000129e-01,1.246891170999999965e-01,1.423654853999999914e-01,1.199789940999999999e-01
1.246891170999999965e-01,1.030232160999999952e-01,1.199789940999999999e-01,9.817113727000000012e-02
1.030232160999999952e-01,8.199605345999999573e-02,9.817113727000000012e-02,7.700639217999999397e-02
8.199605345999999573e-02,6.166832894000000287e-02,7.700639217999999397e-02,5.654577910999999957e-02
6.166832894000000287e-02,4.209093376999999830e-02,5.654577910999999957e-02,3.684046492000000311e-02
4.209093376999999830e-02,2.330004982999999905e-02,3.684046492000000311e-02,1.792691462000000138e-02
2.330004982999999905e-02,5.331405903999999855e-03,1.792691462000000138e-02,-1.591099572000000053e-04
5.331405903999999855e-03,-1.179900765000000025e-02,-1.591099572000000053e-04,-1.740140281999999830e-02
-1.179900765000000025e-02,-2.807635814000000035e-02,-1.740140281999999830e-02,-3.378514573000000049e-02
-2.807635814000000035e-02,-4.349676520000000240e-02,-3.378514573000000049e-02,-4.930647090000000315e-02
-4.349676520000000240e-02,-5.806839093999999896e-02,-4.930647090000000315e-02,-6.397350132000000078e-02
-5.806839093999999896e-02,-7.179743051999999681e-02,-6.397350132000000078e-02,-7.779256999000000450e-02
-7.179743051999999681e-02,-8.470237255000000187e-02,-7.779256999000000450e-02,-9.078224747999999455e-02
-8.470237255000000187e-02,-9.680815785999999368e-02,-9.078224747999999455e-02,-1.029675379000000029e-01
-9.680815785999999368e-02,-1.081372574000000059e-01,-1.029675379000000029e-01,-1.143711208999999979e-01
-1.081372574000000059e-01,-1.187190562000000060e-01,-1.143711208999999979e-01,-1.250225454999999986e-01
-1.187190562000000060e-01,-1.285874247999999886e-01,-1.250225454999999986e-01,-1.349557936000000125e-01
-1.285874247999999886e-01,-1.377762109000000013e-01,-1.349557936000000125e-01,-1.442049146000000115e-01
-1.377762109000000013e-01,-1.463169008000000104e-01,-1.442049146000000115e-01,-1.528016477999999956e-01
-1.463169008000000104e-01,-1.542455107000000047e-01,-1.528016477999999956e-01,-1.607821732999999975e-01
-1.542455107000000047e-01,-1.615980267999999886e-01,-1.607821732999999975e-01,-1.681826562000000025e-01
-1.615980267999999886e-01,-1.684096605000000024e-01,-1.681826562000000025e-01,-1.750385314000000025e-01
9.551342130000000097e-01,9.193618893999999653e-01,9.541440606000000102e-01,9.184322953000000345e-01
9.193618893999999653e-01,8.879050015999999657e-01,9.184322953000000345e-01,8.869945406999999449e-01
8.879050015999999657e-01,8.598893284999999942e-01,8.869945406999999449e-01,8.589704633000000422e-01
8.598893284999999942e-01,8.346543908000000345e-01,8.589704633000000422e-01,8.337083458999999808e-01
8.346543908000000345e-01,8.116883635999999624e-01,8.337083458999999808e-01,8.107022643000000306e-01
8.116883635999999624e-01,7.905943989999999477e-01,8.107022643000000306e-01,7.895592450999999734e-01
7.905943989999999477e-01,7.710492611000000496e-01,7.895592450999999734e-01,7.699587344999999639e-01
7.710492611000000496e-01,7.527981996999999481e-01,7.699587344999999639e-01,7.516477703999999704e-01
7.527981996999999481e-01,7.356261014999999626e-01,7.516477703999999704e-01,7.344124912999999699e-01
7.356261014999999626e-01,7.193548679000000279e-01,7.344124912999999699e-01,7.180754541999999629e-01
7.193548679000000279e-01,7.038365006000000257e-01,7.180754541999999629e-01,7.024894356999999978e-01
7.038365006000000257e-01,6.889405251000000341e-01,7.024894356999999978e-01,6.875241399000000531e-01
6.889405251000000341e-01,6.745544672000000075e-01,6.875241399000000531e-01,6.730673312999999602e-01
6.745544672000000075e-01,6.605795025999999792e-01,6.730673312999999602e-01,6.590204239000000408e-01
6.605795025999999792e-01,6.469257473999999730e-01,6.590204239000000408e-01,6.452934146000000037e-01
6.469257473999999730e-01,6.335106491999999978e-01,6.452934146000000037e-01,6.318036317999999874e-01
6.335106491999999978e-01,6.202585100999999934e-01,6.318036317999999874e-01,6.184754371999999778e-01
6.202585100999999934e-01,6.070953608000000390e-01,6.184754371999999778e-01,6.052346826000000179e-01
6.070953608000000390e-01,5.939496756000000044e-01,6.052346826000000179e-01,5.920094848000000409e-01
5.939496756000000044e-01,5.807512998999999621e-01,5.920094848000000409e-01,5.787296294999999535e-01
5.807512998999999621e-01,5.674291253000000035e-01,5.787296294999999535e-01,5.653235316000000399e-01
5.674291253000000035e-01,5.539074539999999658e-01,5.653235316000000399e-01,5.517154335999999715e-01
5.539074539999999658e-01,5.401067137999999712e-01,5.517154335999999715e-01,5.378251076000000186e-01
5.401067137999999712e-01,5.259432792999999551e-01,5.378251076000000186e-01,5.235686898000000422e-01
5.259432792999999551e-01,5.113236307999999841e-01,5.235686898000000422e-01,5.088520645999999870e-01
5.113236307999999841e-01,4.961416124999999955e-01,5.088520645999999870e-01,4.935684502000000085e-01
4.961416124999999955e-01,4.802781045000000248e-01,4.935684502000000085e-01,4.775981008999999888e-01
4.802781045000000248e-01,4.635972678999999985e-01,4.775981008999999888e-01,4.608044028000000125e-01
4.635972678999999985e-01,4.459368289000000263e-01,4.608044028000000125e-01,4.430240393000000054e-01
4.459368289000000263e-01,4.271045326999999836e-01,4.430240393000000054e-01,4.240637124000000147e-01
4.271045326999999836e-01,4.068718552999999738e-01,4.240637124000000147e-01,4.036935269999999965e-01
4.068718552999999738e-01,3.849556744000000030e-01,4.036935269999999965e-01,3.816286622999999767e-01
3.849556744000000030e-01,3.620477319000000027e-01,3.816286622999999767e-01,3.585646748999999911e-01
3.620477319000000027e-01,3.388049303999999817e-01,3.585646748999999911e-01,3.351621627999999964e-01
3.388049303999999817e-01,3.153145611000000015e-01,3.351621627999999964e-01,3.115093112000000275e-01
3.153145611000000015e-01,2.916676402000000223e-01,3.115093112000000275e-01,2.876979708999999885e-01
2.916676402000000223e-01,2.679606378000000122e-01,2.876979708999999885e-01,2.638255059999999874e-01
2.679606378000000122e-01,2.442891001999999978e-01,2.638255059999999874e-01,2.399884015000000037e-01
2.442891001999999978e-01,2.207505851999999880e-01,2.399884015000000037e-01,2.162849903000000074e-01
2.207505851999999880e-01,1.974425315999999986e-01,2.162849903000000074e-01,1.928135604000000003e-01
1.974425315999999986e-01,1.744537801000000110e-01,1.928135604000000003e-01,1.696637421999999951e-01
1.744537801000000110e-01,1.518779843999999990e-01,1.696637421999999951e-01,1.469298005000000129e-01
1.518779843999999990e-01,1.297918259999999990e-01,1.469298005000000129e-01,1.246891170999999965e-01
1.297918259999999990e-01,1.082763447999999934e-01,1.246891170999999965e-01,1.030232160999999952e-01
1.082763447999999934e-01,8.739499002999999433e-02,1.030232160999999952e-01,8.199605345999999573e-02
8.739499002999999433e-02,6.720812618999999488e-02,8.199605345999999573e-02,6.166832894000000287e-02
6.720812618999999488e-02,4.776634647999999927e-02,6.166832894000000287e-02,4.209093376999999830e-02
4.776634647999999927e-02,2.910553290999999890e-02,4.209093376999999830e-02,2.330004982999999905e-02
2.910553290999999890e-02,1.126136724000000033e-02,2.330004982999999905e-02,5.331405903999999855e-03
1.126136724000000033e-02,-5.750379990999999850e-03,5.331405903999999855e-03,-1.179900765000000025e-02
-5.750379990999999850e-03,-2.191486395999999934e-02,-1.179900765000000025e-02,-2.807635814000000035e-02
-2.191486395999999934e-02,-3.722819312999999658e-02,-2.807635814000000035e-02,-4.349676520000000240e-02
-3.722819312999999658e-02,-5.169858411000000098e-02,-4.349676520000000240e-02,-5.806839093999999896e-02
-5.169858411000000098e-02,-6.533206999000000514e-02,-5.806839093999999896e-02,-7.179743051999999681e-02
-6.533206999000000514e-02,-7.814706117000000396e-02,-7.179743051999999681e-02,-8.470237255000000187e-02
-7.814706117000000396e-02,-9.016843139999999868e-02,-8.470237255000000187e-02,-9.680815785999999368e-02
-9.016843139999999868e-02,-1.014184280999999993e-01,-9.680815785999999368e-02,-1.081372574000000059e-01
-1.014184280999999993e-01,-1.119262800000000030e-01,-1.081372574000000059e-01,-1.187190562000000060e-01
-1.119262800000000030e-01,-1.217257157000000006e-01,-1.187190562000000060e-01,-1.285874247999999886e-01
-1.217257157000000006e-01,-1.308503896000000055e-01,-1.285874247999999886e-01,-1.377762109000000013e-01
-1.308503896000000055e-01,-1.393315494000000043e-01,-1.377762109000000013e-01,-1.463169008000000104e-01
-1.393315494000000043e-01,-1.472049803000000101e-01,-1.463169008000000104e-01,-1.542455107000000047e-01
-1.472049803000000101e-01,-1.545064895999999910e-01,-1.542455107000000047e-01,-1.615980267999999886e-01
-1.545064895999999910e-01,-1.612710803999999887e-01,-1.615980267999999886e-01,-1.684096605000000024e-01
9.562986492999999699e-01,9.204648733000000416e-01,9.551342130000000097e-01,9.193618893999999653e-01
9.204648733000000416e-01,8.889897465999999637e-01,9.193618893999999653e-01,8.879050015999999657e-01
8.889897465999999637e-01,8.609845637999999912e-01,8.879050015999999657e-01,8.598893284999999942e-01
8.609845637999999912e-01,8.357794881000000231e-01,8.598893284999999942e-01,8.346543908000000345e-01
8.357794881000000231e-01,8.128567934000000550e-01,8.346543908000000345e-01,8.116883635999999624e-01
8.128567934000000550e-01,7.918153405000000200e-01,8.116883635999999624e-01,7.905943989999999477e-01
7.918153405000000200e-01,7.723293900000000045e-01,7.905943989999999477e-01,7.710492611000000496e-01
7.723293900000000045e-01,7.541421055999999457e-01,7.710492611000000496e-01,7.527981996999999481e-01
7.541421055999999457e-01,7.370373607000000327e-01,7.527981996999999481e-01,7.356261014999999626e-01
7.370373607000000327e-01,7.208359838000000241e-01,7.356261014999999626e-01,7.193548679000000279e-01
7.208359838000000241e-01,7.053894996999999778e-01,7.193548679000000279e-01,7.038365006000000257e-01
7.053894996999999778e-01,6.905670762000000185e-01,7.038365006000000257e-01,6.889405251000000341e-01
6.905670762000000185e-01,6.762559414000000046e-01,6.889405251000000341e-01,6.745544672000000075e-01
6.762559414000000046e-01,6.623572706999999449e-01,6.745544672000000075e-01,6.605795025999999792e-01
6.623572706999999449e-01,6.487811803999999904e-01,6.605795025999999792e-01,6.469257473999999730e-01
6.487811803999999904e-01,6.354451180000000310e-01,6.469257473999999730e-01,6.335106491999999978e-01
6.354451180000000310e-01,6.222735643000000261e-01,6.335106491999999978e-01,6.202585100999999934e-01
6.222735643000000261e-01,6.091926694000000531e-01,6.202585100999999934e-01,6.070953608000000390e-01
6.091926694000000531e-01,5.961310863000000015e-01,6.070953608000000390e-01,5.939496756000000044e-01
5.961310863000000015e-01,5.830190182000000165e-01,5.939496756000000044e-01,5.807512998999999621e-01
5.830190182000000165e-01,5.697855352999999790e-01,5.807512998999999621e-01,5.674291253000000035e-01
5.697855352999999790e-01,5.563554168000000022e-01,5.674291253000000035e-01,5.539074539999999658e-01
5.563554168000000022e-01,5.426493882999999796e-01,5.539074539999999658e-01,5.401067137999999712e-01
5.426493882999999796e-01,5.285844207000000017e-01,5.401067137999999712e-01,5.259432792999999551e-01
5.285844207000000017e-01,5.140673517999999609e-01,5.259432792999999551e-01,5.113236307999999841e-01
5.140673517999999609e-01,4.989928304999999842e-01,5.113236307999999841e-01,4.961416124999999955e-01
4.989928304999999842e-01,4.832423329000000156e-01,4.961416124999999955e-01,4.802781045000000248e-01
4.832423329000000156e-01,4.666809738000000096e-01,4.802781045000000248e-01,4.635972678999999985e-01
4.666809738000000096e-01,4.491473733999999940e-01,4.635972678999999985e-01,4.459368289000000263e-01
4.491473733999999940e-01,4.304505586999999855e-01,4.459368289000000263e-01,4.271045326999999836e-01
4.304505586999999855e-01,4.103634357000000010e-01,4.271045326999999836e-01,4.068718552999999738e-01
4.103634357000000010e-01,3.886045813999999821e-01,4.068718552999999738e-01,3.849556744000000030e-01
3.886045813999999821e-01,3.658618033000000103e-01,3.849556744000000030e-01,3.620477319000000027e-01
3.658618033000000103e-01,3.427880406000000102e-01,3.620477319000000027e-01,3.388049303999999817e-01
3.427880406000000102e-01,3.194696604999999745e-01,3.388049303999999817e-01,3.153145611000000015e-01
3.194696604999999745e-01,2.959967256000000102e-01,3.153145611000000015e-01,2.916676402000000223e-01
2.959967256000000102e-01,2.724648416000000073e-01,2.916676402000000223e-01,2.679606378000000122e-01
2.724648416000000073e-01,2.489686161000000120e-01,2.679606378000000122e-01,2.442891001999999978e-01
2.489686161000000120e-01,2.256046533999999937e-01,2.442891001999999978e-01,2.207505851999999880e-01
2.256046533999999937e-01,2.024695873000000035e-01,2.207505851999999880e-01,1.974425315999999986e-01
2.024695873000000035e-01,1.796513945000000056e-01,1.974425315999999986e-01,1.744537801000000110e-01
1.796513945000000056e-01,1.572430730000000110e-01,1.744537801000000110e-01,1.518779843999999990e-01
1.572430730000000110e-01,1.353205590999999874e-01,1.518779843999999990e-01,1.297918259999999990e-01
1.353205590999999874e-01,1.139644234999999950e-01,1.297918259999999990e-01,1.082763447999999934e-01
1.139644234999999950e-01,9.323754906999999481e-02,1.082763447999999934e-01,8.739499002999999433e-02
9.323754906999999481e-02,7.319994270999999331e-02,8.739499002999999433e-02,6.720812618999999488e-02
7.319994270999999331e-02,5.390187352999999820e-02,6.720812618999999488e-02,4.776634647999999927e-02
5.390187352999999820e-02,3.537892178000000276e-02,4.776634647999999927e-02,2.910553290999999890e-02
3.537892178000000276e-02,1.766671239999999948e-02,2.910553290999999890e-02,1.126136724000000033e-02
1.766671239999999948e-02,7.807757356000000117e-04,1.126136724000000033e-02,-5.750379990999999850e-03
7.807757356000000117e-04,-1.526402682000000018e-02,-5.750379990999999850e-03,-2.191486395999999934e-02
-1.526402682000000018e-02,-3.046379797000000125e-02,-2.191486395999999934e-02,-3.722819312999999658e-02
-3.046379797000000125e-02,-4.482680558999999759e-02,-3.722819312999999658e-02,-5.169858411000000098e-02
-4.482680558999999759e-02,-5.835891515000000279e-02,-5.169858411000000098e-02,-6.533206999000000514e-02
-5.835891515000000279e-02,-7.107846438999999850e-02,-6.533206999000000514e-02,-7.814706117000000396e-02
-7.107846438999999850e-02,-8.301024883999999493e-02,-7.814706117000000396e-02,-9.016843139999999868e-02
-8.301024883999999493e-02,-9.417629242000000178e-02,-9.016843139999999868e-02,-1.014184280999999993e-01
-9.417629242000000178e-02,-1.046056449000000027e-01,-1.014184280999999993e-01,-1.119262800000000030e-01
-1.046056449000000027e-01,-1.143318935999999980e-01,-1.119262800000000030e-01,-1.217257157000000006e-01
-1.143318935999999980e-01,-1.233884989999999987e-01,-1.217257157000000006e-01,-1.308503896000000055e-01
-1.233884989999999987e-01,-1.318064183000000056e-01,-1.308503896000000055e-01,-1.393315494000000043e-01
-1.318064183000000056e-01,-1.396212279999999861e-01,-1.393315494000000043e-01,-1.472049803000000101e-01
-1.396212279999999861e-01,-1.468685418000000020e-01,-1.472049803000000101e-01,-1.545064895999999910e-01
-1.468685418000000020e-01,-1.535831391999999962e-01,-1.545064895999999910e-01,-1.612710803999999887e-01
9.576641321000000096e-01,9.217675923999999466e-01,9.562986492999999699e-01,9.204648733000000416e-01
9.217675923999999466e-01,8.902747630999999773e-01,9.204648733000000416e-01,8.889897465999999637e-01
8.902747630999999773e-01,8.622819185000000219e-01,8.889897465999999637e-01,8.609845637999999912e-01
8.622819185000000219e-01,8.371093869000000298e-01,8.609845637999999912e-01,8.357794881000000231e-01
8.371093869000000298e-01,8.142331838999999905e-01,8.357794881000000231e-01,8.128567934000000550e-01
8.142331838999999905e-01,7.932478786000000115e-01,8.128567934000000550e-01,7.918153405000000200e-01
7.932478786000000115e-01,7.738249898000000293e-01,7.918153405000000200e-01,7.723293900000000045e-01
7.738249898000000293e-01,7.557055950000000077e-01,7.723293900000000045e-01,7.541421055999999457e-01
7.557055950000000077e-01,7.386722565000000129e-01,7.541421055999999457e-01,7.370373607000000327e-01
7.386722565000000129e-01,7.225450276999999533e-01,7.370373607000000327e-01,7.208359838000000241e-01
7.225450276999999533e-01,7.071746587999999667e-01,7.208359838000000241e-01,7.053894996999999778e-01
7.071746587999999667e-01,6.924301386000000225e-01,7.053894996999999778e-01,6.905670762000000185e-01
6.924301386000000225e-01,6.781984568000000158e-01,6.905670762000000185e-01,6.762559414000000046e-01
6.781984568000000158e-01,6.643806100000000381e-01,6.762559414000000046e-01,6.623572706999999449e-01
6.643806100000000381e-01,6.508866548999999724e-01,6.623572706999999449e-01,6.487811803999999904e-01
6.508866548999999724e-01,6.376342772999999964e-01,6.487811803999999904e-01,6.354451180000000310e-01
6.376342772999999964e-01,6.245479583999999917e-01,6.354451180000000310e-01,6.222735643000000261e-01
6.245479583999999917e-01,6.115540266000000225e-01,6.222735643000000261e-01,6.091926694000000531e-01
6.115540266000000225e-01,5.985814333000000209e-01,6.091926694000000531e-01,5.961310863000000015e-01
5.985814333000000209e-01,5.855606794000000059e-01,5.961310863000000015e-01,5.830190182000000165e-01
5.855606794000000059e-01,5.724210143000000306e-01,5.830190182000000165e-01,5.697855352999999790e-01
5.724210143000000306e-01,5.590876340999999528e-01,5.697855352999999790e-01,5.563554168000000022e-01
5.590876340999999528e-01,5.454818009999999884e-01,5.563554168000000022e-01,5.426493882999999796e-01
5.454818009999999884e-01,5.315209030999999973e-01,5.426493882999999796e-01,5.285844207000000017e-01
5.315209030999999973e-01,5.171123743000000106e-01,5.285844207000000017e-01,5.140673517999999609e-01
5.171123743000000106e-01,5.021514892999999757e-01,5.140673517999999609e-01,4.989928304999999842e-01
5.021514892999999757e-01,4.865205288000000183e-01,4.989928304999999842e-01,4.832423329000000156e-01
4.865205288000000183e-01,4.700855017000000191e-01,4.832423329000000156e-01,4.666809738000000096e-01
4.700855017000000191e-01,4.526860714000000008e-01,4.666809738000000096e-01,4.491473733999999940e-01
4.526860714000000008e-01,4.341325164000000014e-01,4.491473733999999940e-01,4.304505586999999855e-01
4.341325164000000014e-01,4.141993225000000223e-01,4.304505586999999855e-01,4.103634357000000010e-01
4.141993225000000223e-01,3.926068842000000059e-01,4.103634357000000010e-01,3.886045813999999821e-01
3.926068842000000059e-01,3.700387775999999795e-01,3.886045813999999821e-01,3.658618033000000103e-01
3.700387775999999795e-01,3.471437693000000158e-01,3.658618033000000103e-01,3.427880406000000102e-01
3.471437693000000158e-01,3.240073323000000061e-01,3.427880406000000102e-01,3.194696604999999745e-01
3.240073323000000061e-01,3.007184862999999764e-01,3.194696604999999745e-01,2.959967256000000102e-01
3.007184862999999764e-01,2.773719131999999865e-01,2.959967256000000102e-01,2.724648416000000073e-01
2.773719131999999865e-01,2.540611029000000021e-01,2.724648416000000073e-01,2.489686161000000120e-01
2.540611029000000021e-01,2.308818548999999887e-01,2.489686161000000120e-01,2.256046533999999937e-01
2.308818548999999887e-01,2.079298645000000056e-01,2.256046533999999937e-01,2.024695873000000035e-01
2.079298645000000056e-01,1.852921694999999924e-01,2.024695873000000035e-01,1.796513945000000056e-01
1.852921694999999924e-01,1.630611121999999968e-01,1.796513945000000056e-01,1.572430730000000110e-01
1.630611121999999968e-01,1.413118242999999996e-01,1.572430730000000110e-01,1.353205590999999874e-01
1.413118242999999996e-01,1.201243921999999992e-01,1.353205590999999874e-01,1.139644234999999950e-01
1.201243921999999992e-01,9.956107289000000471e-02,1.139644234999999950e-01,9.323754906999999481e-02
9.956107289000000471e-02,7.968152314000000180e-02,9.323754906999999481e-02,7.319994270999999331e-02
7.968152314000000180e-02,6.053566560000000346e-02,7.319994270999999331e-02,5.390187352999999820e-02
6.053566560000000346e-02,4.215874894999999817e-02,5.390187352999999820e-02,3.537892178000000276e-02
4.215874894999999817e-02,2.458632923999999956e-02,3.537892178000000276e-02,1.766671239999999948e-02
2.458632923999999956e-02,7.833698764000000467e-03,1.766671239999999948e-02,7.807757356000000117e-04
7.833698764000000467e-03,-8.084275760000000574e-03,7.807757356000000117e-04,-1.526402682000000018e-02
-8.084275760000000574e-03,-2.316368930000000173e-02,-1.526402682000000018e-02,-3.046379797000000125e-02
-2.316368930000000173e-02,-3.741286694999999829e-02,-3.046379797000000125e-02,-4.482680558999999759e-02
-3.741286694999999829e-02,-5.083750187999999670e-02,-4.482680558999999759e-02,-5.835891515000000279e-02
-5.083750187999999670e-02,-6.345584988999999898e-02,-5.835891515000000279e-02,-7.107846438999999850e-02
-6.345584988999999898e-02,-7.529263197999999657e-02,-7.107846438999999850e-02,-8.301024883999999493e-02
-7.529263197999999657e-02,-8.636962621999999534e-02,-8.301024883999999493e-02,-9.417629242000000178e-02
-8.636962621999999534e-02,-9.671570360999999505e-02,-9.417629242000000178e-02,-1.046056449000000027e-01
-9.671570360999999505e-02,-1.063643098000000009e-01,-1.046056449000000027e-01,-1.143318935999999980e-01
-1.063643098000000009e-01,-1.153486744000000036e-01,-1.143318935999999980e-01,-1.233884989999999987e-01
-1.153486744000000036e-01,-1.236994639000000007e-01,-1.233884989999999987e-01,-1.318064183000000056e-01
-1.236994639000000007e-01,-1.314520687000000077e-01,-1.318064183000000056e-01,-1.396212279999999861e-01
-1.314520687000000077e-01,-1.386418492000000002e-01,-1.396212279999999861e-01,-1.468685418000000020e-01
-1.386418492000000002e-01,-1.453033536999999986e-01,-1.468685418000000020e-01,-1.535831391999999962e-01
9.592618346000000296e-01,9.233006239000000059e-01,9.576641321000000096e-01,9.217675923999999466e-01
9.233006239000000059e-01,8.917903303999999975e-01,9.217675923999999466e-01,8.902747630999999773e-01
8.917903303999999975e-01,8.638113737000000514e-01,8.902747630999999773e-01,8.622819185000000219e-01
8.638113737000000514e-01,8.386737704000000182e-01,8.622819185000000219e-01,8.371093869000000298e-01
8.386737704000000182e-01,8.158472775999999760e-01,8.371093869000000298e-01,8.142331838999999905e-01
8.158472775999999760e-01,7.949216366000000367e-01,8.142331838999999905e-01,7.932478786000000115e-01
7.949216366000000367e-01,7.755656838000000164e-01,7.932478786000000115e-01,7.738249898000000293e-01
7.755656838000000164e-01,7.575181722999999590e-01,7.738249898000000293e-01,7.557055950000000077e-01
7.575181722999999590e-01,7.405604719999999697e-01,7.557055950000000077e-01,7.386722565000000129e-01
7.405604719999999697e-01,7.245117425999999528e-01,7.386722565000000129e-01,7.225450276999999533e-01
7.245117425999999528e-01,7.092219590999999657e-01,7.225450276999999533e-01,7.071746587999999667e-01
7.092219590999999657e-01,6.945598124999999845e-01,7.071746587999999667e-01,6.924301386000000225e-01
6.945598124999999845e-01,6.804121136999999875e-01,6.924301386000000225e-01,6.781984568000000158e-01
6.804121136999999875e-01,6.666796206999999752e-01,6.781984568000000158e-01,6.643806100000000381e-01
6.666796206999999752e-01,6.532725096000000509e-01,6.643806100000000381e-01,6.508866548999999724e-01
6.532725096000000509e-01,6.401086449999999761e-01,6.508866548999999724e-01,6.376342772999999964e-01
6.401086449999999761e-01,6.271123290000000239e-01,6.376342772999999964e-01,6.245479583999999917e-01
6.271123290000000239e-01,6.142103075999999495e-01,6.245479583999999917e-01,6.115540266000000225e-01
6.142103075999999495e-01,6.013317108000000299e-01,6.115540266000000225e-01,5.985814333000000209e-01
6.013317108000000299e-01,5.884073973000000235e-01,5.985814333000000209e-01,5.855606794000000059e-01
5.884073973000000235e-01,5.753668547000000411e-01,5.855606794000000059e-01,5.724210143000000306e-01
5.753668547000000411e-01,5.621357559999999864e-01,5.724210143000000306e-01,5.590876340999999528e-01
5.621357559999999864e-01,5.486357807999999725e-01,5.590876340999999528e-01,5.454818009999999884e-01
5.486357807999999725e-01,5.347847938999999995e-01,5.454818009999999884e-01,5.315209030999999973e-01
5.347847938999999995e-01,5.204909443999999885e-01,5.315209030999999973e-01,5.171123743000000106e-01
5.204909443999999885e-01,5.056501031000000257e-01,5.171123743000000106e-01,5.021514892999999757e-01
5.056501031000000257e-01,4.901453853000000138e-01,5.021514892999999757e-01,4.865205288000000183e-01
4.901453853000000138e-01,4.738437831000000267e-01,4.865205288000000183e-01,4.700855017000000191e-01
4.738437831000000267e-01,4.565860927000000014e-01,4.700855017000000191e-01,4.526860714000000008e-01
4.565860927000000014e-01,4.381839335000000113e-01,4.526860714000000008e-01,4.341325164000000014e-01
4.381839335000000113e-01,4.184133708000000174e-01,4.341325164000000014e-01,4.141993225000000223e-01
4.184133708000000174e-01,3.969967960999999934e-01,4.141993225000000223e-01,3.926068842000000059e-01
3.969967960999999934e-01,3.746132851000000263e-01,3.926068842000000059e-01,3.700387775999999795e-01
3.746132851000000263e-01,3.519072234999999771e-01,3.700387775999999795e-01,3.471437693000000158e-01
3.519072234999999771e-01,3.289630412999999809e-01,3.471437693000000158e-01,3.240073323000000061e-01
3.289630412999999809e-01,3.058687448999999892e-01,3.240073323000000061e-01,3.007184862999999764e-01
3.058687448999999892e-01,2.827180027999999790e-01,3.007184862999999764e-01,2.773719131999999865e-01
2.827180027999999790e-01,2.596032618999999930e-01,2.773719131999999865e-01,2.540611029000000021e-01
2.596032618999999930e-01,2.366192638999999875e-01,2.540611029000000021e-01,2.308818548999999887e-01
2.366192638999999875e-01,2.138607949000000119e-01,2.308818548999999887e-01,2.079298645000000056e-01
2.138607949000000119e-01,1.914139688000000006e-01,2.079298645000000056e-01,1.852921694999999924e-01
1.914139688000000006e-01,1.693703531999999901e-01,1.852921694999999924e-01,1.630611121999999968e-01
1.693703531999999901e-01,1.478042752000000015e-01,1.630611121999999968e-01,1.413118242999999996e-01
1.478042752000000015e-01,1.267952621000000002e-01,1.413118242999999996e-01,1.201243921999999992e-01
1.267952621000000002e-01,1.064049675999999972e-01,1.201243921999999992e-01,9.956107289000000471e-02
1.064049675999999972e-01,8.669263123999999821e-02,9.956107289000000471e-02,7.968152314000000180e-02
8.669263123999999821e-02,6.770782173000000626e-02,7.968152314000000180e-02,6.053566560000000346e-02
6.770782173000000626e-02,4.948543011999999991e-02,6.053566560000000346e-02,4.215874894999999817e-02
4.948543011999999991e-02,3.206096216999999859e-02,4.215874894999999817e-02,2.458632923999999956e-02
3.206096216999999859e-02,1.544943078999999955e-02,2.458632923999999956e-02,7.833698764000000467e-03
1.544943078999999955e-02,-3.342830169000000060e-04,7.833698764000000467e-03,-8.084275760000000574e-03
-3.342830169000000060e-04,-1.528626680000000002e-02,-8.084275760000000574e-03,-2.316368930000000173e-02
-1.528626680000000002e-02,-2.941490895999999966e-02,-2.316368930000000173e-02,-3.741286694999999829e-02
-2.941490895999999966e-02,-4.272572696000000170e-02,-3.741286694999999829e-02,-5.083750187999999670e-02
-4.272572696000000170e-02,-5.523688345999999694e-02,-5.083750187999999670e-02,-6.345584988999999898e-02
-5.523688345999999694e-02,-6.697303056999999449e-02,-6.345584988999999898e-02,-7.529263197999999657e-02
-6.697303056999999449e-02,-7.795567065000000295e-02,-7.529263197999999657e-02,-8.636962621999999534e-02
-7.795567065000000295e-02,-8.821351081000000649e-02,-8.636962621999999534e-02,-9.671570360999999505e-02
-8.821351081000000649e-02,-9.777982533000000032e-02,-9.671570360999999505e-02,-1.063643098000000009e-01
-9.777982533000000032e-02,-1.066876202999999940e-01,-1.063643098000000009e-01,-1.153486744000000036e-01
-1.066876202999999940e-01,-1.149672642000000022e-01,-1.153486744000000036e-01,-1.236994639000000007e-01
-1.149672642000000022e-01,-1.226538940999999938e-01,-1.236994639000000007e-01,-1.314520687000000077e-01
-1.226538940999999938e-01,-1.297826618000000043e-01,-1.314520687000000077e-01,-1.386418492000000002e-01
-1.297826618000000043e-01,-1.363878846000000089e-01,-1.386418492000000002e-01,-1.453033536999999986e-01
9.611277580000000542e-01,9.250994325000000407e-01,9.592618346000000296e-01,9.233006239000000059e-01
9.250994325000000407e-01,8.935713172000000482e-01,9.233006239000000059e-01,8.917903303999999975e-01
8.935713172000000482e-01,8.656075597000000288e-01,8.917903303999999975e-01,8.638113737000000514e-01
8.656075597000000288e-01,8.405072689000000485e-01,8.638113737000000514e-01,8.386737704000000182e-01
8.405072689000000485e-01,8.177334666000000141e-01,8.386737704000000182e-01,8.158472775999999760e-01
8.177334666000000141e-01,7.968710064999999787e-01,8.158472775999999760e-01,7.949216366000000367e-01
7.968710064999999787e-01,7.775857448999999866e-01,7.949216366000000367e-01,7.755656838000000164e-01
7.775857448999999866e-01,7.596142888000000370e-01,7.755656838000000164e-01,7.575181722999999590e-01
7.596142888000000370e-01,7.427365183999999898e-01,7.575181722999999590e-01,7.405604719999999697e-01
7.427365183999999898e-01,7.267705798000000383e-01,7.405604719999999697e-01,7.245117425999999528e-01
7.267705798000000383e-01,7.115658522000000152e-01,7.245117425999999528e-01,7.092219590999999657e-01
7.115658522000000152e-01,6.969907880000000278e-01,7.092219590999999657e-01,6.945598124999999845e-01
6.969907880000000278e-01,6.829317212000000081e-01,6.945598124999999845e-01,6.804121136999999875e-01
6.829317212000000081e-01,6.692892909000000001e-01,6.804121136999999875e-01,6.666796206999999752e-01
6.692892909000000001e-01,6.559738516999999991e-01,6.666796206999999752e-01,6.532725096000000509e-01
6.559738516999999991e-01,6.429032682999999970e-01,6.532725096000000509e-01,6.401086449999999761e-01
6.429032682999999970e-01,6.300020217999999783e-01,6.401086449999999761e-01,6.271123290000000239e-01
6.300020217999999783e-01,6.171969770999999882e-01,6.271123290000000239e-01,6.142103075999999495e-01
6.171969770999999882e-01,6.044175625000000052e-01,6.142103075999999495e-01,6.013317108000000299e-01
6.044175625000000052e-01,5.915950536999999843e-01,6.013317108000000299e-01,5.884073973000000235e-01
5.915950536999999843e-01,5.786590576000000263e-01,5.884073973000000235e-01,5.753668547000000411e-01
5.786590576000000263e-01,5.655358433999999601e-01,5.753668547000000411e-01,5.621357559999999864e-01
5.655358433999999601e-01,5.521475673000000306e-01,5.621357559999999864e-01,5.486357807999999725e-01
5.521475673000000306e-01,5.384126902000000436e-01,5.486357807999999725e-01,5.347847938999999995e-01
5.384126902000000436e-01,5.242397785000000310e-01,5.347847938999999995e-01,5.204909443999999885e-01
5.242397785000000310e-01,5.095255971000000050e-01,5.204909443999999885e-01,5.056501031000000257e-01
5.095255971000000050e-01,4.941541850999999763e-01,5.056501031000000257e-01,4.901453853000000138e-01
4.941541850999999763e-01,4.779934287000000004e-01,4.901453853000000138e-01,4.738437831000000267e-01
4.779934287000000004e-01,4.608853459000000208e-01,4.738437831000000267e-01,4.565860927000000014e-01
4.608853459000000208e-01,4.426429271999999804e-01,4.565860927000000014e-01,4.381839335000000113e-01
4.426429271999999804e-01,4.230440855000000000e-01,4.381839335000000113e-01,4.184133708000000174e-01
4.230440855000000000e-01,4.018131195999999905e-01,4.184133708000000174e-01,3.969967960999999934e-01
4.018131195999999905e-01,3.796245158000000064e-01,3.969967960999999934e-01,3.746132851000000263e-01
3.796245158000000064e-01,3.571179211000000131e-01,3.746132851000000263e-01,3.519072234999999771e-01
3.571179211000000131e-01,3.343767523999999769e-01,3.519072234999999771e-01,3.289630412999999809e-01
3.343767523999999769e-01,3.114878832999999902e-01,3.289630412999999809e-01,3.058687448999999892e-01
3.114878832999999902e-01,2.885439396000000212e-01,3.058687448999999892e-01,2.827180027999999790e-01
2.885439396000000212e-01,2.656362354999999842e-01,2.827180027999999790e-01,2.596032618999999930e-01
2.656362354999999842e-01,2.428584695000000071e-01,2.596032618999999930e-01,2.366192638999999875e-01
2.428584695000000071e-01,2.203044145999999981e-01,2.366192638999999875e-01,2.138607949000000119e-01
2.203044145999999981e-01,1.980592012000000068e-01,2.138607949000000119e-01,1.914139688000000006e-01
1.980592012000000068e-01,1.762136220999999947e-01,1.914139688000000006e-01,1.693703531999999901e-01
1.762136220999999947e-01,1.548411101000000123e-01,1.693703531999999901e-01,1.478042752000000015e-01
1.548411101000000123e-01,1.340206563000000128e-01,1.478042752000000015e-01,1.267952621000000002e-01
1.340206563000000128e-01,1.138131916999999965e-01,1.267952621000000002e-01,1.064049675999999972e-01
1.138131916999999965e-01,9.427759050999999502e-02,1.064049675999999972e-01,8.669263123999999821e-02
9.427759050999999502e-02,7.546301185999999828e-02,8.669263123999999821e-02,6.770782173000000626e-02
7.546301185999999828e-02,5.740398169000000134e-02,6.770782173000000626e-02,4.948543011999999991e-02
5.740398169000000134e-02,4.013593495000000039e-02,4.948543011999999991e-02,3.206096216999999859e-02
4.013593495000000039e-02,2.367360145000000152e-02,3.206096216999999859e-02,1.544943078999999955e-02
2.367360145000000152e-02,8.031873032000000009e-03,1.544943078999999955e-02,-3.342830169000000060e-04
8.031873032000000009e-03,-6.785334554000000025e-03,-3.342830169000000060e-04,-1.528626680000000002e-02
-6.785334554000000025e-03,-2.078647725000000099e-02,-1.528626680000000002e-02,-2.941490895999999966e-02
-2.078647725000000099e-02,-3.397688270000000232e-02,-2.941490895999999966e-02,-4.272572696000000170e-02
-3.397688270000000232e-02,-4.637462645999999855e-02,-4.272572696000000170e-02,-5.523688345999999694e-02
-4.637462645999999855e-02,-5.800427495999999766e-02,-5.523688345999999694e-02,-6.697303056999999449e-02
-5.800427495999999766e-02,-6.888706981999999368e-02,-6.697303056999999449e-02,-7.795567065000000295e-02
-6.888706981999999368e-02,-7.905151694999999756e-02,-7.795567065000000295e-02,-8.821351081000000649e-02
-7.905151694999999756e-02,-8.853071928000000312e-02,-8.821351081000000649e-02,-9.777982533000000032e-02
-8.853071928000000312e-02,-9.735745192000000436e-02,-9.777982533000000032e-02,-1.066876202999999940e-01
-9.735745192000000436e-02,-1.055617556000000012e-01,-1.066876202999999940e-01,-1.149672642000000022e-01
-1.055617556000000012e-01,-1.131785362999999933e-01,-1.149672642000000022e-01,-1.226538940999999938e-01
-1.131785362999999933e-01,-1.202426924999999980e-01,-1.226538940999999938e-01,-1.297826618000000043e-01
-1.202426924999999980e-01,-1.267882734999999927e-01,-1.297826618000000043e-01,-1.363878846000000089e-01
9.633045196999999726e-01,9.272055030000000420e-01,9.611277580000000542e-01,9.250994325000000407e-01
9.272055030000000420e-01,8.956588506999999533e-01,9.250994325000000407e-01,8.935713172000000482e-01
8.956588506999999533e-01,8.677110075999999728e-01,8.935713172000000482e-01,8.656075597000000288e-01
8.677110075999999728e-01,8.426499963000000371e-01,8.656075597000000288e-01,8.405072689000000485e-01
8.426499963000000371e-01,8.199316858999999846e-01,8.405072689000000485e-01,8.177334666000000141e-01
8.199316858999999846e-01,7.991358041999999662e-01,8.177334666000000141e-01,7.968710064999999787e-01
7.991358041999999662e-01,7.799249887000000436e-01,7.968710064999999787e-01,7.775857448999999866e-01
7.799249887000000436e-01,7.620335220999999715e-01,7.775857448999999866e-01,7.596142888000000370e-01
7.620335220999999715e-01,7.452399731000000083e-01,7.596142888000000370e-01,7.427365183999999898e-01
7.452399731000000083e-01,7.293612956999999675e-01,7.427365183999999898e-01,7.267705798000000383e-01
7.293612956999999675e-01,7.142462134000000518e-01,7.267705798000000383e-01,7.115658522000000152e-01
7.142462134000000518e-01,6.997627020000000142e-01,7.115658522000000152e-01,6.969907880000000278e-01
6.997627020000000142e-01,6.857969761000000108e-01,6.969907880000000278e-01,6.829317212000000081e-01
6.857969761000000108e-01,6.722494959999999464e-01,6.829317212000000081e-01,6.692892909000000001e-01
6.722494959999999464e-01,6.590306163000000383e-01,6.692892909000000001e-01,6.559738516999999991e-01
6.590306163000000383e-01,6.460583805999999818e-01,6.559738516999999991e-01,6.429032682999999970e-01
6.460583805999999818e-01,6.332572698999999750e-01,6.429032682999999970e-01,6.300020217999999783e-01
6.332572698999999750e-01,6.205543876000000347e-01,6.300020217999999783e-01,6.171969770999999882e-01
6.205543876000000347e-01,6.078795194999999651e-01,6.171969770999999882e-01,6.044175625000000052e-01
6.078795194999999651e-01,5.951641798000000261e-01,6.044175625000000052e-01,5.915950536999999843e-01
5.951641798000000261e-01,5.823384523000000312e-01,5.915950536999999843e-01,5.786590576000000263e-01
5.823384523000000312e-01,5.693289637999999764e-01,5.786590576000000263e-01,5.655358433999999601e-01
5.693289637999999764e-01,5.560583472000000249e-01,5.655358433999999601e-01,5.521475673000000306e-01
5.560583472000000249e-01,5.424457191999999539e-01,5.521475673000000306e-01,5.384126902000000436e-01
5.424457191999999539e-01,5.284003615000000265e-01,5.384126902000000436e-01,5.242397785000000310e-01
5.284003615000000265e-01,5.138196944999999793e-01,5.242397785000000310e-01,5.095255971000000050e-01
5.138196944999999793e-01,4.985887706000000086e-01,5.095255971000000050e-01,4.941541850999999763e-01
4.985887706000000086e-01,4.825764893999999749e-01,4.941541850999999763e-01,4.779934287000000004e-01
4.825764893999999749e-01,4.656261206000000263e-01,4.779934287000000004e-01,4.608853459000000208e-01
4.656261206000000263e-01,4.475521445000000265e-01,4.608853459000000208e-01,4.426429271999999804e-01
4.475521445000000265e-01,4.281342924000000050e-01,4.426429271999999804e-01,4.230440855000000000e-01
4.281342924000000050e-01,4.070990682000000249e-01,4.230440855000000000e-01,4.018131195999999905e-01
4.070990682000000249e-01,3.851159512999999812e-01,4.018131195999999905e-01,3.796245158000000064e-01
3.851159512999999812e-01,3.628197014000000276e-01,3.796245158000000064e-01,3.571179211000000131e-01
3.628197014000000276e-01,3.402926325999999779e-01,3.571179211000000131e-01,3.343767523999999769e-01
3.402926325999999779e-01,3.176204263999999888e-01,3.343767523999999769e-01,3.114878832999999902e-01
3.176204263999999888e-01,2.948946058999999953e-01,3.114878832999999902e-01,2.885439396000000212e-01
2.948946058999999953e-01,2.722052931999999759e-01,2.885439396000000212e-01,2.656362354999999842e-01
2.722052931999999759e-01,2.496450692000000138e-01,2.656362354999999842e-01,2.428584695000000071e-01
2.496450692000000138e-01,2.273066937999999870e-01,2.428584695000000071e-01,2.203044145999999981e-01
2.273066937999999870e-01,2.052742093999999906e-01,2.203044145999999981e-01,1.980592012000000068e-01
2.052742093999999906e-01,1.836375892000000065e-01,1.980592012000000068e-01,1.762136220999999947e-01
1.836375892000000065e-01,1.624693423999999942e-01,1.762136220999999947e-01,1.548411101000000123e-01
1.624693423999999942e-01,1.418478638000000014e-01,1.548411101000000123e-01,1.340206563000000128e-01
1.418478638000000014e-01,1.218333914999999990e-01,1.340206563000000128e-01,1.138131916999999965e-01
1.218333914999999990e-01,1.024843379999999943e-01,1.138131916999999965e-01,9.427759050999999502e-02
1.024843379999999943e-01,8.384946733999999735e-02,9.427759050999999502e-02,7.546301185999999828e-02
8.384946733999999735e-02,6.596291810000000366e-02,7.546301185999999828e-02,5.740398169000000134e-02
6.596291810000000366e-02,4.886003210999999985e-02,5.740398169000000134e-02,4.013593495000000039e-02
4.886003210999999985e-02,3.255525604000000101e-02,4.013593495000000039e-02,2.367360145000000152e-02
3.255525604000000101e-02,1.706347801000000081e-02,2.367360145000000152e-02,8.031873032000000009e-03
1.706347801000000081e-02,2.388625172999999866e-03,8.031873032000000009e-03,-6.785334554000000025e-03
2.388625172999999866e-03,-1.147783454999999966e-02,-6.785334554000000025e-03,-2.078647725000000099e-02
-1.147783454999999966e-02,-2.454102784000000009e-02,-2.078647725000000099e-02,-3.397688270000000232e-02
-2.454102784000000009e-02,-3.681894391999999960e-02,-3.397688270000000232e-02,-4.637462645999999855e-02
-3.681894391999999960e-02,-4.833606257999999850e-02,-4.637462645999999855e-02,-5.800427495999999766e-02
-4.833606257999999850e-02,-5.911333859000000163e-02,-5.800427495999999766e-02,-6.888706981999999368e-02
-5.911333859000000163e-02,-6.917908042999999785e-02,-6.888706981999999368e-02,-7.905151694999999756e-02
-6.917908042999999785e-02,-7.856620103000000466e-02,-7.905151694999999756e-02,-8.853071928000000312e-02
-7.856620103000000466e-02,-8.730724453999999524e-02,-8.853071928000000312e-02,-9.735745192000000436e-02
-8.730724453999999524e-02,-9.543190151000000010e-02,-9.735745192000000436e-02,-1.055617556000000012e-01
-9.543190151000000010e-02,-1.029748246000000006e-01,-1.055617556000000012e-01,-1.131785362999999933e-01
-1.029748246000000006e-01,-1.099706515999999967e-01,-1.131785362999999933e-01,-1.202426924999999980e-01
-1.099706515999999967e-01,-1.164531781999999932e-01,-1.202426924999999980e-01,-1.267882734999999927e-01
9.658410549000000511e-01,9.296670555999999586e-01,9.633045196999999726e-01,9.272055030000000420e-01
9.296670555999999586e-01,8.981000781000000321e-01,9.272055030000000420e-01,8.956588506999999533e-01
8.981000781000000321e-01,8.701685071000000438e-01,8.956588506999999533e-01,8.677110075999999728e-01
8.701685071000000438e-01,8.451483845999999689e-01,8.677110075999999728e-01,8.426499963000000371e-01
8.451483845999999689e-01,8.224880099000000389e-01,8.426499963000000371e-01,8.199316858999999846e-01
8.224880099000000389e-01,8.017617463999999750e-01,8.199316858999999846e-01,7.991358041999999662e-01
8.017617463999999750e-01,7.826290130999999928e-01,7.991358041999999662e-01,7.799249887000000436e-01
7.826290130999999928e-01,7.648215294000000330e-01,7.799249887000000436e-01,7.620335220999999715e-01
7.648215294000000330e-01,7.481162547999999912e-01,7.620335220999999715e-01,7.452399731000000083e-01
7.481162547999999912e-01,7.323292493999999930e-01,7.452399731000000083e-01,7.293612956999999675e-01
7.323292493999999930e-01,7.173082231999999836e-01,7.293612956999999675e-01,7.142462134000000518e-01
7.173082231999999836e-01,7.029209733000000293e-01,7.142462134000000518e-01,6.997627020000000142e-01
7.029209733000000293e-01,6.890533565999999999e-01,6.997627020000000142e-01,6.857969761000000108e-01
6.890533565999999999e-01,6.756056547000000023e-01,6.857969761000000108e-01,6.722494959999999464e-01
6.756056547000000023e-01,6.624882816999999591e-01,6.722494959999999464e-01,6.590306163000000383e-01
6.624882816999999591e-01,6.496194004999999994e-01,6.590306163000000383e-01,6.460583805999999818e-01
6.496194004999999994e-01,6.369235516000000263e-01,6.460583805999999818e-01,6.332572698999999750e-01
6.369235516000000263e-01,6.243280768000000203e-01,6.332572698999999750e-01,6.205543876000000347e-01
6.243280768000000203e-01,6.117631793000000151e-01,6.205543876000000347e-01,6.078795194999999651e-01
6.117631793000000151e-01,5.991606116000000037e-01,6.078795194999999651e-01,5.951641798000000261e-01
5.991606116000000037e-01,5.864508748000000216e-01,5.951641798000000261e-01,5.823384523000000312e-01
5.864508748000000216e-01,5.735609530999999928e-01,5.823384523000000312e-01,5.693289637999999764e-01
5.735609530999999928e-01,5.604141951000000121e-01,5.693289637999999764e-01,5.560583472000000249e-01
5.604141951000000121e-01,5.469302535000000187e-01,5.560583472000000249e-01,5.424457191999999539e-01
5.469302535000000187e-01,5.330190659000000331e-01,5.424457191999999539e-01,5.284003615000000265e-01
5.330190659000000331e-01,5.185789466000000347e-01,5.284003615000000265e-01,5.138196944999999793e-01
5.185789466000000347e-01,5.034958123999999646e-01,5.138196944999999793e-01,4.985887706000000086e-01
5.034958123999999646e-01,4.876397847999999757e-01,4.985887706000000086e-01,4.825764893999999749e-01
4.876397847999999757e-01,4.708554148999999911e-01,4.825764893999999749e-01,4.656261206000000263e-01
4.708554148999999911e-01,4.529587327999999857e-01,4.656261206000000263e-01,4.475521445000000265e-01
4.529587327999999857e-01,4.337314366999999726e-01,4.475521445000000265e-01,4.281342924000000050e-01
4.337314366999999726e-01,4.129022658000000012e-01,4.281342924000000050e-01,4.070990682000000249e-01
4.129022658000000012e-01,3.911354839999999777e-01,4.070990682000000249e-01,3.851159512999999812e-01
3.911354839999999777e-01,3.690606952000000107e-01,3.851159512999999812e-01,3.628197014000000276e-01
3.690606952000000107e-01,3.467590510999999931e-01,3.628197014000000276e-01,3.402926325999999779e-01
3.467590510999999931e-01,3.243150115000000278e-01,3.402926325999999779e-01,3.176204263999999888e-01
3.243150115000000278e-01,3.018189371000000176e-01,3.176204263999999888e-01,2.948946058999999953e-01
3.018189371000000176e-01,2.793596089000000005e-01,2.948946058999999953e-01,2.722052931999999759e-01
2.793596089000000005e-01,2.570285499000000140e-01,2.722052931999999759e-01,2.496450692000000138e-01
2.570285499000000140e-01,2.349173724999999990e-01,2.496450692000000138e-01,2.273066937999999870e-01
2.349173724999999990e-01,2.131089717000000106e-01,2.273066937999999870e-01,2.052742093999999906e-01
2.131089717000000106e-01,1.916925161999999960e-01,2.052742093999999906e-01,1.836375892000000065e-01
1.916925161999999960e-01,1.707394868000000065e-01,1.836375892000000065e-01,1.624693423999999942e-01
1.707394868000000065e-01,1.503276825000000039e-01,1.624693423999999942e-01,1.418478638000000014e-01
1.503276825000000039e-01,1.305165886999999914e-01,1.418478638000000014e-01,1.218333914999999990e-01
1.305165886999999914e-01,1.113641410999999942e-01,1.218333914999999990e-01,1.024843379999999943e-01
1.113641410999999942e-01,9.291868657000000586e-02,1.024843379999999943e-01,8.384946733999999735e-02
9.291868657000000586e-02,7.521393895000000329e-02,8.384946733999999735e-02,6.596291810000000366e-02
7.521393895000000329e-02,5.828516557999999931e-02,6.596291810000000366e-02,4.886003210999999985e-02
5.828516557999999931e-02,4.214648901999999697e-02,4.886003210999999985e-02,3.255525604000000101e-02
4.214648901999999697e-02,2.681281603999999957e-02,3.255525604000000101e-02,1.706347801000000081e-02
2.681281603999999957e-02,1.228806841999999927e-02,1.706347801000000081e-02,2.388625172999999866e-03
1.228806841999999927e-02,-1.436362858000000096e-03,2.388625172999999866e-03,-1.147783454999999966e-02
-1.436362858000000096e-03,-1.436539646000000066e-02,-1.147783454999999966e-02,-2.454102784000000009e-02
-1.436539646000000066e-02,-2.651692740999999839e-02,-2.454102784000000009e-02,-3.681894391999999960e-02
-2.651692740999999839e-02,-3.791534527999999848e-02,-3.681894391999999960e-02,-4.833606257999999850e-02
-3.791534527999999848e-02,-4.858130961999999886e-02,-4.833606257999999850e-02,-5.911333859000000163e-02
-4.858130961999999886e-02,-5.854291469000000303e-02,-5.911333859000000163e-02,-6.917908042999999785e-02
-5.854291469000000303e-02,-6.783288716999999468e-02,-6.917908042999999785e-02,-7.856620103000000466e-02
-6.783288716999999468e-02,-7.648351789000000511e-02,-7.856620103000000466e-02,-8.730724453999999524e-02
-7.648351789000000511e-02,-8.452412485999999392e-02,-8.730724453999999524e-02,-9.543190151000000010e-02
-8.452412485999999392e-02,-9.198910742999999446e-02,-9.543190151000000010e-02,-1.029748246000000006e-01
-9.198910742999999446e-02,-9.891283512000000055e-02,-1.029748246000000006e-01,-1.099706515999999967e-01
-9.891283512000000055e-02,-1.053288057000000000e-01,-1.099706515999999967e-01,-1.164531781999999932e-01
9.687953591000000308e-01,9.325405955000000136e-01,9.658410549000000511e-01,9.296670555999999586e-01
9.325405955000000136e-01,9.009507894999999600e-01,9.296670555999999586e-01,8.981000781000000321e-01
9.009507894999999600e-01,8.730349540999999824e-01,8.981000781000000321e-01,8.701685071000000438e-01
8.730349540999999824e-01,8.480566739999999548e-01,8.701685071000000438e-01,8.451483845999999689e-01
8.480566739999999548e-01,8.254563212000000094e-01,8.451483845999999689e-01,8.224880099000000389e-01
8.254563212000000094e-01,8.048024773999999937e-01,8.224880099000000389e-01,8.017617463999999750e-01
8.048024773999999937e-01,7.857511043999999556e-01,8.017617463999999750e-01,7.826290130999999928e-01
7.857511043999999556e-01,7.680312394999999626e-01,7.826290130999999928e-01,7.648215294000000330e-01
7.680312394999999626e-01,7.514183520999999644e-01,7.648215294000000330e-01,7.481162547999999912e-01
7.514183520999999644e-01,7.357271314000000118e-01,7.481162547999999912e-01,7.323292493999999930e-01
7.357271314000000118e-01,7.208046316999999759e-01,7.323292493999999930e-01,7.173082231999999836e-01
7.208046316999999759e-01,7.065181731999999881e-01,7.173082231999999836e-01,7.029209733000000293e-01
7.065181731999999881e-01,6.927534342000000178e-01,7.029209733000000293e-01,6.890533565999999999e-01
6.927534342000000178e-01,6.794102788000000448e-01,6.890533565999999999e-01,6.756056547000000023e-01
6.794102788000000448e-01,6.663993001000000360e-01,6.756056547000000023e-01,6.624882816999999591e-01
6.663993001000000360e-01,6.536388397000000294e-01,6.624882816999999591e-01,6.496194004999999994e-01
6.536388397000000294e-01,6.410534382000000475e-01,6.496194004999999994e-01,6.369235516000000263e-01
6.410534382000000475e-01,6.285707951000000238e-01,6.369235516000000263e-01,6.243280768000000203e-01
6.285707951000000238e-01,6.161212324999999490e-01,6.243280768000000203e-01,6.117631793000000151e-01
6.161212324999999490e-01,6.036370992999999796e-01,6.117631793000000151e-01,5.991606116000000037e-01
6.036370992999999796e-01,5.910490154999999968e-01,5.991606116000000037e-01,5.864508748000000216e-01
5.910490154999999968e-01,5.782847403999999969e-01,5.864508748000000216e-01,5.735609530999999928e-01
5.782847403999999969e-01,5.652680396999999468e-01,5.735609530999999928e-01,5.604141951000000121e-01
5.652680396999999468e-01,5.519192218999999788e-01,5.604141951000000121e-01,5.469302535000000187e-01
5.519192218999999788e-01,5.381489395999999870e-01,5.469302535000000187e-01,5.330190659000000331e-01
5.381489395999999870e-01,5.238564610000000510e-01,5.330190659000000331e-01,5.185789466000000347e-01
5.238564610000000510e-01,5.089286565999999734e-01,5.185789466000000347e-01,5.034958123999999646e-01
5.089286565999999734e-01,4.932367802000000023e-01,5.034958123999999646e-01,4.876397847999999757e-01
4.932367802000000023e-01,4.766268431999999833e-01,4.876397847999999757e-01,4.708554148999999911e-01
4.766268431999999833e-01,4.589164554999999868e-01,4.708554148999999911e-01,4.529587327999999857e-01
4.589164554999999868e-01,4.398894011999999742e-01,4.529587327999999857e-01,4.337314366999999726e-01
4.398894011999999742e-01,4.192767440999999873e-01,4.337314366999999726e-01,4.129022658000000012e-01
4.192767440999999873e-01,3.977373539999999874e-01,4.129022658000000012e-01,3.911354839999999777e-01
3.977373539999999874e-01,3.758953512000000052e-01,3.911354839999999777e-01,3.690606952000000107e-01
3.758953512000000052e-01,3.538306951999999894e-01,3.690606952000000107e-01,3.467590510999999931e-01
3.538306951999999894e-01,3.316265345000000142e-01,3.467590510999999931e-01,3.243150115000000278e-01
3.316265345000000142e-01,3.093719779999999919e-01,3.243150115000000278e-01,3.018189371000000176e-01
3.093719779999999919e-01,2.871545254999999797e-01,3.018189371000000176e-01,2.793596089000000005e-01
2.871545254999999797e-01,2.650644481000000163e-01,2.793596089000000005e-01,2.570285499000000140e-01
2.650644481000000163e-01,2.431921660999999957e-01,2.570285499000000140e-01,2.349173724999999990e-01
2.431921660999999957e-01,2.216194719000000035e-01,2.349173724999999990e-01,2.131089717000000106e-01
2.216194719000000035e-01,2.004345506000000110e-01,2.131089717000000106e-01,1.916925161999999960e-01
2.004345506000000110e-01,1.797079145999999905e-01,1.916925161999999960e-01,1.707394868000000065e-01
1.797079145999999905e-01,1.595166772999999927e-01,1.707394868000000065e-01,1.503276825000000039e-01
1.595166772999999927e-01,1.399195343000000091e-01,1.503276825000000039e-01,1.305165886999999914e-01
1.399195343000000091e-01,1.209739149000000069e-01,1.305165886999999914e-01,1.113641410999999942e-01
1.209739149000000069e-01,1.027277484999999935e-01,1.113641410999999942e-01,9.291868657000000586e-02
1.027277484999999935e-01,8.521427958999999719e-02,9.291868657000000586e-02,7.521393895000000329e-02
8.521427958999999719e-02,6.846871226999999560e-02,7.521393895000000329e-02,5.828516557999999931e-02
6.846871226999999560e-02,5.250483006000000036e-02,5.828516557999999931e-02,4.214648901999999697e-02
5.250483006000000036e-02,3.733754158000000128e-02,4.214648901999999697e-02,2.681281603999999957e-02
3.733754158000000128e-02,2.297077327999999877e-02,2.681281603999999957e-02,1.228806841999999927e-02
2.297077327999999877e-02,9.395829402000000635e-03,1.228806841999999927e-02,-1.436362858000000096e-03
9.395829402000000635e-03,-3.391989041000000038e-03,-1.436362858000000096e-03,-1.436539646000000066e-02
-3.391989041000000038e-03,-1.541048008999999948e-02,-1.436539646000000066e-02,-2.651692740999999839e-02
-1.541048008999999948e-02,-2.668393961999999953e-02,-2.651692740999999839e-02,-3.791534527999999848e-02
-2.668393961999999953e-02,-3.723271935999999949e-02,-3.791534527999999848e-02,-4.858130961999999886e-02
-3.723271935999999949e-02,-4.708468168999999787e-02,-4.858130961999999886e-02,-5.854291469000000303e-02
-4.708468168999999787e-02,-5.627236887999999965e-02,-5.854291469000000303e-02,-6.783288716999999468e-02
-5.627236887999999965e-02,-6.482779234999999640e-02,-6.783288716999999468e-02,-7.648351789000000511e-02
-6.482779234999999640e-02,-7.277990132999999362e-02,-7.648351789000000511e-02,-8.452412485999999392e-02
-7.277990132999999362e-02,-8.016281575000000492e-02,-8.452412485999999392e-02,-9.198910742999999446e-02
-8.016281575000000492e-02,-8.701061457000000554e-02,-9.198910742999999446e-02,-9.891283512000000055e-02
-8.701061457000000554e-02,-9.335650503999999572e-02,-9.891283512000000055e-02,-1.053288057000000000e-01
9.722345471000000128e-01,9.358917475000000374e-01,9.687953591000000308e-01,9.325405955000000136e-01
9.358917475000000374e-01,9.042752385000000226e-01,9.325405955000000136e-01,9.009507894999999600e-01
9.042752385000000226e-01,8.763738870999999708e-01,9.009507894999999600e-01,8.730349540999999824e-01
8.763738870999999708e-01,8.514376878999999620e-01,8.730349540999999824e-01,8.480566739999999548e-01
8.514376878999999620e-01,8.288987278999999653e-01,8.480566739999999548e-01,8.254563212000000094e-01
8.288987278999999653e-01,8.083196282000000288e-01,8.254563212000000094e-01,8.048024773999999937e-01
8.083196282000000288e-01,7.893525362000000101e-01,8.048024773999999937e-01,7.857511043999999556e-01
7.893525362000000101e-01,7.717236875999999857e-01,7.857511043999999556e-01,7.680312394999999626e-01
7.717236875999999857e-01,7.552068232999999964e-01,7.680312394999999626e-01,7.514183520999999644e-01
7.552068232999999964e-01,7.396154999999999813e-01,7.514183520999999644e-01,7.357271314000000118e-01
7.396154999999999813e-01,7.247956990999999682e-01,7.357271314000000118e-01,7.208046316999999759e-01
7.247956990999999682e-01,7.106145024000000143e-01,7.208046316999999759e-01,7.065181731999999881e-01
7.106145024000000143e-01,6.969571114000000511e-01,7.065181731999999881e-01,6.927534342000000178e-01
6.969571114000000511e-01,6.837232113000000222e-01,6.927534342000000178e-01,6.794102788000000448e-01
6.837232113000000222e-01,6.708235741000000418e-01,6.794102788000000448e-01,6.663993001000000360e-01
6.708235741000000418e-01,6.581765413000000287e-01,6.663993001000000360e-01,6.536388397000000294e-01
6.581765413000000287e-01,6.457067131999999487e-01,6.536388397000000294e-01,6.410534382000000475e-01
6.457067131999999487e-01,6.333420277000000320e-01,6.410534382000000475e-01,6.285707951000000238e-01
6.333420277000000320e-01,6.210132836999999739e-01,6.285707951000000238e-01,6.161212324999999490e-01
6.210132836999999739e-01,6.086530685000000052e-01,6.161212324999999490e-01,6.036370992999999796e-01
6.086530685000000052e-01,5.961925386999999965e-01,6.036370992999999796e-01,5.910490154999999968e-01
5.961925386999999965e-01,5.835598110999999921e-01,5.910490154999999968e-01,5.782847403999999969e-01
5.835598110999999921e-01,5.706793665999999599e-01,5.782847403999999969e-01,5.652680396999999468e-01
5.706793665999999599e-01,5.574722290000000413e-01,5.652680396999999468e-01,5.519192218999999788e-01
5.574722290000000413e-01,5.438496470000000471e-01,5.519192218999999788e-01,5.381489395999999870e-01
5.438496470000000471e-01,5.297119020999999650e-01,5.381489395999999870e-01,5.238564610000000510e-01
5.297119020999999650e-01,5.149468780000000523e-01,5.238564610000000510e-01,5.089286565999999734e-01
5.149468780000000523e-01,4.994271397999999751e-01,5.089286565999999734e-01,4.932367802000000023e-01
4.994271397999999751e-01,4.830000698999999953e-01,4.932367802000000023e-01,4.766268431999999833e-01
4.830000698999999953e-01,4.654850363999999963e-01,4.766268431999999833e-01,4.589164554999999868e-01
4.654850363999999963e-01,4.466679393999999914e-01,4.589164554999999868e-01,4.398894011999999742e-01
4.466679393999999914e-01,4.262823761000000267e-01,4.398894011999999742e-01,4.192767440999999873e-01
4.262823761000000267e-01,4.049814342999999983e-01,4.192767440999999873e-01,3.977373539999999874e-01
4.049814342999999983e-01,3.833836317000000049e-01,3.977373539999999874e-01,3.758953512000000052e-01
3.833836317000000049e-01,3.615675866999999988e-01,3.758953512000000052e-01,3.538306951999999894e-01
3.615675866999999988e-01,3.396150768000000264e-01,3.538306951999999894e-01,3.316265345000000142e-01
3.396150768000000264e-01,3.176139593000000261e-01,3.316265345000000142e-01,3.093719779999999919e-01
3.176139593000000261e-01,2.956502736000000131e-01,3.093719779999999919e-01,2.871545254999999797e-01
2.956502736000000131e-01,2.738130689000000118e-01,2.871545254999999797e-01,2.650644481000000163e-01
2.738130689000000118e-01,2.521915436000000121e-01,2.650644481000000163e-01,2.431921660999999957e-01
2.521915436000000121e-01,2.308662086999999918e-01,2.431921660999999957e-01,2.216194719000000035e-01
2.308662086999999918e-01,2.099243252999999920e-01,2.216194719000000035e-01,2.004345506000000110e-01
2.099243252999999920e-01,1.894353180999999997e-01,2.004345506000000110e-01,1.797079145999999905e-01
1.894353180999999997e-01,1.694755852000000007e-01,1.797079145999999905e-01,1.595166772999999927e-01
1.694755852000000007e-01,1.501030177000000077e-01,1.595166772999999927e-01,1.399195343000000091e-01
1.501030177000000077e-01,1.313745379000000046e-01,1.399195343000000091e-01,1.209739149000000069e-01
1.313745379000000046e-01,1.133375689000000047e-01,1.209739149000000069e-01,1.027277484999999935e-01
1.133375689000000047e-01,9.602492303000000062e-02,1.027277484999999935e-01,8.521427958999999719e-02
9.602492303000000062e-02,7.947169988999999712e-02,8.521427958999999719e-02,6.846871226999999560e-02
7.947169988999999712e-02,6.369133293999999779e-02,6.846871226999999560e-02,5.250483006000000036e-02
6.369133293999999779e-02,4.869874193999999823e-02,5.250483006000000036e-02,3.733754158000000128e-02
4.869874193999999823e-02,3.449784964000000148e-02,3.733754158000000128e-02,2.297077327999999877e-02
3.449784964000000148e-02,2.107987366999999890e-02,2.297077327999999877e-02,9.395829402000000635e-03
2.107987366999999890e-02,8.440342732000000528e-03,9.395829402000000635e-03,-3.391989041000000038e-03
8.440342732000000528e-03,-3.438440383999999839e-03,-3.391989041000000038e-03,-1.541048008999999948e-02
-3.438440383999999839e-03,-1.458068006000000014e-02,-1.541048008999999948e-02,-2.668393961999999953e-02
-1.458068006000000014e-02,-2.500639296999999928e-02,-2.668393961999999953e-02,-3.723271935999999949e-02
-2.500639296999999928e-02,-3.474321588999999821e-02,-3.723271935999999949e-02,-4.708468168999999787e-02
-3.474321588999999821e-02,-4.382348060999999989e-02,-4.708468168999999787e-02,-5.627236887999999965e-02
-4.382348060999999989e-02,-5.227892845999999871e-02,-5.627236887999999965e-02,-6.482779234999999640e-02
-5.227892845999999871e-02,-6.013809517000000271e-02,-6.482779234999999640e-02,-7.277990132999999362e-02
-6.013809517000000271e-02,-6.743481754999999800e-02,-7.277990132999999362e-02,-8.016281575000000492e-02
-6.743481754999999800e-02,-7.420288026000000647e-02,-8.016281575000000492e-02,-8.701061457000000554e-02
-7.420288026000000647e-02,-8.047517389000000132e-02,-8.701061457000000554e-02,-9.335650503999999572e-02
9.762378930999999760e-01,9.397977590999999631e-01,9.722345471000000128e-01,9.358917475000000374e-01
9.397977590999999631e-01,9.081493019999999916e-01,9.358917475000000374e-01,9.042752385000000226e-01
9.081493019999999916e-01,8.802596927000000404e-01,9.042752385000000226e-01,8.763738870999999708e-01
8.802596927000000404e-01,8.553649186999999765e-01,8.763738870999999708e-01,8.514376878999999620e-01
8.553649186999999765e-01,8.328880072000000023e-01,8.514376878999999620e-01,8.288987278999999653e-01
8.328880072000000023e-01,8.123852015000000426e-01,8.288987278999999653e-01,8.083196282000000288e-01
8.123852015000000426e-01,7.935048341999999533e-01,8.083196282000000288e-01,7.893525362000000101e-01
7.935048341999999533e-01,7.759699224999999645e-01,7.893525362000000101e-01,7.717236875999999857e-01
7.759699224999999645e-01,7.595524192000000507e-01,7.717236875999999857e-01,7.552068232999999964e-01
7.595524192000000507e-01,7.440646291000000412e-01,7.552068232999999964e-01,7.396154999999999813e-01
7.440646291000000412e-01,7.293514609000000259e-01,7.396154999999999813e-01,7.247956990999999682e-01
7.293514609000000259e-01,7.152796388000000061e-01,7.247956990999999682e-01,7.106145024000000143e-01
7.152796388000000061e-01,7.017339468000000080e-01,7.106145024000000143e-01,6.969571114000000511e-01
7.017339468000000080e-01,6.886138915999999721e-01,6.969571114000000511e-01,6.837232113000000222e-01
6.886138915999999721e-01,6.758301853999999498e-01,6.837232113000000222e-01,6.708235741000000418e-01
6.758301853999999498e-01,6.633013487000000152e-01,6.708235741000000418e-01,6.581765413000000287e-01
6.633013487000000152e-01,6.509521007999999886e-01,6.581765413000000287e-01,6.457067131999999487e-01
6.509521007999999886e-01,6.387105584000000169e-01,6.457067131999999487e-01,6.333420277000000320e-01
6.387105584000000169e-01,6.265079379000000337e-01,6.333420277000000320e-01,6.210132836999999739e-01
6.265079379000000337e-01,6.142771839999999761e-01,6.210132836999999739e-01,6.086530685000000052e-01
6.142771839999999761e-01,6.019498706000000476e-01,6.086530685000000052e-01,5.961925386999999965e-01
6.019498706000000476e-01,5.894545912999999970e-01,5.961925386999999965e-01,5.835598110999999921e-01
5.894545912999999970e-01,5.767166017999999506e-01,5.835598110999999921e-01,5.706793665999999599e-01
5.767166017999999506e-01,5.636574030000000013e-01,5.706793665999999599e-01,5.574722290000000413e-01
5.636574030000000013e-01,5.501892566999999623e-01,5.574722290000000413e-01,5.438496470000000471e-01
5.501892566999999623e-01,5.362133383999999614e-01,5.438496470000000471e-01,5.297119020999999650e-01
5.362133383999999614e-01,5.216186046999999881e-01,5.297119020999999650e-01,5.149468780000000523e-01
5.216186046999999881e-01,5.062788725000000323e-01,5.149468780000000523e-01,4.994271397999999751e-01
5.062788725000000323e-01,4.900430739000000147e-01,4.994271397999999751e-01,4.830000698999999953e-01
4.900430739000000147e-01,4.727323949000000192e-01,4.830000698999999953e-01,4.654850363999999963e-01
4.727323949000000192e-01,4.541349411000000225e-01,4.654850363999999963e-01,4.466679393999999914e-01
4.541349411000000225e-01,4.339869022000000243e-01,4.466679393999999914e-01,4.262823761000000267e-01
4.339869022000000243e-01,4.129354954000000189e-01,4.262823761000000267e-01,4.049814342999999983e-01
4.129354954000000189e-01,3.915931582000000133e-01,4.049814342999999983e-01,3.833836317000000049e-01
3.915931582000000133e-01,3.700373173000000016e-01,3.833836317000000049e-01,3.615675866999999988e-01
3.700373173000000016e-01,3.483482003000000216e-01,3.615675866999999988e-01,3.396150768000000264e-01
3.483482003000000216e-01,3.266123831000000144e-01,3.396150768000000264e-01,3.176139593000000261e-01
3.266123831000000144e-01,3.049143552999999951e-01,3.176139593000000261e-01,2.956502736000000131e-01
3.049143552999999951e-01,2.833419144000000056e-01,2.956502736000000131e-01,2.738130689000000118e-01
2.833419144000000056e-01,2.619828880000000249e-01,2.738130689000000118e-01,2.521915436000000121e-01
2.619828880000000249e-01,2.409165501999999959e-01,2.521915436000000121e-01,2.308662086999999918e-01
2.409165501999999959e-01,2.202291339999999931e-01,2.308662086999999918e-01,2.099243252999999920e-01
2.202291339999999931e-01,1.999889313999999862e-01,2.099243252999999920e-01,1.894353180999999997e-01
1.999889313999999862e-01,1.802716255000000045e-01,1.894353180999999997e-01,1.694755852000000007e-01
1.802716255000000045e-01,1.611341983000000033e-01,1.694755852000000007e-01,1.501030177000000077e-01
1.611341983000000033e-01,1.426330805000000090e-01,1.501030177000000077e-01,1.313745379000000046e-01
1.426330805000000090e-01,1.248151734000000068e-01,1.313745379000000046e-01,1.133375689000000047e-01
1.248151734000000068e-01,1.077128053000000057e-01,1.133375689000000047e-01,9.602492303000000062e-02
1.077128053000000057e-01,9.136099368000000220e-02,9.602492303000000062e-02,7.947169988999999712e-02
9.136099368000000220e-02,7.577279209999999987e-02,7.947169988999999712e-02,6.369133293999999779e-02
7.577279209999999987e-02,6.096313149000000264e-02,6.369133293999999779e-02,4.869874193999999823e-02
6.096313149000000264e-02,4.693593830000000050e-02,4.869874193999999823e-02,3.449784964000000148e-02
4.693593830000000050e-02,3.368232772000000208e-02,3.449784964000000148e-02,2.107987366999999890e-02
3.368232772000000208e-02,2.119807339999999971e-02,2.107987366999999890e-02,8.440342732000000528e-03
2.119807339999999971e-02,9.465581736999999912e-03,8.440342732000000528e-03,-3.438440383999999839e-03
9.465581736999999912e-03,-1.539254094999999937e-03,-3.438440383999999839e-03,-1.458068006000000014e-02
-1.539254094999999937e-03,-1.183610595999999918e-02,-1.458068006000000014e-02,-2.500639296999999928e-02
-1.183610595999999918e-02,-2.145236731000000133e-02,-2.500639296999999928e-02,-3.474321588999999821e-02
-2.145236731000000133e-02,-3.042015991999999849e-02,-3.474321588999999821e-02,-4.382348060999999989e-02
-3.042015991999999849e-02,-3.877092898000000093e-02,-4.382348060999999989e-02,-5.227892845999999871e-02
-3.877092898000000093e-02,-4.653279483000000161e-02,-5.227892845999999871e-02,-6.013809517000000271e-02
-4.653279483000000161e-02,-5.373929068000000281e-02,-6.013809517000000271e-02,-6.743481754999999800e-02
-5.373929068000000281e-02,-6.042389198999999905e-02,-6.743481754999999800e-02,-7.420288026000000647e-02
-6.042389198999999905e-02,-6.661915778999999427e-02,-7.420288026000000647e-02,-8.047517389000000132e-02
9.808976054000000389e-01,9.443485737000000269e-01,9.762378930999999760e-01,9.397977590999999631e-01
9.443485737000000269e-01,9.126609564000000008e-01,9.397977590999999631e-01,9.081493019999999916e-01
9.126609564000000008e-01,8.847789764000000279e-01,9.081493019999999916e-01,8.802596927000000404e-01
8.847789764000000279e-01,8.599236011999999985e-01,8.802596927000000404e-01,8.553649186999999765e-01
8.599236011999999985e-01,8.375084400000000207e-01,8.553649186999999765e-01,8.328880072000000023e-01
8.375084400000000207e-01,8.170827030999999741e-01,8.328880072000000023e-01,8.123852015000000426e-01
8.170827030999999741e-01,7.982906103000000364e-01,8.123852015000000426e-01,7.935048341999999533e-01
7.982906103000000364e-01,7.808519005999999818e-01,7.935048341999999533e-01,7.759699224999999645e-01
7.808519005999999818e-01,7.645365595999999986e-01,7.759699224999999645e-01,7.595524192000000507e-01
7.645365595999999986e-01,7.491554618000000332e-01,7.595524192000000507e-01,7.440646291000000412e-01
7.491554618000000332e-01,7.345525026000000457e-01,7.440646291000000412e-01,7.293514609000000259e-01
7.345525026000000457e-01,7.205938101000000096e-01,7.293514609000000259e-01,7.152796388000000061e-01
7.205938101000000096e-01,7.071638703000000525e-01,7.152796388000000061e-01,7.017339468000000080e-01
7.071638703000000525e-01,6.941617727000000126e-01,7.017339468000000080e-01,6.886138915999999721e-01
6.941617727000000126e-01,6.814984082999999693e-01,6.886138915999999721e-01,6.758301853999999498e-01
6.814984082999999693e-01,6.690924167999999783e-01,6.758301853999999498e-01,6.633013487000000152e-01
6.690924167999999783e-01,6.568684578000000274e-01,6.633013487000000152e-01,6.509521007999999886e-01
6.568684578000000274e-01,6.447549461999999565e-01,6.509521007999999886e-01,6.387105584000000169e-01
6.447549461999999565e-01,6.326835155000000155e-01,6.387105584000000169e-01,6.265079379000000337e-01
6.326835155000000155e-01,6.205875873999999737e-01,6.265079379000000337e-01,6.142771839999999761e-01
6.205875873999999737e-01,6.083989143000000377e-01,6.142771839999999761e-01,6.019498706000000476e-01
6.083989143000000377e-01,5.960468053999999904e-01,6.019498706000000476e-01,5.894545912999999970e-01
5.960468053999999904e-01,5.834571719000000156e-01,5.894545912999999970e-01,5.767166017999999506e-01
5.834571719000000156e-01,5.705522895000000316e-01,5.767166017999999506e-01,5.636574030000000013e-01
5.705522895000000316e-01,5.572451352999999719e-01,5.636574030000000013e-01,5.501892566999999623e-01
5.572451352999999719e-01,5.434378385999999450e-01,5.501892566999999623e-01,5.362133383999999614e-01
5.434378385999999450e-01,5.290206670999999528e-01,5.362133383999999614e-01,5.216186046999999881e-01
5.290206670999999528e-01,5.138686299000000401e-01,5.216186046999999881e-01,5.062788725000000323e-01
5.138686299000000401e-01,4.978323579000000221e-01,5.062788725000000323e-01,4.900430739000000147e-01
4.978323579000000221e-01,4.807348250999999850e-01,4.900430739000000147e-01,4.727323949000000192e-01
4.807348250999999850e-01,4.623664915999999847e-01,4.727323949000000192e-01,4.541349411000000225e-01
4.623664915999999847e-01,4.424662589999999729e-01,4.541349411000000225e-01,4.339869022000000243e-01
4.424662589999999729e-01,4.216751456000000231e-01,4.339869022000000243e-01,4.129354954000000189e-01
4.216751456000000231e-01,4.005994200999999921e-01,4.129354954000000189e-01,3.915931582000000133e-01
4.005994200999999921e-01,3.793151081000000202e-01,3.915931582000000133e-01,3.700373173000000016e-01
3.793151081000000202e-01,3.579009175000000265e-01,3.700373173000000016e-01,3.483482003000000216e-01
3.579009175000000265e-01,3.364420235000000203e-01,3.483482003000000216e-01,3.266123831000000144e-01
3.364420235000000203e-01,3.150213360999999934e-01,3.266123831000000144e-01,3.049143552999999951e-01
3.150213360999999934e-01,2.937252819999999764e-01,3.049143552999999951e-01,2.833419144000000056e-01
2.937252819999999764e-01,2.726403474999999910e-01,2.833419144000000056e-01,2.619828880000000249e-01
2.726403474999999910e-01,2.518444060999999734e-01,2.619828880000000249e-01,2.409165501999999959e-01
2.518444060999999734e-01,2.314226924999999990e-01,2.409165501999999959e-01,2.202291339999999931e-01
2.314226924999999990e-01,2.114422469999999998e-01,2.202291339999999931e-01,1.999889313999999862e-01
2.114422469999999998e-01,1.919780373999999956e-01,1.999889313999999862e-01,1.802716255000000045e-01
1.919780373999999956e-01,1.730861365999999957e-01,1.802716255000000045e-01,1.611341983000000033e-01
1.730861365999999957e-01,1.548223793999999875e-01,1.611341983000000033e-01,1.426330805000000090e-01
1.548223793999999875e-01,1.372331679000000082e-01,1.426330805000000090e-01,1.248151734000000068e-01
1.372331679000000082e-01,1.203503162000000015e-01,1.248151734000000068e-01,1.077128053000000057e-01
1.203503162000000015e-01,1.042087673999999992e-01,1.077128053000000057e-01,9.136099368000000220e-02
1.042087673999999992e-01,8.882115780999999544e-02,9.136099368000000220e-02,7.577279209999999987e-02
8.882115780999999544e-02,7.420244067999999527e-02,7.577279209999999987e-02,6.096313149000000264e-02
7.420244067999999527e-02,6.035655363999999773e-02,6.096313149000000264e-02,4.693593830000000050e-02
6.035655363999999773e-02,4.727449640999999841e-02,4.693593830000000050e-02,3.368232772000000208e-02
4.727449640999999841e-02,3.495230153000000034e-02,3.368232772000000208e-02,2.119807339999999971e-02
3.495230153000000034e-02,2.337248622999999956e-02,2.119807339999999971e-02,9.465581736999999912e-03
2.337248622999999956e-02,1.251104008000000073e-02,9.465581736999999912e-03,-1.539254094999999937e-03
1.251104008000000073e-02,2.348653506000000172e-03,-1.539254094999999937e-03,-1.183610595999999918e-02
2.348653506000000172e-03,-7.141812705000000205e-03,-1.183610595999999918e-02,-2.145236731000000133e-02
-7.141812705000000205e-03,-1.599226147000000139e-02,-2.145236731000000133e-02,-3.042015991999999849e-02
-1.599226147000000139e-02,-2.423383667999999894e-02,-3.042015991999999849e-02,-3.877092898000000093e-02
-2.423383667999999894e-02,-3.189421072999999718e-02,-3.877092898000000093e-02,-4.653279483000000161e-02
-3.189421072999999718e-02,-3.900660202000000298e-02,-4.653279483000000161e-02,-5.373929068000000281e-02
-3.900660202000000298e-02,-4.560416937000000281e-02,-5.373929068000000281e-02,-6.042389198999999905e-02
-4.560416937000000281e-02,-5.171912535999999977e-02,-6.042389198999999905e-02,-6.661915778999999427e-02
9.863225222000000514e-01,9.496501088000000035e-01,9.808976054000000389e-01,9.443485737000000269e-01
9.496501088000000035e-01,9.179137944999999910e-01,9.443485737000000269e-01,9.126609564000000008e-01
9.179137944999999910e-01,8.900334238999999537e-01,9.126609564000000008e-01,8.847789764000000279e-01
8.900334238999999537e-01,8.652138710000000232e-01,8.847789764000000279e-01,8.599236011999999985e-01
8.652138710000000232e-01,8.428586720999999837e-01,8.599236011999999985e-01,8.375084400000000207e-01
8.428586720999999837e-01,8.225096464000000163e-01,8.375084400000000207e-01,8.170827030999999741e-01
8.225096464000000163e-01,8.038064241000000276e-01,8.170827030999999741e-01,7.982906103000000364e-01
8.038064241000000276e-01,7.864653468000000203e-01,7.982906103000000364e-01,7.808519005999999818e-01
7.864653468000000203e-01,7.702541947000000055e-01,7.808519005999999818e-01,7.645365595999999986e-01
7.702541947000000055e-01,7.549823522999999925e-01,7.645365595999999986e-01,7.491554618000000332e-01
7.549823522999999925e-01,7.404924035000000071e-01,7.491554618000000332e-01,7.345525026000000457e-01
7.404924035000000071e-01,7.266501187999999667e-01,7.345525026000000457e-01,7.205938101000000096e-01
7.266501187999999667e-01,7.133393883999999963e-01,7.205938101000000096e-01,7.071638703000000525e-01
7.133393883999999963e-01,7.004590630999999457e-01,7.071638703000000525e-01,6.941617727000000126e-01
7.004590630999999457e-01,6.879200339000000053e-01,6.941617727000000126e-01,6.814984082999999693e-01
6.879200339000000053e-01,6.756410002999999609e-01,6.814984082999999693e-01,6.690924167999999783e-01
6.756410002999999609e-01,6.635466813999999491e-01,6.690924167999999783e-01,6.568684578000000274e-01
6.635466813999999491e-01,6.515658497999999854e-01,6.568684578000000274e-01,6.447549461999999565e-01
6.515658497999999854e-01,6.396303773000000525e-01,6.447549461999999565e-01,6.326835155000000155e-01
6.396303773000000525e-01,6.276741028000000222e-01,6.326835155000000155e-01,6.205875873999999737e-01
6.276741028000000222e-01,6.156293153999999879e-01,6.205875873999999737e-01,6.083989143000000377e-01
6.156293153999999879e-01,6.034258007999999673e-01,6.083989143000000377e-01,5.960468053999999904e-01
6.034258007999999673e-01,5.909901856999999481e-01,5.960468053999999904e-01,5.834571719000000156e-01
5.909901856999999481e-01,5.782455206000000070e-01,5.834571719000000156e-01,5.705522895000000316e-01
5.782455206000000070e-01,5.651055574000000137e-01,5.705522895000000316e-01,5.572451352999999719e-01
5.651055574000000137e-01,5.514735578999999666e-01,5.572451352999999719e-01,5.434378385999999450e-01
5.514735578999999666e-01,5.372408032000000055e-01,5.434378385999999450e-01,5.290206670999999528e-01
5.372408032000000055e-01,5.222839116999999920e-01,5.290206670999999528e-01,5.138686299000000401e-01
5.222839116999999920e-01,5.064550042000000030e-01,5.138686299000000401e-01,4.978323579000000221e-01
5.064550042000000030e-01,4.895790815000000129e-01,4.978323579000000221e-01,4.807348250999999850e-01
4.895790815000000129e-01,4.714489280999999976e-01,4.807348250999999850e-01,4.623664915999999847e-01
4.714489280999999976e-01,4.518063068000000015e-01,4.623664915999999847e-01,4.424662589999999729e-01
4.518063068000000015e-01,4.312858284000000153e-01,4.424662589999999729e-01,4.216751456000000231e-01
4.312858284000000153e-01,4.104873835999999776e-01,4.216751456000000231e-01,4.005994200999999921e-01
4.104873835999999776e-01,3.894855081999999968e-01,4.005994200999999921e-01,3.793151081000000202e-01
3.894855081999999968e-01,3.683573604000000001e-01,3.793151081000000202e-01,3.579009175000000265e-01
3.683573604000000001e-01,3.471865653999999801e-01,3.579009175000000265e-01,3.364420235000000203e-01
3.471865653999999801e-01,3.260544837000000085e-01,3.364420235000000203e-01,3.150213360999999934e-01
3.260544837000000085e-01,3.050460219000000195e-01,3.150213360999999934e-01,2.937252819999999764e-01
3.050460219000000195e-01,2.842462956999999846e-01,2.937252819999999764e-01,2.726403474999999910e-01
2.842462956999999846e-01,2.637317478999999798e-01,2.726403474999999910e-01,2.518444060999999734e-01
2.637317478999999798e-01,2.435864805999999883e-01,2.518444060999999734e-01,2.314226924999999990e-01
2.435864805999999883e-01,2.238763421999999947e-01,2.314226924999999990e-01,2.114422469999999998e-01
2.238763421999999947e-01,2.046754658000000116e-01,2.114422469999999998e-01,1.919780373999999956e-01
2.046754658000000116e-01,1.860390007000000123e-01,1.919780373999999956e-01,1.730861365999999957e-01
1.860390007000000123e-01,1.680221707000000009e-01,1.730861365999999957e-01,1.548223793999999875e-01
1.680221707000000009e-01,1.506708710999999923e-01,1.548223793999999875e-01,1.372331679000000082e-01
1.506708710999999923e-01,1.340163498999999980e-01,1.372331679000000082e-01,1.203503162000000015e-01
1.340163498999999980e-01,1.180934757000000057e-01,1.203503162000000015e-01,1.042087673999999992e-01
1.180934757000000057e-01,1.029144824000000069e-01,1.042087673999999992e-01,8.882115780999999544e-02
1.029144824000000069e-01,8.849432319000000158e-02,8.882115780999999544e-02,7.420244067999999527e-02
8.849432319000000158e-02,7.483694702000000254e-02,7.420244067999999527e-02,6.035655363999999773e-02
7.483694702000000254e-02,6.193324178000000207e-02,6.035655363999999773e-02,4.727449640999999841e-02
6.193324178000000207e-02,4.977951198999999716e-02,4.727449640999999841e-02,3.495230153000000034e-02
4.977951198999999716e-02,3.835839032999999870e-02,3.495230153000000034e-02,2.337248622999999956e-02
3.835839032999999870e-02,2.764596044999999974e-02,2.337248622999999956e-02,1.251104008000000073e-02
2.764596044999999974e-02,1.762329972999999994e-02,1.251104008000000073e-02,2.348653506000000172e-03
1.762329972999999994e-02,8.263530209999999862e-03,2.348653506000000172e-03,-7.141812705000000205e-03
8.263530209999999862e-03,-4.650267946999999823e-04,-7.141812705000000205e-03,-1.599226147000000139e-02
-4.650267946999999823e-04,-8.593192323999999938e-03,-1.599226147000000139e-02,-2.423383667999999894e-02
-8.593192323999999938e-03,-1.614817976999999988e-02,-2.423383667999999894e-02,-3.189421072999999718e-02
-1.614817976999999988e-02,-2.316287905000000147e-02,-3.189421072999999718e-02,-3.900660202000000298e-02
-2.316287905000000147e-02,-2.967011741999999938e-02,-3.900660202000000298e-02,-4.560416937000000281e-02
-2.967011741999999938e-02,-3.570175171000000008e-02,-4.560416937000000281e-02,-5.171912535999999977e-02
9.926401972999999712e-01,9.558261633000000312e-01,9.863225222000000514e-01,9.496501088000000035e-01
9.558261633000000312e-01,9.240286946000000334e-01,9.496501088000000035e-01,9.179137944999999910e-01
9.240286946000000334e-01,8.961414694999999542e-01,9.179137944999999910e-01,8.900334238999999537e-01
8.961414694999999542e-01,8.713522553000000448e-01,8.900334238999999537e-01,8.652138710000000232e-01
8.713522553000000448e-01,8.490535617000000146e-01,8.652138710000000232e-01,8.428586720999999837e-01
8.490535617000000146e-01,8.287793994000000053e-01,8.428586720999999837e-01,8.225096464000000163e-01
8.287793994000000053e-01,8.101645111999999926e-01,8.225096464000000163e-01,8.038064241000000276e-01
8.101645111999999926e-01,7.929213046999999959e-01,8.038064241000000276e-01,7.864653468000000203e-01
7.929213046999999959e-01,7.768154144000000150e-01,7.864653468000000203e-01,7.702541947000000055e-01
7.768154144000000150e-01,7.616543770000000491e-01,7.702541947000000055e-01,7.549823522999999925e-01
7.616543770000000491e-01,7.472796440000000207e-01,7.549823522999999925e-01,7.404924035000000071e-01
7.472796440000000207e-01,7.335561513999999672e-01,7.404924035000000071e-01,7.266501187999999667e-01
7.335561513999999672e-01,7.203675508000000338e-01,7.266501187999999667e-01,7.133393883999999963e-01
7.203675508000000338e-01,7.076120972999999648e-01,7.133393883999999963e-01,7.004590630999999457e-01
7.076120972999999648e-01,6.952006817000000449e-01,7.004590630999999457e-01,6.879200339000000053e-01
6.952006817000000449e-01,6.830522418000000151e-01,6.879200339000000053e-01,6.756410002999999609e-01
6.830522418000000151e-01,6.710914969000000285e-01,6.756410002999999609e-01,6.635466813999999491e-01
6.710914969000000285e-01,6.592472792000000359e-01,6.635466813999999491e-01,6.515658497999999854e-01
6.592472792000000359e-01,6.474519967999999848e-01,6.515658497999999854e-01,6.396303773000000525e-01
6.474519967999999848e-01,6.356399655000000148e-01,6.396303773000000525e-01,6.276741028000000222e-01
6.356399655000000148e-01,6.237437725000000155e-01,6.276741028000000222e-01,6.156293153999999879e-01
6.237437725000000155e-01,6.116937995000000239e-01,6.156293153999999879e-01,6.034258007999999673e-01
6.116937995000000239e-01,5.994174479999999638e-01,6.034258007999999673e-01,5.909901856999999481e-01
5.994174479999999638e-01,5.868384241999999862e-01,5.909901856999999481e-01,5.782455206000000070e-01
5.868384241999999862e-01,5.738714337000000443e-01,5.782455206000000070e-01,5.651055574000000137e-01
5.738714337000000443e-01,5.604207516000000444e-01,5.651055574000000137e-01,5.514735578999999666e-01
5.604207516000000444e-01,5.463790297999999712e-01,5.514735578999999666e-01,5.372408032000000055e-01
5.463790297999999712e-01,5.316241384000000014e-01,5.372408032000000055e-01,5.222839116999999920e-01
5.316241384000000014e-01,5.160099268000000183e-01,5.222839116999999920e-01,5.064550042000000030e-01
5.160099268000000183e-01,4.993634223999999788e-01,5.064550042000000030e-01,4.895790815000000129e-01
4.993634223999999788e-01,4.814799428000000048e-01,4.895790815000000129e-01,4.714489280999999976e-01
4.814799428000000048e-01,4.621041119000000030e-01,4.714489280999999976e-01,4.518063068000000015e-01
4.621041119000000030e-01,4.418639242999999883e-01,4.518063068000000015e-01,4.312858284000000153e-01
4.418639242999999883e-01,4.213527142999999864e-01,4.312858284000000153e-01,4.104873835999999776e-01
4.213527142999999864e-01,4.006434977000000175e-01,4.104873835999999776e-01,3.894855081999999968e-01
4.006434977000000175e-01,3.798117637999999796e-01,3.894855081999999968e-01,3.683573604000000001e-01
3.798117637999999796e-01,3.589396179000000076e-01,3.683573604000000001e-01,3.471865653999999801e-01
3.589396179000000076e-01,3.381066620000000023e-01,3.471865653999999801e-01,3.260544837000000085e-01
3.381066620000000023e-01,3.173963428000000087e-01,3.260544837000000085e-01,3.050460219000000195e-01
3.173963428000000087e-01,2.968922554999999797e-01,3.050460219000000195e-01,2.842462956999999846e-01
2.968922554999999797e-01,2.766693532000000233e-01,2.842462956999999846e-01,2.637317478999999798e-01
2.766693532000000233e-01,2.568106651000000018e-01,2.637317478999999798e-01,2.435864805999999883e-01
2.568106651000000018e-01,2.373806387000000073e-01,2.435864805999999883e-01,2.238763421999999947e-01
2.373806387000000073e-01,2.184526770999999923e-01,2.238763421999999947e-01,2.046754658000000116e-01
2.184526770999999923e-01,2.000808567000000038e-01,2.046754658000000116e-01,1.860390007000000123e-01
2.000808567000000038e-01,1.823198645999999923e-01,1.860390007000000123e-01,1.680221707000000009e-01
1.823198645999999923e-01,1.652150004999999866e-01,1.680221707000000009e-01,1.506708710999999923e-01
1.652150004999999866e-01,1.487969755999999921e-01,1.506708710999999923e-01,1.340163498999999980e-01
1.487969755999999921e-01,1.331005543000000069e-01,1.340163498999999980e-01,1.180934757000000057e-01
1.331005543000000069e-01,1.181375533000000033e-01,1.180934757000000057e-01,1.029144824000000069e-01
1.181375533000000033e-01,1.039229408000000021e-01,1.029144824000000069e-01,8.849432319000000158e-02
1.039229408000000021e-01,9.046068042999999559e-02,8.849432319000000158e-02,7.483694702000000254e-02
9.046068042999999559e-02,7.774154096999999486e-02,7.483694702000000254e-02,6.193324178000000207e-02
7.774154096999999486e-02,6.576211750999999550e-02,6.193324178000000207e-02,4.977951198999999716e-02
6.576211750999999550e-02,5.450515077000000347e-02,4.977951198999999716e-02,3.835839032999999870e-02
5.450515077000000347e-02,4.394682869000000186e-02,3.835839032999999870e-02,2.764596044999999974e-02
4.394682869000000186e-02,3.406863660000000044e-02,2.764596044999999974e-02,1.762329972999999994e-02
3.406863660000000044e-02,2.484397031000000131e-02,1.762329972999999994e-02,8.263530209999999862e-03
2.484397031000000131e-02,1.624137907999999991e-02,8.263530209999999862e-03,-4.650267946999999823e-04
1.624137907999999991e-02,8.230373262999999412e-03,-4.650267946999999823e-04,-8.593192323999999938e-03
8.230373262999999412e-03,7.842277991999999868e-04,-8.593192323999999938e-03,-1.614817976999999988e-02
7.842277991999999868e-04,-6.129613612000000059e-03,-1.614817976999999988e-02,-2.316287905000000147e-02
-6.129613612000000059e-03,-1.254362799000000028e-02,-2.316287905000000147e-02,-2.967011741999999938e-02
-1.254362799000000028e-02,-1.848930492999999869e-02,-2.967011741999999938e-02,-3.570175171000000008e-02
1.000000000000000000e+00,9.630218743999999775e-01,9.926401972999999712e-01,9.558261633000000312e-01
9.630218743999999775e-01,9.311472177999999822e-01,9.558261633000000312e-01,9.240286946000000334e-01
9.311472177999999822e-01,9.032417536000000302e-01,9.240286946000000334e-01,8.961414694999999542e-01
9.032417536000000302e-01,8.784747720000000148e-01,8.961414694999999542e-01,8.713522553000000448e-01
8.784747720000000148e-01,8.562270999000000105e-01,8.713522553000000448e-01,8.490535617000000146e-01
8.562270999000000105e-01,8.360241054999999477e-01,8.490535617000000146e-01,8.287793994000000053e-01
8.360241054999999477e-01,8.174952268999999827e-01,8.287793994000000053e-01,8.101645111999999926e-01
8.174952268999999827e-01,8.003488778999999775e-01,8.101645111999999926e-01,7.929213046999999959e-01
8.003488778999999775e-01,7.843479514000000208e-01,7.929213046999999959e-01,7.768154144000000150e-01
7.843479514000000208e-01,7.692981958000000287e-01,7.768154144000000150e-01,7.616543770000000491e-01
7.692981958000000287e-01,7.550396323000000409e-01,7.616543770000000491e-01,7.472796440000000207e-01
7.550396323000000409e-01,7.414365411000000128e-01,7.472796440000000207e-01,7.335561513999999672e-01
7.414365411000000128e-01,7.283719182000000236e-01,7.335561513999999672e-01,7.203675508000000338e-01
7.283719182000000236e-01,7.157436013000000319e-01,7.203675508000000338e-01,7.076120972999999648e-01
7.157436013000000319e-01,7.034624815000000142e-01,7.076120972999999648e-01,6.952006817000000449e-01
7.034624815000000142e-01,6.914474964000000279e-01,6.952006817000000449e-01,6.830522418000000151e-01
6.914474964000000279e-01,6.796233057999999660e-01,6.830522418000000151e-01,6.710914969000000285e-01
6.796233057999999660e-01,6.679191588999999762e-01,6.710914969000000285e-01,6.592472792000000359e-01
6.679191588999999762e-01,6.562677622000000488e-01,6.592472792000000359e-01,6.474519967999999848e-01
6.562677622000000488e-01,6.446037291999999752e-01,6.474519967999999848e-01,6.356399655000000148e-01
6.446037291999999752e-01,6.328601241000000321e-01,6.356399655000000148e-01,6.237437725000000155e-01
6.328601241000000321e-01,6.209680438000000358e-01,6.237437725000000155e-01,6.116937995000000239e-01
6.209680438000000358e-01,6.088554263000000022e-01,6.116937995000000239e-01,5.994174479999999638e-01
6.088554263000000022e-01,5.964469314000000466e-01,5.994174479999999638e-01,5.868384241999999862e-01
5.964469314000000466e-01,5.836580395999999560e-01,5.868384241999999862e-01,5.738714337000000443e-01
5.836580395999999560e-01,5.703941583999999621e-01,5.738714337000000443e-01,5.604207516000000444e-01
5.703941583999999621e-01,5.565491915000000400e-01,5.604207516000000444e-01,5.463790297999999712e-01
5.565491915000000400e-01,5.420023798999999975e-01,5.463790297999999712e-01,5.316241384000000014e-01
5.420023798999999975e-01,5.266095400000000426e-01,5.316241384000000014e-01,5.160099268000000183e-01
5.266095400000000426e-01,5.101994871999999681e-01,5.160099268000000183e-01,4.993634223999999788e-01
5.101994871999999681e-01,4.925702511999999755e-01,4.993634223999999788e-01,4.814799428000000048e-01
4.925702511999999755e-01,4.734693765999999915e-01,4.814799428000000048e-01,4.621041119000000030e-01
4.734693765999999915e-01,4.535181522000000243e-01,4.621041119000000030e-01,4.418639242999999883e-01
4.535181522000000243e-01,4.333032071999999846e-01,4.418639242999999883e-01,4.213527142999999864e-01
4.333032071999999846e-01,4.128958582999999738e-01,4.213527142999999864e-01,4.006434977000000175e-01
4.128958582999999738e-01,3.923699558000000032e-01,4.006434977000000175e-01,3.798117637999999796e-01
3.923699558000000032e-01,3.718059361000000118e-01,3.798117637999999796e-01,3.589396179000000076e-01
3.718059361000000118e-01,3.512816429000000240e-01,3.589396179000000076e-01,3.381066620000000023e-01
3.512816429000000240e-01,3.308789730000000207e-01,3.381066620000000023e-01,3.173963428000000087e-01
3.308789730000000207e-01,3.106799424000000198e-01,3.173963428000000087e-01,2.968922554999999797e-01
3.106799424000000198e-01,2.907579839000000166e-01,2.968922554999999797e-01,2.766693532000000233e-01
2.907579839000000166e-01,2.711949049999999861e-01,2.766693532000000233e-01,2.568106651000000018e-01
2.711949049999999861e-01,2.520538567999999757e-01,2.568106651000000018e-01,2.373806387000000073e-01
2.520538567999999757e-01,2.334073335000000082e-01,2.373806387000000073e-01,2.184526770999999923e-01
2.334073335000000082e-01,2.153084278000000074e-01,2.184526770999999923e-01,2.000808567000000038e-01
2.153084278000000074e-01,1.978111862999999970e-01,2.000808567000000038e-01,1.823198645999999923e-01
1.978111862999999970e-01,1.809603274000000095e-01,1.823198645999999923e-01,1.652150004999999866e-01
1.809603274000000095e-01,1.647859811999999868e-01,1.652150004999999866e-01,1.487969755999999921e-01
1.647859811999999868e-01,1.493228524999999918e-01,1.487969755999999921e-01,1.331005543000000069e-01
1.493228524999999918e-01,1.345822959999999902e-01,1.331005543000000069e-01,1.181375533000000033e-01
1.345822959999999902e-01,1.205793396000000017e-01,1.181375533000000033e-01,1.039229408000000021e-01
1.205793396000000017e-01,1.073179244999999948e-01,1.039229408000000021e-01,9.046068042999999559e-02
1.073179244999999948e-01,9.478870778999999580e-02,9.046068042999999559e-02,7.774154096999999486e-02
9.478870778999999580e-02,8.298859745000000676e-02,7.774154096999999486e-02,6.576211750999999550e-02
8.298859745000000676e-02,7.190044969000000674e-02,6.576211750999999550e-02,5.450515077000000347e-02
7.190044969000000674e-02,6.150056421999999801e-02,5.450515077000000347e-02,4.394682869000000186e-02
6.150056421999999801e-02,5.177084357000000248e-02,4.394682869000000186e-02,3.406863660000000044e-02
5.177084357000000248e-02,4.268497228999999782e-02,3.406863660000000044e-02,2.484397031000000131e-02
4.268497228999999782e-02,3.421173616999999972e-02,2.484397031000000131e-02,1.624137907999999991e-02
3.421173616999999972e-02,2.632098645000000015e-02,1.624137907999999991e-02,8.230373262999999412e-03
2.632098645000000015e-02,1.898651011000000027e-02,8.230373262999999412e-03,7.842277991999999868e-04
1.898651011000000027e-02,1.217609830000000032e-02,7.842277991999999868e-04,-6.129613612000000059e-03
1.217609830000000032e-02,5.857630632999999594e-03,-6.129613612000000059e-03,-1.254362799000000028e-02
5.857630632999999594e-03,0.000000000000000000e+00,-1.254362799000000028e-02,-1.848930492999999869e-02
