1.091802715999999895e+00,1.068232416999999934e+00,1.100000024000000076e+00,1.076154470000000085e+00
1.068232416999999934e+00,1.048621892999999972e+00,1.076154470000000085e+00,1.056317329000000083e+00
1.048621892999999972e+00,1.032069086999999996e+00,1.056317329000000083e+00,1.039575219000000050e+00
1.032069086999999996e+00,1.017912268999999981e+00,1.039575219000000050e+00,1.025257944999999893e+00
1.017912268999999981e+00,1.005650758999999894e+00,1.025257944999999893e+00,1.012858510000000045e+00
1.005650758999999894e+00,9.949166775000000129e-01,1.012858510000000045e+00,1.002004743000000087e+00
9.949166775000000129e-01,9.854189156999999533e-01,1.002004743000000087e+00,9.924020170999999779e-01
9.854189156999999533e-01,9.769400357999999951e-01,9.924020170999999779e-01,9.838302134999999948e-01
9.769400357999999951e-01,9.693034291000000024e-01,9.838302134999999948e-01,9.761105180000000381e-01
9.693034291000000024e-01,9.623706341000000108e-01,9.761105180000000381e-01,9.691030382999999970e-01
9.623706341000000108e-01,9.560324550000000032e-01,9.691030382999999970e-01,9.626971482999999719e-01
9.560324550000000032e-01,9.501966238000000287e-01,9.626971482999999719e-01,9.567995666999999926e-01
9.501966238000000287e-01,9.447895885000000549e-01,9.567995666999999926e-01,9.513358473999999898e-01
9.447895885000000549e-01,9.397514461999999513e-01,9.513358473999999898e-01,9.462454915000000355e-01
9.397514461999999513e-01,9.350300431000000412e-01,9.462454915000000355e-01,9.414756894000000376e-01
9.350300431000000412e-01,9.305820464999999819e-01,9.414756894000000376e-01,9.369826316999999571e-01
9.305820464999999819e-01,9.263725876999999720e-01,9.369826316999999571e-01,9.327311515999999747e-01
9.263725876999999720e-01,9.223704337999999447e-01,9.327311515999999747e-01,9.286895393999999859e-01
9.223704337999999447e-01,9.185485839999999458e-01,9.286895393999999859e-01,9.248306155000000084e-01
9.185485839999999458e-01,9.148846269000000531e-01,9.248306155000000084e-01,9.211318493000000274e-01
9.148846269000000531e-01,9.113599061999999584e-01,9.211318493000000274e-01,9.175742864999999471e-01
9.113599061999999584e-01,9.079573154000000201e-01,9.175742864999999471e-01,9.141407013000000248e-01
9.079573154000000201e-01,9.046623706999999959e-01,9.141407013000000248e-01,9.108166694999999535e-01
9.046623706999999959e-01,9.014637469999999819e-01,9.108166694999999535e-01,9.075906873000000319e-01
9.014637469999999819e-01,8.983520864999999800e-01,9.075906873000000319e-01,9.044533968000000312e-01
8.983520864999999800e-01,8.953195809999999755e-01,9.044533968000000312e-01,9.013971685999999650e-01
8.953195809999999755e-01,8.923614024999999561e-01,9.013971685999999650e-01,8.984172940000000329e-01
8.923614024999999561e-01,8.894757032000000230e-01,8.984172940000000329e-01,8.955121040000000310e-01
8.894757032000000230e-01,8.866634369000000460e-01,8.955121040000000310e-01,8.926829099999999961e-01
8.866634369000000460e-01,8.839299082999999557e-01,8.926829099999999961e-01,8.899354338999999614e-01
8.839299082999999557e-01,8.812858461999999449e-01,8.899354338999999614e-01,8.872810601999999713e-01
8.812858461999999449e-01,8.787491917999999957e-01,8.872810601999999713e-01,8.847386241000000373e-01
8.787491917999999957e-01,8.764403461999999978e-01,8.847386241000000373e-01,8.824296593999999549e-01
8.764403461999999978e-01,8.744370340999999547e-01,8.824296593999999549e-01,8.804323077000000275e-01
8.744370340999999547e-01,8.727455735000000381e-01,8.804323077000000275e-01,8.787530064999999890e-01
8.727455735000000381e-01,8.713670969000000266e-01,8.787530064999999890e-01,8.773930668999999627e-01
8.713670969000000266e-01,8.702977299999999916e-01,8.773930668999999627e-01,8.763486742999999635e-01
8.702977299999999916e-01,8.695289493000000203e-01,8.763486742999999635e-01,8.756112456000000321e-01
8.695289493000000203e-01,8.690481185999999747e-01,8.756112456000000321e-01,8.751679659000000111e-01
8.690481185999999747e-01,8.688387870999999540e-01,8.751679659000000111e-01,8.750021458000000196e-01
8.688387870999999540e-01,8.688813448000000106e-01,8.750021458000000196e-01,8.750941156999999526e-01
8.688813448000000106e-01,8.691539764000000279e-01,8.750941156999999526e-01,8.754214047999999693e-01
8.691539764000000279e-01,8.696330190000000071e-01,8.754214047999999693e-01,8.759601115999999799e-01
8.696330190000000071e-01,8.702937961000000167e-01,8.759601115999999799e-01,8.766849637000000417e-01
8.702937961000000167e-01,8.711112737999999744e-01,8.766849637000000417e-01,8.775705098999999620e-01
8.711112737999999744e-01,8.720605969000000401e-01,8.775705098999999620e-01,8.785912394999999542e-01
8.720605969000000401e-01,8.731176256999999552e-01,8.785912394999999542e-01,8.797225356000000218e-01
8.731176256999999552e-01,8.742593526999999920e-01,8.797225356000000218e-01,8.809408545000000368e-01
8.742593526999999920e-01,8.754644990000000071e-01,8.809408545000000368e-01,8.822240828999999840e-01
8.754644990000000071e-01,8.767130971000000050e-01,8.822240828999999840e-01,8.835518956000000257e-01
8.767130971000000050e-01,8.779874443999999833e-01,8.835518956000000257e-01,8.849059342999999744e-01
8.779874443999999833e-01,8.792717456999999959e-01,8.849059342999999744e-01,8.862698674000000221e-01
8.792717456999999959e-01,8.805521131000000334e-01,8.862698674000000221e-01,8.876294493999999924e-01
8.805521131000000334e-01,8.818166852000000056e-01,8.876294493999999924e-01,8.889722824000000356e-01
8.818166852000000056e-01,8.830556272999999790e-01,8.889722824000000356e-01,8.902880548999999588e-01
8.830556272999999790e-01,8.842607140999999560e-01,8.902880548999999588e-01,8.915683626999999500e-01
8.842607140999999560e-01,8.854255079999999722e-01,8.915683626999999500e-01,8.928063511999999591e-01
8.854255079999999722e-01,8.865450025000000123e-01,8.928063511999999591e-01,8.939968348000000287e-01
8.865450025000000123e-01,8.876154423000000016e-01,8.939968348000000287e-01,8.951358199000000182e-01
8.876154423000000016e-01,8.886343837000000301e-01,8.951358199000000182e-01,8.962206840999999979e-01
8.886343837000000301e-01,8.896003961999999765e-01,8.962206840999999979e-01,8.972498774999999593e-01
8.896003961999999765e-01,8.905128240999999889e-01,8.972498774999999593e-01,8.982226849000000124e-01
8.905128240999999889e-01,8.913717270000000026e-01,8.982226849000000124e-01,8.991391658999999814e-01
8.913717270000000026e-01,8.921778202000000269e-01,8.991391658999999814e-01,8.999999762000000514e-01
1.082835317000000019e+00,1.059563398000000101e+00,1.091802715999999895e+00,1.068232416999999934e+00
1.059563398000000101e+00,1.040198326000000062e+00,1.068232416999999934e+00,1.048621892999999972e+00
1.040198326000000062e+00,1.023850678999999930e+00,1.048621892999999972e+00,1.032069086999999996e+00
1.023850678999999930e+00,1.009867668000000052e+00,1.032069086999999996e+00,1.017912268999999981e+00
1.009867668000000052e+00,9.977552890999999979e-01,1.017912268999999981e+00,1.005650758999999894e+00
9.977552890999999979e-01,9.871507286999999797e-01,1.005650758999999894e+00,9.949166775000000129e-01
9.871507286999999797e-01,9.777664541999999681e-01,9.949166775000000129e-01,9.854189156999999533e-01
9.777664541999999681e-01,9.693880676999999668e-01,9.854189156999999533e-01,9.769400357999999951e-01
9.693880676999999668e-01,9.618410468000000435e-01,9.769400357999999951e-01,9.693034291000000024e-01
9.618410468000000435e-01,9.549888967999999867e-01,9.693034291000000024e-01,9.623706341000000108e-01
9.549888967999999867e-01,9.487237929999999819e-01,9.623706341000000108e-01,9.560324550000000032e-01
9.487237929999999819e-01,9.429544805999999779e-01,9.560324550000000032e-01,9.501966238000000287e-01
9.429544805999999779e-01,9.376084805000000078e-01,9.501966238000000287e-01,9.447895885000000549e-01
9.376084805000000078e-01,9.326265454000000066e-01,9.447895885000000549e-01,9.397514461999999513e-01
9.326265454000000066e-01,9.279571772000000385e-01,9.397514461999999513e-01,9.350300431000000412e-01
9.279571772000000385e-01,9.235576390999999941e-01,9.350300431000000412e-01,9.305820464999999819e-01
9.235576390999999941e-01,9.193933605999999870e-01,9.305820464999999819e-01,9.263725876999999720e-01
9.193933605999999870e-01,9.154334067999999602e-01,9.263725876999999720e-01,9.223704337999999447e-01
9.154334067999999602e-01,9.116512536999999972e-01,9.223704337999999447e-01,9.185485839999999458e-01
9.116512536999999972e-01,9.080245495000000000e-01,9.185485839999999458e-01,9.148846269000000531e-01
9.080245495000000000e-01,9.045348762999999570e-01,9.148846269000000531e-01,9.113599061999999584e-01
9.045348762999999570e-01,9.011652470000000026e-01,9.113599061999999584e-01,9.079573154000000201e-01
9.011652470000000026e-01,8.979012965999999540e-01,9.079573154000000201e-01,9.046623706999999959e-01
8.979012965999999540e-01,8.947317004000000518e-01,9.046623706999999959e-01,9.014637469999999819e-01
8.947317004000000518e-01,8.916469811999999662e-01,9.014637469999999819e-01,8.983520864999999800e-01
8.916469811999999662e-01,8.886393904999999593e-01,8.983520864999999800e-01,8.953195809999999755e-01
8.886393904999999593e-01,8.857039212999999744e-01,8.953195809999999755e-01,8.923614024999999561e-01
8.857039212999999744e-01,8.828384280000000084e-01,8.923614024999999561e-01,8.894757032000000230e-01
8.828384280000000084e-01,8.800435065999999695e-01,8.894757032000000230e-01,8.866634369000000460e-01
8.800435065999999695e-01,8.773239850999999812e-01,8.866634369000000460e-01,8.839299082999999557e-01
8.773239850999999812e-01,8.746898173999999582e-01,8.839299082999999557e-01,8.812858461999999449e-01
8.746898173999999582e-01,8.721579312999999667e-01,8.812858461999999449e-01,8.787491917999999957e-01
8.721579312999999667e-01,8.698475360999999850e-01,8.787491917999999957e-01,8.764403461999999978e-01
8.698475360999999850e-01,8.678360580999999740e-01,8.764403461999999978e-01,8.744370340999999547e-01
8.678360580999999740e-01,8.661295771999999449e-01,8.744370340999999547e-01,8.727455735000000381e-01
8.661295771999999449e-01,8.647289275999999747e-01,8.727455735000000381e-01,8.713670969000000266e-01
8.647289275999999747e-01,8.636304139999999574e-01,8.713670969000000266e-01,8.702977299999999916e-01
8.636304139999999574e-01,8.628254533000000448e-01,8.702977299999999916e-01,8.695289493000000203e-01
8.628254533000000448e-01,8.623015881000000160e-01,8.695289493000000203e-01,8.690481185999999747e-01
8.623015881000000160e-01,8.620425462999999899e-01,8.690481185999999747e-01,8.688387870999999540e-01
8.620425462999999899e-01,8.620291947999999538e-01,8.688387870999999540e-01,8.688813448000000106e-01
8.620291947999999538e-01,8.622398972999999467e-01,8.688813448000000106e-01,8.691539764000000279e-01
8.622398972999999467e-01,8.626516461000000024e-01,8.691539764000000279e-01,8.696330190000000071e-01
8.626516461000000024e-01,8.632401824000000001e-01,8.696330190000000071e-01,8.702937961000000167e-01
8.632401824000000001e-01,8.639810085000000361e-01,8.702937961000000167e-01,8.711112737999999744e-01
8.639810085000000361e-01,8.648500443000000093e-01,8.711112737999999744e-01,8.720605969000000401e-01
8.648500443000000093e-01,8.658236861000000451e-01,8.720605969000000401e-01,8.731176256999999552e-01
8.658236861000000451e-01,8.668797016000000522e-01,8.731176256999999552e-01,8.742593526999999920e-01
8.668797016000000522e-01,8.679972290999999895e-01,8.742593526999999920e-01,8.754644990000000071e-01
8.679972290999999895e-01,8.691571951000000018e-01,8.754644990000000071e-01,8.767130971000000050e-01
8.691571951000000018e-01,8.703423141999999668e-01,8.767130971000000050e-01,8.779874443999999833e-01
8.703423141999999668e-01,8.715374470000000207e-01,8.779874443999999833e-01,8.792717456999999959e-01
8.715374470000000207e-01,8.727292417999999996e-01,8.792717456999999959e-01,8.805521131000000334e-01
8.727292417999999996e-01,8.739064335999999766e-01,8.805521131000000334e-01,8.818166852000000056e-01
8.739064335999999766e-01,8.750594257999999570e-01,8.818166852000000056e-01,8.830556272999999790e-01
8.750594257999999570e-01,8.761805296000000354e-01,8.830556272999999790e-01,8.842607140999999560e-01
8.761805296000000354e-01,8.772635460000000052e-01,8.842607140999999560e-01,8.854255079999999722e-01
8.772635460000000052e-01,8.783038259000000014e-01,8.854255079999999722e-01,8.865450025000000123e-01
8.783038259000000014e-01,8.792977928999999859e-01,8.865450025000000123e-01,8.876154423000000016e-01
8.792977928999999859e-01,8.802431821999999739e-01,8.876154423000000016e-01,8.886343837000000301e-01
8.802431821999999739e-01,8.811386227999999932e-01,8.886343837000000301e-01,8.896003961999999765e-01
8.811386227999999932e-01,8.819836377999999977e-01,8.896003961999999765e-01,8.905128240999999889e-01
8.819836377999999977e-01,8.827783464999999774e-01,8.905128240999999889e-01,8.913717270000000026e-01
8.827783464999999774e-01,8.835234046000000063e-01,8.913717270000000026e-01,8.921778202000000269e-01
1.073061585000000040e+00,1.050111771000000083e+00,1.082835317000000019e+00,1.059563398000000101e+00
1.050111771000000083e+00,1.031011700999999947e+00,1.059563398000000101e+00,1.040198326000000062e+00
1.031011700999999947e+00,1.014885306000000043e+00,1.040198326000000062e+00,1.023850678999999930e+00
1.014885306000000043e+00,1.001089810999999941e+00,1.023850678999999930e+00,1.009867668000000052e+00
1.001089810999999941e+00,9.891382455999999657e-01,1.009867668000000052e+00,9.977552890999999979e-01
9.891382455999999657e-01,9.786731005000000039e-01,9.977552890999999979e-01,9.871507286999999797e-01
9.786731005000000039e-01,9.694110751000000192e-01,9.871507286999999797e-01,9.777664541999999681e-01
9.694110751000000192e-01,9.611408113999999614e-01,9.777664541999999681e-01,9.693880676999999668e-01
9.611408113999999614e-01,9.536902308000000383e-01,9.693880676999999668e-01,9.618410468000000435e-01
9.536902308000000383e-01,9.469248056000000302e-01,9.618410468000000435e-01,9.549888967999999867e-01
9.469248056000000302e-01,9.407380818999999672e-01,9.549888967999999867e-01,9.487237929999999819e-01
9.407380818999999672e-01,9.350402950999999740e-01,9.487237929999999819e-01,9.429544805999999779e-01
9.350402950999999740e-01,9.297597408000000119e-01,9.429544805999999779e-01,9.376084805000000078e-01
9.297597408000000119e-01,9.248380660999999670e-01,9.376084805000000078e-01,9.326265454000000066e-01
9.248380660999999670e-01,9.202244877999999906e-01,9.326265454000000066e-01,9.279571772000000385e-01
9.202244877999999906e-01,9.158766865999999895e-01,9.279571772000000385e-01,9.235576390999999941e-01
9.158766865999999895e-01,9.117606282000000339e-01,9.235576390999999941e-01,9.193933605999999870e-01
9.117606282000000339e-01,9.078457951999999720e-01,9.193933605999999870e-01,9.154334067999999602e-01
9.078457951999999720e-01,9.041059017000000475e-01,9.154334067999999602e-01,9.116512536999999972e-01
9.041059017000000475e-01,9.005188941999999752e-01,9.116512536999999972e-01,9.080245495000000000e-01
9.005188941999999752e-01,8.970664144000000118e-01,9.080245495000000000e-01,9.045348762999999570e-01
8.970664144000000118e-01,8.937317729000000543e-01,9.045348762999999570e-01,9.011652470000000026e-01
8.937317729000000543e-01,8.905005455000000181e-01,9.011652470000000026e-01,8.979012965999999540e-01
8.905005455000000181e-01,8.873615264999999974e-01,8.979012965999999540e-01,8.947317004000000518e-01
8.873615264999999974e-01,8.843051790999999495e-01,8.947317004000000518e-01,8.916469811999999662e-01
8.843051790999999495e-01,8.813236356000000438e-01,8.916469811999999662e-01,8.886393904999999593e-01
8.813236356000000438e-01,8.784117102999999815e-01,8.886393904999999593e-01,8.857039212999999744e-01
8.784117102999999815e-01,8.755670190000000019e-01,8.857039212999999744e-01,8.828384280000000084e-01
8.755670190000000019e-01,8.727896809999999839e-01,8.828384280000000084e-01,8.800435065999999695e-01
8.727896809999999839e-01,8.700839281000000147e-01,8.800435065999999695e-01,8.773239850999999812e-01
8.700839281000000147e-01,8.674589992000000249e-01,8.773239850999999812e-01,8.746898173999999582e-01
8.674589992000000249e-01,8.649306297000000088e-01,8.746898173999999582e-01,8.721579312999999667e-01
8.649306297000000088e-01,8.626167773999999788e-01,8.721579312999999667e-01,8.698475360999999850e-01
8.626167773999999788e-01,8.605945705999999973e-01,8.698475360999999850e-01,8.678360580999999740e-01
8.605945705999999973e-01,8.588696717999999564e-01,8.678360580999999740e-01,8.661295771999999449e-01
8.588696717999999564e-01,8.574429749999999961e-01,8.661295771999999449e-01,8.647289275999999747e-01
8.574429749999999961e-01,8.563106059999999742e-01,8.647289275999999747e-01,8.636304139999999574e-01
8.563106059999999742e-01,8.554641603999999511e-01,8.636304139999999574e-01,8.628254533000000448e-01
8.554641603999999511e-01,8.548911809999999445e-01,8.628254533000000448e-01,8.623015881000000160e-01
8.548911809999999445e-01,8.545758723999999917e-01,8.623015881000000160e-01,8.620425462999999899e-01
8.545758723999999917e-01,8.544992207999999589e-01,8.620425462999999899e-01,8.620291947999999538e-01
8.544992207999999589e-01,8.546402454000000537e-01,8.620291947999999538e-01,8.622398972999999467e-01
8.546402454000000537e-01,8.549762368000000112e-01,8.622398972999999467e-01,8.626516461000000024e-01
8.549762368000000112e-01,8.554837107999999635e-01,8.626516461000000024e-01,8.632401824000000001e-01
8.554837107999999635e-01,8.561388253999999698e-01,8.632401824000000001e-01,8.639810085000000361e-01
8.561388253999999698e-01,8.569179772999999667e-01,8.639810085000000361e-01,8.648500443000000093e-01
8.569179772999999667e-01,8.577985167999999661e-01,8.648500443000000093e-01,8.658236861000000451e-01
8.577985167999999661e-01,8.587586879999999923e-01,8.658236861000000451e-01,8.668797016000000522e-01
8.587586879999999923e-01,8.597785234000000498e-01,8.668797016000000522e-01,8.679972290999999895e-01
8.597785234000000498e-01,8.608395456999999862e-01,8.679972290999999895e-01,8.691571951000000018e-01
8.608395456999999862e-01,8.619252442999999486e-01,8.691571951000000018e-01,8.703423141999999668e-01
8.619252442999999486e-01,8.630211353000000196e-01,8.703423141999999668e-01,8.715374470000000207e-01
8.630211353000000196e-01,8.641142845000000516e-01,8.715374470000000207e-01,8.727292417999999996e-01
8.641142845000000516e-01,8.651940822999999448e-01,8.727292417999999996e-01,8.739064335999999766e-01
8.651940822999999448e-01,8.662514687000000269e-01,8.739064335999999766e-01,8.750594257999999570e-01
8.662514687000000269e-01,8.672791122999999880e-01,8.750594257999999570e-01,8.761805296000000354e-01
8.672791122999999880e-01,8.682712316999999791e-01,8.761805296000000354e-01,8.772635460000000052e-01
8.682712316999999791e-01,8.692233562000000191e-01,8.772635460000000052e-01,8.783038259000000014e-01
8.692233562000000191e-01,8.701323270999999915e-01,8.783038259000000014e-01,8.792977928999999859e-01
8.701323270999999915e-01,8.709958791999999894e-01,8.792977928999999859e-01,8.802431821999999739e-01
8.709958791999999894e-01,8.718129991999999939e-01,8.802431821999999739e-01,8.811386227999999932e-01
8.718129991999999939e-01,8.725831509000000485e-01,8.811386227999999932e-01,8.819836377999999977e-01
8.725831509000000485e-01,8.733065128000000454e-01,8.819836377999999977e-01,8.827783464999999774e-01
8.733065128000000454e-01,8.739838004000000105e-01,8.827783464999999774e-01,8.835234046000000063e-01
1.062451720000000099e+00,1.039848327999999933e+00,1.073061585000000040e+00,1.050111771000000083e+00
1.039848327999999933e+00,1.021032928999999978e+00,1.050111771000000083e+00,1.031011700999999947e+00
1.021032928999999978e+00,1.005144357999999905e+00,1.031011700999999947e+00,1.014885306000000043e+00
1.005144357999999905e+00,9.915501475000000342e-01,1.014885306000000043e+00,1.001089810999999941e+00
9.915501475000000342e-01,9.797711968000000216e-01,1.001089810999999941e+00,9.891382455999999657e-01
9.797711968000000216e-01,9.694556594000000027e-01,9.891382455999999657e-01,9.786731005000000039e-01
9.694556594000000027e-01,9.603247045999999676e-01,9.786731005000000039e-01,9.694110751000000192e-01
9.603247045999999676e-01,9.521703124000000518e-01,9.694110751000000192e-01,9.611408113999999614e-01
9.521703124000000518e-01,9.448230266999999571e-01,9.611408113999999614e-01,9.536902308000000383e-01
9.448230266999999571e-01,9.381503463000000487e-01,9.536902308000000383e-01,9.469248056000000302e-01
9.381503463000000487e-01,9.320475459000000518e-01,9.469248056000000302e-01,9.407380818999999672e-01
9.320475459000000518e-01,9.264261126999999707e-01,9.407380818999999672e-01,9.350402950999999740e-01
9.264261126999999707e-01,9.212154745999999728e-01,9.350402950999999740e-01,9.297597408000000119e-01
9.212154745999999728e-01,9.163581133000000545e-01,9.297597408000000119e-01,9.248380660999999670e-01
9.163581133000000545e-01,9.118039011999999888e-01,9.248380660999999670e-01,9.202244877999999906e-01
9.118039011999999888e-01,9.075112343000000248e-01,9.202244877999999906e-01,9.158766865999999895e-01
9.075112343000000248e-01,9.034465551000000483e-01,9.158766865999999895e-01,9.117606282000000339e-01
9.034465551000000483e-01,8.995796442000000281e-01,9.117606282000000339e-01,9.078457951999999720e-01
8.995796442000000281e-01,8.958845734999999477e-01,9.078457951999999720e-01,9.041059017000000475e-01
8.958845734999999477e-01,8.923395276000000154e-01,9.041059017000000475e-01,9.005188941999999752e-01
8.923395276000000154e-01,8.889264463999999588e-01,9.005188941999999752e-01,8.970664144000000118e-01
8.889264463999999588e-01,8.856287002999999602e-01,8.970664144000000118e-01,8.937317729000000543e-01
8.856287002999999602e-01,8.824319242999999480e-01,8.937317729000000543e-01,8.905005455000000181e-01
8.824319242999999480e-01,8.793249130000000413e-01,8.905005455000000181e-01,8.873615264999999974e-01
8.793249130000000413e-01,8.762981892000000217e-01,8.873615264999999974e-01,8.843051790999999495e-01
8.762981892000000217e-01,8.733437061000000057e-01,8.843051790999999495e-01,8.813236356000000438e-01
8.733437061000000057e-01,8.704560995000000245e-01,8.813236356000000438e-01,8.784117102999999815e-01
8.704560995000000245e-01,8.676325678999999846e-01,8.784117102999999815e-01,8.755670190000000019e-01
8.676325678999999846e-01,8.648728728000000254e-01,8.755670190000000019e-01,8.727896809999999839e-01
8.648728728000000254e-01,8.621806502000000094e-01,8.727896809999999839e-01,8.700839281000000147e-01
8.621806502000000094e-01,8.595640062999999609e-01,8.700839281000000147e-01,8.674589992000000249e-01
8.595640062999999609e-01,8.570375443000000093e-01,8.674589992000000249e-01,8.649306297000000088e-01
8.570375443000000093e-01,8.547180294999999761e-01,8.649306297000000088e-01,8.626167773999999788e-01
8.547180294999999761e-01,8.526821136000000134e-01,8.626167773999999788e-01,8.605945705999999973e-01
8.526821136000000134e-01,8.509351611000000037e-01,8.605945705999999973e-01,8.588696717999999564e-01
8.509351611000000037e-01,8.494780659999999761e-01,8.588696717999999564e-01,8.574429749999999961e-01
8.494780659999999761e-01,8.483067155000000303e-01,8.574429749999999961e-01,8.563106059999999742e-01
8.483067155000000303e-01,8.474128842000000494e-01,8.563106059999999742e-01,8.554641603999999511e-01
8.474128842000000494e-01,8.467843533000000145e-01,8.554641603999999511e-01,8.548911809999999445e-01
8.467843533000000145e-01,8.464054465000000471e-01,8.548911809999999445e-01,8.545758723999999917e-01
8.464054465000000471e-01,8.462576866000000031e-01,8.545758723999999917e-01,8.544992207999999589e-01
8.462576866000000031e-01,8.463205695000000084e-01,8.544992207999999589e-01,8.546402454000000537e-01
8.463205695000000084e-01,8.465719223000000015e-01,8.546402454000000537e-01,8.549762368000000112e-01
8.465719223000000015e-01,8.469889163999999582e-01,8.549762368000000112e-01,8.554837107999999635e-01
8.469889163999999582e-01,8.475483656000000199e-01,8.554837107999999635e-01,8.561388253999999698e-01
8.475483656000000199e-01,8.482275008999999866e-01,8.561388253999999698e-01,8.569179772999999667e-01
8.482275008999999866e-01,8.490043878999999905e-01,8.569179772999999667e-01,8.577985167999999661e-01
8.490043878999999905e-01,8.498580456000000005e-01,8.577985167999999661e-01,8.587586879999999923e-01
8.498580456000000005e-01,8.507694005999999476e-01,8.587586879999999923e-01,8.597785234000000498e-01
8.507694005999999476e-01,8.517206310999999586e-01,8.597785234000000498e-01,8.608395456999999862e-01
8.517206310999999586e-01,8.526960015000000226e-01,8.608395456999999862e-01,8.619252442999999486e-01
8.526960015000000226e-01,8.536817431000000012e-01,8.619252442999999486e-01,8.630211353000000196e-01
8.536817431000000012e-01,8.546655774000000427e-01,8.630211353000000196e-01,8.641142845000000516e-01
8.546655774000000427e-01,8.556374906999999475e-01,8.641142845000000516e-01,8.651940822999999448e-01
8.556374906999999475e-01,8.565890192999999764e-01,8.651940822999999448e-01,8.662514687000000269e-01
8.565890192999999764e-01,8.575130700999999966e-01,8.662514687000000269e-01,8.672791122999999880e-01
8.575130700999999966e-01,8.584045171999999946e-01,8.672791122999999880e-01,8.682712316999999791e-01
8.584045171999999946e-01,8.592591285999999773e-01,8.682712316999999791e-01,8.692233562000000191e-01
8.592591285999999773e-01,8.600739836999999888e-01,8.692233562000000191e-01,8.701323270999999915e-01
8.600739836999999888e-01,8.608470558999999911e-01,8.701323270999999915e-01,8.709958791999999894e-01
8.608470558999999911e-01,8.615774511999999552e-01,8.709958791999999894e-01,8.718129991999999939e-01
8.615774511999999552e-01,8.622647524000000008e-01,8.718129991999999939e-01,8.725831509000000485e-01
8.622647524000000008e-01,8.629091977999999719e-01,8.725831509000000485e-01,8.733065128000000454e-01
8.629091977999999719e-01,8.635115026999999888e-01,8.733065128000000454e-01,8.739838004000000105e-01
1.050984501999999932e+00,1.028751611999999982e+00,1.062451720000000099e+00,1.039848327999999933e+00
1.028751611999999982e+00,1.010241031999999928e+00,1.039848327999999933e+00,1.021032928999999978e+00
1.010241031999999928e+00,9.946067333000000454e-01,1.021032928999999978e+00,1.005144357999999905e+00
9.946067333000000454e-01,9.812276959000000298e-01,1.005144357999999905e+00,9.915501475000000342e-01
9.812276959000000298e-01,9.696331024000000021e-01,9.915501475000000342e-01,9.797711968000000216e-01
9.696331024000000021e-01,9.594773650000000265e-01,9.797711968000000216e-01,9.694556594000000027e-01
9.594773650000000265e-01,9.504863023999999827e-01,9.694556594000000027e-01,9.603247045999999676e-01
9.504863023999999827e-01,9.424554706000000115e-01,9.603247045999999676e-01,9.521703124000000518e-01
9.424554706000000115e-01,9.352183342000000010e-01,9.521703124000000518e-01,9.448230266999999571e-01
9.352183342000000010e-01,9.286445379000000111e-01,9.448230266999999571e-01,9.381503463000000487e-01
9.286445379000000111e-01,9.226310849000000092e-01,9.381503463000000487e-01,9.320475459000000518e-01
9.226310849000000092e-01,9.170908331999999552e-01,9.320475459000000518e-01,9.264261126999999707e-01
9.170908331999999552e-01,9.119545221000000534e-01,9.264261126999999707e-01,9.212154745999999728e-01
9.119545221000000534e-01,9.071654081000000147e-01,9.212154745999999728e-01,9.163581133000000545e-01
9.071654081000000147e-01,9.026742577999999906e-01,9.163581133000000545e-01,9.118039011999999888e-01
9.026742577999999906e-01,8.984400630000000110e-01,9.118039011999999888e-01,9.075112343000000248e-01
8.984400630000000110e-01,8.944296836999999778e-01,9.075112343000000248e-01,9.034465551000000483e-01
8.944296836999999778e-01,8.906134367000000385e-01,9.034465551000000483e-01,8.995796442000000281e-01
8.906134367000000385e-01,8.869656919999999722e-01,8.995796442000000281e-01,8.958845734999999477e-01
8.869656919999999722e-01,8.834649324000000137e-01,8.958845734999999477e-01,8.923395276000000154e-01
8.834649324000000137e-01,8.800932765000000213e-01,8.923395276000000154e-01,8.889264463999999588e-01
8.800932765000000213e-01,8.768341540999999850e-01,8.889264463999999588e-01,8.856287002999999602e-01
8.768341540999999850e-01,8.736734390000000516e-01,8.856287002999999602e-01,8.824319242999999480e-01
8.736734390000000516e-01,8.705999254999999826e-01,8.824319242999999480e-01,8.793249130000000413e-01
8.705999254999999826e-01,8.676038980000000400e-01,8.793249130000000413e-01,8.762981892000000217e-01
8.676038980000000400e-01,8.646773695999999676e-01,8.762981892000000217e-01,8.733437061000000057e-01
8.646773695999999676e-01,8.618146181000000405e-01,8.733437061000000057e-01,8.704560995000000245e-01
8.618146181000000405e-01,8.590125441999999500e-01,8.704560995000000245e-01,8.676325678999999846e-01
8.590125441999999500e-01,8.562704325000000116e-01,8.676325678999999846e-01,8.648728728000000254e-01
8.562704325000000116e-01,8.535909653000000041e-01,8.648728728000000254e-01,8.621806502000000094e-01
8.535909653000000041e-01,8.509815930999999889e-01,8.621806502000000094e-01,8.595640062999999609e-01
8.509815930999999889e-01,8.484552503000000190e-01,8.595640062999999609e-01,8.570375443000000093e-01
8.484552503000000190e-01,8.461274505000000445e-01,8.570375443000000093e-01,8.547180294999999761e-01
8.461274505000000445e-01,8.440744877000000423e-01,8.547180294999999761e-01,8.526821136000000134e-01
8.440744877000000423e-01,8.423015474999999697e-01,8.526821136000000134e-01,8.509351611000000037e-01
8.423015474999999697e-01,8.408091067999999835e-01,8.509351611000000037e-01,8.494780659999999761e-01
8.408091067999999835e-01,8.395932913000000442e-01,8.494780659999999761e-01,8.483067155000000303e-01
8.395932913000000442e-01,8.386458755000000265e-01,8.483067155000000303e-01,8.474128842000000494e-01
8.386458755000000265e-01,8.379547000000000523e-01,8.474128842000000494e-01,8.467843533000000145e-01
8.379547000000000523e-01,8.375045656999999810e-01,8.467843533000000145e-01,8.464054465000000471e-01
8.375045656999999810e-01,8.372774123999999762e-01,8.464054465000000471e-01,8.462576866000000031e-01
8.372774123999999762e-01,8.372532128999999879e-01,8.462576866000000031e-01,8.463205695000000084e-01
8.372532128999999879e-01,8.374103903999999821e-01,8.463205695000000084e-01,8.465719223000000015e-01
8.374103903999999821e-01,8.377268909999999735e-01,8.465719223000000015e-01,8.469889163999999582e-01
8.377268909999999735e-01,8.381803035999999540e-01,8.469889163999999582e-01,8.475483656000000199e-01
8.381803035999999540e-01,8.387486338999999846e-01,8.475483656000000199e-01,8.482275008999999866e-01
8.387486338999999846e-01,8.394107818999999582e-01,8.482275008999999866e-01,8.490043878999999905e-01
8.394107818999999582e-01,8.401466608000000003e-01,8.490043878999999905e-01,8.498580456000000005e-01
8.401466608000000003e-01,8.409380912999999680e-01,8.498580456000000005e-01,8.507694005999999476e-01
8.409380912999999680e-01,8.417680859999999710e-01,8.507694005999999476e-01,8.517206310999999586e-01
8.417680859999999710e-01,8.426216841000000457e-01,8.517206310999999586e-01,8.526960015000000226e-01
8.426216841000000457e-01,8.434858917999999983e-01,8.526960015000000226e-01,8.536817431000000012e-01
8.434858917999999983e-01,8.443491458999999866e-01,8.536817431000000012e-01,8.546655774000000427e-01
8.443491458999999866e-01,8.452021480000000420e-01,8.546655774000000427e-01,8.556374906999999475e-01
8.452021480000000420e-01,8.460369110000000026e-01,8.556374906999999475e-01,8.565890192999999764e-01
8.460369110000000026e-01,8.468468784999999555e-01,8.565890192999999764e-01,8.575130700999999966e-01
8.468468784999999555e-01,8.476274014000000356e-01,8.575130700999999966e-01,8.584045171999999946e-01
8.476274014000000356e-01,8.483746051999999649e-01,8.584045171999999946e-01,8.592591285999999773e-01
8.483746051999999649e-01,8.490858077999999809e-01,8.592591285999999773e-01,8.600739836999999888e-01
8.490858077999999809e-01,8.497592211000000173e-01,8.600739836999999888e-01,8.608470558999999911e-01
8.497592211000000173e-01,8.503941297999999538e-01,8.608470558999999911e-01,8.615774511999999552e-01
8.503941297999999538e-01,8.509902954000000408e-01,8.615774511999999552e-01,8.622647524000000008e-01
8.509902954000000408e-01,8.515478968999999898e-01,8.622647524000000008e-01,8.629091977999999719e-01
8.515478968999999898e-01,8.520677089999999509e-01,8.629091977999999719e-01,8.635115026999999888e-01
1.038648962999999981e+00,1.016811013000000097e+00,1.050984501999999932e+00,1.028751611999999982e+00
1.016811013000000097e+00,9.986246824000000188e-01,1.028751611999999982e+00,1.010241031999999928e+00
9.986246824000000188e-01,9.832611084000000279e-01,1.010241031999999928e+00,9.946067333000000454e-01
9.832611084000000279e-01,9.701109529000000453e-01,9.946067333000000454e-01,9.812276959000000298e-01
9.701109529000000453e-01,9.587124585999999837e-01,9.812276959000000298e-01,9.696331024000000021e-01
9.587124585999999837e-01,9.487264751999999746e-01,9.696331024000000021e-01,9.594773650000000265e-01
9.487264751999999746e-01,9.398840666000000121e-01,9.594773650000000265e-01,9.504863023999999827e-01
9.398840666000000121e-01,9.319844245999999721e-01,9.504863023999999827e-01,9.424554706000000115e-01
9.319844245999999721e-01,9.248641132999999570e-01,9.424554706000000115e-01,9.352183342000000010e-01
9.248641132999999570e-01,9.183951019999999632e-01,9.352183342000000010e-01,9.286445379000000111e-01
9.183951019999999632e-01,9.124763012000000062e-01,9.286445379000000111e-01,9.226310849000000092e-01
9.124763012000000062e-01,9.070221186000000380e-01,9.226310849000000092e-01,9.170908331999999552e-01
9.070221186000000380e-01,9.019643663999999950e-01,9.170908331999999552e-01,9.119545221000000534e-01
9.019643663999999950e-01,8.972474337000000411e-01,9.119545221000000534e-01,9.071654081000000147e-01
8.972474337000000411e-01,8.928228617000000256e-01,9.071654081000000147e-01,9.026742577999999906e-01
8.928228617000000256e-01,8.886502980999999579e-01,9.026742577999999906e-01,8.984400630000000110e-01
8.886502980999999579e-01,8.846971393000000461e-01,8.984400630000000110e-01,8.944296836999999778e-01
8.846971393000000461e-01,8.809341788000000228e-01,8.944296836999999778e-01,8.906134367000000385e-01
8.809341788000000228e-01,8.773361443999999620e-01,8.906134367000000385e-01,8.869656919999999722e-01
8.773361443999999620e-01,8.738818168999999969e-01,8.869656919999999722e-01,8.834649324000000137e-01
8.738818168999999969e-01,8.705534934999999974e-01,8.834649324000000137e-01,8.800932765000000213e-01
8.705534934999999974e-01,8.673347831000000063e-01,8.800932765000000213e-01,8.768341540999999850e-01
8.673347831000000063e-01,8.642115593000000429e-01,8.768341540999999850e-01,8.736734390000000516e-01
8.642115593000000429e-01,8.611726761000000341e-01,8.736734390000000516e-01,8.705999254999999826e-01
8.611726761000000341e-01,8.582084179000000201e-01,8.705999254999999826e-01,8.676038980000000400e-01
8.582084179000000201e-01,8.553104996999999488e-01,8.676038980000000400e-01,8.646773695999999676e-01
8.553104996999999488e-01,8.524730205999999644e-01,8.646773695999999676e-01,8.618146181000000405e-01
8.524730205999999644e-01,8.496925235000000187e-01,8.618146181000000405e-01,8.590125441999999500e-01
8.496925235000000187e-01,8.469675778999999904e-01,8.590125441999999500e-01,8.562704325000000116e-01
8.469675778999999904e-01,8.443002105000000368e-01,8.562704325000000116e-01,8.535909653000000041e-01
8.443002105000000368e-01,8.416966200000000065e-01,8.535909653000000041e-01,8.509815930999999889e-01
8.416966200000000065e-01,8.391683102000000449e-01,8.509815930999999889e-01,8.484552503000000190e-01
8.391683102000000449e-01,8.368294239000000356e-01,8.484552503000000190e-01,8.461274505000000445e-01
8.368294239000000356e-01,8.347558378999999640e-01,8.461274505000000445e-01,8.440744877000000423e-01
8.347558378999999640e-01,8.329524397999999996e-01,8.440744877000000423e-01,8.423015474999999697e-01
8.329524397999999996e-01,8.314196467000000146e-01,8.423015474999999697e-01,8.408091067999999835e-01
8.314196467000000146e-01,8.301534653000000041e-01,8.408091067999999835e-01,8.395932913000000442e-01
8.301534653000000041e-01,8.291457294999999839e-01,8.395932913000000442e-01,8.386458755000000265e-01
8.291457294999999839e-01,8.283845781999999991e-01,8.386458755000000265e-01,8.379547000000000523e-01
8.283845781999999991e-01,8.278551697999999570e-01,8.379547000000000523e-01,8.375045656999999810e-01
8.278551697999999570e-01,8.275398015999999579e-01,8.375045656999999810e-01,8.372774123999999762e-01
8.275398015999999579e-01,8.274191022000000340e-01,8.372774123999999762e-01,8.372532128999999879e-01
8.274191022000000340e-01,8.274722099000000330e-01,8.372532128999999879e-01,8.374103903999999821e-01
8.274722099000000330e-01,8.276777864000000040e-01,8.374103903999999821e-01,8.377268909999999735e-01
8.276777864000000040e-01,8.280142545999999992e-01,8.377268909999999735e-01,8.381803035999999540e-01
8.280142545999999992e-01,8.284605145000000226e-01,8.381803035999999540e-01,8.387486338999999846e-01
8.284605145000000226e-01,8.289964794999999942e-01,8.387486338999999846e-01,8.394107818999999582e-01
8.289964794999999942e-01,8.296028972000000223e-01,8.394107818999999582e-01,8.401466608000000003e-01
8.296028972000000223e-01,8.302625418000000312e-01,8.401466608000000003e-01,8.409380912999999680e-01
8.302625418000000312e-01,8.309593200999999540e-01,8.409380912999999680e-01,8.417680859999999710e-01
8.309593200999999540e-01,8.316792845999999573e-01,8.417680859999999710e-01,8.426216841000000457e-01
8.316792845999999573e-01,8.324101566999999591e-01,8.426216841000000457e-01,8.434858917999999983e-01
8.324101566999999591e-01,8.331411480999999508e-01,8.434858917999999983e-01,8.443491458999999866e-01
8.331411480999999508e-01,8.338637352000000114e-01,8.443491458999999866e-01,8.452021480000000420e-01
8.338637352000000114e-01,8.345704674999999684e-01,8.452021480000000420e-01,8.460369110000000026e-01
8.345704674999999684e-01,8.352554439999999580e-01,8.460369110000000026e-01,8.468468784999999555e-01
8.352554439999999580e-01,8.359144330000000123e-01,8.468468784999999555e-01,8.476274014000000356e-01
8.359144330000000123e-01,8.365439772999999635e-01,8.476274014000000356e-01,8.483746051999999649e-01
8.365439772999999635e-01,8.371416329999999961e-01,8.483746051999999649e-01,8.490858077999999809e-01
8.371416329999999961e-01,8.377058506000000238e-01,8.490858077999999809e-01,8.497592211000000173e-01
8.377058506000000238e-01,8.382362722999999738e-01,8.497592211000000173e-01,8.503941297999999538e-01
8.382362722999999738e-01,8.387326598000000022e-01,8.503941297999999538e-01,8.509902954000000408e-01
8.387326598000000022e-01,8.391951919000000260e-01,8.509902954000000408e-01,8.515478968999999898e-01
8.391951919000000260e-01,8.396247029000000195e-01,8.515478968999999898e-01,8.520677089999999509e-01
1.025447011000000019e+00,1.004027366999999948e+00,1.038648962999999981e+00,1.016811013000000097e+00
1.004027366999999948e+00,9.861847162000000333e-01,1.016811013000000097e+00,9.986246824000000188e-01
9.861847162000000333e-01,9.711076616999999578e-01,9.986246824000000188e-01,9.832611084000000279e-01
9.711076616999999578e-01,9.581997990999999715e-01,9.832611084000000279e-01,9.701109529000000453e-01
9.581997990999999715e-01,9.470087886000000399e-01,9.701109529000000453e-01,9.587124585999999837e-01
9.470087886000000399e-01,9.372024535999999850e-01,9.587124585999999837e-01,9.487264751999999746e-01
9.372024535999999850e-01,9.285171032000000269e-01,9.487264751999999746e-01,9.398840666000000121e-01
9.285171032000000269e-01,9.207560420000000523e-01,9.398840666000000121e-01,9.319844245999999721e-01
9.207560420000000523e-01,9.137590528000000267e-01,9.319844245999999721e-01,9.248641132999999570e-01
9.137590528000000267e-01,9.074006081000000057e-01,9.248641132999999570e-01,9.183951019999999632e-01
9.074006081000000057e-01,9.015815853999999963e-01,9.183951019999999632e-01,9.124763012000000062e-01
9.015815853999999963e-01,8.962180017999999970e-01,9.124763012000000062e-01,9.070221186000000380e-01
8.962180017999999970e-01,8.912429809999999897e-01,9.070221186000000380e-01,9.019643663999999950e-01
8.912429809999999897e-01,8.866019249000000046e-01,9.019643663999999950e-01,8.972474337000000411e-01
8.866019249000000046e-01,8.822472691999999617e-01,8.972474337000000411e-01,8.928228617000000256e-01
8.822472691999999617e-01,8.781393765999999657e-01,8.928228617000000256e-01,8.886502980999999579e-01
8.781393765999999657e-01,8.742462397000000385e-01,8.886502980999999579e-01,8.846971393000000461e-01
8.742462397000000385e-01,8.705390692000000152e-01,8.846971393000000461e-01,8.809341788000000228e-01
8.705390692000000152e-01,8.669930099999999529e-01,8.809341788000000228e-01,8.773361443999999620e-01
8.669930099999999529e-01,8.635870813999999562e-01,8.773361443999999620e-01,8.738818168999999969e-01
8.635870813999999562e-01,8.603038788000000325e-01,8.738818168999999969e-01,8.705534934999999974e-01
8.603038788000000325e-01,8.571270704000000240e-01,8.705534934999999974e-01,8.673347831000000063e-01
8.571270704000000240e-01,8.540427089000000027e-01,8.673347831000000063e-01,8.642115593000000429e-01
8.540427089000000027e-01,8.510395885000000549e-01,8.642115593000000429e-01,8.611726761000000341e-01
8.510395885000000549e-01,8.481078744000000169e-01,8.611726761000000341e-01,8.582084179000000201e-01
8.481078744000000169e-01,8.452391623999999659e-01,8.582084179000000201e-01,8.553104996999999488e-01
8.452391623999999659e-01,8.424272537000000449e-01,8.553104996999999488e-01,8.524730205999999644e-01
8.424272537000000449e-01,8.396681547000000023e-01,8.524730205999999644e-01,8.496925235000000187e-01
8.396681547000000023e-01,8.369599581000000121e-01,8.496925235000000187e-01,8.469675778999999904e-01
8.369599581000000121e-01,8.343036770999999741e-01,8.469675778999999904e-01,8.443002105000000368e-01
8.343036770999999741e-01,8.317042588999999930e-01,8.443002105000000368e-01,8.416966200000000065e-01
8.317042588999999930e-01,8.291716576000000005e-01,8.416966200000000065e-01,8.391683102000000449e-01
8.291716576000000005e-01,8.268185853999999724e-01,8.391683102000000449e-01,8.368294239000000356e-01
8.268185853999999724e-01,8.247205019000000137e-01,8.368294239000000356e-01,8.347558378999999640e-01
8.247205019000000137e-01,8.228820561999999894e-01,8.347558378999999640e-01,8.329524397999999996e-01
8.228820561999999894e-01,8.213035464000000285e-01,8.329524397999999996e-01,8.314196467000000146e-01
8.213035464000000285e-01,8.199808001999999707e-01,8.314196467000000146e-01,8.301534653000000041e-01
8.199808001999999707e-01,8.189058303999999788e-01,8.301534653000000041e-01,8.291457294999999839e-01
8.189058303999999788e-01,8.180670737999999886e-01,8.291457294999999839e-01,8.283845781999999991e-01
8.180670737999999886e-01,8.174499272999999899e-01,8.283845781999999991e-01,8.278551697999999570e-01
8.174499272999999899e-01,8.170373440000000542e-01,8.278551697999999570e-01,8.275398015999999579e-01
8.170373440000000542e-01,8.168105482999999944e-01,8.275398015999999579e-01,8.274191022000000340e-01
8.168105482999999944e-01,8.167492747000000275e-01,8.274191022000000340e-01,8.274722099000000330e-01
8.167492747000000275e-01,8.168332577000000372e-01,8.274722099000000330e-01,8.276777864000000040e-01
8.168332577000000372e-01,8.170416354999999742e-01,8.276777864000000040e-01,8.280142545999999992e-01
8.170416354999999742e-01,8.173543811000000270e-01,8.280142545999999992e-01,8.284605145000000226e-01
8.173543811000000270e-01,8.177523017000000172e-01,8.284605145000000226e-01,8.289964794999999942e-01
8.177523017000000172e-01,8.182172179000000156e-01,8.289964794999999942e-01,8.296028972000000223e-01
8.182172179000000156e-01,8.187330364999999555e-01,8.296028972000000223e-01,8.302625418000000312e-01
8.187330364999999555e-01,8.192844391000000392e-01,8.302625418000000312e-01,8.309593200999999540e-01
8.192844391000000392e-01,8.198585510000000465e-01,8.309593200999999540e-01,8.316792845999999573e-01
8.198585510000000465e-01,8.204439878000000519e-01,8.316792845999999573e-01,8.324101566999999591e-01
8.204439878000000519e-01,8.210308551999999649e-01,8.324101566999999591e-01,8.331411480999999508e-01
8.210308551999999649e-01,8.216112255999999947e-01,8.331411480999999508e-01,8.338637352000000114e-01
8.216112255999999947e-01,8.221785426000000063e-01,8.338637352000000114e-01,8.345704674999999684e-01
8.221785426000000063e-01,8.227273226000000328e-01,8.345704674999999684e-01,8.352554439999999580e-01
8.227273226000000328e-01,8.232538700000000542e-01,8.352554439999999580e-01,8.359144330000000123e-01
8.232538700000000542e-01,8.237552643000000119e-01,8.359144330000000123e-01,8.365439772999999635e-01
8.237552643000000119e-01,8.242293595999999889e-01,8.365439772999999635e-01,8.371416329999999961e-01
8.242293595999999889e-01,8.246747851000000296e-01,8.371416329999999961e-01,8.377058506000000238e-01
8.246747851000000296e-01,8.250914811999999765e-01,8.377058506000000238e-01,8.382362722999999738e-01
8.250914811999999765e-01,8.254792093999999691e-01,8.382362722999999738e-01,8.387326598000000022e-01
8.254792093999999691e-01,8.258383273999999608e-01,8.387326598000000022e-01,8.391951919000000260e-01
8.258383273999999608e-01,8.261695503999999524e-01,8.391951919000000260e-01,8.396247029000000195e-01
1.011394023999999892e+00,9.904153943000000293e-01,1.025447011000000019e+00,1.004027366999999948e+00
9.904153943000000293e-01,9.729349016999999655e-01,1.004027366999999948e+00,9.861847162000000333e-01
9.729349016999999655e-01,9.581598638999999640e-01,9.861847162000000333e-01,9.711076616999999578e-01
9.581598638999999640e-01,9.455071687999999641e-01,9.711076616999999578e-01,9.581997990999999715e-01
9.455071687999999641e-01,9.345344901000000037e-01,9.581997990999999715e-01,9.470087886000000399e-01
9.345344901000000037e-01,9.249171018999999827e-01,9.470087886000000399e-01,9.372024535999999850e-01
9.249171018999999827e-01,9.163969159000000531e-01,9.372024535999999850e-01,9.285171032000000269e-01
9.163969159000000531e-01,9.087815285000000465e-01,9.285171032000000269e-01,9.207560420000000523e-01
9.087815285000000465e-01,9.019141197000000165e-01,9.207560420000000523e-01,9.137590528000000267e-01
9.019141197000000165e-01,8.956717253000000545e-01,9.137590528000000267e-01,9.074006081000000057e-01
8.956717253000000545e-01,8.899573088000000132e-01,9.074006081000000057e-01,9.015815853999999963e-01
8.899573088000000132e-01,8.846887350000000039e-01,9.015815853999999963e-01,8.962180017999999970e-01
8.846887350000000039e-01,8.798003792999999906e-01,8.962180017999999970e-01,8.912429809999999897e-01
8.798003792999999906e-01,8.752387165999999663e-01,8.912429809999999897e-01,8.866019249000000046e-01
8.752387165999999663e-01,8.709571957999999725e-01,8.866019249000000046e-01,8.822472691999999617e-01
8.709571957999999725e-01,8.669168352999999660e-01,8.822472691999999617e-01,8.781393765999999657e-01
8.669168352999999660e-01,8.630862832000000262e-01,8.781393765999999657e-01,8.742462397000000385e-01
8.630862832000000262e-01,8.594372272000000423e-01,8.742462397000000385e-01,8.705390692000000152e-01
8.594372272000000423e-01,8.559451699000000247e-01,8.705390692000000152e-01,8.669930099999999529e-01
8.559451699000000247e-01,8.525895476000000528e-01,8.669930099999999529e-01,8.635870813999999562e-01
8.525895476000000528e-01,8.493530750000000129e-01,8.635870813999999562e-01,8.603038788000000325e-01
8.493530750000000129e-01,8.462195992000000055e-01,8.603038788000000325e-01,8.571270704000000240e-01
8.462195992000000055e-01,8.431752919999999651e-01,8.571270704000000240e-01,8.540427089000000027e-01
8.431752919999999651e-01,8.402088283999999963e-01,8.540427089000000027e-01,8.510395885000000549e-01
8.402088283999999963e-01,8.373103737999999518e-01,8.510395885000000549e-01,8.481078744000000169e-01
8.373103737999999518e-01,8.344712853000000319e-01,8.481078744000000169e-01,8.452391623999999659e-01
8.344712853000000319e-01,8.316850065999999986e-01,8.452391623999999659e-01,8.424272537000000449e-01
8.316850065999999986e-01,8.289471269000000531e-01,8.424272537000000449e-01,8.396681547000000023e-01
8.289471269000000531e-01,8.262549638999999724e-01,8.396681547000000023e-01,8.369599581000000121e-01
8.262549638999999724e-01,8.236086368999999685e-01,8.369599581000000121e-01,8.343036770999999741e-01
8.236086368999999685e-01,8.210117220999999521e-01,8.343036770999999741e-01,8.317042588999999930e-01
8.210117220999999521e-01,8.184723257999999557e-01,8.317042588999999930e-01,8.291716576000000005e-01
8.184723257999999557e-01,8.161017298999999614e-01,8.291716576000000005e-01,8.268185853999999724e-01
8.161017298999999614e-01,8.139752150000000297e-01,8.268185853999999724e-01,8.247205019000000137e-01
8.139752150000000297e-01,8.120970130000000342e-01,8.247205019000000137e-01,8.228820561999999894e-01
8.120970130000000342e-01,8.104671239999999832e-01,8.228820561999999894e-01,8.213035464000000285e-01
8.104671239999999832e-01,8.090815543999999582e-01,8.213035464000000285e-01,8.199808001999999707e-01
8.090815543999999582e-01,8.079323768999999711e-01,8.199808001999999707e-01,8.189058303999999788e-01
8.079323768999999711e-01,8.070082067999999609e-01,8.189058303999999788e-01,8.180670737999999886e-01
8.070082067999999609e-01,8.062949180999999799e-01,8.180670737999999886e-01,8.174499272999999899e-01
8.062949180999999799e-01,8.057759404000000014e-01,8.174499272999999899e-01,8.170373440000000542e-01
8.057759404000000014e-01,8.054332733000000299e-01,8.170373440000000542e-01,8.168105482999999944e-01
8.054332733000000299e-01,8.052474856000000347e-01,8.168105482999999944e-01,8.167492747000000275e-01
8.052474856000000347e-01,8.051990271000000199e-01,8.167492747000000275e-01,8.168332577000000372e-01
8.051990271000000199e-01,8.052680491999999468e-01,8.168332577000000372e-01,8.170416354999999742e-01
8.052680491999999468e-01,8.054357170999999482e-01,8.170416354999999742e-01,8.173543811000000270e-01
8.054357170999999482e-01,8.056837916000000321e-01,8.173543811000000270e-01,8.177523017000000172e-01
8.056837916000000321e-01,8.059951663000000099e-01,8.177523017000000172e-01,8.182172179000000156e-01
8.059951663000000099e-01,8.063549398999999562e-01,8.182172179000000156e-01,8.187330364999999555e-01
8.063549398999999562e-01,8.067487478000000545e-01,8.187330364999999555e-01,8.192844391000000392e-01
8.067487478000000545e-01,8.071648478999999821e-01,8.192844391000000392e-01,8.198585510000000465e-01
8.071648478999999821e-01,8.075928091999999836e-01,8.198585510000000465e-01,8.204439878000000519e-01
8.075928091999999836e-01,8.080234527999999861e-01,8.204439878000000519e-01,8.210308551999999649e-01
8.080234527999999861e-01,8.084499835999999773e-01,8.210308551999999649e-01,8.216112255999999947e-01
8.084499835999999773e-01,8.088663816000000173e-01,8.216112255999999947e-01,8.221785426000000063e-01
8.088663816000000173e-01,8.092677592999999447e-01,8.221785426000000063e-01,8.227273226000000328e-01
8.092677592999999447e-01,8.096510768000000358e-01,8.227273226000000328e-01,8.232538700000000542e-01
8.096510768000000358e-01,8.100138306999999926e-01,8.232538700000000542e-01,8.237552643000000119e-01
8.100138306999999926e-01,8.103542327999999628e-01,8.237552643000000119e-01,8.242293595999999889e-01
8.103542327999999628e-01,8.106712103000000003e-01,8.242293595999999889e-01,8.246747851000000296e-01
8.106712103000000003e-01,8.109648228000000403e-01,8.246747851000000296e-01,8.250914811999999765e-01
8.109648228000000403e-01,8.112351298000000099e-01,8.250914811999999765e-01,8.254792093999999691e-01
8.112351298000000099e-01,8.114824295000000465e-01,8.254792093999999691e-01,8.258383273999999608e-01
8.114824295000000465e-01,8.117074370000000316e-01,8.258383273999999608e-01,8.261695503999999524e-01
9.965213536999999455e-01,9.760052562000000043e-01,1.011394023999999892e+00,9.904153943000000293e-01
9.760052562000000043e-01,9.589044451999999552e-01,9.904153943000000293e-01,9.729349016999999655e-01
9.589044451999999552e-01,9.444457888999999717e-01,9.729349016999999655e-01,9.581598638999999640e-01
9.444457888999999717e-01,9.320604205000000420e-01,9.581598638999999640e-01,9.455071687999999641e-01
9.320604205000000420e-01,9.213164448999999756e-01,9.455071687999999641e-01,9.345344901000000037e-01
9.213164448999999756e-01,9.118968248000000054e-01,9.345344901000000037e-01,9.249171018999999827e-01
9.118968248000000054e-01,9.035494327999999964e-01,9.249171018999999827e-01,9.163969159000000531e-01
9.035494327999999964e-01,8.960863947999999635e-01,9.163969159000000531e-01,9.087815285000000465e-01
8.960863947999999635e-01,8.893542885999999870e-01,9.087815285000000465e-01,9.019141197000000165e-01
8.893542885999999870e-01,8.832331300000000329e-01,9.019141197000000165e-01,8.956717253000000545e-01
8.832331300000000329e-01,8.776280283999999821e-01,8.956717253000000545e-01,8.899573088000000132e-01
8.776280283999999821e-01,8.724584578999999840e-01,8.899573088000000132e-01,8.846887350000000039e-01
8.724584578999999840e-01,8.676604033000000493e-01,8.846887350000000039e-01,8.798003792999999906e-01
8.676604033000000493e-01,8.631815313999999795e-01,8.798003792999999906e-01,8.752387165999999663e-01
8.631815313999999795e-01,8.589760660999999908e-01,8.752387165999999663e-01,8.709571957999999725e-01
8.589760660999999908e-01,8.550059198999999666e-01,8.709571957999999725e-01,8.669168352999999660e-01
8.550059198999999666e-01,8.512403369000000053e-01,8.669168352999999660e-01,8.630862832000000262e-01
8.512403369000000053e-01,8.476515411999999694e-01,8.630862832000000262e-01,8.594372272000000423e-01
8.476515411999999694e-01,8.442154526999999797e-01,8.594372272000000423e-01,8.559451699000000247e-01
8.442154526999999797e-01,8.409118056000000063e-01,8.559451699000000247e-01,8.525895476000000528e-01
8.409118056000000063e-01,8.377234935999999799e-01,8.525895476000000528e-01,8.493530750000000129e-01
8.377234935999999799e-01,8.346346020999999560e-01,8.493530750000000129e-01,8.462195992000000055e-01
8.346346020999999560e-01,8.316313624000000182e-01,8.462195992000000055e-01,8.431752919999999651e-01
8.316313624000000182e-01,8.287023902000000275e-01,8.431752919999999651e-01,8.402088283999999963e-01
8.287023902000000275e-01,8.258377909999999877e-01,8.402088283999999963e-01,8.373103737999999518e-01
8.258377909999999877e-01,8.230286240999999947e-01,8.373103737999999518e-01,8.344712853000000319e-01
8.230286240999999947e-01,8.202680348999999982e-01,8.344712853000000319e-01,8.316850065999999986e-01
8.202680348999999982e-01,8.175509572000000391e-01,8.316850065999999986e-01,8.289471269000000531e-01
8.175509572000000391e-01,8.148740530000000426e-01,8.289471269000000531e-01,8.262549638999999724e-01
8.148740530000000426e-01,8.122364282999999796e-01,8.262549638999999724e-01,8.236086368999999685e-01
8.122364282999999796e-01,8.096402286999999642e-01,8.236086368999999685e-01,8.210117220999999521e-01
8.096402286999999642e-01,8.070914744999999613e-01,8.210117220999999521e-01,8.184723257999999557e-01
8.070914744999999613e-01,8.047001362000000269e-01,8.184723257999999557e-01,8.161017298999999614e-01
8.047001362000000269e-01,8.025410770999999999e-01,8.161017298999999614e-01,8.139752150000000297e-01
8.025410770999999999e-01,8.006183504999999645e-01,8.139752150000000297e-01,8.120970130000000342e-01
8.006183504999999645e-01,7.989317178999999491e-01,8.120970130000000342e-01,8.104671239999999832e-01
7.989317178999999491e-01,7.974771260999999889e-01,8.104671239999999832e-01,8.090815543999999582e-01
7.974771260999999889e-01,7.962467074000000311e-01,8.090815543999999582e-01,8.079323768999999711e-01
7.962467074000000311e-01,7.952294349999999845e-01,8.079323768999999711e-01,8.070082067999999609e-01
7.952294349999999845e-01,7.944117188000000551e-01,8.070082067999999609e-01,8.062949180999999799e-01
7.944117188000000551e-01,7.937773465999999889e-01,8.062949180999999799e-01,8.057759404000000014e-01
7.937773465999999889e-01,7.933092712999999518e-01,8.057759404000000014e-01,8.054332733000000299e-01
7.933092712999999518e-01,7.929887176000000037e-01,8.054332733000000299e-01,8.052474856000000347e-01
7.929887176000000037e-01,7.927972077999999589e-01,8.052474856000000347e-01,8.051990271000000199e-01
7.927972077999999589e-01,7.927159666999999965e-01,8.051990271000000199e-01,8.052680491999999468e-01
7.927159666999999965e-01,7.927271724000000130e-01,8.052680491999999468e-01,8.054357170999999482e-01
7.927271724000000130e-01,7.928137778999999608e-01,8.054357170999999482e-01,8.056837916000000321e-01
7.928137778999999608e-01,7.929598092999999848e-01,8.056837916000000321e-01,8.059951663000000099e-01
7.929598092999999848e-01,7.931516171000000393e-01,8.059951663000000099e-01,8.063549398999999562e-01
7.931516171000000393e-01,7.933759093000000151e-01,8.063549398999999562e-01,8.067487478000000545e-01
7.933759093000000151e-01,7.936220169000000046e-01,8.067487478000000545e-01,8.071648478999999821e-01
7.936220169000000046e-01,7.938805818999999930e-01,8.071648478999999821e-01,8.075928091999999836e-01
7.938805818999999930e-01,7.941433786999999578e-01,8.075928091999999836e-01,8.080234527999999861e-01
7.941433786999999578e-01,7.944045066999999571e-01,8.080234527999999861e-01,8.084499835999999773e-01
7.944045066999999571e-01,7.946587204999999710e-01,8.084499835999999773e-01,8.088663816000000173e-01
7.946587204999999710e-01,7.949017285999999682e-01,8.088663816000000173e-01,8.092677592999999447e-01
7.949017285999999682e-01,7.951312065000000207e-01,8.092677592999999447e-01,8.096510768000000358e-01
7.951312065000000207e-01,7.953450680000000439e-01,8.096510768000000358e-01,8.100138306999999926e-01
7.953450680000000439e-01,7.955418825000000194e-01,8.100138306999999926e-01,8.103542327999999628e-01
7.955418825000000194e-01,7.957208753000000190e-01,8.103542327999999628e-01,8.106712103000000003e-01
7.957208753000000190e-01,7.958824635000000258e-01,8.106712103000000003e-01,8.109648228000000403e-01
7.958824635000000258e-01,7.960266471000000399e-01,8.109648228000000403e-01,8.112351298000000099e-01
7.960266471000000399e-01,7.961539029999999961e-01,8.112351298000000099e-01,8.114824295000000465e-01
7.961539029999999961e-01,7.962649465000000149e-01,8.114824295000000465e-01,8.117074370000000316e-01
9.808778763000000067e-01,9.608440399000000021e-01,9.965213536999999455e-01,9.760052562000000043e-01
9.608440399000000021e-01,9.441391230000000245e-01,9.760052562000000043e-01,9.589044451999999552e-01
9.441391230000000245e-01,9.300102592000000223e-01,9.589044451999999552e-01,9.444457888999999717e-01
9.300102592000000223e-01,9.179034232999999654e-01,9.444457888999999717e-01,9.320604205000000420e-01
9.179034232999999654e-01,9.073976874000000414e-01,9.320604205000000420e-01,9.213164448999999756e-01
9.073976874000000414e-01,8.981839418000000519e-01,9.213164448999999756e-01,9.118968248000000054e-01
8.981839418000000519e-01,8.900164365999999605e-01,9.118968248000000054e-01,9.035494327999999964e-01
8.900164365999999605e-01,8.827118278000000151e-01,9.035494327999999964e-01,8.960863947999999635e-01
8.827118278000000151e-01,8.761205077000000507e-01,8.960863947999999635e-01,8.893542885999999870e-01
8.761205077000000507e-01,8.701253532999999596e-01,8.893542885999999870e-01,8.832331300000000329e-01
8.701253532999999596e-01,8.646336794000000214e-01,8.832331300000000329e-01,8.776280283999999821e-01
8.646336794000000214e-01,8.595669865999999715e-01,8.776280283999999821e-01,8.724584578999999840e-01
8.595669865999999715e-01,8.548626303999999898e-01,8.724584578999999840e-01,8.676604033000000493e-01
8.548626303999999898e-01,8.504694699999999496e-01,8.676604033000000493e-01,8.631815313999999795e-01
8.504694699999999496e-01,8.463428020000000052e-01,8.631815313999999795e-01,8.589760660999999908e-01
8.463428020000000052e-01,8.424453138999999924e-01,8.589760660999999908e-01,8.550059198999999666e-01
8.424453138999999924e-01,8.387469052999999564e-01,8.550059198999999666e-01,8.512403369000000053e-01
8.387469052999999564e-01,8.352203368999999711e-01,8.512403369000000053e-01,8.476515411999999694e-01
8.352203368999999711e-01,8.318419456000000212e-01,8.476515411999999694e-01,8.442154526999999797e-01
8.318419456000000212e-01,8.285917640000000084e-01,8.442154526999999797e-01,8.409118056000000063e-01
8.285917640000000084e-01,8.254530429999999974e-01,8.409118056000000063e-01,8.377234935999999799e-01
8.254530429999999974e-01,8.224098681999999494e-01,8.377234935999999799e-01,8.346346020999999560e-01
8.224098681999999494e-01,8.194485902999999460e-01,8.346346020999999560e-01,8.316313624000000182e-01
8.194485902999999460e-01,8.165578246000000373e-01,8.316313624000000182e-01,8.287023902000000275e-01
8.165578246000000373e-01,8.137274981000000018e-01,8.287023902000000275e-01,8.258377909999999877e-01
8.137274981000000018e-01,8.109484911000000018e-01,8.258377909999999877e-01,8.230286240999999947e-01
8.109484911000000018e-01,8.082134723999999659e-01,8.230286240999999947e-01,8.202680348999999982e-01
8.082134723999999659e-01,8.055168985999999753e-01,8.202680348999999982e-01,8.175509572000000391e-01
8.055168985999999753e-01,8.028545379999999509e-01,8.175509572000000391e-01,8.148740530000000426e-01
8.028545379999999509e-01,8.002243637999999493e-01,8.148740530000000426e-01,8.122364282999999796e-01
8.002243637999999493e-01,7.976270318000000525e-01,8.122364282999999796e-01,8.096402286999999642e-01
7.976270318000000525e-01,7.950664162999999673e-01,8.096402286999999642e-01,8.070914744999999613e-01
7.950664162999999673e-01,7.926511167999999996e-01,8.070914744999999613e-01,8.047001362000000269e-01
7.926511167999999996e-01,7.904556990000000116e-01,8.047001362000000269e-01,8.025410770999999999e-01
7.904556990000000116e-01,7.884838580999999902e-01,8.025410770999999999e-01,8.006183504999999645e-01
7.884838580999999902e-01,7.867351769999999522e-01,8.006183504999999645e-01,7.989317178999999491e-01
7.867351769999999522e-01,7.852055430000000058e-01,7.989317178999999491e-01,7.974771260999999889e-01
7.852055430000000058e-01,7.838872671000000070e-01,7.974771260999999889e-01,7.962467074000000311e-01
7.838872671000000070e-01,7.827695608000000416e-01,7.962467074000000311e-01,7.952294349999999845e-01
7.827695608000000416e-01,7.818393706999999804e-01,7.952294349999999845e-01,7.944117188000000551e-01
7.818393706999999804e-01,7.810810804000000163e-01,7.944117188000000551e-01,7.937773465999999889e-01
7.810810804000000163e-01,7.804783583000000080e-01,7.937773465999999889e-01,7.933092712999999518e-01
7.804783583000000080e-01,7.800134420000000013e-01,7.933092712999999518e-01,7.929887176000000037e-01
7.800134420000000013e-01,7.796688080000000465e-01,7.929887176000000037e-01,7.927972077999999589e-01
7.796688080000000465e-01,7.794268130999999489e-01,7.927972077999999589e-01,7.927159666999999965e-01
7.794268130999999489e-01,7.792706489999999819e-01,7.927159666999999965e-01,7.927271724000000130e-01
7.792706489999999819e-01,7.791847587000000352e-01,7.927271724000000130e-01,7.928137778999999608e-01
7.791847587000000352e-01,7.791542410999999779e-01,7.928137778999999608e-01,7.929598092999999848e-01
7.791542410999999779e-01,7.791666389000000414e-01,7.929598092999999848e-01,7.931516171000000393e-01
7.791666389000000414e-01,7.792100309999999697e-01,7.931516171000000393e-01,7.933759093000000151e-01
7.792100309999999697e-01,7.792747616999999849e-01,7.933759093000000151e-01,7.936220169000000046e-01
7.792747616999999849e-01,7.793526648999999917e-01,7.936220169000000046e-01,7.938805818999999930e-01
7.793526648999999917e-01,7.794364690999999734e-01,7.938805818999999930e-01,7.941433786999999578e-01
7.794364690999999734e-01,7.795211672999999841e-01,7.941433786999999578e-01,7.944045066999999571e-01
7.795211672999999841e-01,7.796024083999999466e-01,7.944045066999999571e-01,7.946587204999999710e-01
7.796024083999999466e-01,7.796766757999999964e-01,7.946587204999999710e-01,7.949017285999999682e-01
7.796766757999999964e-01,7.797421217000000127e-01,7.949017285999999682e-01,7.951312065000000207e-01
7.797421217000000127e-01,7.797973752000000314e-01,7.951312065000000207e-01,7.953450680000000439e-01
7.797973752000000314e-01,7.798411250000000239e-01,7.953450680000000439e-01,7.955418825000000194e-01
7.798411250000000239e-01,7.798731922999999622e-01,7.955418825000000194e-01,7.957208753000000190e-01
7.798731922999999622e-01,7.798939942999999486e-01,7.957208753000000190e-01,7.958824635000000258e-01
7.798939942999999486e-01,7.799038291000000012e-01,7.958824635000000258e-01,7.960266471000000399e-01
7.799038291000000012e-01,7.799032330999999818e-01,7.960266471000000399e-01,7.961539029999999961e-01
7.799032330999999818e-01,7.798928022000000126e-01,7.961539029999999961e-01,7.962649465000000149e-01
9.645290971000000102e-01,9.449954629000000272e-01,9.808778763000000067e-01,9.608440399000000021e-01
9.449954629000000272e-01,9.287009834999999658e-01,9.608440399000000021e-01,9.441391230000000245e-01
9.287009834999999658e-01,9.149141311999999804e-01,9.441391230000000245e-01,9.300102592000000223e-01
9.149141311999999804e-01,9.030959605999999695e-01,9.300102592000000223e-01,9.179034232999999654e-01
9.030959605999999695e-01,8.928370476000000444e-01,9.179034232999999654e-01,9.073976874000000414e-01
8.928370476000000444e-01,8.838366269999999858e-01,9.073976874000000414e-01,8.981839418000000519e-01
8.838366269999999858e-01,8.758553863000000383e-01,8.981839418000000519e-01,8.900164365999999605e-01
8.758553863000000383e-01,8.687148689999999451e-01,8.900164365999999605e-01,8.827118278000000151e-01
8.687148689999999451e-01,8.622692226999999487e-01,8.827118278000000151e-01,8.761205077000000507e-01
8.622692226999999487e-01,8.564043640999999818e-01,8.761205077000000507e-01,8.701253532999999596e-01
8.564043640999999818e-01,8.510300517000000120e-01,8.701253532999999596e-01,8.646336794000000214e-01
8.510300517000000120e-01,8.460696340000000149e-01,8.646336794000000214e-01,8.595669865999999715e-01
8.460696340000000149e-01,8.414620756999999784e-01,8.595669865999999715e-01,8.548626303999999898e-01
8.414620756999999784e-01,8.371573687000000152e-01,8.548626303999999898e-01,8.504694699999999496e-01
8.371573687000000152e-01,8.331119418000000332e-01,8.504694699999999496e-01,8.463428020000000052e-01
8.331119418000000332e-01,8.292893767000000249e-01,8.463428020000000052e-01,8.424453138999999924e-01
8.292893767000000249e-01,8.256601690999999521e-01,8.424453138999999924e-01,8.387469052999999564e-01
8.256601690999999521e-01,8.221975565000000374e-01,8.387469052999999564e-01,8.352203368999999711e-01
8.221975565000000374e-01,8.188784718999999601e-01,8.352203368999999711e-01,8.318419456000000212e-01
8.188784718999999601e-01,8.156832456999999481e-01,8.318419456000000212e-01,8.285917640000000084e-01
8.156832456999999481e-01,8.125952481999999533e-01,8.285917640000000084e-01,8.254530429999999974e-01
8.125952481999999533e-01,8.095988630999999547e-01,8.254530429999999974e-01,8.224098681999999494e-01
8.095988630999999547e-01,8.066803812999999712e-01,8.224098681999999494e-01,8.194485902999999460e-01
8.066803812999999712e-01,8.038284779000000047e-01,8.194485902999999460e-01,8.165578246000000373e-01
8.038284779000000047e-01,8.010329008000000028e-01,8.165578246000000373e-01,8.137274981000000018e-01
8.010329008000000028e-01,7.982842326000000321e-01,8.137274981000000018e-01,8.109484911000000018e-01
7.982842326000000321e-01,7.955747247000000133e-01,8.109484911000000018e-01,8.082134723999999659e-01
7.955747247000000133e-01,7.928982377000000081e-01,8.082134723999999659e-01,8.055168985999999753e-01
7.928982377000000081e-01,7.902497053000000493e-01,8.055168985999999753e-01,8.028545379999999509e-01
7.902497053000000493e-01,7.876258492000000055e-01,8.028545379999999509e-01,8.002243637999999493e-01
7.876258492000000055e-01,7.850257753999999588e-01,8.002243637999999493e-01,7.976270318000000525e-01
7.850257753999999588e-01,7.824510931999999475e-01,7.976270318000000525e-01,7.950664162999999673e-01
7.824510931999999475e-01,7.800088524999999606e-01,7.950664162999999673e-01,7.926511167999999996e-01
7.800088524999999606e-01,7.777735591000000115e-01,7.926511167999999996e-01,7.904556990000000116e-01
7.777735591000000115e-01,7.757484316999999630e-01,7.904556990000000116e-01,7.884838580999999902e-01
7.757484316999999630e-01,7.739328742000000094e-01,7.884838580999999902e-01,7.867351769999999522e-01
7.739328742000000094e-01,7.723227142999999906e-01,7.867351769999999522e-01,7.852055430000000058e-01
7.723227142999999906e-01,7.709104419000000208e-01,7.852055430000000058e-01,7.838872671000000070e-01
7.709104419000000208e-01,7.696856855999999469e-01,7.838872671000000070e-01,7.827695608000000416e-01
7.696856855999999469e-01,7.686356305999999528e-01,7.827695608000000416e-01,7.818393706999999804e-01
7.686356305999999528e-01,7.677455544000000298e-01,7.818393706999999804e-01,7.810810804000000163e-01
7.677455544000000298e-01,7.669999002999999815e-01,7.810810804000000163e-01,7.804783583000000080e-01
7.669999002999999815e-01,7.663816810000000368e-01,7.804783583000000080e-01,7.800134420000000013e-01
7.663816810000000368e-01,7.658746839000000195e-01,7.800134420000000013e-01,7.796688080000000465e-01
7.658746839000000195e-01,7.654622196999999462e-01,7.796688080000000465e-01,7.794268130999999489e-01
7.654622196999999462e-01,7.651289104999999813e-01,7.794268130999999489e-01,7.792706489999999819e-01
7.651289104999999813e-01,7.648602723999999853e-01,7.792706489999999819e-01,7.791847587000000352e-01
7.648602723999999853e-01,7.646428347000000514e-01,7.791847587000000352e-01,7.791542410999999779e-01
7.646428347000000514e-01,7.644654511999999791e-01,7.791542410999999779e-01,7.791666389000000414e-01
7.644654511999999791e-01,7.643173336999999901e-01,7.791666389000000414e-01,7.792100309999999697e-01
7.643173336999999901e-01,7.641901970000000155e-01,7.792100309999999697e-01,7.792747616999999849e-01
7.641901970000000155e-01,7.640770674000000318e-01,7.792747616999999849e-01,7.793526648999999917e-01
7.640770674000000318e-01,7.639715074999999800e-01,7.793526648999999917e-01,7.794364690999999734e-01
7.639715074999999800e-01,7.638697624000000408e-01,7.794364690999999734e-01,7.795211672999999841e-01
7.638697624000000408e-01,7.637682556999999539e-01,7.795211672999999841e-01,7.796024083999999466e-01
7.637682556999999539e-01,7.636640667999999854e-01,7.796024083999999466e-01,7.796766757999999964e-01
7.636640667999999854e-01,7.635561824000000053e-01,7.796766757999999964e-01,7.797421217000000127e-01
7.635561824000000053e-01,7.634437083999999762e-01,7.797421217000000127e-01,7.797973752000000314e-01
7.634437083999999762e-01,7.633258104000000266e-01,7.797973752000000314e-01,7.798411250000000239e-01
7.633258104000000266e-01,7.632024884000000453e-01,7.798411250000000239e-01,7.798731922999999622e-01
7.632024884000000453e-01,7.630745769000000234e-01,7.798731922999999622e-01,7.798939942999999486e-01
7.630745769000000234e-01,7.629424930000000549e-01,7.798939942999999486e-01,7.799038291000000012e-01
7.629424930000000549e-01,7.628067732000000101e-01,7.799038291000000012e-01,7.799032330999999818e-01
7.628067732000000101e-01,7.626680731999999630e-01,7.799032330999999818e-01,7.798928022000000126e-01
9.475576282000000017e-01,9.285397530000000232e-01,9.645290971000000102e-01,9.449954629000000272e-01
9.285397530000000232e-01,9.126685262000000520e-01,9.449954629000000272e-01,9.287009834999999658e-01
9.126685262000000520e-01,8.992341756999999713e-01,9.287009834999999658e-01,9.149141311999999804e-01
8.992341756999999713e-01,8.877135514999999755e-01,9.149141311999999804e-01,9.030959605999999695e-01
8.877135514999999755e-01,8.777090310999999812e-01,9.030959605999999695e-01,8.928370476000000444e-01
8.777090310999999812e-01,8.689283729000000234e-01,8.928370476000000444e-01,8.838366269999999858e-01
8.689283729000000234e-01,8.611389994999999464e-01,8.838366269999999858e-01,8.758553863000000383e-01
8.611389994999999464e-01,8.541673422000000127e-01,8.758553863000000383e-01,8.687148689999999451e-01
8.541673422000000127e-01,8.478716612000000152e-01,8.687148689999999451e-01,8.622692226999999487e-01
8.478716612000000152e-01,8.421409725999999818e-01,8.622692226999999487e-01,8.564043640999999818e-01
8.421409725999999818e-01,8.368873000000000006e-01,8.564043640999999818e-01,8.510300517000000120e-01
8.368873000000000006e-01,8.320361375999999476e-01,8.510300517000000120e-01,8.460696340000000149e-01
8.320361375999999476e-01,8.275279999000000331e-01,8.460696340000000149e-01,8.414620756999999784e-01
8.275279999000000331e-01,8.233142494999999839e-01,8.414620756999999784e-01,8.371573687000000152e-01
8.233142494999999839e-01,8.193522692000000385e-01,8.371573687000000152e-01,8.331119418000000332e-01
8.193522692000000385e-01,8.156065344999999800e-01,8.331119418000000332e-01,8.292893767000000249e-01
8.156065344999999800e-01,8.120481967999999551e-01,8.292893767000000249e-01,8.256601690999999521e-01
8.120481967999999551e-01,8.086512088999999737e-01,8.256601690999999521e-01,8.221975565000000374e-01
8.086512088999999737e-01,8.053928017999999467e-01,8.221975565000000374e-01,8.188784718999999601e-01
8.053928017999999467e-01,8.022536635000000471e-01,8.188784718999999601e-01,8.156832456999999481e-01
8.022536635000000471e-01,7.992174625000000310e-01,8.156832456999999481e-01,8.125952481999999533e-01
7.992174625000000310e-01,7.962687612000000081e-01,8.125952481999999533e-01,8.095988630999999547e-01
7.962687612000000081e-01,7.933938502999999809e-01,8.095988630999999547e-01,8.066803812999999712e-01
7.933938502999999809e-01,7.905813456000000405e-01,8.066803812999999712e-01,8.038284779000000047e-01
7.905813456000000405e-01,7.878208756000000257e-01,8.038284779000000047e-01,8.010329008000000028e-01
7.878208756000000257e-01,7.851027250000000013e-01,8.010329008000000028e-01,7.982842326000000321e-01
7.851027250000000013e-01,7.824186682999999531e-01,7.982842326000000321e-01,7.955747247000000133e-01
7.824186682999999531e-01,7.797619700000000265e-01,7.955747247000000133e-01,7.928982377000000081e-01
7.797619700000000265e-01,7.771266102999999648e-01,7.928982377000000081e-01,7.902497053000000493e-01
7.771266102999999648e-01,7.745081186000000173e-01,7.902497053000000493e-01,7.876258492000000055e-01
7.745081186000000173e-01,7.719038128999999859e-01,7.876258492000000055e-01,7.850257753999999588e-01
7.719038128999999859e-01,7.693130374000000105e-01,7.850257753999999588e-01,7.824510931999999475e-01
7.693130374000000105e-01,7.668412923999999853e-01,7.824510931999999475e-01,7.800088524999999606e-01
7.668412923999999853e-01,7.645629047999999983e-01,7.800088524999999606e-01,7.777735591000000115e-01
7.645629047999999983e-01,7.624807954000000221e-01,7.777735591000000115e-01,7.757484316999999630e-01
7.624807954000000221e-01,7.605940700000000110e-01,7.757484316999999630e-01,7.739328742000000094e-01
7.605940700000000110e-01,7.588985562000000185e-01,7.739328742000000094e-01,7.723227142999999906e-01
7.588985562000000185e-01,7.573869227999999731e-01,7.723227142999999906e-01,7.709104419000000208e-01
7.573869227999999731e-01,7.560490370000000349e-01,7.709104419000000208e-01,7.696856855999999469e-01
7.560490370000000349e-01,7.548727989000000305e-01,7.696856855999999469e-01,7.686356305999999528e-01
7.548727989000000305e-01,7.538439034999999677e-01,7.686356305999999528e-01,7.677455544000000298e-01
7.538439034999999677e-01,7.529478072999999938e-01,7.677455544000000298e-01,7.669999002999999815e-01
7.529478072999999938e-01,7.521685362000000152e-01,7.669999002999999815e-01,7.663816810000000368e-01
7.521685362000000152e-01,7.514908909999999942e-01,7.663816810000000368e-01,7.658746839000000195e-01
7.514908909999999942e-01,7.508994341000000405e-01,7.658746839000000195e-01,7.654622196999999462e-01
7.508994341000000405e-01,7.503800391999999597e-01,7.654622196999999462e-01,7.651289104999999813e-01
7.503800391999999597e-01,7.499197125000000019e-01,7.651289104999999813e-01,7.648602723999999853e-01
7.499197125000000019e-01,7.495061159000000472e-01,7.648602723999999853e-01,7.646428347000000514e-01
7.495061159000000472e-01,7.491296530000000065e-01,7.646428347000000514e-01,7.644654511999999791e-01
7.491296530000000065e-01,7.487807869999999477e-01,7.644654511999999791e-01,7.643173336999999901e-01
7.487807869999999477e-01,7.484524846000000231e-01,7.643173336999999901e-01,7.641901970000000155e-01
7.484524846000000231e-01,7.481390237999999693e-01,7.641901970000000155e-01,7.640770674000000318e-01
7.481390237999999693e-01,7.478350401000000147e-01,7.640770674000000318e-01,7.639715074999999800e-01
7.478350401000000147e-01,7.475378512999999447e-01,7.639715074999999800e-01,7.638697624000000408e-01
7.475378512999999447e-01,7.472447156999999507e-01,7.638697624000000408e-01,7.637682556999999539e-01
7.472447156999999507e-01,7.469535470000000510e-01,7.637682556999999539e-01,7.636640667999999854e-01
7.469535470000000510e-01,7.466640472000000139e-01,7.636640667999999854e-01,7.635561824000000053e-01
7.466640472000000139e-01,7.463757991999999675e-01,7.635561824000000053e-01,7.634437083999999762e-01
7.463757991999999675e-01,7.460885047999999964e-01,7.634437083999999762e-01,7.633258104000000266e-01
7.460885047999999964e-01,7.458024024999999613e-01,7.633258104000000266e-01,7.632024884000000453e-01
7.458024024999999613e-01,7.455186844000000201e-01,7.632024884000000453e-01,7.630745769000000234e-01
7.455186844000000201e-01,7.452379464999999703e-01,7.630745769000000234e-01,7.629424930000000549e-01
7.452379464999999703e-01,7.449606656999999688e-01,7.629424930000000549e-01,7.628067732000000101e-01
7.449606656999999688e-01,7.446874975999999702e-01,7.628067732000000101e-01,7.626680731999999630e-01
9.300631284999999471e-01,9.115701913999999517e-01,9.475576282000000017e-01,9.285397530000000232e-01
9.115701913999999517e-01,8.961294888999999930e-01,9.285397530000000232e-01,9.126685262000000520e-01
8.961294888999999930e-01,8.830534220000000323e-01,9.126685262000000520e-01,8.992341756999999713e-01
8.830534220000000323e-01,8.718350529999999710e-01,8.992341756999999713e-01,8.877135514999999755e-01
8.718350529999999710e-01,8.620887399000000118e-01,8.877135514999999755e-01,8.777090310999999812e-01
8.620887399000000118e-01,8.535309434000000195e-01,8.777090310999999812e-01,8.689283729000000234e-01
8.535309434000000195e-01,8.459359406999999997e-01,8.689283729000000234e-01,8.611389994999999464e-01
8.459359406999999997e-01,8.391352892000000230e-01,8.611389994999999464e-01,8.541673422000000127e-01
8.391352892000000230e-01,8.329913020000000445e-01,8.541673422000000127e-01,8.478716612000000152e-01
8.329913020000000445e-01,8.273960352000000462e-01,8.478716612000000152e-01,8.421409725999999818e-01
8.273960352000000462e-01,8.222641349000000544e-01,8.421409725999999818e-01,8.368873000000000006e-01
8.222641349000000544e-01,8.175231814000000208e-01,8.368873000000000006e-01,8.320361375999999476e-01
8.175231814000000208e-01,8.131151198999999608e-01,8.320361375999999476e-01,8.275279999000000331e-01
8.131151198999999608e-01,8.089927434999999445e-01,8.275279999000000331e-01,8.233142494999999839e-01
8.089927434999999445e-01,8.051145077000000372e-01,8.233142494999999839e-01,8.193522692000000385e-01
8.051145077000000372e-01,8.014457821999999565e-01,8.193522692000000385e-01,8.156065344999999800e-01
8.014457821999999565e-01,7.979583143999999795e-01,8.156065344999999800e-01,8.120481967999999551e-01
7.979583143999999795e-01,7.946267724000000143e-01,8.120481967999999551e-01,8.086512088999999737e-01
7.946267724000000143e-01,7.914286851999999817e-01,8.086512088999999737e-01,8.053928017999999467e-01
7.914286851999999817e-01,7.883452773000000358e-01,8.053928017999999467e-01,8.022536635000000471e-01
7.883452773000000358e-01,7.853603363000000170e-01,8.022536635000000471e-01,7.992174625000000310e-01
7.853603363000000170e-01,7.824584841999999707e-01,7.992174625000000310e-01,7.962687612000000081e-01
7.824584841999999707e-01,7.796262502999999899e-01,7.962687612000000081e-01,7.933938502999999809e-01
7.796262502999999899e-01,7.768520116999999559e-01,7.933938502999999809e-01,7.905813456000000405e-01
7.768520116999999559e-01,7.741253376000000186e-01,7.905813456000000405e-01,7.878208756000000257e-01
7.741253376000000186e-01,7.714360952000000049e-01,7.878208756000000257e-01,7.851027250000000013e-01
7.714360952000000049e-01,7.687757611000000102e-01,7.851027250000000013e-01,7.824186682999999531e-01
7.687757611000000102e-01,7.661367059000000479e-01,7.824186682999999531e-01,7.797619700000000265e-01
7.661367059000000479e-01,7.635120153000000132e-01,7.797619700000000265e-01,7.771266102999999648e-01
7.635120153000000132e-01,7.608959078999999459e-01,7.771266102999999648e-01,7.745081186000000173e-01
7.608959078999999459e-01,7.582839130999999844e-01,7.745081186000000173e-01,7.719038128999999859e-01
7.582839130999999844e-01,7.556728721000000037e-01,7.719038128999999859e-01,7.693130374000000105e-01
7.556728721000000037e-01,7.531669140000000207e-01,7.693130374000000105e-01,7.668412923999999853e-01
7.531669140000000207e-01,7.508403062999999822e-01,7.668412923999999853e-01,7.645629047999999983e-01
7.508403062999999822e-01,7.486954330999999740e-01,7.645629047999999983e-01,7.624807954000000221e-01
7.486954330999999740e-01,7.467313409000000402e-01,7.624807954000000221e-01,7.605940700000000110e-01
7.467313409000000402e-01,7.449437975999999573e-01,7.605940700000000110e-01,7.588985562000000185e-01
7.449437975999999573e-01,7.433255910999999605e-01,7.588985562000000185e-01,7.573869227999999731e-01
7.433255910999999605e-01,7.418670057999999790e-01,7.573869227999999731e-01,7.560490370000000349e-01
7.418670057999999790e-01,7.405564189000000130e-01,7.560490370000000349e-01,7.548727989000000305e-01
7.405564189000000130e-01,7.393803596000000367e-01,7.548727989000000305e-01,7.538439034999999677e-01
7.393803596000000367e-01,7.383250594000000389e-01,7.538439034999999677e-01,7.529478072999999938e-01
7.383250594000000389e-01,7.373755574000000479e-01,7.529478072999999938e-01,7.521685362000000152e-01
7.373755574000000479e-01,7.365179062000000165e-01,7.521685362000000152e-01,7.514908909999999942e-01
7.365179062000000165e-01,7.357379198000000287e-01,7.514908909999999942e-01,7.508994341000000405e-01
7.357379198000000287e-01,7.350228428999999730e-01,7.508994341000000405e-01,7.503800391999999597e-01
7.350228428999999730e-01,7.343609929000000092e-01,7.503800391999999597e-01,7.499197125000000019e-01
7.343609929000000092e-01,7.337414622000000275e-01,7.499197125000000019e-01,7.495061159000000472e-01
7.337414622000000275e-01,7.331560849999999574e-01,7.495061159000000472e-01,7.491296530000000065e-01
7.331560849999999574e-01,7.325965761999999604e-01,7.491296530000000065e-01,7.487807869999999477e-01
7.325965761999999604e-01,7.320574521999999584e-01,7.487807869999999477e-01,7.484524846000000231e-01
7.320574521999999584e-01,7.315341234000000137e-01,7.484524846000000231e-01,7.481390237999999693e-01
7.315341234000000137e-01,7.310223579000000305e-01,7.481390237999999693e-01,7.478350401000000147e-01
7.310223579000000305e-01,7.305205463999999704e-01,7.478350401000000147e-01,7.475378512999999447e-01
7.305205463999999704e-01,7.300269007999999893e-01,7.475378512999999447e-01,7.472447156999999507e-01
7.300269007999999893e-01,7.295401096000000418e-01,7.472447156999999507e-01,7.469535470000000510e-01
7.295401096000000418e-01,7.290606498999999685e-01,7.469535470000000510e-01,7.466640472000000139e-01
7.290606498999999685e-01,7.285887003000000028e-01,7.466640472000000139e-01,7.463757991999999675e-01
7.285887003000000028e-01,7.281242609000000421e-01,7.463757991999999675e-01,7.460885047999999964e-01
7.281242609000000421e-01,7.276680469999999845e-01,7.460885047999999964e-01,7.458024024999999613e-01
7.276680469999999845e-01,7.272215485999999895e-01,7.458024024999999613e-01,7.455186844000000201e-01
7.272215485999999895e-01,7.267854214000000201e-01,7.455186844000000201e-01,7.452379464999999703e-01
7.267854214000000201e-01,7.263602613999999846e-01,7.452379464999999703e-01,7.449606656999999688e-01
7.263602613999999846e-01,7.259466648000000299e-01,7.449606656999999688e-01,7.446874975999999702e-01
9.121586680000000058e-01,8.941943048999999588e-01,9.300631284999999471e-01,9.115701913999999517e-01
8.941943048999999588e-01,8.791866301999999855e-01,9.115701913999999517e-01,8.961294888999999930e-01
8.791866301999999855e-01,8.664706348999999808e-01,8.961294888999999930e-01,8.830534220000000323e-01
8.664706348999999808e-01,8.555557132000000120e-01,8.830534220000000323e-01,8.718350529999999710e-01
8.555557132000000120e-01,8.460682631000000509e-01,8.718350529999999710e-01,8.620887399000000118e-01
8.460682631000000509e-01,8.377337456000000238e-01,8.620887399000000118e-01,8.535309434000000195e-01
8.377337456000000238e-01,8.303331733000000048e-01,8.535309434000000195e-01,8.459359406999999997e-01
8.303331733000000048e-01,8.237033486000000515e-01,8.459359406999999997e-01,8.391352892000000230e-01
8.237033486000000515e-01,8.177106379999999897e-01,8.391352892000000230e-01,8.329913020000000445e-01
8.177106379999999897e-01,8.122503160999999805e-01,8.329913020000000445e-01,8.273960352000000462e-01
8.122503160999999805e-01,8.072395920999999586e-01,8.273960352000000462e-01,8.222641349000000544e-01
8.072395920999999586e-01,8.026079535000000265e-01,8.222641349000000544e-01,8.175231814000000208e-01
8.026079535000000265e-01,7.982991337999999493e-01,8.175231814000000208e-01,8.131151198999999608e-01
7.982991337999999493e-01,7.942671180000000497e-01,8.131151198999999608e-01,8.089927434999999445e-01
7.942671180000000497e-01,7.904714941999999578e-01,8.089927434999999445e-01,8.051145077000000372e-01
7.904714941999999578e-01,7.868785261999999836e-01,8.051145077000000372e-01,8.014457821999999565e-01
7.868785261999999836e-01,7.834606766999999694e-01,8.014457821999999565e-01,7.979583143999999795e-01
7.834606766999999694e-01,7.801930903999999556e-01,7.979583143999999795e-01,7.946267724000000143e-01
7.801930903999999556e-01,7.770538926000000179e-01,7.946267724000000143e-01,7.914286851999999817e-01
7.770538926000000179e-01,7.740245461000000438e-01,7.914286851999999817e-01,7.883452773000000358e-01
7.740245461000000438e-01,7.710889577999999744e-01,7.883452773000000358e-01,7.853603363000000170e-01
7.710889577999999744e-01,7.682321072000000139e-01,7.853603363000000170e-01,7.824584841999999707e-01
7.682321072000000139e-01,7.654404044000000518e-01,7.824584841999999707e-01,7.796262502999999899e-01
7.654404044000000518e-01,7.627022862000000236e-01,7.796262502999999899e-01,7.768520116999999559e-01
7.627022862000000236e-01,7.600069045999999773e-01,7.768520116999999559e-01,7.741253376000000186e-01
7.600069045999999773e-01,7.573439479000000363e-01,7.741253376000000186e-01,7.714360952000000049e-01
7.573439479000000363e-01,7.547042370000000000e-01,7.714360952000000049e-01,7.687757611000000102e-01
7.547042370000000000e-01,7.520794868000000299e-01,7.687757611000000102e-01,7.661367059000000479e-01
7.520794868000000299e-01,7.494617701000000354e-01,7.661367059000000479e-01,7.635120153000000132e-01
7.494617701000000354e-01,7.468439341000000509e-01,7.635120153000000132e-01,7.608959078999999459e-01
7.468439341000000509e-01,7.442196011999999694e-01,7.608959078999999459e-01,7.582839130999999844e-01
7.442196011999999694e-01,7.415829300999999818e-01,7.582839130999999844e-01,7.556728721000000037e-01
7.415829300999999818e-01,7.390367985000000361e-01,7.556728721000000037e-01,7.531669140000000207e-01
7.390367985000000361e-01,7.366555332999999983e-01,7.531669140000000207e-01,7.508403062999999822e-01
7.366555332999999983e-01,7.344411612000000256e-01,7.508403062999999822e-01,7.486954330999999740e-01
7.344411612000000256e-01,7.323924899000000543e-01,7.486954330999999740e-01,7.467313409000000402e-01
7.323924899000000543e-01,7.305053473000000519e-01,7.467313409000000402e-01,7.449437975999999573e-01
7.305053473000000519e-01,7.287726401999999881e-01,7.449437975999999573e-01,7.433255910999999605e-01
7.287726401999999881e-01,7.271850108999999840e-01,7.433255910999999605e-01,7.418670057999999790e-01
7.271850108999999840e-01,7.257315516000000244e-01,7.418670057999999790e-01,7.405564189000000130e-01
7.257315516000000244e-01,7.243993878000000164e-01,7.405564189000000130e-01,7.393803596000000367e-01
7.243993878000000164e-01,7.231758236999999978e-01,7.393803596000000367e-01,7.383250594000000389e-01
7.231758236999999978e-01,7.220467925000000342e-01,7.383250594000000389e-01,7.373755574000000479e-01
7.220467925000000342e-01,7.209997772999999777e-01,7.373755574000000479e-01,7.365179062000000165e-01
7.209997772999999777e-01,7.200217247000000320e-01,7.365179062000000165e-01,7.357379198000000287e-01
7.200217247000000320e-01,7.191012502000000417e-01,7.357379198000000287e-01,7.350228428999999730e-01
7.191012502000000417e-01,7.182282209000000472e-01,7.350228428999999730e-01,7.343609929000000092e-01
7.182282209000000472e-01,7.173931598999999659e-01,7.343609929000000092e-01,7.337414622000000275e-01
7.173931598999999659e-01,7.165893316000000457e-01,7.337414622000000275e-01,7.331560849999999574e-01
7.165893316000000457e-01,7.158099412999999744e-01,7.331560849999999574e-01,7.325965761999999604e-01
7.158099412999999744e-01,7.150506973000000377e-01,7.325965761999999604e-01,7.320574521999999584e-01
7.150506973000000377e-01,7.143084406999999914e-01,7.320574521999999584e-01,7.315341234000000137e-01
7.143084406999999914e-01,7.135800123000000106e-01,7.315341234000000137e-01,7.310223579000000305e-01
7.135800123000000106e-01,7.128649950000000013e-01,7.310223579000000305e-01,7.305205463999999704e-01
7.128649950000000013e-01,7.121626139000000189e-01,7.305205463999999704e-01,7.300269007999999893e-01
7.121626139000000189e-01,7.114721537000000540e-01,7.300269007999999893e-01,7.295401096000000418e-01
7.114721537000000540e-01,7.107950449000000059e-01,7.295401096000000418e-01,7.290606498999999685e-01
7.107950449000000059e-01,7.101319431999999487e-01,7.290606498999999685e-01,7.285887003000000028e-01
7.101319431999999487e-01,7.094833255000000394e-01,7.285887003000000028e-01,7.281242609000000421e-01
7.094833255000000394e-01,7.088502644999999935e-01,7.281242609000000421e-01,7.276680469999999845e-01
7.088502644999999935e-01,7.082345486000000134e-01,7.276680469999999845e-01,7.272215485999999895e-01
7.082345486000000134e-01,7.076369524000000188e-01,7.272215485999999895e-01,7.267854214000000201e-01
7.076369524000000188e-01,7.070581913000000274e-01,7.267854214000000201e-01,7.263602613999999846e-01
7.070581913000000274e-01,7.064988017000000120e-01,7.263602613999999846e-01,7.259466648000000299e-01
8.939694165999999553e-01,8.765343427999999770e-01,9.121586680000000058e-01,8.941943048999999588e-01
8.765343427999999770e-01,8.619599342000000552e-01,8.941943048999999588e-01,8.791866301999999855e-01
8.619599342000000552e-01,8.496038914000000331e-01,8.791866301999999855e-01,8.664706348999999808e-01
8.496038914000000331e-01,8.389919399999999916e-01,8.664706348999999808e-01,8.555557132000000120e-01
8.389919399999999916e-01,8.297628164000000472e-01,8.555557132000000120e-01,8.460682631000000509e-01
8.297628164000000472e-01,8.216507435000000026e-01,8.460682631000000509e-01,8.377337456000000238e-01
8.216507435000000026e-01,8.144437670999999934e-01,8.377337456000000238e-01,8.303331733000000048e-01
8.144437670999999934e-01,8.079838156999999965e-01,8.303331733000000048e-01,8.237033486000000515e-01
8.079838156999999965e-01,8.021413684000000544e-01,8.237033486000000515e-01,8.177106379999999897e-01
8.021413684000000544e-01,7.968149184999999690e-01,8.177106379999999897e-01,8.122503160999999805e-01
7.968149184999999690e-01,7.919241785999999728e-01,8.122503160999999805e-01,8.072395920999999586e-01
7.919241785999999728e-01,7.874006628999999924e-01,8.072395920999999586e-01,8.026079535000000265e-01
7.874006628999999924e-01,7.831897735999999721e-01,8.026079535000000265e-01,7.982991337999999493e-01
7.831897735999999721e-01,7.792468071000000496e-01,7.982991337999999493e-01,7.942671180000000497e-01
7.792468071000000496e-01,7.755324244000000311e-01,7.942671180000000497e-01,7.904714941999999578e-01
7.755324244000000311e-01,7.720137835000000504e-01,7.904714941999999578e-01,7.868785261999999836e-01
7.720137835000000504e-01,7.686640620000000368e-01,7.868785261999999836e-01,7.834606766999999694e-01
7.686640620000000368e-01,7.654589415000000452e-01,7.834606766999999694e-01,7.801930903999999556e-01
7.654589415000000452e-01,7.623769640999999986e-01,7.801930903999999556e-01,7.770538926000000179e-01
7.623769640999999986e-01,7.593998909000000408e-01,7.770538926000000179e-01,7.740245461000000438e-01
7.593998909000000408e-01,7.565119863000000500e-01,7.740245461000000438e-01,7.710889577999999744e-01
7.565119863000000500e-01,7.536982298000000080e-01,7.710889577999999744e-01,7.682321072000000139e-01
7.536982298000000080e-01,7.509450316000000347e-01,7.682321072000000139e-01,7.654404044000000518e-01
7.509450316000000347e-01,7.482407092999999731e-01,7.654404044000000518e-01,7.627022862000000236e-01
7.482407092999999731e-01,7.455742954999999839e-01,7.627022862000000236e-01,7.600069045999999773e-01
7.455742954999999839e-01,7.429351211000000399e-01,7.600069045999999773e-01,7.573439479000000363e-01
7.429351211000000399e-01,7.403132915000000258e-01,7.573439479000000363e-01,7.547042370000000000e-01
7.403132915000000258e-01,7.376999258999999975e-01,7.547042370000000000e-01,7.520794868000000299e-01
7.376999258999999975e-01,7.350859642000000527e-01,7.520794868000000299e-01,7.494617701000000354e-01
7.350859642000000527e-01,7.324627042000000365e-01,7.494617701000000354e-01,7.468439341000000509e-01
7.324627042000000365e-01,7.298218607999999996e-01,7.468439341000000509e-01,7.442196011999999694e-01
7.298218607999999996e-01,7.271549701999999726e-01,7.442196011999999694e-01,7.415829300999999818e-01
7.271549701999999726e-01,7.245635985999999695e-01,7.415829300999999818e-01,7.390367985000000361e-01
7.245635985999999695e-01,7.221223115999999553e-01,7.390367985000000361e-01,7.366555332999999983e-01
7.221223115999999553e-01,7.198327183999999601e-01,7.366555332999999983e-01,7.344411612000000256e-01
7.198327183999999601e-01,7.176935076999999552e-01,7.344411612000000256e-01,7.323924899000000543e-01
7.176935076999999552e-01,7.157005072000000023e-01,7.323924899000000543e-01,7.305053473000000519e-01
7.157005072000000023e-01,7.138468027000000049e-01,7.305053473000000519e-01,7.287726401999999881e-01
7.138468027000000049e-01,7.121235132000000023e-01,7.287726401999999881e-01,7.271850108999999840e-01
7.121235132000000023e-01,7.105201482999999874e-01,7.271850108999999840e-01,7.257315516000000244e-01
7.105201482999999874e-01,7.090248465999999805e-01,7.257315516000000244e-01,7.243993878000000164e-01
7.090248465999999805e-01,7.076256870999999560e-01,7.243993878000000164e-01,7.231758236999999978e-01
7.076256870999999560e-01,7.063098549999999864e-01,7.231758236999999978e-01,7.220467925000000342e-01
7.063098549999999864e-01,7.050659657000000191e-01,7.220467925000000342e-01,7.209997772999999777e-01
7.050659657000000191e-01,7.038823365999999915e-01,7.209997772999999777e-01,7.200217247000000320e-01
7.038823365999999915e-01,7.027490138999999969e-01,7.200217247000000320e-01,7.191012502000000417e-01
7.027490138999999969e-01,7.016573548000000216e-01,7.191012502000000417e-01,7.182282209000000472e-01
7.016573548000000216e-01,7.005992532000000494e-01,7.182282209000000472e-01,7.173931598999999659e-01
7.005992532000000494e-01,6.995696424999999774e-01,7.173931598999999659e-01,7.165893316000000457e-01
6.995696424999999774e-01,6.985629797000000307e-01,7.165893316000000457e-01,7.158099412999999744e-01
6.985629797000000307e-01,6.975765823999999782e-01,7.158099412999999744e-01,7.150506973000000377e-01
6.975765823999999782e-01,6.966084242000000204e-01,7.150506973000000377e-01,7.143084406999999914e-01
6.966084242000000204e-01,6.956565975999999818e-01,7.143084406999999914e-01,7.135800123000000106e-01
6.956565975999999818e-01,6.947218179999999910e-01,7.135800123000000106e-01,7.128649950000000013e-01
6.947218179999999910e-01,6.938042640999999566e-01,7.128649950000000013e-01,7.121626139000000189e-01
6.938042640999999566e-01,6.929040550999999715e-01,7.121626139000000189e-01,7.114721537000000540e-01
6.929040550999999715e-01,6.920233368999999524e-01,7.114721537000000540e-01,7.107950449000000059e-01
6.920233368999999524e-01,6.911634802999999660e-01,7.107950449000000059e-01,7.101319431999999487e-01
6.911634802999999660e-01,6.903253794000000498e-01,7.101319431999999487e-01,7.094833255000000394e-01
6.903253794000000498e-01,6.895103455000000103e-01,7.094833255000000394e-01,7.088502644999999935e-01
6.895103455000000103e-01,6.887205242999999699e-01,7.088502644999999935e-01,7.082345486000000134e-01
6.887205242999999699e-01,6.879569291999999558e-01,7.082345486000000134e-01,7.076369524000000188e-01
6.879569291999999558e-01,6.872201561999999875e-01,7.076369524000000188e-01,7.070581913000000274e-01
6.872201561999999875e-01,6.865108012999999731e-01,7.070581913000000274e-01,7.064988017000000120e-01
8.756293057999999796e-01,8.587235211999999507e-01,8.939694165999999553e-01,8.765343427999999770e-01
8.587235211999999507e-01,8.445822597000000043e-01,8.765343427999999770e-01,8.619599342000000552e-01
8.445822597000000043e-01,8.325859307999999848e-01,8.619599342000000552e-01,8.496038914000000331e-01
8.325859307999999848e-01,8.222767115000000349e-01,8.496038914000000331e-01,8.389919399999999916e-01
8.222767115000000349e-01,8.133054972000000049e-01,8.389919399999999916e-01,8.297628164000000472e-01
8.133054972000000049e-01,8.054154515000000458e-01,8.297628164000000472e-01,8.216507435000000026e-01
8.054154515000000458e-01,7.984016538000000551e-01,8.216507435000000026e-01,8.144437670999999934e-01
7.984016538000000551e-01,7.921110392000000333e-01,8.144437670999999934e-01,8.079838156999999965e-01
7.921110392000000333e-01,7.864183187000000075e-01,8.079838156999999965e-01,8.021413684000000544e-01
7.864183187000000075e-01,7.812252044999999923e-01,8.021413684000000544e-01,7.968149184999999690e-01
7.812252044999999923e-01,7.764537929999999477e-01,7.968149184999999690e-01,7.919241785999999728e-01
7.764537929999999477e-01,7.720378041000000024e-01,7.919241785999999728e-01,7.874006628999999924e-01
7.720378041000000024e-01,7.679242492000000198e-01,7.874006628999999924e-01,7.831897735999999721e-01
7.679242492000000198e-01,7.640697360000000549e-01,7.831897735999999721e-01,7.792468071000000496e-01
7.640697360000000549e-01,7.604359388000000441e-01,7.792468071000000496e-01,7.755324244000000311e-01
7.604359388000000441e-01,7.569909691999999746e-01,7.755324244000000311e-01,7.720137835000000504e-01
7.569909691999999746e-01,7.537086605999999689e-01,7.720137835000000504e-01,7.686640620000000368e-01
7.537086605999999689e-01,7.505651711999999920e-01,7.686640620000000368e-01,7.654589415000000452e-01
7.505651711999999920e-01,7.475396395000000194e-01,7.654589415000000452e-01,7.623769640999999986e-01
7.475396395000000194e-01,7.446141242999999577e-01,7.623769640999999986e-01,7.593998909000000408e-01
7.446141242999999577e-01,7.417729496999999617e-01,7.593998909000000408e-01,7.565119863000000500e-01
7.417729496999999617e-01,7.390013336999999849e-01,7.565119863000000500e-01,7.536982298000000080e-01
7.390013336999999849e-01,7.362856865000000361e-01,7.536982298000000080e-01,7.509450316000000347e-01
7.362856865000000361e-01,7.336142062999999602e-01,7.509450316000000347e-01,7.482407092999999731e-01
7.336142062999999602e-01,7.309756874999999710e-01,7.482407092999999731e-01,7.455742954999999839e-01
7.309756874999999710e-01,7.283589839999999871e-01,7.455742954999999839e-01,7.429351211000000399e-01
7.283589839999999871e-01,7.257538437999999648e-01,7.429351211000000399e-01,7.403132915000000258e-01
7.257538437999999648e-01,7.231503725000000271e-01,7.403132915000000258e-01,7.376999258999999975e-01
7.231503725000000271e-01,7.205384374000000092e-01,7.376999258999999975e-01,7.350859642000000527e-01
7.205384374000000092e-01,7.179080248000000442e-01,7.350859642000000527e-01,7.324627042000000365e-01
7.179080248000000442e-01,7.152487039999999574e-01,7.324627042000000365e-01,7.298218607999999996e-01
7.152487039999999574e-01,7.125492691999999462e-01,7.298218607999999996e-01,7.271549701999999726e-01
7.125492691999999462e-01,7.099102138999999756e-01,7.271549701999999726e-01,7.245635985999999695e-01
7.099102138999999756e-01,7.074062227999999841e-01,7.245635985999999695e-01,7.221223115999999553e-01
7.074062227999999841e-01,7.050386667000000385e-01,7.221223115999999553e-01,7.198327183999999601e-01
7.050386667000000385e-01,7.028060554999999709e-01,7.198327183999999601e-01,7.176935076999999552e-01
7.028060554999999709e-01,7.007040976999999726e-01,7.176935076999999552e-01,7.157005072000000023e-01
7.007040976999999726e-01,6.987261771999999649e-01,7.157005072000000023e-01,7.138468027000000049e-01
6.987261771999999649e-01,6.968638300999999702e-01,7.138468027000000049e-01,7.121235132000000023e-01
6.968638300999999702e-01,6.951072216000000470e-01,7.121235132000000023e-01,7.105201482999999874e-01
6.951072216000000470e-01,6.934451460999999650e-01,7.105201482999999874e-01,7.090248465999999805e-01
6.934451460999999650e-01,6.918668746999999675e-01,7.090248465999999805e-01,7.076256870999999560e-01
6.918668746999999675e-01,6.903604865000000368e-01,7.076256870999999560e-01,7.063098549999999864e-01
6.903604865000000368e-01,6.889159678999999814e-01,7.063098549999999864e-01,7.050659657000000191e-01
6.889159678999999814e-01,6.875229478000000061e-01,7.050659657000000191e-01,7.038823365999999915e-01
6.875229478000000061e-01,6.861730217999999493e-01,7.038823365999999915e-01,7.027490138999999969e-01
6.861730217999999493e-01,6.848589181999999997e-01,7.027490138999999969e-01,7.016573548000000216e-01
6.848589181999999997e-01,6.835740208999999679e-01,7.016573548000000216e-01,7.005992532000000494e-01
6.835740208999999679e-01,6.823148727000000191e-01,7.005992532000000494e-01,6.995696424999999774e-01
6.823148727000000191e-01,6.810773015000000097e-01,6.995696424999999774e-01,6.985629797000000307e-01
6.810773015000000097e-01,6.798600554000000518e-01,6.985629797000000307e-01,6.975765823999999782e-01
6.798600554000000518e-01,6.786624788999999769e-01,6.975765823999999782e-01,6.966084242000000204e-01
6.786624788999999769e-01,6.774837375000000161e-01,6.966084242000000204e-01,6.956565975999999818e-01
6.774837375000000161e-01,6.763258575999999689e-01,6.956565975999999818e-01,6.947218179999999910e-01
6.763258575999999689e-01,6.751898526999999817e-01,6.947218179999999910e-01,6.938042640999999566e-01
6.751898526999999817e-01,6.740767359999999542e-01,6.938042640999999566e-01,6.929040550999999715e-01
6.740767359999999542e-01,6.729894279999999451e-01,6.929040550999999715e-01,6.920233368999999524e-01
6.729894279999999451e-01,6.719298958999999627e-01,6.920233368999999524e-01,6.911634802999999660e-01
6.719298958999999627e-01,6.708994508000000190e-01,6.911634802999999660e-01,6.903253794000000498e-01
6.708994508000000190e-01,6.698997616999999849e-01,6.903253794000000498e-01,6.895103455000000103e-01
6.698997616999999849e-01,6.689333320000000471e-01,6.895103455000000103e-01,6.887205242999999699e-01
6.689333320000000471e-01,6.680012940999999760e-01,6.887205242999999699e-01,6.879569291999999558e-01
6.680012940999999760e-01,6.671042442000000294e-01,6.879569291999999558e-01,6.872201561999999875e-01
6.671042442000000294e-01,6.662428379000000511e-01,6.872201561999999875e-01,6.865108012999999731e-01
8.572759032000000223e-01,8.408988713999999698e-01,8.756293057999999796e-01,8.587235211999999507e-01
8.408988713999999698e-01,8.271902799999999445e-01,8.587235211999999507e-01,8.445822597000000043e-01
8.271902799999999445e-01,8.155533671000000373e-01,8.445822597000000043e-01,8.325859307999999848e-01
8.155533671000000373e-01,8.055467010000000316e-01,8.325859307999999848e-01,8.222767115000000349e-01
8.055467010000000316e-01,7.968332170999999908e-01,8.222767115000000349e-01,8.133054972000000049e-01
7.968332170999999908e-01,7.891650796000000412e-01,8.133054972000000049e-01,8.054154515000000458e-01
7.891650796000000412e-01,7.823443412999999680e-01,8.054154515000000458e-01,7.984016538000000551e-01
7.823443412999999680e-01,7.762230038999999859e-01,7.984016538000000551e-01,7.921110392000000333e-01
7.762230038999999859e-01,7.706800102999999957e-01,7.921110392000000333e-01,7.864183187000000075e-01
7.706800102999999957e-01,7.656201719999999877e-01,7.864183187000000075e-01,7.812252044999999923e-01
7.656201719999999877e-01,7.609681486999999578e-01,7.812252044999999923e-01,7.764537929999999477e-01
7.609681486999999578e-01,7.566597461999999830e-01,7.764537929999999477e-01,7.720378041000000024e-01
7.566597461999999830e-01,7.526435256000000296e-01,7.720378041000000024e-01,7.679242492000000198e-01
7.526435256000000296e-01,7.488774060999999760e-01,7.679242492000000198e-01,7.640697360000000549e-01
7.488774060999999760e-01,7.453243135999999547e-01,7.640697360000000549e-01,7.604359388000000441e-01
7.453243135999999547e-01,7.419530153000000183e-01,7.604359388000000441e-01,7.569909691999999746e-01
7.419530153000000183e-01,7.387381196000000205e-01,7.569909691999999746e-01,7.537086605999999689e-01
7.387381196000000205e-01,7.356563806999999455e-01,7.537086605999999689e-01,7.505651711999999920e-01
7.356563806999999455e-01,7.326873540999999657e-01,7.505651711999999920e-01,7.475396395000000194e-01
7.326873540999999657e-01,7.298133969000000221e-01,7.475396395000000194e-01,7.446141242999999577e-01
7.298133969000000221e-01,7.270190716000000108e-01,7.446141242999999577e-01,7.417729496999999617e-01
7.270190716000000108e-01,7.242896557000000346e-01,7.417729496999999617e-01,7.390013336999999849e-01
7.242896557000000346e-01,7.216116190000000374e-01,7.390013336999999849e-01,7.362856865000000361e-01
7.216116190000000374e-01,7.189731002000000482e-01,7.362856865000000361e-01,7.336142062999999602e-01
7.189731002000000482e-01,7.163624763000000506e-01,7.336142062999999602e-01,7.309756874999999710e-01
7.163624763000000506e-01,7.137683630000000168e-01,7.309756874999999710e-01,7.283589839999999871e-01
7.137683630000000168e-01,7.111799120999999779e-01,7.283589839999999871e-01,7.257538437999999648e-01
7.111799120999999779e-01,7.085864544000000098e-01,7.257538437999999648e-01,7.231503725000000271e-01
7.085864544000000098e-01,7.059767246000000496e-01,7.231503725000000271e-01,7.205384374000000092e-01
7.059767246000000496e-01,7.033392190999999682e-01,7.205384374000000092e-01,7.179080248000000442e-01
7.033392190999999682e-01,7.006615400000000271e-01,7.179080248000000442e-01,7.152487039999999574e-01
7.006615400000000271e-01,6.979296803000000216e-01,7.152487039999999574e-01,7.125492691999999462e-01
6.979296803000000216e-01,6.952430010000000271e-01,7.125492691999999462e-01,7.099102138999999756e-01
6.952430010000000271e-01,6.926764845999999753e-01,7.099102138999999756e-01,7.074062227999999841e-01
6.926764845999999753e-01,6.902310847999999499e-01,7.074062227999999841e-01,7.050386667000000385e-01
6.902310847999999499e-01,6.879050732000000501e-01,7.050386667000000385e-01,7.028060554999999709e-01
6.879050732000000501e-01,6.856942772999999880e-01,7.028060554999999709e-01,7.007040976999999726e-01
6.856942772999999880e-01,6.835922599000000544e-01,7.007040976999999726e-01,6.987261771999999649e-01
6.835922599000000544e-01,6.815909743000000409e-01,6.987261771999999649e-01,6.968638300999999702e-01
6.815909743000000409e-01,6.796811819000000421e-01,6.968638300999999702e-01,6.951072216000000470e-01
6.796811819000000421e-01,6.778524517999999777e-01,6.951072216000000470e-01,6.934451460999999650e-01
6.778524517999999777e-01,6.760950685000000071e-01,6.934451460999999650e-01,6.918668746999999675e-01
6.760950685000000071e-01,6.743981838000000506e-01,6.918668746999999675e-01,6.903604865000000368e-01
6.743981838000000506e-01,6.727531552000000081e-01,6.903604865000000368e-01,6.889159678999999814e-01
6.727531552000000081e-01,6.711508036000000121e-01,6.889159678999999814e-01,6.875229478000000061e-01
6.711508036000000121e-01,6.695842146999999578e-01,6.875229478000000061e-01,6.861730217999999493e-01
6.695842146999999578e-01,6.680476665000000258e-01,6.861730217999999493e-01,6.848589181999999997e-01
6.680476665000000258e-01,6.665359735000000452e-01,6.848589181999999997e-01,6.835740208999999679e-01
6.665359735000000452e-01,6.650472879000000059e-01,6.835740208999999679e-01,6.823148727000000191e-01
6.650472879000000059e-01,6.635786890999999521e-01,6.823148727000000191e-01,6.810773015000000097e-01
6.635786890999999521e-01,6.621305346000000425e-01,6.810773015000000097e-01,6.798600554000000518e-01
6.621305346000000425e-01,6.607034205999999799e-01,6.798600554000000518e-01,6.786624788999999769e-01
6.607034205999999799e-01,6.592977047000000423e-01,6.786624788999999769e-01,6.774837375000000161e-01
6.592977047000000423e-01,6.579166054999999735e-01,6.774837375000000161e-01,6.763258575999999689e-01
6.579166054999999735e-01,6.565620898999999788e-01,6.763258575999999689e-01,6.751898526999999817e-01
6.565620898999999788e-01,6.552359462000000301e-01,6.751898526999999817e-01,6.740767359999999542e-01
6.552359462000000301e-01,6.539419292999999467e-01,6.740767359999999542e-01,6.729894279999999451e-01
6.539419292999999467e-01,6.526825428000000429e-01,6.729894279999999451e-01,6.719298958999999627e-01
6.526825428000000429e-01,6.514596342999999790e-01,6.719298958999999627e-01,6.708994508000000190e-01
6.514596342999999790e-01,6.502751707999999686e-01,6.708994508000000190e-01,6.698997616999999849e-01
6.502751707999999686e-01,6.491320133000000325e-01,6.698997616999999849e-01,6.689333320000000471e-01
6.491320133000000325e-01,6.480313540000000039e-01,6.689333320000000471e-01,6.680012940999999760e-01
6.480313540000000039e-01,6.469739078999999782e-01,6.680012940999999760e-01,6.671042442000000294e-01
6.469739078999999782e-01,6.459602117999999615e-01,6.671042442000000294e-01,6.662428379000000511e-01
8.390483855999999463e-01,8.231940866000000412e-01,8.572759032000000223e-01,8.408988713999999698e-01
8.231940866000000412e-01,8.099133372000000275e-01,8.408988713999999698e-01,8.271902799999999445e-01
8.099133372000000275e-01,7.986316680999999695e-01,8.271902799999999445e-01,8.155533671000000373e-01
7.986316680999999695e-01,7.889239192000000456e-01,8.155533671000000373e-01,8.055467010000000316e-01
7.889239192000000456e-01,7.804651259999999535e-01,8.055467010000000316e-01,7.968332170999999908e-01
7.804651259999999535e-01,7.730163335999999941e-01,7.968332170999999908e-01,7.891650796000000412e-01
7.730163335999999941e-01,7.663862109000000311e-01,7.891650796000000412e-01,7.823443412999999680e-01
7.663862109000000311e-01,7.604321241000000509e-01,7.823443412999999680e-01,7.762230038999999859e-01
7.604321241000000509e-01,7.550368905000000019e-01,7.762230038999999859e-01,7.706800102999999957e-01
7.550368905000000019e-01,7.501086593000000358e-01,7.706800102999999957e-01,7.656201719999999877e-01
7.501086593000000358e-01,7.455744743000000119e-01,7.656201719999999877e-01,7.609681486999999578e-01
7.455744743000000119e-01,7.413721680999999508e-01,7.609681486999999578e-01,7.566597461999999830e-01
7.413721680999999508e-01,7.374519706000000063e-01,7.566597461999999830e-01,7.526435256000000296e-01
7.374519706000000063e-01,7.337730527000000391e-01,7.526435256000000296e-01,7.488774060999999760e-01
7.337730527000000391e-01,7.302994132000000249e-01,7.488774060999999760e-01,7.453243135999999547e-01
7.302994132000000249e-01,7.270007133000000454e-01,7.453243135999999547e-01,7.419530153000000183e-01
7.270007133000000454e-01,7.238522172000000365e-01,7.419530153000000183e-01,7.387381196000000205e-01
7.238522172000000365e-01,7.208312749999999935e-01,7.387381196000000205e-01,7.356563806999999455e-01
7.208312749999999935e-01,7.179177999000000421e-01,7.356563806999999455e-01,7.326873540999999657e-01
7.179177999000000421e-01,7.150944471000000302e-01,7.326873540999999657e-01,7.298133969000000221e-01
7.150944471000000302e-01,7.123460769999999664e-01,7.298133969000000221e-01,7.270190716000000108e-01
7.123460769999999664e-01,7.096580863000000461e-01,7.270190716000000108e-01,7.242896557000000346e-01
7.096580863000000461e-01,7.070168852999999531e-01,7.242896557000000346e-01,7.216116190000000374e-01
7.070168852999999531e-01,7.044103741999999668e-01,7.216116190000000374e-01,7.189731002000000482e-01
7.044103741999999668e-01,7.018269897000000146e-01,7.189731002000000482e-01,7.163624763000000506e-01
7.018269897000000146e-01,6.992547512000000243e-01,7.163624763000000506e-01,7.137683630000000168e-01
6.992547512000000243e-01,6.966822147000000243e-01,7.137683630000000168e-01,7.111799120999999779e-01
6.966822147000000243e-01,6.940980554000000247e-01,7.111799120999999779e-01,7.085864544000000098e-01
6.940980554000000247e-01,6.914898157000000101e-01,7.085864544000000098e-01,7.059767246000000496e-01
6.914898157000000101e-01,6.888445615999999605e-01,7.059767246000000496e-01,7.033392190999999682e-01
6.888445615999999605e-01,6.861478685999999882e-01,7.033392190999999682e-01,7.006615400000000271e-01
6.861478685999999882e-01,6.833829879999999690e-01,7.006615400000000271e-01,6.979296803000000216e-01
6.833829879999999690e-01,6.806482077000000075e-01,6.979296803000000216e-01,6.952430010000000271e-01
6.806482077000000075e-01,6.780186891999999688e-01,6.952430010000000271e-01,6.926764845999999753e-01
6.780186891999999688e-01,6.754951476999999649e-01,6.926764845999999753e-01,6.902310847999999499e-01
6.754951476999999649e-01,6.730756164000000208e-01,6.902310847999999499e-01,6.879050732000000501e-01
6.730756164000000208e-01,6.707559227999999596e-01,6.879050732000000501e-01,6.856942772999999880e-01
6.707559227999999596e-01,6.685298681000000354e-01,6.856942772999999880e-01,6.835922599000000544e-01
6.685298681000000354e-01,6.663897634000000014e-01,6.835922599000000544e-01,6.815909743000000409e-01
6.663897634000000014e-01,6.643270850000000394e-01,6.815909743000000409e-01,6.796811819000000421e-01
6.643270850000000394e-01,6.623321175999999921e-01,6.796811819000000421e-01,6.778524517999999777e-01
6.623321175999999921e-01,6.603960990999999670e-01,6.778524517999999777e-01,6.760950685000000071e-01
6.603960990999999670e-01,6.585093141000000205e-01,6.760950685000000071e-01,6.743981838000000506e-01
6.585093141000000205e-01,6.566643715000000103e-01,6.743981838000000506e-01,6.727531552000000081e-01
6.566643715000000103e-01,6.548535227999999764e-01,6.727531552000000081e-01,6.711508036000000121e-01
6.548535227999999764e-01,6.530711055000000265e-01,6.711508036000000121e-01,6.695842146999999578e-01
6.530711055000000265e-01,6.513130069000000466e-01,6.695842146999999578e-01,6.680476665000000258e-01
6.513130069000000466e-01,6.495754718999999788e-01,6.680476665000000258e-01,6.665359735000000452e-01
6.495754718999999788e-01,6.478582025000000355e-01,6.665359735000000452e-01,6.650472879000000059e-01
6.478582025000000355e-01,6.461597085000000407e-01,6.650472879000000059e-01,6.635786890999999521e-01
6.461597085000000407e-01,6.444817185000000226e-01,6.635786890999999521e-01,6.621305346000000425e-01
6.444817185000000226e-01,6.428261399000000376e-01,6.621305346000000425e-01,6.607034205999999799e-01
6.428261399000000376e-01,6.411945820000000129e-01,6.607034205999999799e-01,6.592977047000000423e-01
6.411945820000000129e-01,6.395912766000000360e-01,6.592977047000000423e-01,6.579166054999999735e-01
6.395912766000000360e-01,6.380193232999999964e-01,6.579166054999999735e-01,6.565620898999999788e-01
6.380193232999999964e-01,6.364811659000000343e-01,6.565620898999999788e-01,6.552359462000000301e-01
6.364811659000000343e-01,6.349814534000000066e-01,6.552359462000000301e-01,6.539419292999999467e-01
6.349814534000000066e-01,6.335233449999999600e-01,6.539419292999999467e-01,6.526825428000000429e-01
6.335233449999999600e-01,6.321089267999999706e-01,6.526825428000000429e-01,6.514596342999999790e-01
6.321089267999999706e-01,6.307405829000000130e-01,6.514596342999999790e-01,6.502751707999999686e-01
6.307405829000000130e-01,6.294215918000000132e-01,6.502751707999999686e-01,6.491320133000000325e-01
6.294215918000000132e-01,6.281531452999999932e-01,6.491320133000000325e-01,6.480313540000000039e-01
6.281531452999999932e-01,6.269361377000000068e-01,6.480313540000000039e-01,6.469739078999999782e-01
6.269361377000000068e-01,6.257709861000000373e-01,6.469739078999999782e-01,6.459602117999999615e-01
8.210811614999999897e-01,8.057417274000000518e-01,8.390483855999999463e-01,8.231940866000000412e-01
8.057417274000000518e-01,7.928822637000000340e-01,8.231940866000000412e-01,8.099133372000000275e-01
7.928822637000000340e-01,7.819505333999999808e-01,8.099133372000000275e-01,7.986316680999999695e-01
7.819505333999999808e-01,7.725372313999999685e-01,7.986316680999999695e-01,7.889239192000000456e-01
7.725372313999999685e-01,7.643293737999999893e-01,7.889239192000000456e-01,7.804651259999999535e-01
7.643293737999999893e-01,7.570965290000000181e-01,7.804651259999999535e-01,7.730163335999999941e-01
7.570965290000000181e-01,7.506542802000000236e-01,7.730163335999999941e-01,7.663862109000000311e-01
7.506542802000000236e-01,7.448649405999999695e-01,7.663862109000000311e-01,7.604321241000000509e-01
7.448649405999999695e-01,7.396153807999999996e-01,7.604321241000000509e-01,7.550368905000000019e-01
7.396153807999999996e-01,7.348167895999999644e-01,7.550368905000000019e-01,7.501086593000000358e-01
7.348167895999999644e-01,7.303987145000000458e-01,7.501086593000000358e-01,7.455744743000000119e-01
7.303987145000000458e-01,7.263009548000000093e-01,7.455744743000000119e-01,7.413721680999999508e-01
7.263009548000000093e-01,7.224754094999999987e-01,7.413721680999999508e-01,7.374519706000000063e-01
7.224754094999999987e-01,7.188824415000000245e-01,7.374519706000000063e-01,7.337730527000000391e-01
7.188824415000000245e-01,7.154871225000000168e-01,7.337730527000000391e-01,7.302994132000000249e-01
7.154871225000000168e-01,7.122600078999999917e-01,7.302994132000000249e-01,7.270007133000000454e-01
7.122600078999999917e-01,7.091770172000000372e-01,7.270007133000000454e-01,7.238522172000000365e-01
7.091770172000000372e-01,7.062159776999999972e-01,7.238522172000000365e-01,7.208312749999999935e-01
7.062159776999999972e-01,7.033573388999999620e-01,7.208312749999999935e-01,7.179177999000000421e-01
7.033573388999999620e-01,7.005839943999999653e-01,7.179177999000000421e-01,7.150944471000000302e-01
7.005839943999999653e-01,6.978809834000000434e-01,7.150944471000000302e-01,7.123460769999999664e-01
6.978809834000000434e-01,6.952338219000000485e-01,7.123460769999999664e-01,7.096580863000000461e-01
6.952338219000000485e-01,6.926289200999999895e-01,7.096580863000000461e-01,7.070168852999999531e-01
6.926289200999999895e-01,6.900542377999999699e-01,7.070168852999999531e-01,7.044103741999999668e-01
6.900542377999999699e-01,6.874976753999999524e-01,7.044103741999999668e-01,7.018269897000000146e-01
6.874976753999999524e-01,6.849470734999999477e-01,7.018269897000000146e-01,6.992547512000000243e-01
6.849470734999999477e-01,6.823903918000000512e-01,6.992547512000000243e-01,6.966822147000000243e-01
6.823903918000000512e-01,6.798155308000000119e-01,6.966822147000000243e-01,6.940980554000000247e-01
6.798155308000000119e-01,6.772089600999999792e-01,6.940980554000000247e-01,6.914898157000000101e-01
6.772089600999999792e-01,6.745561957000000275e-01,6.914898157000000101e-01,6.888445615999999605e-01
6.745561957000000275e-01,6.718409656999999591e-01,6.888445615999999605e-01,6.861478685999999882e-01
6.718409656999999591e-01,6.690438389999999735e-01,6.861478685999999882e-01,6.833829879999999690e-01
6.690438389999999735e-01,6.662618517999999712e-01,6.833829879999999690e-01,6.806482077000000075e-01
6.662618517999999712e-01,6.635705829000000389e-01,6.806482077000000075e-01,6.780186891999999688e-01
6.635705829000000389e-01,6.609703301999999558e-01,6.780186891999999688e-01,6.754951476999999649e-01
6.609703301999999558e-01,6.584589481000000522e-01,6.754951476999999649e-01,6.730756164000000208e-01
6.584589481000000522e-01,6.560323237999999835e-01,6.730756164000000208e-01,6.707559227999999596e-01
6.560323237999999835e-01,6.536844373000000319e-01,6.707559227999999596e-01,6.685298681000000354e-01
6.536844373000000319e-01,6.514079570999999902e-01,6.685298681000000354e-01,6.663897634000000014e-01
6.514079570999999902e-01,6.491950749999999548e-01,6.663897634000000014e-01,6.643270850000000394e-01
6.491950749999999548e-01,6.470367312000000481e-01,6.643270850000000394e-01,6.623321175999999921e-01
6.470367312000000481e-01,6.449252367000000152e-01,6.623321175999999921e-01,6.603960990999999670e-01
6.449252367000000152e-01,6.428518891000000179e-01,6.603960990999999670e-01,6.585093141000000205e-01
6.428518891000000179e-01,6.408105493000000319e-01,6.585093141000000205e-01,6.566643715000000103e-01
6.408105493000000319e-01,6.387946606000000083e-01,6.566643715000000103e-01,6.548535227999999764e-01
6.387946606000000083e-01,6.368002295000000368e-01,6.548535227999999764e-01,6.530711055000000265e-01
6.368002295000000368e-01,6.348243952000000023e-01,6.530711055000000265e-01,6.513130069000000466e-01
6.348243952000000023e-01,6.328649521000000444e-01,6.513130069000000466e-01,6.495754718999999788e-01
6.328649521000000444e-01,6.309229732000000146e-01,6.495754718999999788e-01,6.478582025000000355e-01
6.309229732000000146e-01,6.289985179999999509e-01,6.478582025000000355e-01,6.461597085000000407e-01
6.289985179999999509e-01,6.270946264000000214e-01,6.461597085000000407e-01,6.444817185000000226e-01
6.270946264000000214e-01,6.252145767000000243e-01,6.444817185000000226e-01,6.428261399000000376e-01
6.252145767000000243e-01,6.233609318999999704e-01,6.428261399000000376e-01,6.411945820000000129e-01
6.233609318999999704e-01,6.215392947000000223e-01,6.411945820000000129e-01,6.395912766000000360e-01
6.215392947000000223e-01,6.197535991999999494e-01,6.395912766000000360e-01,6.380193232999999964e-01
6.197535991999999494e-01,6.180071234999999774e-01,6.380193232999999964e-01,6.364811659000000343e-01
6.180071234999999774e-01,6.163052319999999806e-01,6.364811659000000343e-01,6.349814534000000066e-01
6.163052319999999806e-01,6.146516800000000336e-01,6.349814534000000066e-01,6.335233449999999600e-01
6.146516800000000336e-01,6.130490303000000196e-01,6.335233449999999600e-01,6.321089267999999706e-01
6.130490303000000196e-01,6.114999652000000507e-01,6.321089267999999706e-01,6.307405829000000130e-01
6.114999652000000507e-01,6.100081204999999729e-01,6.307405829000000130e-01,6.294215918000000132e-01
6.100081204999999729e-01,6.085748076000000450e-01,6.294215918000000132e-01,6.281531452999999932e-01
6.085748076000000450e-01,6.072009205999999715e-01,6.281531452999999932e-01,6.269361377000000068e-01
6.072009205999999715e-01,6.058868765999999573e-01,6.269361377000000068e-01,6.257709861000000373e-01
8.035014867999999977e-01,7.886689901000000225e-01,8.210811614999999897e-01,8.057417274000000518e-01
7.886689901000000225e-01,7.762246727999999596e-01,8.057417274000000518e-01,7.928822637000000340e-01
7.762246727999999596e-01,7.656378745999999902e-01,7.928822637000000340e-01,7.819505333999999808e-01
7.656378745999999902e-01,7.565150857000000340e-01,7.819505333999999808e-01,7.725372313999999685e-01
7.565150857000000340e-01,7.485548257999999899e-01,7.725372313999999685e-01,7.643293737999999893e-01
7.485548257999999899e-01,7.415353655999999960e-01,7.643293737999999893e-01,7.570965290000000181e-01
7.415353655999999960e-01,7.352787852000000068e-01,7.570965290000000181e-01,7.506542802000000236e-01
7.352787852000000068e-01,7.296524048000000429e-01,7.506542802000000236e-01,7.448649405999999695e-01
7.296524048000000429e-01,7.245470284999999677e-01,7.448649405999999695e-01,7.396153807999999996e-01
7.245470284999999677e-01,7.198769449999999903e-01,7.396153807999999996e-01,7.348167895999999644e-01
7.198769449999999903e-01,7.155740260999999824e-01,7.348167895999999644e-01,7.303987145000000458e-01
7.155740260999999824e-01,7.115800976999999694e-01,7.303987145000000458e-01,7.263009548000000093e-01
7.115800976999999694e-01,7.078486084999999761e-01,7.263009548000000093e-01,7.224754094999999987e-01
7.078486084999999761e-01,7.043411732000000036e-01,7.224754094999999987e-01,7.188824415000000245e-01
7.043411732000000036e-01,7.010238766999999926e-01,7.188824415000000245e-01,7.154871225000000168e-01
7.010238766999999926e-01,6.978682280000000349e-01,7.154871225000000168e-01,7.122600078999999917e-01
6.978682280000000349e-01,6.948506831999999855e-01,7.122600078999999917e-01,7.091770172000000372e-01
6.948506831999999855e-01,6.919496655000000329e-01,7.091770172000000372e-01,7.062159776999999972e-01
6.919496655000000329e-01,6.891459823000000151e-01,7.062159776999999972e-01,7.033573388999999620e-01
6.891459823000000151e-01,6.864229441000000431e-01,7.033573388999999620e-01,7.005839943999999653e-01
6.864229441000000431e-01,6.837657689999999677e-01,7.005839943999999653e-01,6.978809834000000434e-01
6.837657689999999677e-01,6.811600327000000288e-01,6.978809834000000434e-01,6.952338219000000485e-01
6.811600327000000288e-01,6.785922049999999484e-01,6.952338219000000485e-01,6.926289200999999895e-01
6.785922049999999484e-01,6.760500669000000240e-01,6.926289200999999895e-01,6.900542377999999699e-01
6.760500669000000240e-01,6.735213995000000065e-01,6.900542377999999699e-01,6.874976753999999524e-01
6.735213995000000065e-01,6.709936261000000179e-01,6.874976753999999524e-01,6.849470734999999477e-01
6.709936261000000179e-01,6.684542298000000216e-01,6.849470734999999477e-01,6.823903918000000512e-01
6.684542298000000216e-01,6.658902763999999808e-01,6.823903918000000512e-01,6.798155308000000119e-01
6.658902763999999808e-01,6.632872819999999781e-01,6.798155308000000119e-01,6.772089600999999792e-01
6.632872819999999781e-01,6.606293320999999663e-01,6.772089600999999792e-01,6.745561957000000275e-01
6.606293320999999663e-01,6.578982472000000081e-01,6.745561957000000275e-01,6.718409656999999591e-01
6.578982472000000081e-01,6.550719141999999939e-01,6.718409656999999591e-01,6.690438389999999735e-01
6.550719141999999939e-01,6.522464155999999624e-01,6.690438389999999735e-01,6.662618517999999712e-01
6.522464155999999624e-01,6.494974493999999821e-01,6.662618517999999712e-01,6.635705829000000389e-01
6.494974493999999821e-01,6.468249558999999982e-01,6.635705829000000389e-01,6.609703301999999558e-01
6.468249558999999982e-01,6.442264914999999981e-01,6.609703301999999558e-01,6.584589481000000522e-01
6.442264914999999981e-01,6.416981219999999819e-01,6.584589481000000522e-01,6.560323237999999835e-01
6.416981219999999819e-01,6.392338871999999617e-01,6.560323237999999835e-01,6.536844373000000319e-01
6.392338871999999617e-01,6.368269920000000361e-01,6.536844373000000319e-01,6.514079570999999902e-01
6.368269920000000361e-01,6.344701052000000230e-01,6.514079570999999902e-01,6.491950749999999548e-01
6.344701052000000230e-01,6.321549415999999644e-01,6.491950749999999548e-01,6.470367312000000481e-01
6.321549415999999644e-01,6.298747062999999757e-01,6.470367312000000481e-01,6.449252367000000152e-01
6.298747062999999757e-01,6.276217698999999595e-01,6.449252367000000152e-01,6.428518891000000179e-01
6.276217698999999595e-01,6.253911853000000409e-01,6.428518891000000179e-01,6.408105493000000319e-01
6.253911853000000409e-01,6.231777071999999862e-01,6.408105493000000319e-01,6.387946606000000083e-01
6.231777071999999862e-01,6.209786534000000247e-01,6.387946606000000083e-01,6.368002295000000368e-01
6.209786534000000247e-01,6.187926530999999786e-01,6.368002295000000368e-01,6.348243952000000023e-01
6.187926530999999786e-01,6.166187524999999781e-01,6.348243952000000023e-01,6.328649521000000444e-01
6.166187524999999781e-01,6.144597529999999974e-01,6.328649521000000444e-01,6.309229732000000146e-01
6.144597529999999974e-01,6.123167872000000456e-01,6.309229732000000146e-01,6.289985179999999509e-01
6.123167872000000456e-01,6.101943851000000141e-01,6.289985179999999509e-01,6.270946264000000214e-01
6.101943851000000141e-01,6.080970763999999917e-01,6.270946264000000214e-01,6.252145767000000243e-01
6.080970763999999917e-01,6.060286164000000531e-01,6.252145767000000243e-01,6.233609318999999704e-01
6.060286164000000531e-01,6.039956212000000546e-01,6.233609318999999704e-01,6.215392947000000223e-01
6.039956212000000546e-01,6.020029187000000004e-01,6.215392947000000223e-01,6.197535991999999494e-01
6.020029187000000004e-01,6.000546812999999480e-01,6.197535991999999494e-01,6.180071234999999774e-01
6.000546812999999480e-01,5.981569289999999484e-01,6.180071234999999774e-01,6.163052319999999806e-01
5.981569289999999484e-01,5.963140129999999761e-01,6.163052319999999806e-01,6.146516800000000336e-01
5.963140129999999761e-01,5.945289730999999689e-01,6.146516800000000336e-01,6.130490303000000196e-01
5.945289730999999689e-01,5.928047895000000400e-01,6.130490303000000196e-01,6.114999652000000507e-01
5.928047895000000400e-01,5.911452769999999690e-01,6.114999652000000507e-01,6.100081204999999729e-01
5.911452769999999690e-01,5.895521640999999979e-01,6.100081204999999729e-01,6.085748076000000450e-01
5.895521640999999979e-01,5.880261063999999704e-01,6.085748076000000450e-01,6.072009205999999715e-01
5.880261063999999704e-01,5.865676999000000169e-01,6.072009205999999715e-01,6.058868765999999573e-01
7.864256500999999844e-01,7.720880507999999809e-01,8.035014867999999977e-01,7.886689901000000225e-01
7.720880507999999809e-01,7.600491643000000241e-01,7.886689901000000225e-01,7.762246727999999596e-01
7.600491643000000241e-01,7.497993708000000312e-01,7.762246727999999596e-01,7.656378745999999902e-01
7.497993708000000312e-01,7.409604191999999978e-01,7.656378745999999902e-01,7.565150857000000340e-01
7.409604191999999978e-01,7.332423925000000065e-01,7.565150857000000340e-01,7.485548257999999899e-01
7.332423925000000065e-01,7.264316081999999675e-01,7.485548257999999899e-01,7.415353655999999960e-01
7.264316081999999675e-01,7.203567624000000169e-01,7.415353655999999960e-01,7.352787852000000068e-01
7.203567624000000169e-01,7.148900031999999571e-01,7.352787852000000068e-01,7.296524048000000429e-01
7.148900031999999571e-01,7.099258899999999484e-01,7.296524048000000429e-01,7.245470284999999677e-01
7.099258899999999484e-01,7.053816914999999632e-01,7.245470284999999677e-01,7.198769449999999903e-01
7.053816914999999632e-01,7.011917829999999574e-01,7.198769449999999903e-01,7.155740260999999824e-01
7.011917829999999574e-01,6.972998380999999579e-01,7.155740260999999824e-01,7.115800976999999694e-01
6.972998380999999579e-01,6.936607361000000083e-01,7.115800976999999694e-01,7.078486084999999761e-01
6.936607361000000083e-01,6.902374029000000188e-01,7.078486084999999761e-01,7.043411732000000036e-01
6.902374029000000188e-01,6.869969367999999577e-01,7.043411732000000036e-01,7.010238766999999926e-01
6.869969367999999577e-01,6.839116812000000101e-01,7.010238766999999926e-01,6.978682280000000349e-01
6.839116812000000101e-01,6.809586882999999480e-01,6.978682280000000349e-01,6.948506831999999855e-01
6.809586882999999480e-01,6.781169771999999707e-01,6.948506831999999855e-01,6.919496655000000329e-01
6.781169771999999707e-01,6.753677129999999806e-01,6.919496655000000329e-01,6.891459823000000151e-01
6.753677129999999806e-01,6.726945639000000421e-01,6.891459823000000151e-01,6.864229441000000431e-01
6.726945639000000421e-01,6.700829268000000338e-01,6.864229441000000431e-01,6.837657689999999677e-01
6.700829268000000338e-01,6.675184369000000117e-01,6.837657689999999677e-01,6.811600327000000288e-01
6.675184369000000117e-01,6.649876833000000209e-01,6.811600327000000288e-01,6.785922049999999484e-01
6.649876833000000209e-01,6.624783278000000442e-01,6.785922049999999484e-01,6.760500669000000240e-01
6.624783278000000442e-01,6.599779128999999633e-01,6.760500669000000240e-01,6.735213995000000065e-01
6.599779128999999633e-01,6.574735044999999722e-01,6.735213995000000065e-01,6.709936261000000179e-01
6.574735044999999722e-01,6.549521685000000426e-01,6.709936261000000179e-01,6.684542298000000216e-01
6.549521685000000426e-01,6.524001360000000194e-01,6.684542298000000216e-01,6.658902763999999808e-01
6.524001360000000194e-01,6.498020290999999560e-01,6.658902763999999808e-01,6.632872819999999781e-01
6.498020290999999560e-01,6.471406221000000070e-01,6.632872819999999781e-01,6.606293320999999663e-01
6.471406221000000070e-01,6.443957686000000296e-01,6.606293320999999663e-01,6.578982472000000081e-01
6.443957686000000296e-01,6.415430903000000074e-01,6.578982472000000081e-01,6.550719141999999939e-01
6.415430903000000074e-01,6.386772393999999853e-01,6.550719141999999939e-01,6.522464155999999624e-01
6.386772393999999853e-01,6.358742118000000332e-01,6.522464155999999624e-01,6.494974493999999821e-01
6.358742118000000332e-01,6.331335902000000404e-01,6.494974493999999821e-01,6.468249558999999982e-01
6.331335902000000404e-01,6.304528117000000043e-01,6.468249558999999982e-01,6.442264914999999981e-01
6.304528117000000043e-01,6.278277636000000328e-01,6.442264914999999981e-01,6.416981219999999819e-01
6.278277636000000328e-01,6.252528429000000498e-01,6.416981219999999819e-01,6.392338871999999617e-01
6.252528429000000498e-01,6.227215527999999667e-01,6.392338871999999617e-01,6.368269920000000361e-01
6.227215527999999667e-01,6.202271580999999534e-01,6.368269920000000361e-01,6.344701052000000230e-01
6.202271580999999534e-01,6.177619695999999605e-01,6.344701052000000230e-01,6.321549415999999644e-01
6.177619695999999605e-01,6.153202652999999467e-01,6.321549415999999644e-01,6.298747062999999757e-01
6.153202652999999467e-01,6.128953098999999627e-01,6.298747062999999757e-01,6.276217698999999595e-01
6.128953098999999627e-01,6.104833483999999588e-01,6.276217698999999595e-01,6.253911853000000409e-01
6.104833483999999588e-01,6.080803274999999619e-01,6.253911853000000409e-01,6.231777071999999862e-01
6.080803274999999619e-01,6.056848764000000163e-01,6.231777071999999862e-01,6.209786534000000247e-01
6.056848764000000163e-01,6.032971144000000008e-01,6.209786534000000247e-01,6.187926530999999786e-01
6.032971144000000008e-01,6.009173393000000196e-01,6.187926530999999786e-01,6.166187524999999781e-01
6.009173393000000196e-01,5.985497236000000276e-01,6.166187524999999781e-01,6.144597529999999974e-01
5.985497236000000276e-01,5.961968303000000358e-01,6.144597529999999974e-01,6.123167872000000456e-01
5.961968303000000358e-01,5.938643812999999660e-01,6.123167872000000456e-01,6.101943851000000141e-01
5.938643812999999660e-01,5.915582179999999690e-01,6.101943851000000141e-01,6.080970763999999917e-01
5.915582179999999690e-01,5.892831087000000023e-01,6.080970763999999917e-01,6.060286164000000531e-01
5.892831087000000023e-01,5.870468020000000342e-01,6.060286164000000531e-01,6.039956212000000546e-01
5.870468020000000342e-01,5.848550200000000032e-01,6.039956212000000546e-01,6.020029187000000004e-01
5.848550200000000032e-01,5.827125907000000327e-01,6.020029187000000004e-01,6.000546812999999480e-01
5.827125907000000327e-01,5.806263685000000452e-01,6.000546812999999480e-01,5.981569289999999484e-01
5.806263685000000452e-01,5.786012410999999966e-01,5.981569289999999484e-01,5.963140129999999761e-01
5.786012410999999966e-01,5.766406058999999917e-01,5.963140129999999761e-01,5.945289730999999689e-01
5.766406058999999917e-01,5.747478007999999861e-01,5.945289730999999689e-01,5.928047895000000400e-01
5.747478007999999861e-01,5.729269981000000289e-01,5.928047895000000400e-01,5.911452769999999690e-01
5.729269981000000289e-01,5.711799264000000376e-01,5.911452769999999690e-01,5.895521640999999979e-01
5.711799264000000376e-01,5.695074200999999947e-01,5.895521640999999979e-01,5.880261063999999704e-01
5.695074200999999947e-01,5.679099560000000491e-01,5.880261063999999704e-01,5.865676999000000169e-01
7.699552774000000266e-01,7.560970187000000120e-01,7.864256500999999844e-01,7.720880507999999809e-01
7.560970187000000120e-01,7.444508076000000418e-01,7.720880507999999809e-01,7.600491643000000241e-01
7.444508076000000418e-01,7.345275878999999453e-01,7.600491643000000241e-01,7.497993708000000312e-01
7.345275878999999453e-01,7.259638309000000511e-01,7.497993708000000312e-01,7.409604191999999978e-01
7.259638309000000511e-01,7.184804677999999667e-01,7.409604191999999978e-01,7.332423925000000065e-01
7.184804677999999667e-01,7.118721007999999628e-01,7.332423925000000065e-01,7.264316081999999675e-01
7.118721007999999628e-01,7.059736251999999546e-01,7.264316081999999675e-01,7.203567624000000169e-01
7.059736251999999546e-01,7.006617188000000551e-01,7.203567624000000169e-01,7.148900031999999571e-01
7.006617188000000551e-01,6.958347558999999904e-01,7.148900031999999571e-01,7.099258899999999484e-01
6.958347558999999904e-01,6.914129257000000139e-01,7.099258899999999484e-01,7.053816914999999632e-01
6.914129257000000139e-01,6.873328090000000445e-01,7.053816914999999632e-01,7.011917829999999574e-01
6.873328090000000445e-01,6.835399269999999916e-01,7.011917829999999574e-01,6.972998380999999579e-01
6.835399269999999916e-01,6.799907683999999453e-01,6.972998380999999579e-01,6.936607361000000083e-01
6.799907683999999453e-01,6.766492723999999459e-01,6.936607361000000083e-01,6.902374029000000188e-01
6.766492723999999459e-01,6.734837294000000085e-01,6.902374029000000188e-01,6.869969367999999577e-01
6.734837294000000085e-01,6.704670190999999502e-01,6.869969367999999577e-01,6.839116812000000101e-01
6.704670190999999502e-01,6.675770282999999861e-01,6.839116812000000101e-01,6.809586882999999480e-01
6.675770282999999861e-01,6.647932529000000201e-01,6.809586882999999480e-01,6.781169771999999707e-01
6.647932529000000201e-01,6.620972752999999544e-01,6.781169771999999707e-01,6.753677129999999806e-01
6.620972752999999544e-01,6.594729423999999840e-01,6.753677129999999806e-01,6.726945639000000421e-01
6.594729423999999840e-01,6.569059490999999973e-01,6.726945639000000421e-01,6.700829268000000338e-01
6.569059490999999973e-01,6.543820500000000484e-01,6.700829268000000338e-01,6.675184369000000117e-01
6.543820500000000484e-01,6.518878340999999521e-01,6.675184369000000117e-01,6.649876833000000209e-01
6.518878340999999521e-01,6.494108438000000261e-01,6.649876833000000209e-01,6.624783278000000442e-01
6.494108438000000261e-01,6.469385027999999815e-01,6.624783278000000442e-01,6.599779128999999633e-01
6.469385027999999815e-01,6.444576383000000241e-01,6.599779128999999633e-01,6.574735044999999722e-01
6.444576383000000241e-01,6.419546007999999970e-01,6.574735044999999722e-01,6.549521685000000426e-01
6.419546007999999970e-01,6.394150853000000190e-01,6.549521685000000426e-01,6.524001360000000194e-01
6.394150853000000190e-01,6.368228196999999868e-01,6.524001360000000194e-01,6.498020290999999560e-01
6.368228196999999868e-01,6.341591477000000365e-01,6.498020290999999560e-01,6.471406221000000070e-01
6.341591477000000365e-01,6.314023733000000416e-01,6.471406221000000070e-01,6.443957686000000296e-01
6.314023733000000416e-01,6.285255550999999663e-01,6.443957686000000296e-01,6.415430903000000074e-01
6.285255550999999663e-01,6.256223320999999560e-01,6.415430903000000074e-01,6.386772393999999853e-01
6.256223320999999560e-01,6.227687597000000075e-01,6.386772393999999853e-01,6.358742118000000332e-01
6.227687597000000075e-01,6.199640631999999707e-01,6.358742118000000332e-01,6.331335902000000404e-01
6.199640631999999707e-01,6.172055006000000121e-01,6.331335902000000404e-01,6.304528117000000043e-01
6.172055006000000121e-01,6.144890785000000077e-01,6.304528117000000043e-01,6.278277636000000328e-01
6.144890785000000077e-01,6.118091941000000089e-01,6.278277636000000328e-01,6.252528429000000498e-01
6.118091941000000089e-01,6.091597676000000128e-01,6.252528429000000498e-01,6.227215527999999667e-01
6.091597676000000128e-01,6.065346002999999486e-01,6.227215527999999667e-01,6.202271580999999534e-01
6.065346002999999486e-01,6.039267778000000364e-01,6.202271580999999534e-01,6.177619695999999605e-01
6.039267778000000364e-01,6.013312936000000386e-01,6.177619695999999605e-01,6.153202652999999467e-01
6.013312936000000386e-01,5.987423657999999538e-01,6.153202652999999467e-01,6.128953098999999627e-01
5.987423657999999538e-01,5.961575507999999912e-01,6.128953098999999627e-01,6.104833483999999588e-01
5.961575507999999912e-01,5.935737491000000476e-01,6.104833483999999588e-01,6.080803274999999619e-01
5.935737491000000476e-01,5.909910797999999854e-01,6.080803274999999619e-01,6.056848764000000163e-01
5.909910797999999854e-01,5.884106755000000355e-01,6.056848764000000163e-01,6.032971144000000008e-01
5.884106755000000355e-01,5.858343839999999858e-01,6.032971144000000008e-01,6.009173393000000196e-01
5.858343839999999858e-01,5.832676290999999624e-01,6.009173393000000196e-01,5.985497236000000276e-01
5.832676290999999624e-01,5.807142257999999835e-01,5.985497236000000276e-01,5.961968303000000358e-01
5.807142257999999835e-01,5.781812071999999914e-01,5.961968303000000358e-01,5.938643812999999660e-01
5.781812071999999914e-01,5.756756066999999533e-01,5.938643812999999660e-01,5.915582179999999690e-01
5.756756066999999533e-01,5.732030868999999917e-01,5.915582179999999690e-01,5.892831087000000023e-01
5.732030868999999917e-01,5.707724690000000045e-01,5.892831087000000023e-01,5.870468020000000342e-01
5.707724690000000045e-01,5.683904885999999657e-01,5.870468020000000342e-01,5.848550200000000032e-01
5.683904885999999657e-01,5.660625099999999632e-01,5.848550200000000032e-01,5.827125907000000327e-01
5.660625099999999632e-01,5.637961625999999837e-01,5.827125907000000327e-01,5.806263685000000452e-01
5.637961625999999837e-01,5.615968703999999478e-01,5.806263685000000452e-01,5.786012410999999966e-01
5.615968703999999478e-01,5.594683886000000328e-01,5.786012410999999966e-01,5.766406058999999917e-01
5.594683886000000328e-01,5.574144125000000116e-01,5.766406058999999917e-01,5.747478007999999861e-01
5.574144125000000116e-01,5.554394125999999599e-01,5.747478007999999861e-01,5.729269981000000289e-01
5.554394125999999599e-01,5.535451770000000549e-01,5.729269981000000289e-01,5.711799264000000376e-01
5.535451770000000549e-01,5.517326593000000390e-01,5.711799264000000376e-01,5.695074200999999947e-01
5.517326593000000390e-01,5.500022172999999848e-01,5.695074200999999947e-01,5.679099560000000491e-01
7.541772127000000436e-01,7.407800555000000342e-01,7.699552774000000266e-01,7.560970187000000120e-01
7.407800555000000342e-01,7.295116186000000225e-01,7.560970187000000120e-01,7.444508076000000418e-01
7.295116186000000225e-01,7.199025749999999890e-01,7.444508076000000418e-01,7.345275878999999453e-01
7.199025749999999890e-01,7.116035223000000132e-01,7.345275878999999453e-01,7.259638309000000511e-01
7.116035223000000132e-01,7.043461800000000439e-01,7.259638309000000511e-01,7.184804677999999667e-01
7.043461800000000439e-01,6.979326606000000321e-01,7.184804677999999667e-01,7.118721007999999628e-01
6.979326606000000321e-01,6.922039986000000367e-01,7.118721007999999628e-01,7.059736251999999546e-01
6.922039986000000367e-01,6.870412230000000342e-01,7.059736251999999546e-01,7.006617188000000551e-01
6.870412230000000342e-01,6.823464632000000307e-01,7.006617188000000551e-01,6.958347558999999904e-01
6.823464632000000307e-01,6.780425906000000502e-01,6.958347558999999904e-01,6.914129257000000139e-01
6.780425906000000502e-01,6.740683317000000230e-01,6.914129257000000139e-01,6.873328090000000445e-01
6.740683317000000230e-01,6.703710555999999876e-01,6.873328090000000445e-01,6.835399269999999916e-01
6.703710555999999876e-01,6.669086814000000363e-01,6.835399269999999916e-01,6.799907683999999453e-01
6.669086814000000363e-01,6.636462807999999880e-01,6.799907683999999453e-01,6.766492723999999459e-01
6.636462807999999880e-01,6.605530380999999895e-01,6.766492723999999459e-01,6.734837294000000085e-01
6.605530380999999895e-01,6.576026677999999848e-01,6.734837294000000085e-01,6.704670190999999502e-01
6.576026677999999848e-01,6.547736525999999779e-01,6.704670190999999502e-01,6.675770282999999861e-01
6.547736525999999779e-01,6.520459652000000217e-01,6.675770282999999861e-01,6.647932529000000201e-01
6.520459652000000217e-01,6.494016051000000012e-01,6.647932529000000201e-01,6.620972752999999544e-01
6.494016051000000012e-01,6.468247175000000349e-01,6.620972752999999544e-01,6.594729423999999840e-01
6.468247175000000349e-01,6.443011164999999929e-01,6.594729423999999840e-01,6.569059490999999973e-01
6.443011164999999929e-01,6.418167353000000519e-01,6.569059490999999973e-01,6.543820500000000484e-01
6.418167353000000519e-01,6.393581629000000266e-01,6.543820500000000484e-01,6.518878340999999521e-01
6.393581629000000266e-01,6.369129419000000292e-01,6.518878340999999521e-01,6.494108438000000261e-01
6.369129419000000292e-01,6.344682574000000130e-01,6.494108438000000261e-01,6.469385027999999815e-01
6.344682574000000130e-01,6.320105791000000250e-01,6.469385027999999815e-01,6.444576383000000241e-01
6.320105791000000250e-01,6.295259595000000097e-01,6.444576383000000241e-01,6.419546007999999970e-01
6.295259595000000097e-01,6.269993186000000218e-01,6.419546007999999970e-01,6.394150853000000190e-01
6.269993186000000218e-01,6.244134903000000403e-01,6.394150853000000190e-01,6.368228196999999868e-01
6.244134903000000403e-01,6.217487454000000247e-01,6.368228196999999868e-01,6.341591477000000365e-01
6.217487454000000247e-01,6.189815998000000041e-01,6.341591477000000365e-01,6.314023733000000416e-01
6.189815998000000041e-01,6.160828471000000528e-01,6.314023733000000416e-01,6.285255550999999663e-01
6.160828471000000528e-01,6.131451726000000102e-01,6.285255550999999663e-01,6.256223320999999560e-01
6.131451726000000102e-01,6.102445721999999462e-01,6.256223320999999560e-01,6.227687597000000075e-01
6.102445721999999462e-01,6.073799132999999628e-01,6.227687597000000075e-01,6.199640631999999707e-01
6.073799132999999628e-01,6.045483946999999914e-01,6.199640631999999707e-01,6.172055006000000121e-01
6.045483946999999914e-01,6.017459035000000123e-01,6.172055006000000121e-01,6.144890785000000077e-01
6.017459035000000123e-01,5.989671349999999839e-01,6.144890785000000077e-01,6.118091941000000089e-01
5.989671349999999839e-01,5.962063074000000240e-01,6.118091941000000089e-01,6.091597676000000128e-01
5.962063074000000240e-01,5.934576392000000533e-01,6.091597676000000128e-01,6.065346002999999486e-01
5.934576392000000533e-01,5.907148719000000492e-01,6.065346002999999486e-01,6.039267778000000364e-01
5.907148719000000492e-01,5.879740118999999821e-01,6.039267778000000364e-01,6.013312936000000386e-01
5.879740118999999821e-01,5.852299928999999956e-01,6.013312936000000386e-01,5.987423657999999538e-01
5.852299928999999956e-01,5.824813842999999602e-01,5.987423657999999538e-01,5.961575507999999912e-01
5.824813842999999602e-01,5.797264575999999670e-01,5.961575507999999912e-01,5.935737491000000476e-01
5.797264575999999670e-01,5.769662856999999700e-01,5.935737491000000476e-01,5.909910797999999854e-01
5.769662856999999700e-01,5.742034315999999805e-01,5.909910797999999854e-01,5.884106755000000355e-01
5.742034315999999805e-01,5.714408755000000006e-01,5.884106755000000355e-01,5.858343839999999858e-01
5.714408755000000006e-01,5.686853527999999880e-01,5.858343839999999858e-01,5.832676290999999624e-01
5.686853527999999880e-01,5.659418701999999746e-01,5.832676290999999624e-01,5.807142257999999835e-01
5.659418701999999746e-01,5.632186531999999746e-01,5.807142257999999835e-01,5.781812071999999914e-01
5.632186531999999746e-01,5.605238675999999476e-01,5.781812071999999914e-01,5.756756066999999533e-01
5.605238675999999476e-01,5.578640699000000369e-01,5.756756066999999533e-01,5.732030868999999917e-01
5.578640699000000369e-01,5.552492737999999983e-01,5.732030868999999917e-01,5.707724690000000045e-01
5.552492737999999983e-01,5.526868105000000142e-01,5.707724690000000045e-01,5.683904885999999657e-01
5.526868105000000142e-01,5.501828194000000227e-01,5.683904885999999657e-01,5.660625099999999632e-01
5.501828194000000227e-01,5.477455853999999569e-01,5.660625099999999632e-01,5.637961625999999837e-01
5.477455853999999569e-01,5.453810691999999571e-01,5.637961625999999837e-01,5.615968703999999478e-01
5.453810691999999571e-01,5.430933833000000099e-01,5.615968703999999478e-01,5.594683886000000328e-01
5.430933833000000099e-01,5.408865213000000338e-01,5.594683886000000328e-01,5.574144125000000116e-01
5.408865213000000338e-01,5.387651919999999484e-01,5.574144125000000116e-01,5.554394125999999599e-01
5.387651919999999484e-01,5.367313027000000236e-01,5.554394125999999599e-01,5.535451770000000549e-01
5.367313027000000236e-01,5.347859262999999919e-01,5.535451770000000549e-01,5.517326593000000390e-01
5.347859262999999919e-01,5.329293013000000467e-01,5.517326593000000390e-01,5.500022172999999848e-01
7.391602993000000454e-01,7.262040376999999713e-01,7.541772127000000436e-01,7.407800555000000342e-01
7.262040376999999713e-01,7.152968644999999626e-01,7.407800555000000342e-01,7.295116186000000225e-01
7.152968644999999626e-01,7.059882879000000111e-01,7.295116186000000225e-01,7.199025749999999890e-01
7.059882879000000111e-01,6.979425550000000200e-01,7.199025749999999890e-01,7.116035223000000132e-01
6.979425550000000200e-01,6.909013987000000023e-01,7.116035223000000132e-01,7.043461800000000439e-01
6.909013987000000023e-01,6.846743821999999868e-01,7.043461800000000439e-01,6.979326606000000321e-01
6.846743821999999868e-01,6.791082025000000355e-01,6.979326606000000321e-01,6.922039986000000367e-01
6.791082025000000355e-01,6.740883588999999620e-01,6.922039986000000367e-01,6.870412230000000342e-01
6.740883588999999620e-01,6.695201992999999518e-01,6.870412230000000342e-01,6.823464632000000307e-01
6.695201992999999518e-01,6.653293370999999734e-01,6.823464632000000307e-01,6.780425906000000502e-01
6.653293370999999734e-01,6.614565252999999867e-01,6.780425906000000502e-01,6.740683317000000230e-01
6.614565252999999867e-01,6.578509808000000403e-01,6.740683317000000230e-01,6.703710555999999876e-01
6.578509808000000403e-01,6.544718146000000347e-01,6.703710555999999876e-01,6.669086814000000363e-01
6.544718146000000347e-01,6.512853503000000099e-01,6.669086814000000363e-01,6.636462807999999880e-01
6.512853503000000099e-01,6.482616066999999926e-01,6.636462807999999880e-01,6.605530380999999895e-01
6.482616066999999926e-01,6.453750134000000305e-01,6.605530380999999895e-01,6.576026677999999848e-01
6.453750134000000305e-01,6.426046491000000360e-01,6.576026677999999848e-01,6.547736525999999779e-01
6.426046491000000360e-01,6.399309635000000052e-01,6.547736525999999779e-01,6.520459652000000217e-01
6.399309635000000052e-01,6.373363136999999901e-01,6.520459652000000217e-01,6.494016051000000012e-01
6.373363136999999901e-01,6.348052025000000542e-01,6.494016051000000012e-01,6.468247175000000349e-01
6.348052025000000542e-01,6.323235631000000412e-01,6.468247175000000349e-01,6.443011164999999929e-01
6.323235631000000412e-01,6.298774481000000147e-01,6.443011164999999929e-01,6.418167353000000519e-01
6.298774481000000147e-01,6.274535655999999850e-01,6.418167353000000519e-01,6.393581629000000266e-01
6.274535655999999850e-01,6.250392198999999982e-01,6.393581629000000266e-01,6.369129419000000292e-01
6.250392198999999982e-01,6.226215958999999911e-01,6.369129419000000292e-01,6.344682574000000130e-01
6.226215958999999911e-01,6.201868056999999546e-01,6.344682574000000130e-01,6.320105791000000250e-01
6.201868056999999546e-01,6.177204251000000257e-01,6.320105791000000250e-01,6.295259595000000097e-01
6.177204251000000257e-01,6.152068972999999996e-01,6.295259595000000097e-01,6.269993186000000218e-01
6.152068972999999996e-01,6.126282214999999587e-01,6.269993186000000218e-01,6.244134903000000403e-01
6.126282214999999587e-01,6.099634171000000160e-01,6.244134903000000403e-01,6.217487454000000247e-01
6.099634171000000160e-01,6.071875095000000000e-01,6.217487454000000247e-01,6.189815998000000041e-01
6.071875095000000000e-01,6.042692065000000445e-01,6.189815998000000041e-01,6.160828471000000528e-01
6.042692065000000445e-01,6.013000011000000367e-01,6.160828471000000528e-01,6.131451726000000102e-01
6.013000011000000367e-01,5.983560085000000361e-01,6.131451726000000102e-01,6.102445721999999462e-01
5.983560085000000361e-01,5.954357982000000327e-01,6.102445721999999462e-01,6.073799132999999628e-01
5.954357982000000327e-01,5.925363301999999610e-01,6.073799132999999628e-01,6.045483946999999914e-01
5.925363301999999610e-01,5.896536112000000385e-01,6.045483946999999914e-01,6.017459035000000123e-01
5.896536112000000385e-01,5.867823958000000228e-01,6.017459035000000123e-01,5.989671349999999839e-01
5.867823958000000228e-01,5.839172005999999637e-01,5.989671349999999839e-01,5.962063074000000240e-01
5.839172005999999637e-01,5.810528397999999983e-01,5.962063074000000240e-01,5.934576392000000533e-01
5.810528397999999983e-01,5.781835913999999743e-01,5.934576392000000533e-01,5.907148719000000492e-01
5.781835913999999743e-01,5.753061175000000471e-01,5.907148719000000492e-01,5.879740118999999821e-01
5.753061175000000471e-01,5.724164247999999899e-01,5.879740118999999821e-01,5.852299928999999956e-01
5.724164247999999899e-01,5.695140958000000087e-01,5.852299928999999956e-01,5.824813842999999602e-01
5.695140958000000087e-01,5.665982365999999715e-01,5.824813842999999602e-01,5.797264575999999670e-01
5.665982365999999715e-01,5.636712312999999641e-01,5.797264575999999670e-01,5.769662856999999700e-01
5.636712312999999641e-01,5.607367753999999982e-01,5.769662856999999700e-01,5.742034315999999805e-01
5.607367753999999982e-01,5.577989221000000386e-01,5.742034315999999805e-01,5.714408755000000006e-01
5.577989221000000386e-01,5.548658966999999720e-01,5.714408755000000006e-01,5.686853527999999880e-01
5.548658966999999720e-01,5.519435405999999489e-01,5.686853527999999880e-01,5.659418701999999746e-01
5.519435405999999489e-01,5.490413307999999493e-01,5.659418701999999746e-01,5.632186531999999746e-01
5.490413307999999493e-01,5.461684464999999600e-01,5.632186531999999746e-01,5.605238675999999476e-01
5.461684464999999600e-01,5.433324575000000323e-01,5.605238675999999476e-01,5.578640699000000369e-01
5.433324575000000323e-01,5.405442119000000156e-01,5.578640699000000369e-01,5.552492737999999983e-01
5.405442119000000156e-01,5.378118752999999641e-01,5.552492737999999983e-01,5.526868105000000142e-01
5.378118752999999641e-01,5.351421832999999628e-01,5.526868105000000142e-01,5.501828194000000227e-01
5.351421832999999628e-01,5.325440764000000105e-01,5.501828194000000227e-01,5.477455853999999569e-01
5.325440764000000105e-01,5.300239920999999521e-01,5.477455853999999569e-01,5.453810691999999571e-01
5.300239920999999521e-01,5.275864005000000523e-01,5.453810691999999571e-01,5.430933833000000099e-01
5.275864005000000523e-01,5.252355336999999791e-01,5.430933833000000099e-01,5.408865213000000338e-01
5.252355336999999791e-01,5.229763984999999948e-01,5.408865213000000338e-01,5.387651919999999484e-01
5.229763984999999948e-01,5.208110808999999453e-01,5.387651919999999484e-01,5.367313027000000236e-01
5.208110808999999453e-01,5.187405348000000416e-01,5.367313027000000236e-01,5.347859262999999919e-01
5.187405348000000416e-01,5.167651175999999902e-01,5.347859262999999919e-01,5.329293013000000467e-01
7.249559759999999464e-01,7.124190927000000340e-01,7.391602993000000454e-01,7.262040376999999713e-01
7.124190927000000340e-01,7.018556594999999509e-01,7.262040376999999713e-01,7.152968644999999626e-01
7.018556594999999509e-01,6.928330660000000529e-01,7.152968644999999626e-01,7.059882879000000111e-01
6.928330660000000529e-01,6.850283741999999565e-01,7.059882879000000111e-01,6.979425550000000200e-01
6.850283741999999565e-01,6.781930923000000222e-01,6.979425550000000200e-01,6.909013987000000023e-01
6.781930923000000222e-01,6.721436380999999960e-01,6.909013987000000023e-01,6.846743821999999868e-01
6.721436380999999960e-01,6.667323111999999830e-01,6.846743821999999868e-01,6.791082025000000355e-01
6.667323111999999830e-01,6.618486046999999539e-01,6.791082025000000355e-01,6.740883588999999620e-01
6.618486046999999539e-01,6.574011444999999787e-01,6.740883588999999620e-01,6.695201992999999518e-01
6.574011444999999787e-01,6.533180474999999987e-01,6.695201992999999518e-01,6.653293370999999734e-01
6.533180474999999987e-01,6.495420933000000119e-01,6.653293370999999734e-01,6.614565252999999867e-01
6.495420933000000119e-01,6.460241078999999775e-01,6.614565252999999867e-01,6.578509808000000403e-01
6.460241078999999775e-01,6.427244544000000337e-01,6.578509808000000403e-01,6.544718146000000347e-01
6.427244544000000337e-01,6.396105885999999741e-01,6.544718146000000347e-01,6.512853503000000099e-01
6.396105885999999741e-01,6.366532445000000484e-01,6.512853503000000099e-01,6.482616066999999926e-01
6.366532445000000484e-01,6.338276862999999706e-01,6.482616066999999926e-01,6.453750134000000305e-01
6.338276862999999706e-01,6.311135291999999675e-01,6.453750134000000305e-01,6.426046491000000360e-01
6.311135291999999675e-01,6.284916401000000263e-01,6.426046491000000360e-01,6.399309635000000052e-01
6.284916401000000263e-01,6.259447931999999604e-01,6.399309635000000052e-01,6.373363136999999901e-01
6.259447931999999604e-01,6.234576701999999804e-01,6.373363136999999901e-01,6.348052025000000542e-01
6.234576701999999804e-01,6.210164428000000125e-01,6.348052025000000542e-01,6.323235631000000412e-01
6.210164428000000125e-01,6.186072825999999747e-01,6.323235631000000412e-01,6.298774481000000147e-01
6.186072825999999747e-01,6.162168980000000129e-01,6.298774481000000147e-01,6.274535655999999850e-01
6.162168980000000129e-01,6.138325930000000374e-01,6.274535655999999850e-01,6.250392198999999982e-01
6.138325930000000374e-01,6.114413142000000301e-01,6.250392198999999982e-01,6.226215958999999911e-01
6.114413142000000301e-01,6.090290546000000083e-01,6.226215958999999911e-01,6.201868056999999546e-01
6.090290546000000083e-01,6.065809130999999521e-01,6.201868056999999546e-01,6.177204251000000257e-01
6.065809130999999521e-01,6.040807961999999920e-01,6.177204251000000257e-01,6.152068972999999996e-01
6.040807961999999920e-01,6.015098094999999923e-01,6.152068972999999996e-01,6.126282214999999587e-01
6.015098094999999923e-01,5.988460778999999956e-01,6.126282214999999587e-01,6.099634171000000160e-01
5.988460778999999956e-01,5.960631371000000289e-01,6.099634171000000160e-01,6.071875095000000000e-01
5.960631371000000289e-01,5.931277274999999793e-01,6.071875095000000000e-01,6.042692065000000445e-01
5.931277274999999793e-01,5.901302098999999801e-01,6.042692065000000445e-01,6.013000011000000367e-01
5.901302098999999801e-01,5.871466993999999717e-01,6.013000011000000367e-01,5.983560085000000361e-01
5.871466993999999717e-01,5.841755867000000269e-01,5.983560085000000361e-01,5.954357982000000327e-01
5.841755867000000269e-01,5.812135935000000142e-01,5.954357982000000327e-01,5.925363301999999610e-01
5.812135935000000142e-01,5.782567263000000235e-01,5.925363301999999610e-01,5.896536112000000385e-01
5.782567263000000235e-01,5.752998590000000245e-01,5.896536112000000385e-01,5.867823958000000228e-01
5.752998590000000245e-01,5.723378658000000119e-01,5.867823958000000228e-01,5.839172005999999637e-01
5.723378658000000119e-01,5.693659782000000114e-01,5.839172005999999637e-01,5.810528397999999983e-01
5.693659782000000114e-01,5.663790703000000093e-01,5.810528397999999983e-01,5.781835913999999743e-01
5.663790703000000093e-01,5.633746386000000328e-01,5.781835913999999743e-01,5.753061175000000471e-01
5.633746386000000328e-01,5.603492260000000336e-01,5.753061175000000471e-01,5.724164247999999899e-01
5.603492260000000336e-01,5.573035479000000292e-01,5.724164247999999899e-01,5.695140958000000087e-01
5.573035479000000292e-01,5.542377233999999930e-01,5.695140958000000087e-01,5.665982365999999715e-01
5.542377233999999930e-01,5.511550902999999835e-01,5.665982365999999715e-01,5.636712312999999641e-01
5.511550902999999835e-01,5.480605960000000110e-01,5.636712312999999641e-01,5.607367753999999982e-01
5.480605960000000110e-01,5.449592470999999883e-01,5.607367753999999982e-01,5.577989221000000386e-01
5.449592470999999883e-01,5.418604611999999765e-01,5.577989221000000386e-01,5.548658966999999720e-01
5.418604611999999765e-01,5.387711524999999613e-01,5.548658966999999720e-01,5.519435405999999489e-01
5.387711524999999613e-01,5.357018113000000525e-01,5.519435405999999489e-01,5.490413307999999493e-01
5.357018113000000525e-01,5.326626896999999694e-01,5.490413307999999493e-01,5.461684464999999600e-01
5.326626896999999694e-01,5.296621323000000325e-01,5.461684464999999600e-01,5.433324575000000323e-01
5.296621323000000325e-01,5.267119407999999448e-01,5.433324575000000323e-01,5.405442119000000156e-01
5.267119407999999448e-01,5.238208771000000263e-01,5.405442119000000156e-01,5.378118752999999641e-01
5.238208771000000263e-01,5.209964513999999491e-01,5.378118752999999641e-01,5.351421832999999628e-01
5.209964513999999491e-01,5.182480811999999881e-01,5.351421832999999628e-01,5.325440764000000105e-01
5.182480811999999881e-01,5.155826807000000178e-01,5.325440764000000105e-01,5.300239920999999521e-01
5.155826807000000178e-01,5.130050181999999959e-01,5.300239920999999521e-01,5.275864005000000523e-01
5.130050181999999959e-01,5.105196238000000442e-01,5.275864005000000523e-01,5.252355336999999791e-01
5.105196238000000442e-01,5.081318020999999741e-01,5.252355336999999791e-01,5.229763984999999948e-01
5.081318020999999741e-01,5.058436393999999892e-01,5.229763984999999948e-01,5.208110808999999453e-01
5.058436393999999892e-01,5.036562085000000355e-01,5.208110808999999453e-01,5.187405348000000416e-01
5.036562085000000355e-01,5.015698075000000200e-01,5.187405348000000416e-01,5.167651175999999902e-01
7.115994096000000102e-01,6.994597315999999676e-01,7.249559759999999464e-01,7.124190927000000340e-01
6.994597315999999676e-01,6.892217993999999459e-01,7.124190927000000340e-01,7.018556594999999509e-01
6.892217993999999459e-01,6.804700493999999988e-01,7.018556594999999509e-01,6.928330660000000529e-01
6.804700493999999988e-01,6.728937626000000005e-01,6.928330660000000529e-01,6.850283741999999565e-01
6.728937626000000005e-01,6.662535070999999753e-01,6.850283741999999565e-01,6.781930923000000222e-01
6.662535070999999753e-01,6.603724957000000062e-01,6.781930923000000222e-01,6.721436380999999960e-01
6.603724957000000062e-01,6.551080345999999999e-01,6.721436380999999960e-01,6.667323111999999830e-01
6.551080345999999999e-01,6.503534317000000398e-01,6.667323111999999830e-01,6.618486046999999539e-01
6.503534317000000398e-01,6.460205316999999559e-01,6.618486046999999539e-01,6.574011444999999787e-01
6.460205316999999559e-01,6.420398354999999890e-01,6.574011444999999787e-01,6.533180474999999987e-01
6.420398354999999890e-01,6.383559107999999815e-01,6.533180474999999987e-01,6.495420933000000119e-01
6.383559107999999815e-01,6.349211335000000123e-01,6.495420933000000119e-01,6.460241078999999775e-01
6.349211335000000123e-01,6.316971182999999712e-01,6.460241078999999775e-01,6.427244544000000337e-01
6.316971182999999712e-01,6.286522745999999495e-01,6.427244544000000337e-01,6.396105885999999741e-01
6.286522745999999495e-01,6.257582902999999641e-01,6.396105885999999741e-01,6.366532445000000484e-01
6.257582902999999641e-01,6.229909658000000183e-01,6.366532445000000484e-01,6.338276862999999706e-01
6.229909658000000183e-01,6.203304528999999956e-01,6.338276862999999706e-01,6.311135291999999675e-01
6.203304528999999956e-01,6.177580953000000319e-01,6.311135291999999675e-01,6.284916401000000263e-01
6.177580953000000319e-01,6.152569056000000147e-01,6.284916401000000263e-01,6.259447931999999604e-01
6.152569056000000147e-01,6.128119826000000270e-01,6.259447931999999604e-01,6.234576701999999804e-01
6.128119826000000270e-01,6.104095577999999467e-01,6.234576701999999804e-01,6.210164428000000125e-01
6.104095577999999467e-01,6.080359816999999500e-01,6.210164428000000125e-01,6.186072825999999747e-01
6.080359816999999500e-01,6.056780218999999743e-01,6.186072825999999747e-01,6.162168980000000129e-01
6.056780218999999743e-01,6.033228040000000458e-01,6.162168980000000129e-01,6.138325930000000374e-01
6.033228040000000458e-01,6.009572744000000188e-01,6.138325930000000374e-01,6.114413142000000301e-01
6.009572744000000188e-01,5.985671282000000204e-01,6.114413142000000301e-01,6.090290546000000083e-01
5.985671282000000204e-01,5.961371063999999498e-01,6.090290546000000083e-01,6.065809130999999521e-01
5.961371063999999498e-01,5.936506391000000438e-01,6.065809130999999521e-01,6.040807961999999920e-01
5.936506391000000438e-01,5.910881757999999486e-01,6.040807961999999920e-01,6.015098094999999923e-01
5.910881757999999486e-01,5.884267091999999533e-01,6.015098094999999923e-01,5.988460778999999956e-01
5.884267091999999533e-01,5.856385230999999747e-01,5.988460778999999956e-01,5.960631371000000289e-01
5.856385230999999747e-01,5.826885104000000259e-01,5.960631371000000289e-01,5.931277274999999793e-01
5.826885104000000259e-01,5.796660184999999910e-01,5.931277274999999793e-01,5.901302098999999801e-01
5.796660184999999910e-01,5.766471027999999777e-01,5.901302098999999801e-01,5.871466993999999717e-01
5.766471027999999777e-01,5.736298560999999463e-01,5.871466993999999717e-01,5.841755867000000269e-01
5.736298560999999463e-01,5.706108809000000059e-01,5.841755867000000269e-01,5.812135935000000142e-01
5.706108809000000059e-01,5.675861835000000077e-01,5.812135935000000142e-01,5.782567263000000235e-01
5.675861835000000077e-01,5.645508169999999826e-01,5.782567263000000235e-01,5.752998590000000245e-01
5.645508169999999826e-01,5.614998936999999746e-01,5.752998590000000245e-01,5.723378658000000119e-01
5.614998936999999746e-01,5.584290624000000092e-01,5.723378658000000119e-01,5.693659782000000114e-01
5.584290624000000092e-01,5.553336739999999994e-01,5.693659782000000114e-01,5.663790703000000093e-01
5.553336739999999994e-01,5.522119999000000279e-01,5.663790703000000093e-01,5.633746386000000328e-01
5.522119999000000279e-01,5.490612983999999530e-01,5.633746386000000328e-01,5.603492260000000336e-01
5.490612983999999530e-01,5.458831787000000269e-01,5.603492260000000336e-01,5.573035479000000292e-01
5.458831787000000269e-01,5.426786542000000546e-01,5.573035479000000292e-01,5.542377233999999930e-01
5.426786542000000546e-01,5.394520760000000026e-01,5.542377233999999930e-01,5.511550902999999835e-01
5.394520760000000026e-01,5.362093449000000511e-01,5.511550902999999835e-01,5.480605960000000110e-01
5.362093449000000511e-01,5.329566597999999544e-01,5.480605960000000110e-01,5.449592470999999883e-01
5.329566597999999544e-01,5.297043324000000331e-01,5.449592470999999883e-01,5.418604611999999765e-01
5.297043324000000331e-01,5.264604092000000346e-01,5.418604611999999765e-01,5.387711524999999613e-01
5.264604092000000346e-01,5.232362747000000036e-01,5.387711524999999613e-01,5.357018113000000525e-01
5.232362747000000036e-01,5.200430751000000296e-01,5.357018113000000525e-01,5.326626896999999694e-01
5.200430751000000296e-01,5.168899893999999717e-01,5.326626896999999694e-01,5.296621323000000325e-01
5.168899893999999717e-01,5.137896537999999680e-01,5.296621323000000325e-01,5.267119407999999448e-01
5.137896537999999680e-01,5.107516050000000529e-01,5.267119407999999448e-01,5.238208771000000263e-01
5.107516050000000529e-01,5.077836514000000356e-01,5.238208771000000263e-01,5.209964513999999491e-01
5.077836514000000356e-01,5.048959850999999999e-01,5.209964513999999491e-01,5.182480811999999881e-01
5.048959850999999999e-01,5.020958184999999574e-01,5.182480811999999881e-01,5.155826807000000178e-01
5.020958184999999574e-01,4.993883371000000237e-01,5.155826807000000178e-01,5.130050181999999959e-01
4.993883371000000237e-01,4.967782198999999843e-01,5.130050181999999959e-01,5.105196238000000442e-01
4.967782198999999843e-01,4.942710102000000272e-01,5.105196238000000442e-01,5.081318020999999741e-01
4.942710102000000272e-01,4.918689430000000029e-01,5.081318020999999741e-01,5.058436393999999892e-01
4.918689430000000029e-01,4.895730912999999851e-01,5.058436393999999892e-01,5.036562085000000355e-01
4.895730912999999851e-01,4.873837233000000158e-01,5.036562085000000355e-01,5.015698075000000200e-01
6.991088389999999819e-01,6.873436569999999968e-01,7.115994096000000102e-01,6.994597315999999676e-01
6.873436569999999968e-01,6.774127482999999783e-01,6.994597315999999676e-01,6.892217993999999459e-01
6.774127482999999783e-01,6.689164639000000356e-01,6.892217993999999459e-01,6.804700493999999988e-01
6.689164639000000356e-01,6.615557670999999695e-01,6.804700493999999988e-01,6.728937626000000005e-01
6.615557670999999695e-01,6.550996303999999659e-01,6.728937626000000005e-01,6.662535070999999753e-01
6.550996303999999659e-01,6.493776440999999844e-01,6.662535070999999753e-01,6.603724957000000062e-01
6.493776440999999844e-01,6.442518830000000252e-01,6.603724957000000062e-01,6.551080345999999999e-01
6.442518830000000252e-01,6.396193503999999530e-01,6.551080345999999999e-01,6.503534317000000398e-01
6.396193503999999530e-01,6.353948115999999979e-01,6.503534317000000398e-01,6.460205316999999559e-01
6.353948115999999979e-01,6.315109730000000310e-01,6.460205316999999559e-01,6.420398354999999890e-01
6.315109730000000310e-01,6.279141307000000172e-01,6.420398354999999890e-01,6.383559107999999815e-01
6.279141307000000172e-01,6.245582104000000356e-01,6.383559107999999815e-01,6.349211335000000123e-01
6.245582104000000356e-01,6.214060187000000068e-01,6.349211335000000123e-01,6.316971182999999712e-01
6.214060187000000068e-01,6.184266805999999450e-01,6.316971182999999712e-01,6.286522745999999495e-01
6.184266805999999450e-01,6.155927776999999823e-01,6.286522745999999495e-01,6.257582902999999641e-01
6.155927776999999823e-01,6.128808855999999805e-01,6.257582902999999641e-01,6.229909658000000183e-01
6.128808855999999805e-01,6.102714539000000382e-01,6.229909658000000183e-01,6.203304528999999956e-01
6.102714539000000382e-01,6.077462434999999497e-01,6.203304528999999956e-01,6.177580953000000319e-01
6.077462434999999497e-01,6.052887439999999897e-01,6.177580953000000319e-01,6.152569056000000147e-01
6.052887439999999897e-01,6.028841137999999544e-01,6.152569056000000147e-01,6.128119826000000270e-01
6.028841137999999544e-01,6.005189418999999917e-01,6.128119826000000270e-01,6.104095577999999467e-01
6.005189418999999917e-01,5.981795787999999447e-01,6.104095577999999467e-01,6.080359816999999500e-01
5.981795787999999447e-01,5.958527922999999893e-01,6.080359816999999500e-01,6.056780218999999743e-01
5.958527922999999893e-01,5.935258865000000439e-01,6.056780218999999743e-01,6.033228040000000458e-01
5.935258865000000439e-01,5.911854506000000509e-01,6.033228040000000458e-01,6.009572744000000188e-01
5.911854506000000509e-01,5.888170003999999569e-01,6.009572744000000188e-01,5.985671282000000204e-01
5.888170003999999569e-01,5.864050983999999911e-01,5.985671282000000204e-01,5.961371063999999498e-01
5.864050983999999911e-01,5.839325786000000296e-01,5.961371063999999498e-01,5.936506391000000438e-01
5.839325786000000296e-01,5.813792944000000240e-01,5.936506391000000438e-01,5.910881757999999486e-01
5.813792944000000240e-01,5.787213445000000123e-01,5.910881757999999486e-01,5.884267091999999533e-01
5.787213445000000123e-01,5.759297609000000318e-01,5.884267091999999533e-01,5.856385230999999747e-01
5.759297609000000318e-01,5.729677677000000191e-01,5.856385230999999747e-01,5.826885104000000259e-01
5.729677677000000191e-01,5.699236989000000531e-01,5.826885104000000259e-01,5.796660184999999910e-01
5.699236989000000531e-01,5.668735503999999814e-01,5.796660184999999910e-01,5.766471027999999777e-01
5.668735503999999814e-01,5.638150573000000332e-01,5.766471027999999777e-01,5.736298560999999463e-01
5.638150573000000332e-01,5.607448219999999761e-01,5.736298560999999463e-01,5.706108809000000059e-01
5.607448219999999761e-01,5.576588511000000192e-01,5.706108809000000059e-01,5.675861835000000077e-01
5.576588511000000192e-01,5.545521379000000195e-01,5.675861835000000077e-01,5.645508169999999826e-01
5.545521379000000195e-01,5.514202714000000505e-01,5.645508169999999826e-01,5.614998936999999746e-01
5.514202714000000505e-01,5.482591391000000147e-01,5.614998936999999746e-01,5.584290624000000092e-01
5.482591391000000147e-01,5.450646877000000501e-01,5.584290624000000092e-01,5.553336739999999994e-01
5.450646877000000501e-01,5.418357253000000151e-01,5.553336739999999994e-01,5.522119999000000279e-01
5.418357253000000151e-01,5.385702848000000209e-01,5.522119999000000279e-01,5.490612983999999530e-01
5.385702848000000209e-01,5.352706909000000124e-01,5.490612983999999530e-01,5.458831787000000269e-01
5.352706909000000124e-01,5.319389104999999729e-01,5.458831787000000269e-01,5.426786542000000546e-01
5.319389104999999729e-01,5.285801888000000170e-01,5.426786542000000546e-01,5.394520760000000026e-01
5.285801888000000170e-01,5.252014399000000111e-01,5.394520760000000026e-01,5.362093449000000511e-01
5.252014399000000111e-01,5.218096374999999787e-01,5.362093449000000511e-01,5.329566597999999544e-01
5.218096374999999787e-01,5.184162854999999626e-01,5.329566597999999544e-01,5.297043324000000331e-01
5.184162854999999626e-01,5.150301456000000444e-01,5.297043324000000331e-01,5.264604092000000346e-01
5.150301456000000444e-01,5.116636156999999629e-01,5.264604092000000346e-01,5.232362747000000036e-01
5.116636156999999629e-01,5.083287358000000422e-01,5.232362747000000036e-01,5.200430751000000296e-01
5.083287358000000422e-01,5.050354003999999453e-01,5.200430751000000296e-01,5.168899893999999717e-01
5.050354003999999453e-01,5.017969608000000248e-01,5.168899893999999717e-01,5.137896537999999680e-01
5.017969608000000248e-01,4.986235200999999950e-01,5.137896537999999680e-01,5.107516050000000529e-01
4.986235200999999950e-01,4.955235422000000001e-01,5.107516050000000529e-01,5.077836514000000356e-01
4.955235422000000001e-01,4.925076365000000123e-01,5.077836514000000356e-01,5.048959850999999999e-01
4.925076365000000123e-01,4.895834922999999783e-01,5.048959850999999999e-01,5.020958184999999574e-01
4.895834922999999783e-01,4.867564737999999780e-01,5.020958184999999574e-01,4.993883371000000237e-01
4.867564737999999780e-01,4.840315282000000052e-01,4.993883371000000237e-01,4.967782198999999843e-01
4.840315282000000052e-01,4.814144074999999745e-01,4.967782198999999843e-01,4.942710102000000272e-01
4.814144074999999745e-01,4.789074658999999956e-01,4.942710102000000272e-01,4.918689430000000029e-01
4.789074658999999956e-01,4.765117763999999756e-01,4.918689430000000029e-01,4.895730912999999851e-01
4.765117763999999756e-01,4.742276370999999879e-01,4.895730912999999851e-01,4.873837233000000158e-01
6.874879599000000008e-01,6.760746240999999657e-01,6.991088389999999819e-01,6.873436569999999968e-01
6.760746240999999657e-01,6.664322615000000116e-01,6.873436569999999968e-01,6.774127482999999783e-01
6.664322615000000116e-01,6.581761836999999726e-01,6.774127482999999783e-01,6.689164639000000356e-01
6.581761836999999726e-01,6.510181427000000243e-01,6.689164639000000356e-01,6.615557670999999695e-01
6.510181427000000243e-01,6.447352766999999707e-01,6.615557670999999695e-01,6.550996303999999659e-01
6.447352766999999707e-01,6.391628981000000431e-01,6.550996303999999659e-01,6.493776440999999844e-01
6.391628981000000431e-01,6.341677904000000421e-01,6.493776440999999844e-01,6.442518830000000252e-01
6.341677904000000421e-01,6.296502948000000099e-01,6.442518830000000252e-01,6.396193503999999530e-01
6.296502948000000099e-01,6.255279182999999854e-01,6.396193503999999530e-01,6.353948115999999979e-01
6.255279182999999854e-01,6.217353939999999968e-01,6.353948115999999979e-01,6.315109730000000310e-01
6.217353939999999968e-01,6.182208657000000107e-01,6.315109730000000310e-01,6.279141307000000172e-01
6.182208657000000107e-01,6.149394512000000423e-01,6.279141307000000172e-01,6.245582104000000356e-01
6.149394512000000423e-01,6.118550300999999747e-01,6.245582104000000356e-01,6.214060187000000068e-01
6.118550300999999747e-01,6.089377998999999653e-01,6.214060187000000068e-01,6.184266805999999450e-01
6.089377998999999653e-01,6.061609386999999849e-01,6.184266805999999450e-01,6.155927776999999823e-01
6.061609386999999849e-01,6.035014987000000275e-01,6.155927776999999823e-01,6.128808855999999805e-01
6.035014987000000275e-01,6.009405851000000354e-01,6.128808855999999805e-01,6.102714539000000382e-01
6.009405851000000354e-01,5.984603166999999946e-01,6.102714539000000382e-01,6.077462434999999497e-01
5.984603166999999946e-01,5.960443615999999611e-01,6.077462434999999497e-01,6.052887439999999897e-01
5.960443615999999611e-01,5.936783552000000075e-01,6.052887439999999897e-01,6.028841137999999544e-01
5.936783552000000075e-01,5.913487672999999667e-01,6.028841137999999544e-01,6.005189418999999917e-01
5.913487672999999667e-01,5.890423058999999517e-01,6.005189418999999917e-01,5.981795787999999447e-01
5.890423058999999517e-01,5.867456197999999512e-01,5.981795787999999447e-01,5.958527922999999893e-01
5.867456197999999512e-01,5.844460129999999864e-01,5.958527922999999893e-01,5.935258865000000439e-01
5.844460129999999864e-01,5.821300744999999832e-01,5.935258865000000439e-01,5.911854506000000509e-01
5.821300744999999832e-01,5.797830819999999497e-01,5.911854506000000509e-01,5.888170003999999569e-01
5.797830819999999497e-01,5.773892403000000506e-01,5.888170003999999569e-01,5.864050983999999911e-01
5.773892403000000506e-01,5.749310851000000167e-01,5.864050983999999911e-01,5.839325786000000296e-01
5.749310851000000167e-01,5.723877549000000453e-01,5.839325786000000296e-01,5.813792944000000240e-01
5.723877549000000453e-01,5.697345733999999995e-01,5.813792944000000240e-01,5.787213445000000123e-01
5.697345733999999995e-01,5.669414996999999623e-01,5.787213445000000123e-01,5.759297609000000318e-01
5.669414996999999623e-01,5.639702081999999894e-01,5.759297609000000318e-01,5.729677677000000191e-01
5.639702081999999894e-01,5.609079598999999750e-01,5.729677677000000191e-01,5.699236989000000531e-01
5.609079598999999750e-01,5.578307509000000053e-01,5.699236989000000531e-01,5.668735503999999814e-01
5.578307509000000053e-01,5.547360778000000048e-01,5.668735503999999814e-01,5.638150573000000332e-01
5.547360778000000048e-01,5.516203045999999999e-01,5.638150573000000332e-01,5.607448219999999761e-01
5.516203045999999999e-01,5.484794974000000156e-01,5.607448219999999761e-01,5.576588511000000192e-01
5.484794974000000156e-01,5.453087687000000017e-01,5.576588511000000192e-01,5.545521379000000195e-01
5.453087687000000017e-01,5.421039462000000198e-01,5.545521379000000195e-01,5.514202714000000505e-01
5.421039462000000198e-01,5.388612747000000036e-01,5.514202714000000505e-01,5.482591391000000147e-01
5.388612747000000036e-01,5.355770587999999499e-01,5.482591391000000147e-01,5.450646877000000501e-01
5.355770587999999499e-01,5.322508216000000347e-01,5.450646877000000501e-01,5.418357253000000151e-01
5.322508216000000347e-01,5.288811921999999610e-01,5.418357253000000151e-01,5.385702848000000209e-01
5.288811921999999610e-01,5.254712701000000541e-01,5.385702848000000209e-01,5.352706909000000124e-01
5.254712701000000541e-01,5.220236778000000299e-01,5.352706909000000124e-01,5.319389104999999729e-01
5.220236778000000299e-01,5.185446739000000305e-01,5.319389104999999729e-01,5.285801888000000170e-01
5.185446739000000305e-01,5.150419473999999775e-01,5.285801888000000170e-01,5.252014399000000111e-01
5.150419473999999775e-01,5.115233660000000349e-01,5.252014399000000111e-01,5.218096374999999787e-01
5.115233660000000349e-01,5.080013275000000439e-01,5.218096374999999787e-01,5.184162854999999626e-01
5.080013275000000439e-01,5.044854879000000292e-01,5.184162854999999626e-01,5.150301456000000444e-01
5.044854879000000292e-01,5.009890795000000452e-01,5.150301456000000444e-01,5.116636156999999629e-01
5.009890795000000452e-01,4.975248574999999729e-01,5.116636156999999629e-01,5.083287358000000422e-01
4.975248574999999729e-01,4.941034019000000166e-01,5.083287358000000422e-01,5.050354003999999453e-01
4.941034019000000166e-01,4.907388091000000063e-01,5.050354003999999453e-01,5.017969608000000248e-01
4.907388091000000063e-01,4.874417782000000088e-01,5.017969608000000248e-01,4.986235200999999950e-01
4.874417782000000088e-01,4.842211901999999846e-01,4.986235200999999950e-01,4.955235422000000001e-01
4.842211901999999846e-01,4.810881316999999768e-01,4.955235422000000001e-01,4.925076365000000123e-01
4.810881316999999768e-01,4.780506789999999784e-01,4.925076365000000123e-01,4.895834922999999783e-01
4.780506789999999784e-01,4.751144350000000016e-01,4.895834922999999783e-01,4.867564737999999780e-01
4.751144350000000016e-01,4.722845553999999724e-01,4.867564737999999780e-01,4.840315282000000052e-01
4.722845553999999724e-01,4.695670008999999756e-01,4.840315282000000052e-01,4.814144074999999745e-01
4.695670008999999756e-01,4.669642150000000158e-01,4.814144074999999745e-01,4.789074658999999956e-01
4.669642150000000158e-01,4.644773005999999760e-01,4.789074658999999956e-01,4.765117763999999756e-01
4.644773005999999760e-01,4.621064960999999860e-01,4.765117763999999756e-01,4.742276370999999879e-01
6.767283678000000080e-01,6.656443477000000275e-01,6.874879599000000008e-01,6.760746240999999657e-01
6.656443477000000275e-01,6.562721133000000151e-01,6.760746240999999657e-01,6.664322615000000116e-01
6.562721133000000151e-01,6.482409835000000342e-01,6.664322615000000116e-01,6.581761836999999726e-01
6.482409835000000342e-01,6.412728428999999730e-01,6.581761836999999726e-01,6.510181427000000243e-01
6.412728428999999730e-01,6.351523398999999737e-01,6.510181427000000243e-01,6.447352766999999707e-01
6.351523398999999737e-01,6.297203301999999558e-01,6.447352766999999707e-01,6.391628981000000431e-01
6.297203301999999558e-01,6.248478293000000461e-01,6.391628981000000431e-01,6.341677904000000421e-01
6.248478293000000461e-01,6.204383372999999757e-01,6.341677904000000421e-01,6.296502948000000099e-01
6.204383372999999757e-01,6.164119244000000331e-01,6.296502948000000099e-01,6.255279182999999854e-01
6.164119244000000331e-01,6.127053499000000292e-01,6.255279182999999854e-01,6.217353939999999968e-01
6.127053499000000292e-01,6.092681884999999742e-01,6.217353939999999968e-01,6.182208657000000107e-01
6.092681884999999742e-01,6.060569286000000444e-01,6.182208657000000107e-01,6.149394512000000423e-01
6.060569286000000444e-01,6.030365228999999827e-01,6.149394512000000423e-01,6.118550300999999747e-01
6.030365228999999827e-01,6.001778245000000123e-01,6.118550300999999747e-01,6.089377998999999653e-01
6.001778245000000123e-01,5.974547863000000403e-01,6.089377998999999653e-01,6.061609386999999849e-01
5.974547863000000403e-01,5.948450564999999690e-01,6.061609386999999849e-01,6.035014987000000275e-01
5.948450564999999690e-01,5.923300982000000436e-01,6.035014987000000275e-01,6.009405851000000354e-01
5.923300982000000436e-01,5.898923874000000511e-01,6.009405851000000354e-01,5.984603166999999946e-01
5.898923874000000511e-01,5.875160694000000072e-01,5.984603166999999946e-01,5.960443615999999611e-01
5.875160694000000072e-01,5.851867199000000408e-01,5.960443615999999611e-01,5.936783552000000075e-01
5.851867199000000408e-01,5.828912257999999680e-01,5.936783552000000075e-01,5.913487672999999667e-01
5.828912257999999680e-01,5.806162356999999830e-01,5.913487672999999667e-01,5.890423058999999517e-01
5.806162356999999830e-01,5.783485174000000395e-01,5.890423058999999517e-01,5.867456197999999512e-01
5.783485174000000395e-01,5.760753750999999534e-01,5.867456197999999512e-01,5.844460129999999864e-01
5.760753750999999534e-01,5.737832188999999472e-01,5.844460129999999864e-01,5.821300744999999832e-01
5.737832188999999472e-01,5.714572667999999744e-01,5.821300744999999832e-01,5.797830819999999497e-01
5.714572667999999744e-01,5.690814853000000229e-01,5.797830819999999497e-01,5.773892403000000506e-01
5.690814853000000229e-01,5.666379333000000074e-01,5.773892403000000506e-01,5.749310851000000167e-01
5.666379333000000074e-01,5.641052722999999602e-01,5.749310851000000167e-01,5.723877549000000453e-01
5.641052722999999602e-01,5.614581107999999654e-01,5.723877549000000453e-01,5.697345733999999995e-01
5.614581107999999654e-01,5.586653947999999925e-01,5.697345733999999995e-01,5.669414996999999623e-01
5.586653947999999925e-01,5.556873083000000157e-01,5.669414996999999623e-01,5.639702081999999894e-01
5.556873083000000157e-01,5.526102780999999631e-01,5.639702081999999894e-01,5.609079598999999750e-01
5.526102780999999631e-01,5.495100617000000520e-01,5.609079598999999750e-01,5.578307509000000053e-01
5.495100617000000520e-01,5.463839768999999569e-01,5.578307509000000053e-01,5.547360778000000048e-01
5.463839768999999569e-01,5.432282685999999527e-01,5.547360778000000048e-01,5.516203045999999999e-01
5.432282685999999527e-01,5.400390028999999537e-01,5.516203045999999999e-01,5.484794974000000156e-01
5.400390028999999537e-01,5.368114113999999937e-01,5.484794974000000156e-01,5.453087687000000017e-01
5.368114113999999937e-01,5.335413813999999588e-01,5.453087687000000017e-01,5.421039462000000198e-01
5.335413813999999588e-01,5.302256346000000509e-01,5.421039462000000198e-01,5.388612747000000036e-01
5.302256346000000509e-01,5.268608928000000358e-01,5.388612747000000036e-01,5.355770587999999499e-01
5.268608928000000358e-01,5.234470962999999699e-01,5.355770587999999499e-01,5.322508216000000347e-01
5.234470962999999699e-01,5.199835299999999716e-01,5.322508216000000347e-01,5.288811921999999610e-01
5.199835299999999716e-01,5.164740086000000341e-01,5.288811921999999610e-01,5.254712701000000541e-01
5.164740086000000341e-01,5.129218697999999854e-01,5.254712701000000541e-01,5.220236778000000299e-01
5.129218697999999854e-01,5.093340278000000332e-01,5.220236778000000299e-01,5.185446739000000305e-01
5.093340278000000332e-01,5.057191252999999609e-01,5.185446739000000305e-01,5.150419473999999775e-01
5.057191252999999609e-01,5.020858048999999879e-01,5.150419473999999775e-01,5.115233660000000349e-01
5.020858048999999879e-01,4.984472691999999872e-01,5.115233660000000349e-01,5.080013275000000439e-01
4.984472691999999872e-01,4.948138595000000084e-01,5.080013275000000439e-01,5.044854879000000292e-01
4.948138595000000084e-01,4.911996721999999926e-01,5.044854879000000292e-01,5.009890795000000452e-01
4.911996721999999926e-01,4.876181184999999751e-01,5.009890795000000452e-01,4.975248574999999729e-01
4.876181184999999751e-01,4.840804934999999865e-01,4.975248574999999729e-01,4.941034019000000166e-01
4.840804934999999865e-01,4.806014298999999879e-01,4.941034019000000166e-01,4.907388091000000063e-01
4.806014298999999879e-01,4.771922230999999792e-01,4.907388091000000063e-01,4.874417782000000088e-01
4.771922230999999792e-01,4.738621413999999921e-01,4.874417782000000088e-01,4.842211901999999846e-01
4.738621413999999921e-01,4.706227480999999879e-01,4.842211901999999846e-01,4.810881316999999768e-01
4.706227480999999879e-01,4.674824177999999941e-01,4.810881316999999768e-01,4.780506789999999784e-01
4.674824177999999941e-01,4.644469619000000105e-01,4.780506789999999784e-01,4.751144350000000016e-01
4.644469619000000105e-01,4.615217744999999816e-01,4.751144350000000016e-01,4.722845553999999724e-01
4.615217744999999816e-01,4.587130248999999882e-01,4.722845553999999724e-01,4.695670008999999756e-01
4.587130248999999882e-01,4.560231565999999792e-01,4.695670008999999756e-01,4.669642150000000158e-01
4.560231565999999792e-01,4.534533620000000265e-01,4.669642150000000158e-01,4.644773005999999760e-01
4.534533620000000265e-01,4.510038793000000212e-01,4.644773005999999760e-01,4.621064960999999860e-01
6.668103933000000261e-01,6.560335159000000305e-01,6.767283678000000080e-01,6.656443477000000275e-01
6.560335159000000305e-01,6.469132899999999742e-01,6.656443477000000275e-01,6.562721133000000151e-01
6.469132899999999742e-01,6.390920877000000333e-01,6.562721133000000151e-01,6.482409835000000342e-01
6.390920877000000333e-01,6.323012709999999981e-01,6.482409835000000342e-01,6.412728428999999730e-01
6.323012709999999981e-01,6.263324618000000177e-01,6.412728428999999730e-01,6.351523398999999737e-01
6.263324618000000177e-01,6.210315824000000040e-01,6.351523398999999737e-01,6.297203301999999558e-01
6.210315824000000040e-01,6.162737607999999589e-01,6.297203301999999558e-01,6.248478293000000461e-01
6.162737607999999589e-01,6.119653582999999841e-01,6.248478293000000461e-01,6.204383372999999757e-01
6.119653582999999841e-01,6.080288291000000012e-01,6.204383372999999757e-01,6.164119244000000331e-01
6.080288291000000012e-01,6.044027804999999587e-01,6.164119244000000331e-01,6.127053499000000292e-01
6.044027804999999587e-01,6.010382174999999716e-01,6.127053499000000292e-01,6.092681884999999742e-01
6.010382174999999716e-01,5.978928803999999930e-01,6.092681884999999742e-01,6.060569286000000444e-01
5.978928803999999930e-01,5.949325561999999623e-01,6.060569286000000444e-01,6.030365228999999827e-01
5.949325561999999623e-01,5.921289324999999826e-01,6.030365228999999827e-01,6.001778245000000123e-01
5.921289324999999826e-01,5.894566178000000267e-01,6.001778245000000123e-01,5.974547863000000403e-01
5.894566178000000267e-01,5.868937373000000512e-01,5.974547863000000403e-01,5.948450564999999690e-01
5.868937373000000512e-01,5.844222306999999894e-01,5.948450564999999690e-01,5.923300982000000436e-01
5.844222306999999894e-01,5.820248722999999957e-01,5.923300982000000436e-01,5.898923874000000511e-01
5.820248722999999957e-01,5.796859859999999864e-01,5.898923874000000511e-01,5.875160694000000072e-01
5.796859859999999864e-01,5.773915647999999790e-01,5.875160694000000072e-01,5.851867199000000408e-01
5.773915647999999790e-01,5.751285552999999551e-01,5.851867199000000408e-01,5.828912257999999680e-01
5.751285552999999551e-01,5.728836059999999897e-01,5.828912257999999680e-01,5.806162356999999830e-01
5.728836059999999897e-01,5.706437229999999916e-01,5.806162356999999830e-01,5.783485174000000395e-01
5.706437229999999916e-01,5.683960915000000336e-01,5.783485174000000395e-01,5.760753750999999534e-01
5.683960915000000336e-01,5.661270618000000532e-01,5.760753750999999534e-01,5.737832188999999472e-01
5.661270618000000532e-01,5.638217925999999824e-01,5.737832188999999472e-01,5.714572667999999744e-01
5.638217925999999824e-01,5.614638924999999503e-01,5.714572667999999744e-01,5.690814853000000229e-01
5.614638924999999503e-01,5.590351223999999730e-01,5.690814853000000229e-01,5.666379333000000074e-01
5.590351223999999730e-01,5.565137863000000351e-01,5.666379333000000074e-01,5.641052722999999602e-01
5.565137863000000351e-01,5.538737178000000538e-01,5.641052722999999602e-01,5.614581107999999654e-01
5.538737178000000538e-01,5.510829686999999533e-01,5.614581107999999654e-01,5.586653947999999925e-01
5.510829686999999533e-01,5.481005311000000102e-01,5.586653947999999925e-01,5.556873083000000157e-01
5.481005311000000102e-01,5.450118779999999497e-01,5.556873083000000157e-01,5.526102780999999631e-01
5.450118779999999497e-01,5.418925285000000258e-01,5.526102780999999631e-01,5.495100617000000520e-01
5.418925285000000258e-01,5.387396215999999960e-01,5.495100617000000520e-01,5.463839768999999569e-01
5.387396215999999960e-01,5.355493425999999779e-01,5.463839768999999569e-01,5.432282685999999527e-01
5.355493425999999779e-01,5.323175787999999686e-01,5.432282685999999527e-01,5.400390028999999537e-01
5.323175787999999686e-01,5.290398598000000119e-01,5.400390028999999537e-01,5.368114113999999937e-01
5.290398598000000119e-01,5.257121325000000400e-01,5.368114113999999937e-01,5.335413813999999588e-01
5.257121325000000400e-01,5.223314761999999778e-01,5.335413813999999588e-01,5.302256346000000509e-01
5.223314761999999778e-01,5.188949108000000532e-01,5.302256346000000509e-01,5.268608928000000358e-01
5.188949108000000532e-01,5.154029727000000172e-01,5.268608928000000358e-01,5.234470962999999699e-01
5.154029727000000172e-01,5.118553637999999628e-01,5.234470962999999699e-01,5.199835299999999716e-01
5.118553637999999628e-01,5.082565545999999657e-01,5.199835299999999716e-01,5.164740086000000341e-01
5.082565545999999657e-01,5.046105385000000387e-01,5.164740086000000341e-01,5.129218697999999854e-01
5.046105385000000387e-01,5.009250641000000392e-01,5.129218697999999854e-01,5.093340278000000332e-01
5.009250641000000392e-01,4.972092806999999781e-01,5.093340278000000332e-01,5.057191252999999609e-01
4.972092806999999781e-01,4.934726655000000184e-01,5.057191252999999609e-01,5.020858048999999879e-01
4.934726655000000184e-01,4.897292255999999844e-01,5.020858048999999879e-01,4.984472691999999872e-01
4.897292255999999844e-01,4.859899281999999765e-01,4.984472691999999872e-01,4.948138595000000084e-01
4.859899281999999765e-01,4.822696148999999766e-01,4.948138595000000084e-01,4.911996721999999926e-01
4.822696148999999766e-01,4.785823524000000218e-01,4.911996721999999926e-01,4.876181184999999751e-01
4.785823524000000218e-01,4.749399126000000138e-01,4.876181184999999751e-01,4.840804934999999865e-01
4.749399126000000138e-01,4.713576435999999870e-01,4.840804934999999865e-01,4.806014298999999879e-01
4.713576435999999870e-01,4.678472281000000121e-01,4.806014298999999879e-01,4.771922230999999792e-01
4.678472281000000121e-01,4.644183217999999780e-01,4.771922230999999792e-01,4.738621413999999921e-01
4.644183217999999780e-01,4.610829651000000196e-01,4.738621413999999921e-01,4.706227480999999879e-01
4.610829651000000196e-01,4.578497409999999768e-01,4.706227480999999879e-01,4.674824177999999941e-01
4.578497409999999768e-01,4.547247589000000256e-01,4.674824177999999941e-01,4.644469619000000105e-01
4.547247589000000256e-01,4.517135321999999897e-01,4.644469619000000105e-01,4.615217744999999816e-01
4.517135321999999897e-01,4.488224089000000250e-01,4.615217744999999816e-01,4.587130248999999882e-01
4.488224089000000250e-01,4.460539222000000081e-01,4.587130248999999882e-01,4.560231565999999792e-01
4.460539222000000081e-01,4.434092343000000103e-01,4.560231565999999792e-01,4.534533620000000265e-01
4.434092343000000103e-01,4.408886432999999938e-01,4.534533620000000265e-01,4.510038793000000212e-01
6.577053666000000076e-01,6.472141742999999448e-01,6.668103933000000261e-01,6.560335159000000305e-01
6.472141742999999448e-01,6.383283734000000376e-01,6.560335159000000305e-01,6.469132899999999742e-01
6.383283734000000376e-01,6.307025551999999591e-01,6.469132899999999742e-01,6.390920877000000333e-01
6.307025551999999591e-01,6.240769028999999524e-01,6.390920877000000333e-01,6.323012709999999981e-01
6.240769028999999524e-01,6.182494163999999737e-01,6.323012709999999981e-01,6.263324618000000177e-01
6.182494163999999737e-01,6.130708456000000250e-01,6.263324618000000177e-01,6.210315824000000040e-01
6.130708456000000250e-01,6.084199547999999957e-01,6.210315824000000040e-01,6.162737607999999589e-01
6.084199547999999957e-01,6.042059659999999832e-01,6.162737607999999589e-01,6.119653582999999841e-01
6.042059659999999832e-01,6.003534198000000099e-01,6.119653582999999841e-01,6.080288291000000012e-01
6.003534198000000099e-01,5.968026519000000363e-01,6.080288291000000012e-01,6.044027804999999587e-01
5.968026519000000363e-01,5.935060382000000301e-01,6.044027804999999587e-01,6.010382174999999716e-01
5.935060382000000301e-01,5.904223919000000098e-01,6.010382174999999716e-01,5.978928803999999930e-01
5.904223919000000098e-01,5.875184535999999902e-01,5.978928803999999930e-01,5.949325561999999623e-01
5.875184535999999902e-01,5.847665668000000538e-01,5.949325561999999623e-01,5.921289324999999826e-01
5.847665668000000538e-01,5.821419357999999544e-01,5.921289324999999826e-01,5.894566178000000267e-01
5.821419357999999544e-01,5.796231627000000275e-01,5.894566178000000267e-01,5.868937373000000512e-01
5.796231627000000275e-01,5.771926044999999839e-01,5.868937373000000512e-01,5.844222306999999894e-01
5.771926044999999839e-01,5.748333334999999877e-01,5.844222306999999894e-01,5.820248722999999957e-01
5.748333334999999877e-01,5.725299715999999650e-01,5.820248722999999957e-01,5.796859859999999864e-01
5.725299715999999650e-01,5.702686905999999611e-01,5.796859859999999864e-01,5.773915647999999790e-01
5.702686905999999611e-01,5.680364965999999960e-01,5.773915647999999790e-01,5.751285552999999551e-01
5.680364965999999960e-01,5.658203362999999486e-01,5.751285552999999551e-01,5.728836059999999897e-01
5.658203362999999486e-01,5.636070966999999765e-01,5.728836059999999897e-01,5.706437229999999916e-01
5.636070966999999765e-01,5.613840222000000546e-01,5.706437229999999916e-01,5.683960915000000336e-01
5.613840222000000546e-01,5.591374636000000509e-01,5.683960915000000336e-01,5.661270618000000532e-01
5.591374636000000509e-01,5.568524003000000500e-01,5.661270618000000532e-01,5.638217925999999824e-01
5.568524003000000500e-01,5.545122622999999473e-01,5.638217925999999824e-01,5.614638924999999503e-01
5.545122622999999473e-01,5.520985125999999799e-01,5.614638924999999503e-01,5.590351223999999730e-01
5.520985125999999799e-01,5.495890379000000214e-01,5.590351223999999730e-01,5.565137863000000351e-01
5.495890379000000214e-01,5.469571351999999997e-01,5.565137863000000351e-01,5.538737178000000538e-01
5.469571351999999997e-01,5.441699624000000401e-01,5.538737178000000538e-01,5.510829686999999533e-01
5.441699624000000401e-01,5.411854386000000128e-01,5.510829686999999533e-01,5.481005311000000102e-01
5.411854386000000128e-01,5.380881428999999549e-01,5.481005311000000102e-01,5.450118779999999497e-01
5.380881428999999549e-01,5.349533558000000300e-01,5.450118779999999497e-01,5.418925285000000258e-01
5.349533558000000300e-01,5.317780374999999671e-01,5.418925285000000258e-01,5.387396215999999960e-01
5.317780374999999671e-01,5.285581945999999753e-01,5.387396215999999960e-01,5.355493425999999779e-01
5.285581945999999753e-01,5.252897738999999788e-01,5.355493425999999779e-01,5.323175787999999686e-01
5.252897738999999788e-01,5.219683646999999649e-01,5.323175787999999686e-01,5.290398598000000119e-01
5.219683646999999649e-01,5.185900927000000049e-01,5.290398598000000119e-01,5.257121325000000400e-01
5.185900927000000049e-01,5.151522755999999870e-01,5.257121325000000400e-01,5.223314761999999778e-01
5.151522755999999870e-01,5.116523504000000111e-01,5.223314761999999778e-01,5.188949108000000532e-01
5.116523504000000111e-01,5.080911516999999655e-01,5.188949108000000532e-01,5.154029727000000172e-01
5.080911516999999655e-01,5.044689178000000274e-01,5.154029727000000172e-01,5.118553637999999628e-01
5.044689178000000274e-01,5.007907748000000048e-01,5.118553637999999628e-01,5.082565545999999657e-01
5.007907748000000048e-01,4.970612227999999799e-01,5.082565545999999657e-01,5.046105385000000387e-01
4.970612227999999799e-01,4.932886063999999959e-01,5.046105385000000387e-01,5.009250641000000392e-01
4.932886063999999959e-01,4.894828795999999760e-01,5.009250641000000392e-01,4.972092806999999781e-01
4.894828795999999760e-01,4.856540262999999857e-01,4.972092806999999781e-01,4.934726655000000184e-01
4.856540262999999857e-01,4.818168282999999996e-01,4.934726655000000184e-01,4.897292255999999844e-01
4.818168282999999996e-01,4.779828488999999792e-01,4.897292255999999844e-01,4.859899281999999765e-01
4.779828488999999792e-01,4.741675257999999893e-01,4.859899281999999765e-01,4.822696148999999766e-01
4.741675257999999893e-01,4.703856110999999895e-01,4.822696148999999766e-01,4.785823524000000218e-01
4.703856110999999895e-01,4.666493534999999748e-01,4.785823524000000218e-01,4.749399126000000138e-01
4.666493534999999748e-01,4.629746079000000014e-01,4.749399126000000138e-01,4.713576435999999870e-01
4.629746079000000014e-01,4.593734741000000121e-01,4.713576435999999870e-01,4.678472281000000121e-01
4.593734741000000121e-01,4.558560549999999822e-01,4.678472281000000121e-01,4.644183217999999780e-01
4.558560549999999822e-01,4.524346291999999936e-01,4.644183217999999780e-01,4.610829651000000196e-01
4.524346291999999936e-01,4.491181374000000059e-01,4.610829651000000196e-01,4.578497409999999768e-01
4.491181374000000059e-01,4.459128379999999781e-01,4.578497409999999768e-01,4.547247589000000256e-01
4.459128379999999781e-01,4.428244232999999919e-01,4.547247589000000256e-01,4.517135321999999897e-01
4.428244232999999919e-01,4.398594201000000092e-01,4.517135321999999897e-01,4.488224089000000250e-01
4.398594201000000092e-01,4.370203912000000246e-01,4.488224089000000250e-01,4.460539222000000081e-01
4.370203912000000246e-01,4.343085587000000136e-01,4.460539222000000081e-01,4.434092343000000103e-01
4.343085587000000136e-01,4.317241608999999869e-01,4.434092343000000103e-01,4.408886432999999938e-01
6.493778824999999477e-01,6.391513347999999706e-01,6.577053666000000076e-01,6.472141742999999448e-01
6.391513347999999706e-01,6.304828525000000239e-01,6.472141742999999448e-01,6.383283734000000376e-01
6.304828525000000239e-01,6.230381726999999481e-01,6.383283734000000376e-01,6.307025551999999591e-01
6.230381726999999481e-01,6.165656446999999707e-01,6.307025551999999591e-01,6.240769028999999524e-01
6.165656446999999707e-01,6.108693480000000342e-01,6.240769028999999524e-01,6.182494163999999737e-01
6.108693480000000342e-01,6.058043838000000125e-01,6.182494163999999737e-01,6.130708456000000250e-01
6.058043838000000125e-01,6.012528539000000505e-01,6.130708456000000250e-01,6.084199547999999957e-01
6.012528539000000505e-01,5.971266627000000327e-01,6.084199547999999957e-01,6.042059659999999832e-01
5.971266627000000327e-01,5.933522582000000378e-01,6.042059659999999832e-01,6.003534198000000099e-01
5.933522582000000378e-01,5.898715853999999537e-01,6.003534198000000099e-01,5.968026519000000363e-01
5.898715853999999537e-01,5.866383313999999904e-01,5.968026519000000363e-01,5.935060382000000301e-01
5.866383313999999904e-01,5.836123227999999719e-01,5.935060382000000301e-01,5.904223919000000098e-01
5.836123227999999719e-01,5.807610154000000247e-01,5.904223919000000098e-01,5.875184535999999902e-01
5.807610154000000247e-01,5.780575274999999458e-01,5.875184535999999902e-01,5.847665668000000538e-01
5.780575274999999458e-01,5.754774808999999491e-01,5.847665668000000538e-01,5.821419357999999544e-01
5.754774808999999491e-01,5.730001329999999671e-01,5.821419357999999544e-01,5.796231627000000275e-01
5.730001329999999671e-01,5.706079602000000417e-01,5.796231627000000275e-01,5.771926044999999839e-01
5.706079602000000417e-01,5.682845116000000418e-01,5.771926044999999839e-01,5.748333334999999877e-01
5.682845116000000418e-01,5.660146474999999677e-01,5.748333334999999877e-01,5.725299715999999650e-01
5.660146474999999677e-01,5.637845993000000222e-01,5.725299715999999650e-01,5.702686905999999611e-01
5.637845993000000222e-01,5.615816712000000210e-01,5.702686905999999611e-01,5.680364965999999960e-01
5.615816712000000210e-01,5.593928098999999543e-01,5.680364965999999960e-01,5.658203362999999486e-01
5.593928098999999543e-01,5.572050213999999446e-01,5.658203362999999486e-01,5.636070966999999765e-01
5.572050213999999446e-01,5.550054907999999454e-01,5.636070966999999765e-01,5.613840222000000546e-01
5.550054907999999454e-01,5.527805686000000218e-01,5.613840222000000546e-01,5.591374636000000509e-01
5.527805686000000218e-01,5.505151152999999686e-01,5.591374636000000509e-01,5.568524003000000500e-01
5.505151152999999686e-01,5.481924415000000161e-01,5.568524003000000500e-01,5.545122622999999473e-01
5.481924415000000161e-01,5.457937121000000502e-01,5.545122622999999473e-01,5.520985125999999799e-01
5.457937121000000502e-01,5.432964563000000080e-01,5.520985125999999799e-01,5.495890379000000214e-01
5.432964563000000080e-01,5.406734346999999552e-01,5.495890379000000214e-01,5.469571351999999997e-01
5.406734346999999552e-01,5.378911495000000542e-01,5.469571351999999997e-01,5.441699624000000401e-01
5.378911495000000542e-01,5.349065065000000452e-01,5.441699624000000401e-01,5.411854386000000128e-01
5.349065065000000452e-01,5.318031310999999928e-01,5.411854386000000128e-01,5.380881428999999549e-01
5.318031310999999928e-01,5.286561846999999759e-01,5.380881428999999549e-01,5.349533558000000300e-01
5.286561846999999759e-01,5.254622697999999925e-01,5.349533558000000300e-01,5.317780374999999671e-01
5.254622697999999925e-01,5.222175121000000031e-01,5.317780374999999671e-01,5.285581945999999753e-01
5.222175121000000031e-01,5.189176798000000312e-01,5.285581945999999753e-01,5.252897738999999788e-01
5.189176798000000312e-01,5.155584215999999831e-01,5.252897738999999788e-01,5.219683646999999649e-01
5.155584215999999831e-01,5.121361612999999480e-01,5.219683646999999649e-01,5.185900927000000049e-01
5.121361612999999480e-01,5.086482762999999796e-01,5.185900927000000049e-01,5.151522755999999870e-01
5.086482762999999796e-01,5.050926207999999473e-01,5.151522755999999870e-01,5.116523504000000111e-01
5.050926207999999473e-01,5.014703870000000174e-01,5.116523504000000111e-01,5.080911516999999655e-01
5.014703870000000174e-01,4.977822900000000161e-01,5.080911516999999655e-01,5.044689178000000274e-01
4.977822900000000161e-01,4.940338432999999974e-01,5.044689178000000274e-01,5.007907748000000048e-01
4.940338432999999974e-01,4.902302324999999739e-01,5.007907748000000048e-01,4.970612227999999799e-01
4.902302324999999739e-01,4.863802493000000116e-01,4.970612227999999799e-01,4.932886063999999959e-01
4.863802493000000116e-01,4.824945331000000115e-01,4.932886063999999959e-01,4.894828795999999760e-01
4.824945331000000115e-01,4.785836339000000272e-01,4.894828795999999760e-01,4.856540262999999857e-01
4.785836339000000272e-01,4.746629595999999895e-01,4.856540262999999857e-01,4.818168282999999996e-01
4.746629595999999895e-01,4.707446097999999912e-01,4.818168282999999996e-01,4.779828488999999792e-01
4.707446097999999912e-01,4.668446480999999815e-01,4.779828488999999792e-01,4.741675257999999893e-01
4.668446480999999815e-01,4.629783034000000130e-01,4.741675257999999893e-01,4.703856110999999895e-01
4.629783034000000130e-01,4.591583311999999917e-01,4.703856110999999895e-01,4.666493534999999748e-01
4.591583311999999917e-01,4.554010332000000272e-01,4.666493534999999748e-01,4.629746079000000014e-01
4.554010332000000272e-01,4.517189562000000214e-01,4.629746079000000014e-01,4.593734741000000121e-01
4.517189562000000214e-01,4.481224417999999932e-01,4.593734741000000121e-01,4.558560549999999822e-01
4.481224417999999932e-01,4.446241260000000084e-01,4.558560549999999822e-01,4.524346291999999936e-01
4.446241260000000084e-01,4.412332474999999810e-01,4.524346291999999936e-01,4.491181374000000059e-01
4.412332474999999810e-01,4.379561840999999789e-01,4.491181374000000059e-01,4.459128379999999781e-01
4.379561840999999789e-01,4.347988367000000243e-01,4.459128379999999781e-01,4.428244232999999919e-01
4.347988367000000243e-01,4.317677616999999746e-01,4.428244232999999919e-01,4.398594201000000092e-01
4.317677616999999746e-01,4.288656712000000204e-01,4.398594201000000092e-01,4.370203912000000246e-01
4.288656712000000204e-01,4.260937870000000016e-01,4.370203912000000246e-01,4.343085587000000136e-01
4.260937870000000016e-01,4.234523773000000157e-01,4.343085587000000136e-01,4.317241608999999869e-01
6.413766741999999965e-01,6.314066647999999615e-01,6.493778824999999477e-01,6.391513347999999706e-01
6.314066647999999615e-01,6.229488253999999614e-01,6.391513347999999706e-01,6.304828525000000239e-01
6.229488253999999614e-01,6.156799197000000223e-01,6.304828525000000239e-01,6.230381726999999481e-01
6.156799197000000223e-01,6.093559860999999689e-01,6.230381726999999481e-01,6.165656446999999707e-01
6.093559860999999689e-01,6.037870645999999786e-01,6.165656446999999707e-01,6.108693480000000342e-01
6.037870645999999786e-01,5.988323689000000227e-01,6.108693480000000342e-01,6.058043838000000125e-01
5.988323689000000227e-01,5.943774580999999779e-01,6.058043838000000125e-01,6.012528539000000505e-01
5.943774580999999779e-01,5.903365611999999985e-01,6.012528539000000505e-01,5.971266627000000327e-01
5.903365611999999985e-01,5.866382122000000088e-01,5.971266627000000327e-01,5.933522582000000378e-01
5.866382122000000088e-01,5.832257867000000262e-01,5.933522582000000378e-01,5.898715853999999537e-01
5.832257867000000262e-01,5.800542830999999566e-01,5.898715853999999537e-01,5.866383313999999904e-01
5.800542830999999566e-01,5.770843624999999477e-01,5.866383313999999904e-01,5.836123227999999719e-01
5.770843624999999477e-01,5.742844342999999796e-01,5.836123227999999719e-01,5.807610154000000247e-01
5.742844342999999796e-01,5.716281533000000525e-01,5.807610154000000247e-01,5.780575274999999458e-01
5.716281533000000525e-01,5.690917372999999557e-01,5.780575274999999458e-01,5.754774808999999491e-01
5.690917372999999557e-01,5.666548014000000189e-01,5.754774808999999491e-01,5.730001329999999671e-01
5.666548014000000189e-01,5.643002986999999804e-01,5.730001329999999671e-01,5.706079602000000417e-01
5.643002986999999804e-01,5.620120168000000138e-01,5.706079602000000417e-01,5.682845116000000418e-01
5.620120168000000138e-01,5.597749351999999901e-01,5.682845116000000418e-01,5.660146474999999677e-01
5.597749351999999901e-01,5.575757027000000088e-01,5.660146474999999677e-01,5.637845993000000222e-01
5.575757027000000088e-01,5.554015636000000367e-01,5.637845993000000222e-01,5.615816712000000210e-01
5.554015636000000367e-01,5.532396435999999973e-01,5.615816712000000210e-01,5.593928098999999543e-01
5.532396435999999973e-01,5.510769486000000050e-01,5.593928098999999543e-01,5.572050213999999446e-01
5.510769486000000050e-01,5.489008426999999468e-01,5.572050213999999446e-01,5.550054907999999454e-01
5.489008426999999468e-01,5.466974973999999543e-01,5.550054907999999454e-01,5.527805686000000218e-01
5.466974973999999543e-01,5.444517135999999979e-01,5.527805686000000218e-01,5.505151152999999686e-01
5.444517135999999979e-01,5.421466230999999469e-01,5.505151152999999686e-01,5.481924415000000161e-01
5.421466230999999469e-01,5.397632718000000551e-01,5.481924415000000161e-01,5.457937121000000502e-01
5.397632718000000551e-01,5.372787117999999751e-01,5.457937121000000502e-01,5.432964563000000080e-01
5.372787117999999751e-01,5.346652865000000032e-01,5.432964563000000080e-01,5.406734346999999552e-01
5.346652865000000032e-01,5.318887829999999761e-01,5.406734346999999552e-01,5.378911495000000542e-01
5.318887829999999761e-01,5.289052129000000324e-01,5.378911495000000542e-01,5.349065065000000452e-01
5.289052129000000324e-01,5.257973074999999774e-01,5.349065065000000452e-01,5.318031310999999928e-01
5.257973074999999774e-01,5.226399301999999913e-01,5.318031310999999928e-01,5.286561846999999759e-01
5.226399301999999913e-01,5.194296241000000425e-01,5.286561846999999759e-01,5.254622697999999925e-01
5.194296241000000425e-01,5.161622166999999539e-01,5.254622697999999925e-01,5.222175121000000031e-01
5.161622166999999539e-01,5.128335952999999447e-01,5.222175121000000031e-01,5.189176798000000312e-01
5.128335952999999447e-01,5.094394683999999840e-01,5.189176798000000312e-01,5.155584215999999831e-01
5.094394683999999840e-01,5.059763192999999770e-01,5.155584215999999831e-01,5.121361612999999480e-01
5.059763192999999770e-01,5.024418831000000418e-01,5.121361612999999480e-01,5.086482762999999796e-01
5.024418831000000418e-01,4.988341331000000212e-01,5.086482762999999796e-01,5.050926207999999473e-01
4.988341331000000212e-01,4.951547681999999839e-01,5.050926207999999473e-01,5.014703870000000174e-01
4.951547681999999839e-01,4.914048314000000195e-01,5.014703870000000174e-01,4.977822900000000161e-01
4.914048314000000195e-01,4.875904024000000114e-01,4.977822900000000161e-01,4.940338432999999974e-01
4.875904024000000114e-01,4.837170540999999879e-01,4.940338432999999974e-01,4.902302324999999739e-01
4.837170540999999879e-01,4.797942638000000093e-01,4.902302324999999739e-01,4.863802493000000116e-01
4.797942638000000093e-01,4.758331478000000225e-01,4.863802493000000116e-01,4.824945331000000115e-01
4.758331478000000225e-01,4.718448818000000045e-01,4.824945331000000115e-01,4.785836339000000272e-01
4.718448818000000045e-01,4.678453803000000022e-01,4.785836339000000272e-01,4.746629595999999895e-01
4.678453803000000022e-01,4.638473690000000094e-01,4.746629595999999895e-01,4.707446097999999912e-01
4.638473690000000094e-01,4.598674178000000112e-01,4.707446097999999912e-01,4.668446480999999815e-01
4.598674178000000112e-01,4.559212923000000028e-01,4.668446480999999815e-01,4.629783034000000130e-01
4.559212923000000028e-01,4.520221353000000164e-01,4.629783034000000130e-01,4.591583311999999917e-01
4.520221353000000164e-01,4.481867849999999764e-01,4.591583311999999917e-01,4.554010332000000272e-01
4.481867849999999764e-01,4.444280863000000248e-01,4.554010332000000272e-01,4.517189562000000214e-01
4.444280863000000248e-01,4.407567381999999978e-01,4.517189562000000214e-01,4.481224417999999932e-01
4.407567381999999978e-01,4.371857047000000107e-01,4.481224417999999932e-01,4.446241260000000084e-01
4.371857047000000107e-01,4.337243735999999905e-01,4.446241260000000084e-01,4.412332474999999810e-01
4.337243735999999905e-01,4.303793906999999752e-01,4.412332474999999810e-01,4.379561840999999789e-01
4.303793906999999752e-01,4.271566868000000183e-01,4.379561840999999789e-01,4.347988367000000243e-01
4.271566868000000183e-01,4.240630865000000194e-01,4.347988367000000243e-01,4.317677616999999746e-01
4.240630865000000194e-01,4.211012423000000116e-01,4.317677616999999746e-01,4.288656712000000204e-01
4.211012423000000116e-01,4.182724952999999912e-01,4.288656712000000204e-01,4.260937870000000016e-01
4.182724952999999912e-01,4.155770241999999781e-01,4.260937870000000016e-01,4.234523773000000157e-01
6.333448887000000527e-01,6.236336231000000341e-01,6.413766741999999965e-01,6.314066647999999615e-01
6.236336231000000341e-01,6.153882741999999739e-01,6.314066647999999615e-01,6.229488253999999614e-01
6.153882741999999739e-01,6.082967519999999961e-01,6.229488253999999614e-01,6.156799197000000223e-01
6.082967519999999961e-01,6.021228432999999880e-01,6.156799197000000223e-01,6.093559860999999689e-01
6.021228432999999880e-01,5.966824888999999743e-01,6.093559860999999689e-01,6.037870645999999786e-01
5.966824888999999743e-01,5.918392539000000285e-01,6.037870645999999786e-01,5.988323689000000227e-01
5.918392539000000285e-01,5.874819756000000393e-01,5.988323689000000227e-01,5.943774580999999779e-01
5.874819756000000393e-01,5.835272670000000161e-01,5.943774580999999779e-01,5.903365611999999985e-01
5.835272670000000161e-01,5.799058080000000226e-01,5.903365611999999985e-01,5.866382122000000088e-01
5.799058080000000226e-01,5.765624642000000133e-01,5.866382122000000088e-01,5.832257867000000262e-01
5.765624642000000133e-01,5.734533668000000306e-01,5.832257867000000262e-01,5.800542830999999566e-01
5.734533668000000306e-01,5.705403089999999677e-01,5.800542830999999566e-01,5.770843624999999477e-01
5.705403089999999677e-01,5.677924156000000444e-01,5.770843624999999477e-01,5.742844342999999796e-01
5.677924156000000444e-01,5.651839972000000101e-01,5.742844342999999796e-01,5.716281533000000525e-01
5.651839972000000101e-01,5.626918673999999898e-01,5.716281533000000525e-01,5.690917372999999557e-01
5.626918673999999898e-01,5.602959991000000528e-01,5.690917372999999557e-01,5.666548014000000189e-01
5.602959991000000528e-01,5.579797028999999853e-01,5.666548014000000189e-01,5.643002986999999804e-01
5.579797028999999853e-01,5.557271242000000333e-01,5.643002986999999804e-01,5.620120168000000138e-01
5.557271242000000333e-01,5.535234809000000311e-01,5.620120168000000138e-01,5.597749351999999901e-01
5.535234809000000311e-01,5.513554810999999889e-01,5.597749351999999901e-01,5.575757027000000088e-01
5.513554810999999889e-01,5.492107271999999707e-01,5.575757027000000088e-01,5.554015636000000367e-01
5.492107271999999707e-01,5.470762849000000427e-01,5.554015636000000367e-01,5.532396435999999973e-01
5.470762849000000427e-01,5.449393987999999744e-01,5.532396435999999973e-01,5.510769486000000050e-01
5.449393987999999744e-01,5.427871942999999977e-01,5.510769486000000050e-01,5.489008426999999468e-01
5.427871942999999977e-01,5.406060218999999556e-01,5.489008426999999468e-01,5.466974973999999543e-01
5.406060218999999556e-01,5.383804439999999580e-01,5.466974973999999543e-01,5.444517135999999979e-01
5.383804439999999580e-01,5.360935926000000018e-01,5.444517135999999979e-01,5.421466230999999469e-01
5.360935926000000018e-01,5.337262153999999814e-01,5.421466230999999469e-01,5.397632718000000551e-01
5.337262153999999814e-01,5.312550068000000403e-01,5.397632718000000551e-01,5.372787117999999751e-01
5.312550068000000403e-01,5.286517738999999549e-01,5.372787117999999751e-01,5.346652865000000032e-01
5.286517738999999549e-01,5.258818268999999601e-01,5.346652865000000032e-01,5.318887829999999761e-01
5.258818268999999601e-01,5.229000448999999717e-01,5.318887829999999761e-01,5.289052129000000324e-01
5.229000448999999717e-01,5.197883843999999698e-01,5.289052129000000324e-01,5.257973074999999774e-01
5.197883843999999698e-01,5.166213511999999675e-01,5.257973074999999774e-01,5.226399301999999913e-01
5.166213511999999675e-01,5.133953093999999995e-01,5.226399301999999913e-01,5.194296241000000425e-01
5.133953093999999995e-01,5.101059675000000349e-01,5.194296241000000425e-01,5.161622166999999539e-01
5.101059675000000349e-01,5.067493320000000523e-01,5.161622166999999539e-01,5.128335952999999447e-01
5.067493320000000523e-01,5.033209323999999762e-01,5.128335952999999447e-01,5.094394683999999840e-01
5.033209323999999762e-01,4.998175502000000159e-01,5.094394683999999840e-01,5.059763192999999770e-01
4.998175502000000159e-01,4.962370991999999759e-01,5.059763192999999770e-01,5.024418831000000418e-01
4.962370991999999759e-01,4.925778507999999944e-01,5.024418831000000418e-01,4.988341331000000212e-01
4.925778507999999944e-01,4.888418614999999745e-01,4.988341331000000212e-01,4.951547681999999839e-01
4.888418614999999745e-01,4.850306213000000199e-01,4.951547681999999839e-01,4.914048314000000195e-01
4.850306213000000199e-01,4.811506271000000057e-01,4.914048314000000195e-01,4.875904024000000114e-01
4.811506271000000057e-01,4.772080182999999809e-01,4.875904024000000114e-01,4.837170540999999879e-01
4.772080182999999809e-01,4.732127785999999947e-01,4.837170540999999879e-01,4.797942638000000093e-01
4.732127785999999947e-01,4.691766499999999729e-01,4.797942638000000093e-01,4.758331478000000225e-01
4.691766499999999729e-01,4.651112854000000185e-01,4.758331478000000225e-01,4.718448818000000045e-01
4.651112854000000185e-01,4.610332846999999901e-01,4.718448818000000045e-01,4.678453803000000022e-01
4.610332846999999901e-01,4.569558798999999727e-01,4.678453803000000022e-01,4.638473690000000094e-01
4.569558798999999727e-01,4.528961778000000216e-01,4.638473690000000094e-01,4.598674178000000112e-01
4.528961778000000216e-01,4.488704801000000244e-01,4.598674178000000112e-01,4.559212923000000028e-01
4.488704801000000244e-01,4.448923469000000130e-01,4.559212923000000028e-01,4.520221353000000164e-01
4.448923469000000130e-01,4.409790933000000135e-01,4.520221353000000164e-01,4.481867849999999764e-01
4.409790933000000135e-01,4.371439219000000098e-01,4.481867849999999764e-01,4.444280863000000248e-01
4.371439219000000098e-01,4.333978593000000212e-01,4.444280863000000248e-01,4.407567381999999978e-01
4.333978593000000212e-01,4.297541975999999986e-01,4.407567381999999978e-01,4.371857047000000107e-01
4.297541975999999986e-01,4.262225330000000145e-01,4.371857047000000107e-01,4.337243735999999905e-01
4.262225330000000145e-01,4.228096604000000092e-01,4.337243735999999905e-01,4.303793906999999752e-01
4.228096604000000092e-01,4.195217191999999762e-01,4.303793906999999752e-01,4.271566868000000183e-01
4.195217191999999762e-01,4.163656235000000039e-01,4.271566868000000183e-01,4.240630865000000194e-01
4.163656235000000039e-01,4.133441150000000119e-01,4.240630865000000194e-01,4.211012423000000116e-01
4.133441150000000119e-01,4.104585350000000132e-01,4.211012423000000116e-01,4.182724952999999912e-01
4.104585350000000132e-01,4.077090621000000192e-01,4.182724952999999912e-01,4.155770241999999781e-01
6.252526044999999755e-01,6.158033013000000500e-01,6.333448887000000527e-01,6.236336231000000341e-01
6.158033013000000500e-01,6.077733039999999587e-01,6.236336231000000341e-01,6.153882741999999739e-01
6.077733039999999587e-01,6.008614302000000462e-01,6.153882741999999739e-01,6.082967519999999961e-01
6.008614302000000462e-01,5.948396325000000484e-01,6.082967519999999961e-01,6.021228432999999880e-01
5.948396325000000484e-01,5.895296931000000296e-01,6.021228432999999880e-01,5.966824888999999743e-01
5.895296931000000296e-01,5.847995876999999565e-01,5.966824888999999743e-01,5.918392539000000285e-01
5.847995876999999565e-01,5.805413126999999784e-01,5.918392539000000285e-01,5.874819756000000393e-01
5.805413126999999784e-01,5.766742825999999766e-01,5.874819756000000393e-01,5.835272670000000161e-01
5.766742825999999766e-01,5.731309056000000179e-01,5.835272670000000161e-01,5.799058080000000226e-01
5.731309056000000179e-01,5.698577761999999991e-01,5.799058080000000226e-01,5.765624642000000133e-01
5.698577761999999991e-01,5.668121576000000328e-01,5.765624642000000133e-01,5.734533668000000306e-01
5.668121576000000328e-01,5.639569759000000460e-01,5.734533668000000306e-01,5.705403089999999677e-01
5.639569759000000460e-01,5.612620114999999910e-01,5.705403089999999677e-01,5.677924156000000444e-01
5.612620114999999910e-01,5.587023496999999894e-01,5.677924156000000444e-01,5.651839972000000101e-01
5.587023496999999894e-01,5.562552809999999903e-01,5.651839972000000101e-01,5.626918673999999898e-01
5.562552809999999903e-01,5.539013147000000359e-01,5.626918673999999898e-01,5.602959991000000528e-01
5.539013147000000359e-01,5.516240596999999468e-01,5.602959991000000528e-01,5.579797028999999853e-01
5.516240596999999468e-01,5.494078994000000105e-01,5.579797028999999853e-01,5.557271242000000333e-01
5.494078994000000105e-01,5.472384690999999579e-01,5.557271242000000333e-01,5.535234809000000311e-01
5.472384690999999579e-01,5.451025366999999733e-01,5.535234809000000311e-01,5.513554810999999889e-01
5.451025366999999733e-01,5.429878831000000128e-01,5.513554810999999889e-01,5.492107271999999707e-01
5.429878831000000128e-01,5.408816934000000298e-01,5.492107271999999707e-01,5.470762849000000427e-01
5.408816934000000298e-01,5.387711524999999613e-01,5.470762849000000427e-01,5.449393987999999744e-01
5.387711524999999613e-01,5.366436838999999459e-01,5.449393987999999744e-01,5.427871942999999977e-01
5.366436838999999459e-01,5.344853401000000392e-01,5.427871942999999977e-01,5.406060218999999556e-01
5.344853401000000392e-01,5.322807430999999534e-01,5.406060218999999556e-01,5.383804439999999580e-01
5.322807430999999534e-01,5.300129056000000283e-01,5.383804439999999580e-01,5.360935926000000018e-01
5.300129056000000283e-01,5.276622175999999831e-01,5.360935926000000018e-01,5.337262153999999814e-01
5.276622175999999831e-01,5.252050756999999681e-01,5.337262153999999814e-01,5.312550068000000403e-01
5.252050756999999681e-01,5.226129293000000287e-01,5.312550068000000403e-01,5.286517738999999549e-01
5.226129293000000287e-01,5.198502540999999644e-01,5.286517738999999549e-01,5.258818268999999601e-01
5.198502540999999644e-01,5.168711542999999686e-01,5.258818268999999601e-01,5.229000448999999717e-01
5.168711542999999686e-01,5.137565732000000107e-01,5.229000448999999717e-01,5.197883843999999698e-01
5.137565732000000107e-01,5.105806589000000395e-01,5.197883843999999698e-01,5.166213511999999675e-01
5.105806589000000395e-01,5.073396564000000053e-01,5.166213511999999675e-01,5.133953093999999995e-01
5.073396564000000053e-01,5.040290952000000546e-01,5.133953093999999995e-01,5.101059675000000349e-01
5.040290952000000546e-01,5.006450414999999987e-01,5.101059675000000349e-01,5.067493320000000523e-01
5.006450414999999987e-01,4.971830547000000156e-01,5.067493320000000523e-01,5.033209323999999762e-01
4.971830547000000156e-01,4.936400055999999870e-01,5.033209323999999762e-01,4.998175502000000159e-01
4.936400055999999870e-01,4.900140464000000140e-01,4.998175502000000159e-01,4.962370991999999759e-01
4.900140464000000140e-01,4.863037765000000068e-01,4.962370991999999759e-01,4.925778507999999944e-01
4.863037765000000068e-01,4.825115501999999723e-01,4.925778507999999944e-01,4.888418614999999745e-01
4.825115501999999723e-01,4.786393045999999818e-01,4.888418614999999745e-01,4.850306213000000199e-01
4.786393045999999818e-01,4.746940732000000107e-01,4.850306213000000199e-01,4.811506271000000057e-01
4.746940732000000107e-01,4.706824124000000276e-01,4.811506271000000057e-01,4.772080182999999809e-01
4.706824124000000276e-01,4.666149019999999981e-01,4.772080182999999809e-01,4.732127785999999947e-01
4.666149019999999981e-01,4.625038803000000032e-01,4.732127785999999947e-01,4.691766499999999729e-01
4.625038803000000032e-01,4.583615362999999832e-01,4.691766499999999729e-01,4.651112854000000185e-01
4.583615362999999832e-01,4.542050958000000138e-01,4.651112854000000185e-01,4.610332846999999901e-01
4.542050958000000138e-01,4.500482678000000125e-01,4.610332846999999901e-01,4.569558798999999727e-01
4.500482678000000125e-01,4.459087849000000214e-01,4.569558798999999727e-01,4.528961778000000216e-01
4.459087849000000214e-01,4.418034256000000215e-01,4.528961778000000216e-01,4.488704801000000244e-01
4.418034256000000215e-01,4.377462565999999944e-01,4.488704801000000244e-01,4.448923469000000130e-01
4.377462565999999944e-01,4.337549806000000063e-01,4.448923469000000130e-01,4.409790933000000135e-01
4.337549806000000063e-01,4.298432468999999756e-01,4.409790933000000135e-01,4.371439219000000098e-01
4.298432468999999756e-01,4.260223209999999816e-01,4.371439219000000098e-01,4.333978593000000212e-01
4.260223209999999816e-01,4.223058223999999750e-01,4.333978593000000212e-01,4.297541975999999986e-01
4.223058223999999750e-01,4.187036753000000222e-01,4.297541975999999986e-01,4.262225330000000145e-01
4.187036753000000222e-01,4.152227937999999896e-01,4.262225330000000145e-01,4.228096604000000092e-01
4.152227937999999896e-01,4.118694365000000190e-01,4.228096604000000092e-01,4.195217191999999762e-01
4.118694365000000190e-01,4.086506664999999816e-01,4.195217191999999762e-01,4.163656235000000039e-01
4.086506664999999816e-01,4.055693149999999858e-01,4.163656235000000039e-01,4.133441150000000119e-01
4.055693149999999858e-01,4.026266931999999965e-01,4.133441150000000119e-01,4.104585350000000132e-01
4.026266931999999965e-01,3.998230696000000250e-01,4.104585350000000132e-01,4.077090621000000192e-01
6.170695424000000040e-01,6.078865528000000351e-01,6.252526044999999755e-01,6.158033013000000500e-01
6.078865528000000351e-01,6.000754236999999991e-01,6.158033013000000500e-01,6.077733039999999587e-01
6.000754236999999991e-01,5.933463572999999602e-01,6.077733039999999587e-01,6.008614302000000462e-01
5.933463572999999602e-01,5.874792933000000383e-01,6.008614302000000462e-01,5.948396325000000484e-01
5.874792933000000383e-01,5.823021530999999973e-01,5.948396325000000484e-01,5.895296931000000296e-01
5.823021530999999973e-01,5.776870846999999642e-01,5.895296931000000296e-01,5.847995876999999565e-01
5.776870846999999642e-01,5.735298395000000271e-01,5.847995876999999565e-01,5.805413126999999784e-01
5.735298395000000271e-01,5.697520375000000303e-01,5.805413126999999784e-01,5.766742825999999766e-01
5.697520375000000303e-01,5.662882924000000040e-01,5.766742825999999766e-01,5.731309056000000179e-01
5.662882924000000040e-01,5.630868076999999694e-01,5.731309056000000179e-01,5.698577761999999991e-01
5.630868076999999694e-01,5.601060390000000000e-01,5.698577761999999991e-01,5.668121576000000328e-01
5.601060390000000000e-01,5.573099256000000334e-01,5.668121576000000328e-01,5.639569759000000460e-01
5.573099256000000334e-01,5.546691418000000429e-01,5.639569759000000460e-01,5.612620114999999910e-01
5.546691418000000429e-01,5.521593094000000201e-01,5.612620114999999910e-01,5.587023496999999894e-01
5.521593094000000201e-01,5.497583746999999965e-01,5.587023496999999894e-01,5.562552809999999903e-01
5.497583746999999965e-01,5.474472642000000056e-01,5.562552809999999903e-01,5.539013147000000359e-01
5.474472642000000056e-01,5.452100038999999621e-01,5.539013147000000359e-01,5.516240596999999468e-01
5.452100038999999621e-01,5.430312157000000139e-01,5.516240596999999468e-01,5.494078994000000105e-01
5.430312157000000139e-01,5.408968329000000130e-01,5.494078994000000105e-01,5.472384690999999579e-01
5.408968329000000130e-01,5.387938619000000040e-01,5.472384690999999579e-01,5.451025366999999733e-01
5.387938619000000040e-01,5.367101430999999812e-01,5.451025366999999733e-01,5.429878831000000128e-01
5.367101430999999812e-01,5.346329807999999906e-01,5.429878831000000128e-01,5.408816934000000298e-01
5.346329807999999906e-01,5.325497984999999490e-01,5.408816934000000298e-01,5.387711524999999613e-01
5.325497984999999490e-01,5.304477811000000154e-01,5.387711524999999613e-01,5.366436838999999459e-01
5.304477811000000154e-01,5.283131599000000511e-01,5.366436838999999459e-01,5.344853401000000392e-01
5.283131599000000511e-01,5.261303781999999707e-01,5.344853401000000392e-01,5.322807430999999534e-01
5.261303781999999707e-01,5.238823295000000213e-01,5.322807430999999534e-01,5.300129056000000283e-01
5.238823295000000213e-01,5.215491652000000533e-01,5.300129056000000283e-01,5.276622175999999831e-01
5.215491652000000533e-01,5.191069841000000018e-01,5.276622175999999831e-01,5.252050756999999681e-01
5.191069841000000018e-01,5.165267586999999772e-01,5.252050756999999681e-01,5.226129293000000287e-01
5.165267586999999772e-01,5.137723088000000216e-01,5.226129293000000287e-01,5.198502540999999644e-01
5.137723088000000216e-01,5.107967257000000094e-01,5.198502540999999644e-01,5.168711542999999686e-01
5.107967257000000094e-01,5.076799989000000402e-01,5.168711542999999686e-01,5.137565732000000107e-01
5.076799989000000402e-01,5.044959784000000447e-01,5.137565732000000107e-01,5.105806589000000395e-01
5.044959784000000447e-01,5.012407303000000480e-01,5.105806589000000395e-01,5.073396564000000053e-01
5.012407303000000480e-01,4.979096948999999772e-01,5.073396564000000053e-01,5.040290952000000546e-01
4.979096948999999772e-01,4.944987296999999726e-01,5.040290952000000546e-01,5.006450414999999987e-01
4.944987296999999726e-01,4.910036325000000090e-01,5.006450414999999987e-01,4.971830547000000156e-01
4.910036325000000090e-01,4.874213338000000229e-01,4.971830547000000156e-01,4.936400055999999870e-01
4.874213338000000229e-01,4.837502241000000147e-01,4.936400055999999870e-01,4.900140464000000140e-01
4.837502241000000147e-01,4.799891412000000246e-01,4.900140464000000140e-01,4.863037765000000068e-01
4.799891412000000246e-01,4.761408567000000036e-01,4.863037765000000068e-01,4.825115501999999723e-01
4.761408567000000036e-01,4.722077250000000226e-01,4.825115501999999723e-01,4.786393045999999818e-01
4.722077250000000226e-01,4.681971966999999846e-01,4.786393045999999818e-01,4.746940732000000107e-01
4.681971966999999846e-01,4.641164242999999967e-01,4.746940732000000107e-01,4.706824124000000276e-01
4.641164242999999967e-01,4.599765241000000060e-01,4.706824124000000276e-01,4.666149019999999981e-01
4.599765241000000060e-01,4.557903707000000026e-01,4.666149019999999981e-01,4.625038803000000032e-01
4.557903707000000026e-01,4.515707790999999860e-01,4.625038803000000032e-01,4.583615362999999832e-01
4.515707790999999860e-01,4.473355710999999957e-01,4.583615362999999832e-01,4.542050958000000138e-01
4.473355710999999957e-01,4.430989920999999776e-01,4.542050958000000138e-01,4.500482678000000125e-01
4.430989920999999776e-01,4.388793409000000256e-01,4.500482678000000125e-01,4.459087849000000214e-01
4.388793409000000256e-01,4.346939027000000233e-01,4.459087849000000214e-01,4.418034256000000215e-01
4.346939027000000233e-01,4.305571913999999833e-01,4.418034256000000215e-01,4.377462565999999944e-01
4.305571913999999833e-01,4.264874160000000081e-01,4.377462565999999944e-01,4.337549806000000063e-01
4.264874160000000081e-01,4.224986136000000170e-01,4.337549806000000063e-01,4.298432468999999756e-01
4.224986136000000170e-01,4.186023474000000189e-01,4.298432468999999756e-01,4.260223209999999816e-01
4.186023474000000189e-01,4.148125648000000054e-01,4.260223209999999816e-01,4.223058223999999750e-01
4.148125648000000054e-01,4.111393987999999999e-01,4.223058223999999750e-01,4.187036753000000222e-01
4.111393987999999999e-01,4.075899720000000226e-01,4.187036753000000222e-01,4.152227937999999896e-01
4.075899720000000226e-01,4.041707218000000212e-01,4.152227937999999896e-01,4.118694365000000190e-01
4.041707218000000212e-01,4.008888005999999837e-01,4.118694365000000190e-01,4.086506664999999816e-01
4.008888005999999837e-01,3.977471291999999936e-01,4.086506664999999816e-01,4.055693149999999858e-01
3.977471291999999936e-01,3.947470485999999834e-01,4.055693149999999858e-01,4.026266931999999965e-01
3.947470485999999834e-01,3.918888271000000034e-01,4.026266931999999965e-01,3.998230696000000250e-01
6.087653040999999599e-01,5.998539925000000439e-01,6.170695424000000040e-01,6.078865528000000351e-01
5.998539925000000439e-01,5.922663808000000474e-01,6.078865528000000351e-01,6.000754236999999991e-01
5.922663808000000474e-01,5.857239962000000411e-01,6.000754236999999991e-01,5.933463572999999602e-01
5.857239962000000411e-01,5.800151229000000130e-01,5.933463572999999602e-01,5.874792933000000383e-01
5.800151229000000130e-01,5.749737024000000085e-01,5.874792933000000383e-01,5.823021530999999973e-01
5.749737024000000085e-01,5.704764128000000545e-01,5.823021530999999973e-01,5.776870846999999642e-01
5.704764128000000545e-01,5.664224624999999458e-01,5.776870846999999642e-01,5.735298395000000271e-01
5.664224624999999458e-01,5.627360343999999737e-01,5.735298395000000271e-01,5.697520375000000303e-01
5.627360343999999737e-01,5.593538879999999658e-01,5.697520375000000303e-01,5.662882924000000040e-01
5.593538879999999658e-01,5.562258362999999983e-01,5.662882924000000040e-01,5.630868076999999694e-01
5.562258362999999983e-01,5.533115267999999531e-01,5.630868076999999694e-01,5.601060390000000000e-01
5.533115267999999531e-01,5.505759716000000470e-01,5.601060390000000000e-01,5.573099256000000334e-01
5.505759716000000470e-01,5.479907392999999738e-01,5.573099256000000334e-01,5.546691418000000429e-01
5.479907392999999738e-01,5.455321669999999568e-01,5.546691418000000429e-01,5.521593094000000201e-01
5.455321669999999568e-01,5.431786180000000019e-01,5.521593094000000201e-01,5.497583746999999965e-01
5.431786180000000019e-01,5.409116744999999948e-01,5.497583746999999965e-01,5.474472642000000056e-01
5.409116744999999948e-01,5.387155413999999976e-01,5.474472642000000056e-01,5.452100038999999621e-01
5.387155413999999976e-01,5.365753173999999737e-01,5.452100038999999621e-01,5.430312157000000139e-01
5.365753173999999737e-01,5.344770550999999870e-01,5.430312157000000139e-01,5.408968329000000130e-01
5.344770550999999870e-01,5.324080585999999560e-01,5.408968329000000130e-01,5.387938619000000040e-01
5.324080585999999560e-01,5.303563476000000554e-01,5.387938619000000040e-01,5.367101430999999812e-01
5.303563476000000554e-01,5.283093451999999468e-01,5.367101430999999812e-01,5.346329807999999906e-01
5.283093451999999468e-01,5.262544154999999613e-01,5.346329807999999906e-01,5.325497984999999490e-01
5.262544154999999613e-01,5.241788626000000173e-01,5.325497984999999490e-01,5.304477811000000154e-01
5.241788626000000173e-01,5.220689774000000227e-01,5.304477811000000154e-01,5.283131599000000511e-01
5.220689774000000227e-01,5.199090241999999584e-01,5.283131599000000511e-01,5.261303781999999707e-01
5.199090241999999584e-01,5.176817178999999491e-01,5.261303781999999707e-01,5.238823295000000213e-01
5.176817178999999491e-01,5.153670906999999746e-01,5.238823295000000213e-01,5.215491652000000533e-01
5.153670906999999746e-01,5.129408836000000083e-01,5.215491652000000533e-01,5.191069841000000018e-01
5.129408836000000083e-01,5.103735327999999738e-01,5.191069841000000018e-01,5.165267586999999772e-01
5.103735327999999738e-01,5.076282619999999968e-01,5.165267586999999772e-01,5.137723088000000216e-01
5.076282619999999968e-01,5.046572088999999872e-01,5.137723088000000216e-01,5.107967257000000094e-01
5.046572088999999872e-01,5.015393496000000173e-01,5.107967257000000094e-01,5.076799989000000402e-01
5.015393496000000173e-01,4.983481466999999943e-01,5.076799989000000402e-01,5.044959784000000447e-01
4.983481466999999943e-01,4.950794279999999881e-01,5.044959784000000447e-01,5.012407303000000480e-01
4.950794279999999881e-01,4.917285442000000062e-01,5.012407303000000480e-01,4.979096948999999772e-01
4.917285442000000062e-01,4.882913529999999835e-01,4.979096948999999772e-01,4.944987296999999726e-01
4.882913529999999835e-01,4.847636520999999976e-01,4.944987296999999726e-01,4.910036325000000090e-01
4.847636520999999976e-01,4.811424911000000137e-01,4.910036325000000090e-01,4.874213338000000229e-01
4.811424911000000137e-01,4.774265288999999801e-01,4.874213338000000229e-01,4.837502241000000147e-01
4.774265288999999801e-01,4.736148417000000110e-01,4.837502241000000147e-01,4.799891412000000246e-01
4.736148417000000110e-01,4.697106182999999935e-01,4.799891412000000246e-01,4.761408567000000036e-01
4.697106182999999935e-01,4.657165705999999905e-01,4.761408567000000036e-01,4.722077250000000226e-01
4.657165705999999905e-01,4.616407155999999734e-01,4.722077250000000226e-01,4.681971966999999846e-01
4.616407155999999734e-01,4.574906528000000083e-01,4.681971966999999846e-01,4.641164242999999967e-01
4.574906528000000083e-01,4.532780945000000061e-01,4.641164242999999967e-01,4.599765241000000060e-01
4.532780945000000061e-01,4.490165113999999846e-01,4.599765241000000060e-01,4.557903707000000026e-01
4.490165113999999846e-01,4.447192549999999800e-01,4.557903707000000026e-01,4.515707790999999860e-01
4.447192549999999800e-01,4.404048025999999783e-01,4.515707790999999860e-01,4.473355710999999957e-01
4.404048025999999783e-01,4.360879659999999935e-01,4.473355710999999957e-01,4.430989920999999776e-01
4.360879659999999935e-01,4.317875802999999735e-01,4.430989920999999776e-01,4.388793409000000256e-01
4.317875802999999735e-01,4.275214672000000049e-01,4.388793409000000256e-01,4.346939027000000233e-01
4.275214672000000049e-01,4.233046471999999949e-01,4.346939027000000233e-01,4.305571913999999833e-01
4.233046471999999949e-01,4.191557466999999981e-01,4.305571913999999833e-01,4.264874160000000081e-01
4.191557466999999981e-01,4.150891899999999968e-01,4.264874160000000081e-01,4.224986136000000170e-01
4.150891899999999968e-01,4.111169278999999843e-01,4.224986136000000170e-01,4.186023474000000189e-01
4.111169278999999843e-01,4.072532058000000177e-01,4.186023474000000189e-01,4.148125648000000054e-01
4.072532058000000177e-01,4.035083950000000197e-01,4.148125648000000054e-01,4.111393987999999999e-01
4.035083950000000197e-01,3.998897969999999913e-01,4.111393987999999999e-01,4.075899720000000226e-01
3.998897969999999913e-01,3.964039980999999879e-01,4.075899720000000226e-01,4.041707218000000212e-01
3.964039980999999879e-01,3.930583297999999948e-01,4.041707218000000212e-01,4.008888005999999837e-01
3.930583297999999948e-01,3.898557723000000141e-01,4.008888005999999837e-01,3.977471291999999936e-01
3.898557723000000141e-01,3.867976665000000258e-01,3.977471291999999936e-01,3.947470485999999834e-01
3.867976665000000258e-01,3.838842511000000179e-01,3.947470485999999834e-01,3.918888271000000034e-01
6.003088355000000265e-01,5.916755795000000484e-01,6.087653040999999599e-01,5.998539925000000439e-01
5.916755795000000484e-01,5.843167304999999923e-01,5.998539925000000439e-01,5.922663808000000474e-01
5.843167304999999923e-01,5.779654979999999664e-01,5.922663808000000474e-01,5.857239962000000411e-01
5.779654979999999664e-01,5.724186301000000476e-01,5.857239962000000411e-01,5.800151229000000130e-01
5.724186301000000476e-01,5.675162673000000435e-01,5.800151229000000130e-01,5.749737024000000085e-01
5.675162673000000435e-01,5.631397366999999488e-01,5.749737024000000085e-01,5.704764128000000545e-01
5.631397366999999488e-01,5.591916442000000043e-01,5.704764128000000545e-01,5.664224624999999458e-01
5.591916442000000043e-01,5.555990934000000214e-01,5.664224624999999458e-01,5.627360343999999737e-01
5.555990934000000214e-01,5.523006915999999489e-01,5.627360343999999737e-01,5.593538879999999658e-01
5.523006915999999489e-01,5.492479800999999773e-01,5.593538879999999658e-01,5.562258362999999983e-01
5.492479800999999773e-01,5.464019774999999690e-01,5.562258362999999983e-01,5.533115267999999531e-01
5.464019774999999690e-01,5.437287092000000488e-01,5.533115267999999531e-01,5.505759716000000470e-01
5.437287092000000488e-01,5.412006378000000506e-01,5.505759716000000470e-01,5.479907392999999738e-01
5.412006378000000506e-01,5.387947559000000330e-01,5.479907392999999738e-01,5.455321669999999568e-01
5.387947559000000330e-01,5.364900231000000463e-01,5.455321669999999568e-01,5.431786180000000019e-01
5.364900231000000463e-01,5.342684984000000137e-01,5.431786180000000019e-01,5.409116744999999948e-01
5.342684984000000137e-01,5.321148037999999802e-01,5.409116744999999948e-01,5.387155413999999976e-01
5.321148037999999802e-01,5.300143361000000386e-01,5.387155413999999976e-01,5.365753173999999737e-01
5.300143361000000386e-01,5.279534459000000401e-01,5.365753173999999737e-01,5.344770550999999870e-01
5.279534459000000401e-01,5.259196162000000507e-01,5.344770550999999870e-01,5.324080585999999560e-01
5.259196162000000507e-01,5.239009856999999881e-01,5.324080585999999560e-01,5.303563476000000554e-01
5.239009856999999881e-01,5.218851566000000108e-01,5.303563476000000554e-01,5.283093451999999468e-01
5.218851566000000108e-01,5.198595524000000356e-01,5.283093451999999468e-01,5.262544154999999613e-01
5.198595524000000356e-01,5.178115963999999627e-01,5.262544154999999613e-01,5.241788626000000173e-01
5.178115963999999627e-01,5.157274008000000132e-01,5.241788626000000173e-01,5.220689774000000227e-01
5.157274008000000132e-01,5.135912894999999923e-01,5.220689774000000227e-01,5.199090241999999584e-01
5.135912894999999923e-01,5.113857984999999884e-01,5.199090241999999584e-01,5.176817178999999491e-01
5.113857984999999884e-01,5.090906619999999716e-01,5.176817178999999491e-01,5.153670906999999746e-01
5.090906619999999716e-01,5.066813826999999604e-01,5.153670906999999746e-01,5.129408836000000083e-01
5.066813826999999604e-01,5.041279197000000378e-01,5.129408836000000083e-01,5.103735327999999738e-01
5.041279197000000378e-01,5.013927220999999657e-01,5.103735327999999738e-01,5.076282619999999968e-01
5.013927220999999657e-01,4.984271228000000109e-01,5.076282619999999968e-01,5.046572088999999872e-01
4.984271228000000109e-01,4.953089654000000230e-01,5.046572088999999872e-01,5.015393496000000173e-01
4.953089654000000230e-01,4.921113253000000132e-01,5.015393496000000173e-01,4.983481466999999943e-01
4.921113253000000132e-01,4.888297616999999762e-01,4.983481466999999943e-01,4.950794279999999881e-01
4.888297616999999762e-01,4.854595362999999941e-01,4.950794279999999881e-01,4.917285442000000062e-01
4.854595362999999941e-01,4.819964767000000094e-01,4.917285442000000062e-01,4.882913529999999835e-01
4.819964767000000094e-01,4.784364104000000117e-01,4.882913529999999835e-01,4.847636520999999976e-01
4.784364104000000117e-01,4.747765361999999878e-01,4.847636520999999976e-01,4.811424911000000137e-01
4.747765361999999878e-01,4.710156918000000248e-01,4.811424911000000137e-01,4.774265288999999801e-01
4.710156918000000248e-01,4.671532809999999758e-01,4.774265288999999801e-01,4.736148417000000110e-01
4.671532809999999758e-01,4.631928504000000224e-01,4.736148417000000110e-01,4.697106182999999935e-01
4.631928504000000224e-01,4.591374992999999738e-01,4.697106182999999935e-01,4.657165705999999905e-01
4.591374992999999738e-01,4.549957812000000046e-01,4.657165705999999905e-01,4.616407155999999734e-01
4.549957812000000046e-01,4.507758021000000115e-01,4.616407155999999734e-01,4.574906528000000083e-01
4.507758021000000115e-01,4.464899003999999727e-01,4.574906528000000083e-01,4.532780945000000061e-01
4.464899003999999727e-01,4.421520829000000208e-01,4.532780945000000061e-01,4.490165113999999846e-01
4.421520829000000208e-01,4.377763270999999734e-01,4.490165113999999846e-01,4.447192549999999800e-01
4.377763270999999734e-01,4.333816766999999959e-01,4.447192549999999800e-01,4.404048025999999783e-01
4.333816766999999959e-01,4.289835691000000173e-01,4.404048025999999783e-01,4.360879659999999935e-01
4.289835691000000173e-01,4.246014356999999739e-01,4.360879659999999935e-01,4.317875802999999735e-01
4.246014356999999739e-01,4.202536047000000052e-01,4.317875802999999735e-01,4.275214672000000049e-01
4.202536047000000052e-01,4.159555435000000245e-01,4.275214672000000049e-01,4.233046471999999949e-01
4.159555435000000245e-01,4.117264449999999965e-01,4.233046471999999949e-01,4.191557466999999981e-01
4.117264449999999965e-01,4.075810610999999750e-01,4.191557466999999981e-01,4.150891899999999968e-01
4.075810610999999750e-01,4.035317004000000263e-01,4.150891899999999968e-01,4.111169278999999843e-01
4.035317004000000263e-01,3.995929360000000097e-01,4.111169278999999843e-01,4.072532058000000177e-01
3.995929360000000097e-01,3.957754076000000176e-01,4.072532058000000177e-01,4.035083950000000197e-01
3.957754076000000176e-01,3.920865953000000070e-01,4.035083950000000197e-01,3.998897969999999913e-01
3.920865953000000070e-01,3.885332644000000224e-01,3.998897969999999913e-01,3.964039980999999879e-01
3.885332644000000224e-01,3.851228355999999908e-01,3.964039980999999879e-01,3.930583297999999948e-01
3.851228355999999908e-01,3.818584085000000239e-01,3.930583297999999948e-01,3.898557723000000141e-01
3.818584085000000239e-01,3.787413538000000135e-01,3.898557723000000141e-01,3.867976665000000258e-01
3.787413538000000135e-01,3.757719398000000099e-01,3.867976665000000258e-01,3.838842511000000179e-01
5.916682481999999688e-01,5.833202003999999885e-01,6.003088355000000265e-01,5.916755795000000484e-01
5.833202003999999885e-01,5.761960744999999884e-01,5.916755795000000484e-01,5.843167304999999923e-01
5.761960744999999884e-01,5.700411797000000114e-01,5.843167304999999923e-01,5.779654979999999664e-01
5.700411797000000114e-01,5.646606683999999543e-01,5.779654979999999664e-01,5.724186301000000476e-01
5.646606683999999543e-01,5.599011779000000466e-01,5.724186301000000476e-01,5.675162673000000435e-01
5.599011779000000466e-01,5.556487440999999805e-01,5.675162673000000435e-01,5.631397366999999488e-01
5.556487440999999805e-01,5.518096088999999704e-01,5.631397366999999488e-01,5.591916442000000043e-01
5.518096088999999704e-01,5.483134984999999961e-01,5.591916442000000043e-01,5.555990934000000214e-01
5.483134984999999961e-01,5.451012849999999910e-01,5.555990934000000214e-01,5.523006915999999489e-01
5.451012849999999910e-01,5.421261190999999702e-01,5.523006915999999489e-01,5.492479800999999773e-01
5.421261190999999702e-01,5.393505095999999721e-01,5.492479800999999773e-01,5.464019774999999690e-01
5.393505095999999721e-01,5.367414354999999748e-01,5.464019774999999690e-01,5.437287092000000488e-01
5.367414354999999748e-01,5.342722534999999606e-01,5.437287092000000488e-01,5.412006378000000506e-01
5.342722534999999606e-01,5.319206714999999974e-01,5.412006378000000506e-01,5.387947559000000330e-01
5.319206714999999974e-01,5.296663642000000172e-01,5.387947559000000330e-01,5.364900231000000463e-01
5.296663642000000172e-01,5.274917483000000074e-01,5.364900231000000463e-01,5.342684984000000137e-01
5.274917483000000074e-01,5.253818631000000128e-01,5.342684984000000137e-01,5.321148037999999802e-01
5.253818631000000128e-01,5.233225226000000063e-01,5.321148037999999802e-01,5.300143361000000386e-01
5.233225226000000063e-01,5.213002562999999867e-01,5.300143361000000386e-01,5.279534459000000401e-01
5.213002562999999867e-01,5.193027853999999666e-01,5.279534459000000401e-01,5.259196162000000507e-01
5.193027853999999666e-01,5.173184276000000192e-01,5.259196162000000507e-01,5.239009856999999881e-01
5.173184276000000192e-01,5.153349637999999899e-01,5.239009856999999881e-01,5.218851566000000108e-01
5.153349637999999899e-01,5.133398770999999527e-01,5.218851566000000108e-01,5.198595524000000356e-01
5.133398770999999527e-01,5.113205910000000465e-01,5.198595524000000356e-01,5.178115963999999627e-01
5.113205910000000465e-01,5.092631577999999770e-01,5.178115963999999627e-01,5.157274008000000132e-01
5.092631577999999770e-01,5.071519612999999538e-01,5.157274008000000132e-01,5.135912894999999923e-01
5.071519612999999538e-01,5.049692392000000307e-01,5.135912894999999923e-01,5.113857984999999884e-01
5.049692392000000307e-01,5.026946664000000453e-01,5.113857984999999884e-01,5.090906619999999716e-01
5.026946664000000453e-01,5.003033279999999916e-01,5.090906619999999716e-01,5.066813826999999604e-01
5.003033279999999916e-01,4.977646171999999813e-01,5.066813826999999604e-01,5.041279197000000378e-01
4.977646171999999813e-01,4.950404762999999764e-01,5.041279197000000378e-01,5.013927220999999657e-01
4.950404762999999764e-01,4.920811950999999795e-01,5.013927220999999657e-01,4.984271228000000109e-01
4.920811950999999795e-01,4.889635444000000053e-01,4.984271228000000109e-01,4.953089654000000230e-01
4.889635444000000053e-01,4.857600330999999882e-01,4.953089654000000230e-01,4.921113253000000132e-01
4.857600330999999882e-01,4.824661313999999979e-01,4.921113253000000132e-01,4.888297616999999762e-01
4.824661313999999979e-01,4.790769516999999755e-01,4.888297616999999762e-01,4.854595362999999941e-01
4.790769516999999755e-01,4.755882025000000013e-01,4.854595362999999941e-01,4.819964767000000094e-01
4.755882025000000013e-01,4.719958007000000233e-01,4.819964767000000094e-01,4.784364104000000117e-01
4.719958007000000233e-01,4.682970643000000099e-01,4.784364104000000117e-01,4.747765361999999878e-01
4.682970643000000099e-01,4.644910693000000035e-01,4.747765361999999878e-01,4.710156918000000248e-01
4.644910693000000035e-01,4.605774581000000034e-01,4.710156918000000248e-01,4.671532809999999758e-01
4.605774581000000034e-01,4.565602242999999838e-01,4.671532809999999758e-01,4.631928504000000224e-01
4.565602242999999838e-01,4.524428545999999995e-01,4.631928504000000224e-01,4.591374992999999738e-01
4.524428545999999995e-01,4.482343792999999854e-01,4.591374992999999738e-01,4.549957812000000046e-01
4.482343792999999854e-01,4.439435302999999999e-01,4.549957812000000046e-01,4.507758021000000115e-01
4.439435302999999999e-01,4.395831525000000184e-01,4.507758021000000115e-01,4.464899003999999727e-01
4.395831525000000184e-01,4.351678789000000269e-01,4.464899003999999727e-01,4.421520829000000208e-01
4.351678789000000269e-01,4.307123125000000274e-01,4.421520829000000208e-01,4.377763270999999734e-01
4.307123125000000274e-01,4.262361525999999734e-01,4.377763270999999734e-01,4.333816766999999959e-01
4.262361525999999734e-01,4.217553437000000072e-01,4.333816766999999959e-01,4.289835691000000173e-01
4.217553437000000072e-01,4.172899722999999783e-01,4.289835691000000173e-01,4.246014356999999739e-01
4.172899722999999783e-01,4.128589332000000001e-01,4.246014356999999739e-01,4.202536047000000052e-01
4.128589332000000001e-01,4.084781109999999771e-01,4.202536047000000052e-01,4.159555435000000245e-01
4.084781109999999771e-01,4.041672646999999730e-01,4.159555435000000245e-01,4.117264449999999965e-01
4.041672646999999730e-01,3.999415338000000264e-01,4.117264449999999965e-01,4.075810610999999750e-01
3.999415338000000264e-01,3.958135544999999977e-01,4.075810610999999750e-01,4.035317004000000263e-01
3.958135544999999977e-01,3.917982577999999938e-01,4.035317004000000263e-01,3.995929360000000097e-01
3.917982577999999938e-01,3.879065811999999891e-01,3.995929360000000097e-01,3.957754076000000176e-01
3.879065811999999891e-01,3.841461240999999860e-01,3.957754076000000176e-01,3.920865953000000070e-01
3.841461240999999860e-01,3.805238604999999774e-01,3.920865953000000070e-01,3.885332644000000224e-01
3.805238604999999774e-01,3.770473897000000130e-01,3.885332644000000224e-01,3.851228355999999908e-01
3.770473897000000130e-01,3.737198113999999904e-01,3.851228355999999908e-01,3.818584085000000239e-01
3.737198113999999904e-01,3.705425857999999906e-01,3.818584085000000239e-01,3.787413538000000135e-01
3.705425857999999906e-01,3.675159513999999850e-01,3.787413538000000135e-01,3.757719398000000099e-01
5.828120112000000352e-01,5.747575163999999459e-01,5.916682481999999688e-01,5.833202003999999885e-01
5.747575163999999459e-01,5.678751468999999608e-01,5.833202003999999885e-01,5.761960744999999884e-01
5.678751468999999608e-01,5.619223714000000092e-01,5.761960744999999884e-01,5.700411797000000114e-01
5.619223714000000092e-01,5.567133426999999468e-01,5.700411797000000114e-01,5.646606683999999543e-01
5.567133426999999468e-01,5.521011948999999808e-01,5.646606683999999543e-01,5.599011779000000466e-01
5.521011948999999808e-01,5.479767322999999912e-01,5.599011779000000466e-01,5.556487440999999805e-01
5.479767322999999912e-01,5.442499518000000203e-01,5.556487440999999805e-01,5.518096088999999704e-01
5.442499518000000203e-01,5.408533812000000385e-01,5.518096088999999704e-01,5.483134984999999961e-01
5.408533812000000385e-01,5.377301573999999640e-01,5.483134984999999961e-01,5.451012849999999910e-01
5.377301573999999640e-01,5.348351597999999596e-01,5.451012849999999910e-01,5.421261190999999702e-01
5.348351597999999596e-01,5.321321487000000294e-01,5.421261190999999702e-01,5.393505095999999721e-01
5.321321487000000294e-01,5.295894145999999747e-01,5.393505095999999721e-01,5.367414354999999748e-01
5.295894145999999747e-01,5.271812081000000205e-01,5.367414354999999748e-01,5.342722534999999606e-01
5.271812081000000205e-01,5.248858333000000487e-01,5.342722534999999606e-01,5.319206714999999974e-01
5.248858333000000487e-01,5.226836800999999921e-01,5.319206714999999974e-01,5.296663642000000172e-01
5.226836800999999921e-01,5.205576419999999871e-01,5.296663642000000172e-01,5.274917483000000074e-01
5.205576419999999871e-01,5.184932351000000050e-01,5.274917483000000074e-01,5.253818631000000128e-01
5.184932351000000050e-01,5.164764523999999524e-01,5.253818631000000128e-01,5.233225226000000063e-01
5.164764523999999524e-01,5.144942998999999517e-01,5.233225226000000063e-01,5.213002562999999867e-01
5.144942998999999517e-01,5.125346184000000305e-01,5.213002562999999867e-01,5.193027853999999666e-01
5.125346184000000305e-01,5.105859636999999784e-01,5.193027853999999666e-01,5.173184276000000192e-01
5.105859636999999784e-01,5.086361766000000451e-01,5.173184276000000192e-01,5.153349637999999899e-01
5.086361766000000451e-01,5.066728592000000475e-01,5.153349637999999899e-01,5.133398770999999527e-01
5.066728592000000475e-01,5.046834350000000136e-01,5.133398770999999527e-01,5.113205910000000465e-01
5.046834350000000136e-01,5.026540160000000368e-01,5.113205910000000465e-01,5.092631577999999770e-01
5.026540160000000368e-01,5.005688667000000036e-01,5.092631577999999770e-01,5.071519612999999538e-01
5.005688667000000036e-01,4.984101652999999854e-01,5.071519612999999538e-01,5.049692392000000307e-01
4.984101652999999854e-01,4.961572586999999923e-01,5.049692392000000307e-01,5.026946664000000453e-01
4.961572586999999923e-01,4.937849045000000103e-01,5.026946664000000453e-01,5.003033279999999916e-01
4.937849045000000103e-01,4.912621080999999834e-01,5.003033279999999916e-01,4.977646171999999813e-01
4.912621080999999834e-01,4.885500072999999777e-01,4.977646171999999813e-01,4.950404762999999764e-01
4.885500072999999777e-01,4.855979979000000224e-01,4.950404762999999764e-01,4.920811950999999795e-01
4.855979979000000224e-01,4.824816286999999981e-01,4.920811950999999795e-01,4.889635444000000053e-01
4.824816286999999981e-01,4.792729914000000147e-01,4.889635444000000053e-01,4.857600330999999882e-01
4.792729914000000147e-01,4.759672582000000207e-01,4.857600330999999882e-01,4.824661313999999979e-01
4.759672582000000207e-01,4.725594222999999761e-01,4.824661313999999979e-01,4.790769516999999755e-01
4.725594222999999761e-01,4.690451621999999765e-01,4.790769516999999755e-01,4.755882025000000013e-01
4.690451621999999765e-01,4.654203950999999950e-01,4.755882025000000013e-01,4.719958007000000233e-01
4.654203950999999950e-01,4.616826177000000198e-01,4.719958007000000233e-01,4.682970643000000099e-01
4.616826177000000198e-01,4.578310847000000017e-01,4.682970643000000099e-01,4.644910693000000035e-01
4.578310847000000017e-01,4.538657367000000220e-01,4.644910693000000035e-01,4.605774581000000034e-01
4.538657367000000220e-01,4.497909546000000147e-01,4.605774581000000034e-01,4.565602242999999838e-01
4.497909546000000147e-01,4.456106423999999788e-01,4.565602242999999838e-01,4.524428545999999995e-01
4.456106423999999788e-01,4.413344263999999795e-01,4.524428545999999995e-01,4.482343792999999854e-01
4.413344263999999795e-01,4.369715154000000101e-01,4.482343792999999854e-01,4.439435302999999999e-01
4.369715154000000101e-01,4.325353204999999868e-01,4.439435302999999999e-01,4.395831525000000184e-01
4.325353204999999868e-01,4.280412196999999752e-01,4.395831525000000184e-01,4.351678789000000269e-01
4.280412196999999752e-01,4.235042929999999761e-01,4.351678789000000269e-01,4.307123125000000274e-01
4.235042929999999761e-01,4.189450144999999903e-01,4.307123125000000274e-01,4.262361525999999734e-01
4.189450144999999903e-01,4.143798649000000056e-01,4.262361525999999734e-01,4.217553437000000072e-01
4.143798649000000056e-01,4.098295270999999795e-01,4.217553437000000072e-01,4.172899722999999783e-01
4.098295270999999795e-01,4.053135216000000041e-01,4.172899722999999783e-01,4.128589332000000001e-01
4.053135216000000041e-01,4.008482098999999743e-01,4.128589332000000001e-01,4.084781109999999771e-01
4.008482098999999743e-01,3.964538573999999982e-01,4.084781109999999771e-01,4.041672646999999730e-01
3.964538573999999982e-01,3.921460211000000196e-01,4.041672646999999730e-01,3.999415338000000264e-01
3.921460211000000196e-01,3.879376948000000103e-01,3.999415338000000264e-01,3.958135544999999977e-01
3.879376948000000103e-01,3.838441670000000139e-01,3.958135544999999977e-01,3.917982577999999938e-01
3.838441670000000139e-01,3.798766136000000238e-01,3.917982577999999938e-01,3.879065811999999891e-01
3.798766136000000238e-01,3.760429323000000212e-01,3.879065811999999891e-01,3.841461240999999860e-01
3.760429323000000212e-01,3.723501563000000125e-01,3.841461240999999860e-01,3.805238604999999774e-01
3.723501563000000125e-01,3.688060939000000205e-01,3.805238604999999774e-01,3.770473897000000130e-01
3.688060939000000205e-01,3.654139041999999726e-01,3.770473897000000130e-01,3.737198113999999904e-01
3.654139041999999726e-01,3.621751069999999961e-01,3.737198113999999904e-01,3.705425857999999906e-01
3.621751069999999961e-01,3.590899408000000070e-01,3.705425857999999906e-01,3.675159513999999850e-01
5.737069845000000168e-01,5.659554600999999741e-01,5.828120112000000352e-01,5.747575163999999459e-01
5.659554600999999741e-01,5.593226552000000185e-01,5.747575163999999459e-01,5.678751468999999608e-01
5.593226552000000185e-01,5.535786748000000035e-01,5.678751468999999608e-01,5.619223714000000092e-01
5.535786748000000035e-01,5.485467314999999955e-01,5.619223714000000092e-01,5.567133426999999468e-01
5.485467314999999955e-01,5.440868139000000214e-01,5.567133426999999468e-01,5.521011948999999808e-01
5.440868139000000214e-01,5.400946735999999637e-01,5.521011948999999808e-01,5.479767322999999912e-01
5.400946735999999637e-01,5.364840627000000417e-01,5.479767322999999912e-01,5.442499518000000203e-01
5.364840627000000417e-01,5.331904887999999731e-01,5.442499518000000203e-01,5.408533812000000385e-01
5.331904887999999731e-01,5.301593542000000436e-01,5.408533812000000385e-01,5.377301573999999640e-01
5.301593542000000436e-01,5.273473263000000300e-01,5.377301573999999640e-01,5.348351597999999596e-01
5.273473263000000300e-01,5.247195958999999466e-01,5.348351597999999596e-01,5.321321487000000294e-01
5.247195958999999466e-01,5.222455859000000311e-01,5.321321487000000294e-01,5.295894145999999747e-01
5.222455859000000311e-01,5.199005008000000538e-01,5.295894145999999747e-01,5.271812081000000205e-01
5.199005008000000538e-01,5.176634788999999737e-01,5.271812081000000205e-01,5.248858333000000487e-01
5.176634788999999737e-01,5.155154467000000462e-01,5.248858333000000487e-01,5.226836800999999921e-01
5.155154467000000462e-01,5.134398341000000476e-01,5.226836800999999921e-01,5.205576419999999871e-01
5.134398341000000476e-01,5.114225744999999490e-01,5.205576419999999871e-01,5.184932351000000050e-01
5.114225744999999490e-01,5.094501376000000192e-01,5.184932351000000050e-01,5.164764523999999524e-01
5.094501376000000192e-01,5.075096488000000461e-01,5.164764523999999524e-01,5.144942998999999517e-01
5.075096488000000461e-01,5.055893063999999937e-01,5.144942998999999517e-01,5.125346184000000305e-01
5.055893063999999937e-01,5.036777853999999666e-01,5.125346184000000305e-01,5.105859636999999784e-01
5.036777853999999666e-01,5.017631054000000201e-01,5.105859636999999784e-01,5.086361766000000451e-01
5.017631054000000201e-01,4.998329282000000262e-01,5.086361766000000451e-01,5.066728592000000475e-01
4.998329282000000262e-01,4.978747367999999951e-01,5.066728592000000475e-01,5.046834350000000136e-01
4.978747367999999951e-01,4.958746730999999963e-01,5.046834350000000136e-01,5.026540160000000368e-01
4.958746730999999963e-01,4.938168526000000225e-01,5.026540160000000368e-01,5.005688667000000036e-01
4.938168526000000225e-01,4.916833639000000034e-01,5.005688667000000036e-01,4.984101652999999854e-01
4.916833639000000034e-01,4.894533157000000023e-01,4.984101652999999854e-01,4.961572586999999923e-01
4.894533157000000023e-01,4.871011376000000115e-01,4.961572586999999923e-01,4.937849045000000103e-01
4.871011376000000115e-01,4.845952988000000183e-01,4.937849045000000103e-01,4.912621080999999834e-01
4.845952988000000183e-01,4.818962811999999984e-01,4.912621080999999834e-01,4.885500072999999777e-01
4.818962811999999984e-01,4.789524674000000259e-01,4.885500072999999777e-01,4.855979979000000224e-01
4.789524674000000259e-01,4.758382141999999981e-01,4.855979979000000224e-01,4.824816286999999981e-01
4.758382141999999981e-01,4.726250470000000203e-01,4.824816286999999981e-01,4.792729914000000147e-01
4.726250470000000203e-01,4.693078995000000142e-01,4.792729914000000147e-01,4.759672582000000207e-01
4.693078995000000142e-01,4.658816457000000133e-01,4.759672582000000207e-01,4.725594222999999761e-01
4.658816457000000133e-01,4.623418747999999967e-01,4.725594222999999761e-01,4.690451621999999765e-01
4.623418747999999967e-01,4.586845934000000069e-01,4.690451621999999765e-01,4.654203950999999950e-01
4.586845934000000069e-01,4.549073577000000146e-01,4.654203950999999950e-01,4.616826177000000198e-01
4.549073577000000146e-01,4.510096610000000061e-01,4.616826177000000198e-01,4.578310847000000017e-01
4.510096610000000061e-01,4.469917417000000004e-01,4.578310847000000017e-01,4.538657367000000220e-01
4.469917417000000004e-01,4.428583979999999864e-01,4.538657367000000220e-01,4.497909546000000147e-01
4.428583979999999864e-01,4.386139809999999861e-01,4.497909546000000147e-01,4.456106423999999788e-01
4.386139809999999861e-01,4.342686533999999821e-01,4.456106423999999788e-01,4.413344263999999795e-01
4.342686533999999821e-01,4.298321009000000137e-01,4.413344263999999795e-01,4.369715154000000101e-01
4.298321009000000137e-01,4.253184795000000129e-01,4.369715154000000101e-01,4.325353204999999868e-01
4.253184795000000129e-01,4.207437037999999796e-01,4.325353204999999868e-01,4.280412196999999752e-01
4.207437037999999796e-01,4.161235987999999941e-01,4.280412196999999752e-01,4.235042929999999761e-01
4.161235987999999941e-01,4.114791750999999831e-01,4.235042929999999761e-01,4.189450144999999903e-01
4.114791750999999831e-01,4.068276285999999908e-01,4.189450144999999903e-01,4.143798649000000056e-01
4.068276285999999908e-01,4.021902381999999943e-01,4.143798649000000056e-01,4.098295270999999795e-01
4.021902381999999943e-01,3.975871205000000019e-01,4.098295270999999795e-01,4.053135216000000041e-01
3.975871205000000019e-01,3.930351733999999930e-01,4.053135216000000041e-01,4.008482098999999743e-01
3.930351733999999930e-01,3.885551393000000187e-01,4.008482098999999743e-01,3.964538573999999982e-01
3.885551393000000187e-01,3.841630517999999883e-01,3.964538573999999982e-01,3.921460211000000196e-01
3.841630517999999883e-01,3.798722625000000019e-01,3.921460211000000196e-01,3.879376948000000103e-01
3.798722625000000019e-01,3.756984173999999843e-01,3.879376948000000103e-01,3.838441670000000139e-01
3.756984173999999843e-01,3.716530203999999782e-01,3.838441670000000139e-01,3.798766136000000238e-01
3.716530203999999782e-01,3.677440881999999855e-01,3.798766136000000238e-01,3.760429323000000212e-01
3.677440881999999855e-01,3.639788925999999925e-01,3.760429323000000212e-01,3.723501563000000125e-01
3.639788925999999925e-01,3.603653908000000183e-01,3.723501563000000125e-01,3.688060939000000205e-01
3.603653908000000183e-01,3.569068610999999724e-01,3.688060939000000205e-01,3.654139041999999726e-01
3.569068610999999724e-01,3.536047935000000142e-01,3.654139041999999726e-01,3.621751069999999961e-01
3.536047935000000142e-01,3.504594563999999801e-01,3.621751069999999961e-01,3.590899408000000070e-01
5.643191934000000298e-01,5.568810105000000510e-01,5.737069845000000168e-01,5.659554600999999741e-01
5.568810105000000510e-01,5.505064130000000278e-01,5.659554600999999741e-01,5.593226552000000185e-01
5.505064130000000278e-01,5.449784993999999827e-01,5.593226552000000185e-01,5.535786748000000035e-01
5.449784993999999827e-01,5.401300192000000333e-01,5.535786748000000035e-01,5.485467314999999955e-01
5.401300192000000333e-01,5.358277558999999801e-01,5.485467314999999955e-01,5.440868139000000214e-01
5.358277558999999801e-01,5.319726466999999959e-01,5.440868139000000214e-01,5.400946735999999637e-01
5.319726466999999959e-01,5.284824967000000262e-01,5.400946735999999637e-01,5.364840627000000417e-01
5.284824967000000262e-01,5.252956747999999454e-01,5.364840627000000417e-01,5.331904887999999731e-01
5.252956747999999454e-01,5.223600268000000435e-01,5.331904887999999731e-01,5.301593542000000436e-01
5.223600268000000435e-01,5.196340680000000045e-01,5.301593542000000436e-01,5.273473263000000300e-01
5.196340680000000045e-01,5.170844793000000106e-01,5.273473263000000300e-01,5.247195958999999466e-01
5.170844793000000106e-01,5.146818160999999670e-01,5.247195958999999466e-01,5.222455859000000311e-01
5.146818160999999670e-01,5.124022960999999876e-01,5.222455859000000311e-01,5.199005008000000538e-01
5.124022960999999876e-01,5.102258921000000225e-01,5.199005008000000538e-01,5.176634788999999737e-01
5.102258921000000225e-01,5.081340670999999753e-01,5.176634788999999737e-01,5.155154467000000462e-01
5.081340670999999753e-01,5.061109066000000212e-01,5.155154467000000462e-01,5.134398341000000476e-01
5.061109066000000212e-01,5.041427612000000114e-01,5.134398341000000476e-01,5.114225744999999490e-01
5.041427612000000114e-01,5.022163987000000107e-01,5.114225744999999490e-01,5.094501376000000192e-01
5.022163987000000107e-01,5.003193020999999741e-01,5.094501376000000192e-01,5.075096488000000461e-01
5.003193020999999741e-01,4.984399675999999779e-01,5.075096488000000461e-01,5.055893063999999937e-01
4.984399675999999779e-01,4.965671598999999992e-01,5.055893063999999937e-01,5.036777853999999666e-01
4.965671598999999992e-01,4.946891069000000085e-01,5.036777853999999666e-01,5.017631054000000201e-01
4.946891069000000085e-01,4.927935897999999870e-01,5.017631054000000201e-01,4.998329282000000262e-01
4.927935897999999870e-01,4.908680916000000005e-01,4.998329282000000262e-01,4.978747367999999951e-01
4.908680916000000005e-01,4.888986945000000084e-01,4.978747367999999951e-01,4.958746730999999963e-01
4.888986945000000084e-01,4.868695735999999941e-01,4.958746730999999963e-01,4.938168526000000225e-01
4.868695735999999941e-01,4.847625791999999878e-01,4.938168526000000225e-01,4.916833639000000034e-01
4.847625791999999878e-01,4.825566411000000167e-01,4.916833639000000034e-01,4.894533157000000023e-01
4.825566411000000167e-01,4.802257717000000259e-01,4.894533157000000023e-01,4.871011376000000115e-01
4.802257717000000259e-01,4.777380227999999951e-01,4.871011376000000115e-01,4.845952988000000183e-01
4.777380227999999951e-01,4.750531613999999792e-01,4.845952988000000183e-01,4.818962811999999984e-01
4.750531613999999792e-01,4.721184670999999944e-01,4.818962811999999984e-01,4.789524674000000259e-01
4.721184670999999944e-01,4.690070450000000113e-01,4.789524674000000259e-01,4.758382141999999981e-01
4.690070450000000113e-01,4.657898843000000122e-01,4.758382141999999981e-01,4.726250470000000203e-01
4.657898843000000122e-01,4.624616503999999795e-01,4.726250470000000203e-01,4.693078995000000142e-01
4.624616503999999795e-01,4.590170383000000132e-01,4.693078995000000142e-01,4.658816457000000133e-01
4.590170383000000132e-01,4.554516375000000061e-01,4.658816457000000133e-01,4.623418747999999967e-01
4.554516375000000061e-01,4.517613946999999852e-01,4.623418747999999967e-01,4.586845934000000069e-01
4.517613946999999852e-01,4.479440748999999888e-01,4.586845934000000069e-01,4.549073577000000146e-01
4.479440748999999888e-01,4.439993501000000231e-01,4.549073577000000146e-01,4.510096610000000061e-01
4.439993501000000231e-01,4.399277568000000138e-01,4.510096610000000061e-01,4.469917417000000004e-01
4.399277568000000138e-01,4.357345402000000201e-01,4.469917417000000004e-01,4.428583979999999864e-01
4.357345402000000201e-01,4.314244688000000161e-01,4.428583979999999864e-01,4.386139809999999861e-01
4.314244688000000161e-01,4.270082413999999882e-01,4.386139809999999861e-01,4.342686533999999821e-01
4.270082413999999882e-01,4.224961996000000108e-01,4.342686533999999821e-01,4.298321009000000137e-01
4.224961996000000108e-01,4.179030358999999972e-01,4.298321009000000137e-01,4.253184795000000129e-01
4.179030358999999972e-01,4.132454097000000104e-01,4.253184795000000129e-01,4.207437037999999796e-01
4.132454097000000104e-01,4.085397123999999769e-01,4.207437037999999796e-01,4.161235987999999941e-01
4.085397123999999769e-01,4.038077593000000132e-01,4.161235987999999941e-01,4.114791750999999831e-01
4.038077593000000132e-01,3.990673124999999932e-01,4.114791750999999831e-01,4.068276285999999908e-01
3.990673124999999932e-01,3.943403362999999828e-01,4.068276285999999908e-01,4.021902381999999943e-01
3.943403362999999828e-01,3.896475135999999950e-01,4.021902381999999943e-01,3.975871205000000019e-01
3.896475135999999950e-01,3.850063086000000134e-01,3.975871205000000019e-01,3.930351733999999930e-01
3.850063086000000134e-01,3.804379999999999984e-01,3.930351733999999930e-01,3.885551393000000187e-01
3.804379999999999984e-01,3.759590983000000164e-01,3.885551393000000187e-01,3.841630517999999883e-01
3.759590983000000164e-01,3.715832828999999782e-01,3.841630517999999883e-01,3.798722625000000019e-01
3.715832828999999782e-01,3.673266470000000061e-01,3.798722625000000019e-01,3.756984173999999843e-01
3.673266470000000061e-01,3.632009625000000019e-01,3.756984173999999843e-01,3.716530203999999782e-01
3.632009625000000019e-01,3.592144251000000121e-01,3.716530203999999782e-01,3.677440881999999855e-01
3.592144251000000121e-01,3.553745448999999779e-01,3.677440881999999855e-01,3.639788925999999925e-01
3.553745448999999779e-01,3.516894280999999789e-01,3.639788925999999925e-01,3.603653908000000183e-01
3.516894280999999789e-01,3.481624126000000263e-01,3.603653908000000183e-01,3.569068610999999724e-01
3.481624126000000263e-01,3.447950779999999771e-01,3.569068610999999724e-01,3.536047935000000142e-01
3.447950779999999771e-01,3.415876627000000165e-01,3.536047935000000142e-01,3.504594563999999801e-01
5.546134710000000245e-01,5.475001335000000413e-01,5.643191934000000298e-01,5.568810105000000510e-01
5.475001335000000413e-01,5.413933396000000231e-01,5.568810105000000510e-01,5.505064130000000278e-01
5.413933396000000231e-01,5.360896587000000268e-01,5.505064130000000278e-01,5.449784993999999827e-01
5.360896587000000268e-01,5.314314365000000207e-01,5.449784993999999827e-01,5.401300192000000333e-01
5.314314365000000207e-01,5.272928475999999476e-01,5.401300192000000333e-01,5.358277558999999801e-01
5.272928475999999476e-01,5.235800742999999757e-01,5.358277558999999801e-01,5.319726466999999959e-01
5.235800742999999757e-01,5.202150344999999509e-01,5.319726466999999959e-01,5.284824967000000262e-01
5.202150344999999509e-01,5.171391368000000099e-01,5.284824967000000262e-01,5.252956747999999454e-01
5.171391368000000099e-01,5.143027305999999799e-01,5.252956747999999454e-01,5.223600268000000435e-01
5.143027305999999799e-01,5.116662978999999556e-01,5.223600268000000435e-01,5.196340680000000045e-01
5.116662978999999556e-01,5.091978907999999970e-01,5.196340680000000045e-01,5.170844793000000106e-01
5.091978907999999970e-01,5.068694948999999950e-01,5.170844793000000106e-01,5.146818160999999670e-01
5.068694948999999950e-01,5.046582818000000525e-01,5.146818160999999670e-01,5.124022960999999876e-01
5.046582818000000525e-01,5.025448798999999633e-01,5.124022960999999876e-01,5.102258921000000225e-01
5.025448798999999633e-01,5.005116463000000016e-01,5.102258921000000225e-01,5.081340670999999753e-01
5.005116463000000016e-01,4.985431432999999912e-01,5.081340670999999753e-01,5.061109066000000212e-01
4.985431432999999912e-01,4.966261386999999972e-01,5.061109066000000212e-01,5.041427612000000114e-01
4.966261386999999972e-01,4.947478175000000200e-01,5.041427612000000114e-01,5.022163987000000107e-01
4.947478175000000200e-01,4.928960800000000142e-01,5.022163987000000107e-01,5.003193020999999741e-01
4.928960800000000142e-01,4.910595119000000230e-01,5.003193020999999741e-01,4.984399675999999779e-01
4.910595119000000230e-01,4.892271757000000165e-01,4.984399675999999779e-01,4.965671598999999992e-01
4.892271757000000165e-01,4.873873888999999959e-01,4.965671598999999992e-01,4.946891069000000085e-01
4.873873888999999959e-01,4.855281115000000258e-01,4.946891069000000085e-01,4.927935897999999870e-01
4.855281115000000258e-01,4.836368262999999890e-01,4.927935897999999870e-01,4.908680916000000005e-01
4.836368262999999890e-01,4.816996454999999955e-01,4.908680916000000005e-01,4.888986945000000084e-01
4.816996454999999955e-01,4.797005951000000157e-01,4.888986945000000084e-01,4.868695735999999941e-01
4.797005951000000157e-01,4.776214957000000094e-01,4.868695735999999941e-01,4.847625791999999878e-01
4.776214957000000094e-01,4.754409789999999858e-01,4.847625791999999878e-01,4.825566411000000167e-01
4.754409789999999858e-01,4.731326996999999923e-01,4.825566411000000167e-01,4.802257717000000259e-01
4.731326996999999923e-01,4.706642032000000198e-01,4.802257717000000259e-01,4.777380227999999951e-01
4.706642032000000198e-01,4.679944812999999870e-01,4.777380227999999951e-01,4.750531613999999792e-01
4.679944812999999870e-01,4.650698602000000181e-01,4.750531613999999792e-01,4.721184670999999944e-01
4.650698602000000181e-01,4.619620144000000095e-01,4.721184670999999944e-01,4.690070450000000113e-01
4.619620144000000095e-01,4.587413370999999795e-01,4.690070450000000113e-01,4.657898843000000122e-01
4.587413370999999795e-01,4.554022550999999863e-01,4.657898843000000122e-01,4.624616503999999795e-01
4.554022550999999863e-01,4.519392848000000074e-01,4.624616503999999795e-01,4.590170383000000132e-01
4.519392848000000074e-01,4.483479261000000160e-01,4.590170383000000132e-01,4.554516375000000061e-01
4.483479261000000160e-01,4.446241855999999992e-01,4.554516375000000061e-01,4.517613946999999852e-01
4.446241855999999992e-01,4.407658875000000087e-01,4.517613946999999852e-01,4.479440748999999888e-01
4.407658875000000087e-01,4.367730318999999972e-01,4.479440748999999888e-01,4.439993501000000231e-01
4.367730318999999972e-01,4.326464235999999963e-01,4.439993501000000231e-01,4.399277568000000138e-01
4.326464235999999963e-01,4.283916950000000168e-01,4.399277568000000138e-01,4.357345402000000201e-01
4.283916950000000168e-01,4.240141212999999909e-01,4.357345402000000201e-01,4.314244688000000161e-01
4.240141212999999909e-01,4.195249379000000056e-01,4.314244688000000161e-01,4.270082413999999882e-01
4.195249379000000056e-01,4.149351119999999948e-01,4.270082413999999882e-01,4.224961996000000108e-01
4.149351119999999948e-01,4.102599919000000095e-01,4.224961996000000108e-01,4.179030358999999972e-01
4.102599919000000095e-01,4.055168927000000201e-01,4.179030358999999972e-01,4.132454097000000104e-01
4.055168927000000201e-01,4.007229209000000014e-01,4.132454097000000104e-01,4.085397123999999769e-01
4.007229209000000014e-01,3.959005773000000006e-01,4.085397123999999769e-01,4.038077593000000132e-01
3.959005773000000006e-01,3.910683094999999887e-01,4.038077593000000132e-01,3.990673124999999932e-01
3.910683094999999887e-01,3.862487376000000028e-01,3.990673124999999932e-01,3.943403362999999828e-01
3.862487376000000028e-01,3.814632297000000172e-01,3.943403362999999828e-01,3.896475135999999950e-01
3.814632297000000172e-01,3.767297267999999977e-01,3.896475135999999950e-01,3.850063086000000134e-01
3.767297267999999977e-01,3.720701337000000275e-01,3.850063086000000134e-01,3.804379999999999984e-01
3.720701337000000275e-01,3.675014376999999888e-01,3.804379999999999984e-01,3.759590983000000164e-01
3.675014376999999888e-01,3.630377054000000214e-01,3.759590983000000164e-01,3.715832828999999782e-01
3.630377054000000214e-01,3.586953877999999873e-01,3.715832828999999782e-01,3.673266470000000061e-01
3.586953877999999873e-01,3.544865846999999959e-01,3.673266470000000061e-01,3.632009625000000019e-01
3.544865846999999959e-01,3.504197598000000080e-01,3.632009625000000019e-01,3.592144251000000121e-01
3.504197598000000080e-01,3.465025425000000103e-01,3.592144251000000121e-01,3.553745448999999779e-01
3.465025425000000103e-01,3.427432774999999987e-01,3.553745448999999779e-01,3.516894280999999789e-01
3.427432774999999987e-01,3.391453623999999833e-01,3.516894280999999789e-01,3.481624126000000263e-01
3.391453623999999833e-01,3.357104062999999861e-01,3.481624126000000263e-01,3.447950779999999771e-01
3.357104062999999861e-01,3.324387073999999775e-01,3.447950779999999771e-01,3.415876627000000165e-01
5.445542335999999928e-01,5.377786159999999871e-01,5.546134710000000245e-01,5.475001335000000413e-01
5.377786159999999871e-01,5.319502950000000174e-01,5.475001335000000413e-01,5.413933396000000231e-01
5.319502950000000174e-01,5.268797278000000306e-01,5.413933396000000231e-01,5.360896587000000268e-01
5.268797278000000306e-01,5.224195718999999904e-01,5.360896587000000268e-01,5.314314365000000207e-01
5.224195718999999904e-01,5.184513330000000142e-01,5.314314365000000207e-01,5.272928475999999476e-01
5.184513330000000142e-01,5.148866773000000396e-01,5.272928475999999476e-01,5.235800742999999757e-01
5.148866773000000396e-01,5.116519332000000198e-01,5.235800742999999757e-01,5.202150344999999509e-01
5.116519332000000198e-01,5.086916088999999808e-01,5.202150344999999509e-01,5.171391368000000099e-01
5.086916088999999808e-01,5.059586166999999746e-01,5.171391368000000099e-01,5.143027305999999799e-01
5.059586166999999746e-01,5.034154057999999932e-01,5.143027305999999799e-01,5.116662978999999556e-01
5.034154057999999932e-01,5.010317563999999724e-01,5.116662978999999556e-01,5.091978907999999970e-01
5.010317563999999724e-01,4.987807870000000032e-01,5.091978907999999970e-01,5.068694948999999950e-01
4.987807870000000032e-01,4.966407418000000074e-01,5.068694948999999950e-01,5.046582818000000525e-01
4.966407418000000074e-01,4.945931733000000219e-01,5.046582818000000525e-01,5.025448798999999633e-01
4.945931733000000219e-01,4.926210939999999816e-01,5.025448798999999633e-01,5.005116463000000016e-01
4.926210939999999816e-01,4.907096326000000008e-01,5.005116463000000016e-01,4.985431432999999912e-01
4.907096326000000008e-01,4.888461231999999823e-01,4.985431432999999912e-01,4.966261386999999972e-01
4.888461231999999823e-01,4.870180487999999919e-01,4.966261386999999972e-01,4.947478175000000200e-01
4.870180487999999919e-01,4.852136671999999762e-01,4.947478175000000200e-01,4.928960800000000142e-01
4.852136671999999762e-01,4.834218919000000114e-01,4.928960800000000142e-01,4.910595119000000230e-01
4.834218919000000114e-01,4.816319048000000103e-01,4.910595119000000230e-01,4.892271757000000165e-01
4.816319048000000103e-01,4.798322617999999928e-01,4.892271757000000165e-01,4.873873888999999959e-01
4.798322617999999928e-01,4.780109524999999748e-01,4.873873888999999959e-01,4.855281115000000258e-01
4.780109524999999748e-01,4.761555791000000037e-01,4.855281115000000258e-01,4.836368262999999890e-01
4.761555791000000037e-01,4.742522538000000232e-01,4.836368262999999890e-01,4.816996454999999955e-01
4.742522538000000232e-01,4.722848833000000135e-01,4.816996454999999955e-01,4.797005951000000157e-01
4.722848833000000135e-01,4.702351987000000233e-01,4.797005951000000157e-01,4.776214957000000094e-01
4.702351987000000233e-01,4.680815040999999899e-01,4.776214957000000094e-01,4.754409789999999858e-01
4.680815040999999899e-01,4.657972156999999891e-01,4.754409789999999858e-01,4.731326996999999923e-01
4.657972156999999891e-01,4.633492230999999850e-01,4.731326996999999923e-01,4.706642032000000198e-01
4.633492230999999850e-01,4.606958329999999990e-01,4.706642032000000198e-01,4.679944812999999870e-01
4.606958329999999990e-01,4.577822684999999781e-01,4.679944812999999870e-01,4.650698602000000181e-01
4.577822684999999781e-01,4.546788037000000227e-01,4.650698602000000181e-01,4.619620144000000095e-01
4.546788037000000227e-01,4.514551163000000145e-01,4.619620144000000095e-01,4.587413370999999795e-01
4.514551163000000145e-01,4.481054246000000241e-01,4.587413370999999795e-01,4.554022550999999863e-01
4.481054246000000241e-01,4.446240365999999944e-01,4.554022550999999863e-01,4.519392848000000074e-01
4.446240365999999944e-01,4.410063921999999859e-01,4.519392848000000074e-01,4.483479261000000160e-01
4.410063921999999859e-01,4.372484982000000020e-01,4.483479261000000160e-01,4.446241855999999992e-01
4.372484982000000020e-01,4.333483278999999966e-01,4.446241855999999992e-01,4.407658875000000087e-01
4.333483278999999966e-01,4.293060899000000208e-01,4.407658875000000087e-01,4.367730318999999972e-01
4.293060899000000208e-01,4.251229167000000198e-01,4.367730318999999972e-01,4.326464235999999963e-01
4.251229167000000198e-01,4.208048879999999881e-01,4.326464235999999963e-01,4.283916950000000168e-01
4.208048879999999881e-01,4.163577258999999753e-01,4.283916950000000168e-01,4.240141212999999909e-01
4.163577258999999753e-01,4.117933214000000230e-01,4.240141212999999909e-01,4.195249379000000056e-01
4.117933214000000230e-01,4.071231781999999910e-01,4.195249379000000056e-01,4.149351119999999948e-01
4.071231781999999910e-01,4.023633897000000181e-01,4.149351119999999948e-01,4.102599919000000095e-01
4.023633897000000181e-01,3.975319265999999740e-01,4.102599919000000095e-01,4.055168927000000201e-01
3.975319265999999740e-01,3.926466404999999771e-01,4.055168927000000201e-01,4.007229209000000014e-01
3.926466404999999771e-01,3.877307772999999957e-01,4.007229209000000014e-01,3.959005773000000006e-01
3.877307772999999957e-01,3.828034699000000263e-01,3.959005773000000006e-01,3.910683094999999887e-01
3.828034699000000263e-01,3.778880537000000039e-01,3.910683094999999887e-01,3.862487376000000028e-01
3.778880537000000039e-01,3.730065227000000094e-01,3.862487376000000028e-01,3.814632297000000172e-01
3.730065227000000094e-01,3.681774138999999724e-01,3.814632297000000172e-01,3.767297267999999977e-01
3.681774138999999724e-01,3.634232283000000119e-01,3.767297267999999977e-01,3.720701337000000275e-01
3.634232283000000119e-01,3.587614595999999989e-01,3.720701337000000275e-01,3.675014376999999888e-01
3.587614595999999989e-01,3.542065321999999794e-01,3.675014376999999888e-01,3.630377054000000214e-01
3.542065321999999794e-01,3.497754036999999872e-01,3.630377054000000214e-01,3.586953877999999873e-01
3.497754036999999872e-01,3.454803824000000079e-01,3.586953877999999873e-01,3.544865846999999959e-01
3.454803824000000079e-01,3.413302599999999964e-01,3.544865846999999959e-01,3.504197598000000080e-01
3.413302599999999964e-01,3.373328148999999998e-01,3.504197598000000080e-01,3.465025425000000103e-01
3.373328148999999998e-01,3.334966004000000095e-01,3.465025425000000103e-01,3.427432774999999987e-01
3.334966004000000095e-01,3.298251032999999777e-01,3.427432774999999987e-01,3.391453623999999833e-01
3.298251032999999777e-01,3.263199924999999890e-01,3.391453623999999833e-01,3.357104062999999861e-01
3.263199924999999890e-01,3.229815662000000143e-01,3.357104062999999861e-01,3.324387073999999775e-01
5.341046453000000138e-01,5.276806951000000412e-01,5.445542335999999928e-01,5.377786159999999871e-01
5.276806951000000412e-01,5.221424102999999706e-01,5.377786159999999871e-01,5.319502950000000174e-01
5.221424102999999706e-01,5.173149109000000356e-01,5.319502950000000174e-01,5.268797278000000306e-01
5.173149109000000356e-01,5.130611062000000056e-01,5.268797278000000306e-01,5.224195718999999904e-01
5.130611062000000056e-01,5.092704891999999539e-01,5.224195718999999904e-01,5.184513330000000142e-01
5.092704891999999539e-01,5.058603883000000190e-01,5.184513330000000142e-01,5.148866773000000396e-01
5.058603883000000190e-01,5.027614832000000256e-01,5.148866773000000396e-01,5.116519332000000198e-01
5.027614832000000256e-01,4.999217689000000076e-01,5.116519332000000198e-01,5.086916088999999808e-01
4.999217689000000076e-01,4.972967206999999723e-01,5.086916088999999808e-01,5.059586166999999746e-01
4.972967206999999723e-01,4.948509335999999870e-01,5.059586166999999746e-01,5.034154057999999932e-01
4.948509335999999870e-01,4.925557077000000117e-01,5.034154057999999932e-01,5.010317563999999724e-01
4.925557077000000117e-01,4.903856516000000276e-01,5.010317563999999724e-01,4.987807870000000032e-01
4.903856516000000276e-01,4.883200227999999754e-01,4.987807870000000032e-01,4.966407418000000074e-01
4.883200227999999754e-01,4.863412380000000090e-01,4.966407418000000074e-01,4.945931733000000219e-01
4.863412380000000090e-01,4.844331144999999839e-01,4.945931733000000219e-01,4.926210939999999816e-01
4.844331144999999839e-01,4.825813769999999781e-01,4.926210939999999816e-01,4.907096326000000008e-01
4.825813769999999781e-01,4.807737767999999967e-01,4.907096326000000008e-01,4.888461231999999823e-01
4.807737767999999967e-01,4.789983332000000149e-01,4.888461231999999823e-01,4.870180487999999919e-01
4.789983332000000149e-01,4.772435724999999906e-01,4.870180487999999919e-01,4.852136671999999762e-01
4.772435724999999906e-01,4.754987061000000015e-01,4.852136671999999762e-01,4.834218919000000114e-01
4.754987061000000015e-01,4.737531245000000113e-01,4.834218919000000114e-01,4.816319048000000103e-01
4.737531245000000113e-01,4.719955623000000045e-01,4.816319048000000103e-01,4.798322617999999928e-01
4.719955623000000045e-01,4.702141583000000180e-01,4.798322617999999928e-01,4.780109524999999748e-01
4.702141583000000180e-01,4.683965146999999885e-01,4.780109524999999748e-01,4.761555791000000037e-01
4.683965146999999885e-01,4.665287732999999770e-01,4.761555791000000037e-01,4.742522538000000232e-01
4.665287732999999770e-01,4.645947813999999898e-01,4.742522538000000232e-01,4.722848833000000135e-01
4.645947813999999898e-01,4.625760615000000242e-01,4.722848833000000135e-01,4.702351987000000233e-01
4.625760615000000242e-01,4.604507684999999961e-01,4.702351987000000233e-01,4.680815040999999899e-01
4.604507684999999961e-01,4.581918417999999993e-01,4.680815040999999899e-01,4.657972156999999891e-01
4.581918417999999993e-01,4.557657241999999997e-01,4.657972156999999891e-01,4.633492230999999850e-01
4.557657241999999997e-01,4.531298577999999799e-01,4.633492230999999850e-01,4.606958329999999990e-01
4.531298577999999799e-01,4.502283931000000128e-01,4.606958329999999990e-01,4.577822684999999781e-01
4.502283931000000128e-01,4.471300542000000156e-01,4.577822684999999781e-01,4.546788037000000227e-01
4.471300542000000156e-01,4.439038633999999872e-01,4.546788037000000227e-01,4.514551163000000145e-01
4.439038633999999872e-01,4.405437112000000210e-01,4.514551163000000145e-01,4.481054246000000241e-01
4.405437112000000210e-01,4.370437562000000220e-01,4.481054246000000241e-01,4.446240365999999944e-01
4.370437562000000220e-01,4.333993195999999992e-01,4.446240365999999944e-01,4.410063921999999859e-01
4.333993195999999992e-01,4.296064377000000101e-01,4.410063921999999859e-01,4.372484982000000020e-01
4.296064377000000101e-01,4.256632328000000132e-01,4.372484982000000020e-01,4.333483278999999966e-01
4.256632328000000132e-01,4.215701222000000081e-01,4.333483278999999966e-01,4.293060899000000208e-01
4.215701222000000081e-01,4.173286259000000276e-01,4.293060899000000208e-01,4.251229167000000198e-01
4.173286259000000276e-01,4.129451811000000028e-01,4.251229167000000198e-01,4.208048879999999881e-01
4.129451811000000028e-01,4.084260464000000201e-01,4.208048879999999881e-01,4.163577258999999753e-01
4.084260464000000201e-01,4.037837385999999973e-01,4.163577258999999753e-01,4.117933214000000230e-01
4.037837385999999973e-01,3.990303874000000195e-01,4.117933214000000230e-01,4.071231781999999910e-01
3.990303874000000195e-01,3.941828011999999881e-01,4.071231781999999910e-01,4.023633897000000181e-01
3.941828011999999881e-01,3.892597258000000116e-01,4.023633897000000181e-01,3.975319265999999740e-01
3.892597258000000116e-01,3.842796682999999880e-01,3.975319265999999740e-01,3.926466404999999771e-01
3.842796682999999880e-01,3.792667389000000111e-01,3.926466404999999771e-01,3.877307772999999957e-01
3.792667389000000111e-01,3.742406964000000169e-01,3.877307772999999957e-01,3.828034699000000263e-01
3.742406964000000169e-01,3.692256808000000112e-01,3.828034699000000263e-01,3.778880537000000039e-01
3.692256808000000112e-01,3.642443418999999905e-01,3.778880537000000039e-01,3.730065227000000094e-01
3.642443418999999905e-01,3.593158721999999972e-01,3.730065227000000094e-01,3.681774138999999724e-01
3.593158721999999972e-01,3.544633388999999801e-01,3.681774138999999724e-01,3.634232283000000119e-01
3.544633388999999801e-01,3.497047423999999904e-01,3.634232283000000119e-01,3.587614595999999989e-01
3.497047423999999904e-01,3.450549841000000173e-01,3.587614595999999989e-01,3.542065321999999794e-01
3.450549841000000173e-01,3.405314087999999906e-01,3.542065321999999794e-01,3.497754036999999872e-01
3.405314087999999906e-01,3.361467122999999835e-01,3.497754036999999872e-01,3.454803824000000079e-01
3.361467122999999835e-01,3.319098949000000021e-01,3.454803824000000079e-01,3.413302599999999964e-01
3.319098949000000021e-01,3.278289735000000094e-01,3.413302599999999964e-01,3.373328148999999998e-01
3.278289735000000094e-01,3.239126502999999935e-01,3.373328148999999998e-01,3.334966004000000095e-01
3.239126502999999935e-01,3.201645315000000158e-01,3.334966004000000095e-01,3.298251032999999777e-01
3.201645315000000158e-01,3.165863751999999920e-01,3.298251032999999777e-01,3.263199924999999890e-01
3.165863751999999920e-01,3.131784498999999888e-01,3.263199924999999890e-01,3.229815662000000143e-01
5.232257842999999964e-01,5.171688198999999653e-01,5.341046453000000138e-01,5.276806951000000412e-01
5.171688198999999653e-01,5.119332670999999779e-01,5.276806951000000412e-01,5.221424102999999706e-01
5.119332670999999779e-01,5.073593855000000374e-01,5.221424102999999706e-01,5.173149109000000356e-01
5.073593855000000374e-01,5.033211112000000043e-01,5.173149109000000356e-01,5.130611062000000056e-01
5.033211112000000043e-01,4.997160137000000169e-01,5.130611062000000056e-01,5.092704891999999539e-01
4.997160137000000169e-01,4.964673816999999878e-01,5.092704891999999539e-01,5.058603883000000190e-01
4.964673816999999878e-01,4.935105443000000203e-01,5.058603883000000190e-01,5.027614832000000256e-01
4.935105443000000203e-01,4.907968639999999994e-01,5.027614832000000256e-01,4.999217689000000076e-01
4.907968639999999994e-01,4.882847070999999928e-01,4.999217689000000076e-01,4.972967206999999723e-01
4.882847070999999928e-01,4.859407544000000079e-01,4.972967206999999723e-01,4.948509335999999870e-01
4.859407544000000079e-01,4.837380946000000015e-01,4.948509335999999870e-01,4.925557077000000117e-01
4.837380946000000015e-01,4.816526770999999818e-01,4.925557077000000117e-01,4.903856516000000276e-01
4.816526770999999818e-01,4.796649217999999770e-01,4.903856516000000276e-01,4.883200227999999754e-01
4.796649217999999770e-01,4.777581989999999945e-01,4.883200227999999754e-01,4.863412380000000090e-01
4.777581989999999945e-01,4.759170413000000099e-01,4.863412380000000090e-01,4.844331144999999839e-01
4.759170413000000099e-01,4.741278291000000089e-01,4.844331144999999839e-01,4.825813769999999781e-01
4.741278291000000089e-01,4.723788797999999844e-01,4.825813769999999781e-01,4.807737767999999967e-01
4.723788797999999844e-01,4.706585704999999842e-01,4.807737767999999967e-01,4.789983332000000149e-01
4.706585704999999842e-01,4.689558446000000047e-01,4.789983332000000149e-01,4.772435724999999906e-01
4.689558446000000047e-01,4.672601819000000156e-01,4.772435724999999906e-01,4.754987061000000015e-01
4.672601819000000156e-01,4.655612409000000063e-01,4.754987061000000015e-01,4.737531245000000113e-01
4.655612409000000063e-01,4.638479053999999824e-01,4.737531245000000113e-01,4.719955623000000045e-01
4.638479053999999824e-01,4.621084033999999785e-01,4.719955623000000045e-01,4.702141583000000180e-01
4.621084033999999785e-01,4.603304564999999848e-01,4.702141583000000180e-01,4.683965146999999885e-01
4.603304564999999848e-01,4.585001469000000163e-01,4.683965146999999885e-01,4.665287732999999770e-01
4.585001469000000163e-01,4.566013217000000068e-01,4.665287732999999770e-01,4.645947813999999898e-01
4.566013217000000068e-01,4.546153246999999897e-01,4.645947813999999898e-01,4.625760615000000242e-01
4.546153246999999897e-01,4.525200128999999905e-01,4.625760615000000242e-01,4.604507684999999961e-01
4.525200128999999905e-01,4.502879976999999978e-01,4.604507684999999961e-01,4.581918417999999993e-01
4.502879976999999978e-01,4.478851259000000140e-01,4.581918417999999993e-01,4.557657241999999997e-01
4.478851259000000140e-01,4.452680050999999750e-01,4.557657241999999997e-01,4.531298577999999799e-01
4.452680050999999750e-01,4.423796535000000252e-01,4.531298577999999799e-01,4.502283931000000128e-01
4.423796535000000252e-01,4.392872154999999945e-01,4.502283931000000128e-01,4.471300542000000156e-01
4.392872154999999945e-01,4.360589683000000161e-01,4.471300542000000156e-01,4.439038633999999872e-01
4.360589683000000161e-01,4.326884746999999920e-01,4.439038633999999872e-01,4.405437112000000210e-01
4.326884746999999920e-01,4.291696249999999990e-01,4.405437112000000210e-01,4.370437562000000220e-01
4.291696249999999990e-01,4.254977703000000222e-01,4.370437562000000220e-01,4.333993195999999992e-01
4.254977703000000222e-01,4.216689169000000237e-01,4.333993195999999992e-01,4.296064377000000101e-01
4.216689169000000237e-01,4.176813066000000241e-01,4.296064377000000101e-01,4.256632328000000132e-01
4.176813066000000241e-01,4.135355949000000253e-01,4.256632328000000132e-01,4.215701222000000081e-01
4.135355949000000253e-01,4.092336296999999901e-01,4.215701222000000081e-01,4.173286259000000276e-01
4.092336296999999901e-01,4.047823548000000216e-01,4.173286259000000276e-01,4.129451811000000028e-01
4.047823548000000216e-01,4.001885354999999977e-01,4.129451811000000028e-01,4.084260464000000201e-01
4.001885354999999977e-01,3.954653143999999898e-01,4.084260464000000201e-01,4.037837385999999973e-01
3.954653143999999898e-01,3.906254767999999822e-01,4.037837385999999973e-01,3.990303874000000195e-01
3.906254767999999822e-01,3.856865763999999808e-01,3.990303874000000195e-01,3.941828011999999881e-01
3.856865763999999808e-01,3.806681036999999823e-01,3.941828011999999881e-01,3.892597258000000116e-01
3.806681036999999823e-01,3.755894005000000035e-01,3.892597258000000116e-01,3.842796682999999880e-01
3.755894005000000035e-01,3.704753219999999958e-01,3.842796682999999880e-01,3.792667389000000111e-01
3.704753219999999958e-01,3.653464614999999971e-01,3.792667389000000111e-01,3.742406964000000169e-01
3.653464614999999971e-01,3.602276443999999911e-01,3.742406964000000169e-01,3.692256808000000112e-01
3.602276443999999911e-01,3.551422656000000067e-01,3.692256808000000112e-01,3.642443418999999905e-01
3.551422656000000067e-01,3.501101434000000179e-01,3.642443418999999905e-01,3.593158721999999972e-01
3.501101434000000179e-01,3.451550602999999828e-01,3.593158721999999972e-01,3.544633388999999801e-01
3.451550602999999828e-01,3.402954637999999754e-01,3.544633388999999801e-01,3.497047423999999904e-01
3.402954637999999754e-01,3.355467617999999819e-01,3.497047423999999904e-01,3.450549841000000173e-01
3.355467617999999819e-01,3.309267162999999790e-01,3.450549841000000173e-01,3.405314087999999906e-01
3.309267162999999790e-01,3.264484406000000005e-01,3.405314087999999906e-01,3.361467122999999835e-01
3.264484406000000005e-01,3.221211135000000003e-01,3.361467122999999835e-01,3.319098949000000021e-01
3.221211135000000003e-01,3.179529904999999768e-01,3.319098949000000021e-01,3.278289735000000094e-01
3.179529904999999768e-01,3.139530420000000155e-01,3.278289735000000094e-01,3.239126502999999935e-01
3.139530420000000155e-01,3.101249635000000171e-01,3.239126502999999935e-01,3.201645315000000158e-01
3.101249635000000171e-01,3.064705133000000248e-01,3.201645315000000158e-01,3.165863751999999920e-01
3.064705133000000248e-01,3.029900193000000241e-01,3.165863751999999920e-01,3.131784498999999888e-01
5.118772388000000229e-01,5.062038302000000378e-01,5.232257842999999964e-01,5.171688198999999653e-01
5.062038302000000378e-01,5.012848973000000319e-01,5.171688198999999653e-01,5.119332670999999779e-01
5.012848973000000319e-01,4.969763756000000199e-01,5.119332670999999779e-01,5.073593855000000374e-01
4.969763756000000199e-01,4.931636154999999855e-01,5.073593855000000374e-01,5.033211112000000043e-01
4.931636154999999855e-01,4.897526801000000041e-01,5.033211112000000043e-01,4.997160137000000169e-01
4.897526801000000041e-01,4.866730570999999728e-01,4.997160137000000169e-01,4.964673816999999878e-01
4.866730570999999728e-01,4.838649333000000219e-01,4.964673816999999878e-01,4.935105443000000203e-01
4.838649333000000219e-01,4.812833071000000018e-01,4.935105443000000203e-01,4.907968639999999994e-01
4.812833071000000018e-01,4.788894056999999926e-01,4.907968639999999994e-01,4.882847070999999928e-01
4.788894056999999926e-01,4.766521751999999723e-01,4.882847070999999928e-01,4.859407544000000079e-01
4.766521751999999723e-01,4.745464920999999947e-01,4.859407544000000079e-01,4.837380946000000015e-01
4.745464920999999947e-01,4.725498258999999979e-01,4.837380946000000015e-01,4.816526770999999818e-01
4.725498258999999979e-01,4.706437587999999783e-01,4.816526770999999818e-01,4.796649217999999770e-01
4.706437587999999783e-01,4.688125848999999956e-01,4.796649217999999770e-01,4.777581989999999945e-01
4.688125848999999956e-01,4.670416713000000164e-01,4.777581989999999945e-01,4.759170413000000099e-01
4.670416713000000164e-01,4.653181136000000273e-01,4.759170413000000099e-01,4.741278291000000089e-01
4.653181136000000273e-01,4.636307061000000118e-01,4.741278291000000089e-01,4.723788797999999844e-01
4.636307061000000118e-01,4.619683026999999997e-01,4.723788797999999844e-01,4.706585704999999842e-01
4.619683026999999997e-01,4.603202640999999873e-01,4.706585704999999842e-01,4.689558446000000047e-01
4.603202640999999873e-01,4.586763381999999778e-01,4.689558446000000047e-01,4.672601819000000156e-01
4.586763381999999778e-01,4.570264219999999877e-01,4.672601819000000156e-01,4.655612409000000063e-01
4.570264219999999877e-01,4.553595780999999953e-01,4.655612409000000063e-01,4.638479053999999824e-01
4.553595780999999953e-01,4.536641835999999928e-01,4.638479053999999824e-01,4.621084033999999785e-01
4.536641835999999928e-01,4.519280493000000232e-01,4.621084033999999785e-01,4.603304564999999848e-01
4.519280493000000232e-01,4.501372277999999838e-01,4.603304564999999848e-01,4.585001469000000163e-01
4.501372277999999838e-01,4.482755064999999761e-01,4.585001469000000163e-01,4.566013217000000068e-01
4.482755064999999761e-01,4.463240504000000053e-01,4.566013217000000068e-01,4.546153246999999897e-01
4.463240504000000053e-01,4.442605077999999819e-01,4.546153246999999897e-01,4.525200128999999905e-01
4.442605077999999819e-01,4.420570134999999845e-01,4.525200128999999905e-01,4.502879976999999978e-01
4.420570134999999845e-01,4.396788477999999945e-01,4.502879976999999978e-01,4.478851259000000140e-01
4.396788477999999945e-01,4.370818137999999964e-01,4.478851259000000140e-01,4.452680050999999750e-01
4.370818137999999964e-01,4.342077075999999924e-01,4.452680050999999750e-01,4.423796535000000252e-01
4.342077075999999924e-01,4.311219752000000072e-01,4.423796535000000252e-01,4.392872154999999945e-01
4.311219752000000072e-01,4.278920590999999995e-01,4.392872154999999945e-01,4.360589683000000161e-01
4.278920590999999995e-01,4.245112537999999880e-01,4.360589683000000161e-01,4.326884746999999920e-01
4.245112537999999880e-01,4.209732413000000228e-01,4.326884746999999920e-01,4.291696249999999990e-01
4.209732413000000228e-01,4.172732532000000272e-01,4.291696249999999990e-01,4.254977703000000222e-01
4.172732532000000272e-01,4.134072661000000037e-01,4.254977703000000222e-01,4.216689169000000237e-01
4.134072661000000037e-01,4.093737006000000012e-01,4.216689169000000237e-01,4.176813066000000241e-01
4.093737006000000012e-01,4.051734506999999930e-01,4.176813066000000241e-01,4.135355949000000253e-01
4.051734506999999930e-01,4.008087217999999896e-01,4.135355949000000253e-01,4.092336296999999901e-01
4.008087217999999896e-01,3.962869345999999737e-01,4.092336296999999901e-01,4.047823548000000216e-01
3.962869345999999737e-01,3.916153609999999952e-01,4.047823548000000216e-01,4.001885354999999977e-01
3.916153609999999952e-01,3.868078589000000234e-01,4.001885354999999977e-01,3.954653143999999898e-01
3.868078589000000234e-01,3.818778991999999817e-01,3.954653143999999898e-01,3.906254767999999822e-01
3.818778991999999817e-01,3.768438101000000096e-01,3.906254767999999822e-01,3.856865763999999808e-01
3.768438101000000096e-01,3.717258573000000177e-01,3.856865763999999808e-01,3.806681036999999823e-01
3.717258573000000177e-01,3.665441870999999741e-01,3.806681036999999823e-01,3.755894005000000035e-01
3.665441870999999741e-01,3.613245784999999932e-01,3.755894005000000035e-01,3.704753219999999958e-01
3.613245784999999932e-01,3.560882806999999817e-01,3.704753219999999958e-01,3.653464614999999971e-01
3.560882806999999817e-01,3.508610427000000143e-01,3.653464614999999971e-01,3.602276443999999911e-01
3.508610427000000143e-01,3.456670045999999941e-01,3.602276443999999911e-01,3.551422656000000067e-01
3.456670045999999941e-01,3.405265807999999783e-01,3.551422656000000067e-01,3.501101434000000179e-01
3.405265807999999783e-01,3.354642391000000057e-01,3.501101434000000179e-01,3.451550602999999828e-01
3.354642391000000057e-01,3.304990529999999871e-01,3.451550602999999828e-01,3.402954637999999754e-01
3.304990529999999871e-01,3.256468773000000261e-01,3.402954637999999754e-01,3.355467617999999819e-01
3.256468773000000261e-01,3.209259808000000103e-01,3.355467617999999819e-01,3.309267162999999790e-01
3.209259808000000103e-01,3.163497746000000221e-01,3.309267162999999790e-01,3.264484406000000005e-01
3.163497746000000221e-01,3.119277656000000176e-01,3.264484406000000005e-01,3.221211135000000003e-01
3.119277656000000176e-01,3.076684474999999974e-01,3.221211135000000003e-01,3.179529904999999768e-01
3.076684474999999974e-01,3.035809993999999956e-01,3.179529904999999768e-01,3.139530420000000155e-01
3.035809993999999956e-01,2.996692060999999740e-01,3.139530420000000155e-01,3.101249635000000171e-01
2.996692060999999740e-01,2.959348856999999833e-01,3.101249635000000171e-01,3.064705133000000248e-01
2.959348856999999833e-01,2.923784554000000147e-01,3.064705133000000248e-01,3.029900193000000241e-01
5.000179409999999658e-01,4.947462081999999817e-01,5.118772388000000229e-01,5.062038302000000378e-01
4.947462081999999817e-01,4.901588559000000234e-01,5.062038302000000378e-01,5.012848973000000319e-01
4.901588559000000234e-01,4.861283898000000048e-01,5.012848973000000319e-01,4.969763756000000199e-01
4.861283898000000048e-01,4.825519918999999769e-01,4.969763756000000199e-01,4.931636154999999855e-01
4.825519918999999769e-01,4.793446362000000072e-01,4.931636154999999855e-01,4.897526801000000041e-01
4.793446362000000072e-01,4.764422475999999795e-01,4.897526801000000041e-01,4.866730570999999728e-01
4.764422475999999795e-01,4.737901091999999759e-01,4.866730570999999728e-01,4.838649333000000219e-01
4.737901091999999759e-01,4.713469744000000072e-01,4.838649333000000219e-01,4.812833071000000018e-01
4.713469744000000072e-01,4.690771401000000118e-01,4.812833071000000018e-01,4.788894056999999926e-01
4.690771401000000118e-01,4.669519364999999977e-01,4.788894056999999926e-01,4.766521751999999723e-01
4.669519364999999977e-01,4.649480878999999733e-01,4.766521751999999723e-01,4.745464920999999947e-01
4.649480878999999733e-01,4.630446135999999879e-01,4.745464920999999947e-01,4.725498258999999979e-01
4.630446135999999879e-01,4.612243175999999889e-01,4.725498258999999979e-01,4.706437587999999783e-01
4.612243175999999889e-01,4.594725071999999910e-01,4.706437587999999783e-01,4.688125848999999956e-01
4.594725071999999910e-01,4.577754735999999824e-01,4.688125848999999956e-01,4.670416713000000164e-01
4.577754735999999824e-01,4.561208784999999932e-01,4.670416713000000164e-01,4.653181136000000273e-01
4.561208784999999932e-01,4.544981718000000170e-01,4.653181136000000273e-01,4.636307061000000118e-01
4.544981718000000170e-01,4.528967141999999946e-01,4.636307061000000118e-01,4.619683026999999997e-01
4.528967141999999946e-01,4.513061941000000021e-01,4.619683026999999997e-01,4.603202640999999873e-01
4.513061941000000021e-01,4.497167169999999881e-01,4.603202640999999873e-01,4.586763381999999778e-01
4.497167169999999881e-01,4.481184185000000042e-01,4.586763381999999778e-01,4.570264219999999877e-01
4.481184185000000042e-01,4.465005397999999848e-01,4.570264219999999877e-01,4.553595780999999953e-01
4.465005397999999848e-01,4.448516965000000045e-01,4.553595780999999953e-01,4.536641835999999928e-01
4.448516965000000045e-01,4.431596398000000048e-01,4.536641835999999928e-01,4.519280493000000232e-01
4.431596398000000048e-01,4.414104818999999846e-01,4.519280493000000232e-01,4.501372277999999838e-01
4.414104818999999846e-01,4.395879208999999843e-01,4.501372277999999838e-01,4.482755064999999761e-01
4.395879208999999843e-01,4.376730322999999867e-01,4.482755064999999761e-01,4.463240504000000053e-01
4.376730322999999867e-01,4.356431067000000046e-01,4.463240504000000053e-01,4.442605077999999819e-01
4.356431067000000046e-01,4.334699214000000134e-01,4.442605077999999819e-01,4.420570134999999845e-01
4.334699214000000134e-01,4.311180710999999999e-01,4.420570134999999845e-01,4.396788477999999945e-01
4.311180710999999999e-01,4.285425543999999975e-01,4.396788477999999945e-01,4.370818137999999964e-01
4.285425543999999975e-01,4.256838560000000271e-01,4.370818137999999964e-01,4.342077075999999924e-01
4.256838560000000271e-01,4.226056635000000061e-01,4.342077075999999924e-01,4.311219752000000072e-01
4.226056635000000061e-01,4.193745553000000070e-01,4.311219752000000072e-01,4.278920590999999995e-01
4.193745553000000070e-01,4.159834981000000154e-01,4.278920590999999995e-01,4.245112537999999880e-01
4.159834981000000154e-01,4.124259055000000229e-01,4.245112537999999880e-01,4.209732413000000228e-01
4.124259055000000229e-01,4.086969196999999943e-01,4.209732413000000228e-01,4.172732532000000272e-01
4.086969196999999943e-01,4.047925472000000191e-01,4.172732532000000272e-01,4.134072661000000037e-01
4.047925472000000191e-01,4.007113278000000167e-01,4.134072661000000037e-01,4.093737006000000012e-01
4.007113278000000167e-01,3.964544237000000027e-01,4.093737006000000012e-01,4.051734506999999930e-01
3.964544237000000027e-01,3.920243680000000119e-01,4.051734506999999930e-01,4.008087217999999896e-01
3.920243680000000119e-01,3.874291181999999778e-01,4.008087217999999896e-01,3.962869345999999737e-01
3.874291181999999778e-01,3.826765120000000242e-01,3.962869345999999737e-01,3.916153609999999952e-01
3.826765120000000242e-01,3.777810632999999974e-01,3.916153609999999952e-01,3.868078589000000234e-01
3.777810632999999974e-01,3.727570176000000179e-01,3.868078589000000234e-01,3.818778991999999817e-01
3.727570176000000179e-01,3.676234185999999737e-01,3.818778991999999817e-01,3.768438101000000096e-01
3.676234185999999737e-01,3.624015449999999916e-01,3.768438101000000096e-01,3.717258573000000177e-01
3.624015449999999916e-01,3.571121991000000273e-01,3.717258573000000177e-01,3.665441870999999741e-01
3.571121991000000273e-01,3.517821729000000230e-01,3.665441870999999741e-01,3.613245784999999932e-01
3.517821729000000230e-01,3.464335203000000196e-01,3.613245784999999932e-01,3.560882806999999817e-01
3.464335203000000196e-01,3.410927951000000125e-01,3.560882806999999817e-01,3.508610427000000143e-01
3.410927951000000125e-01,3.357849716999999901e-01,3.508610427000000143e-01,3.456670045999999941e-01
3.357849716999999901e-01,3.305311501000000041e-01,3.456670045999999941e-01,3.405265807999999783e-01
3.305311501000000041e-01,3.253565132999999832e-01,3.405265807999999783e-01,3.354642391000000057e-01
3.253565132999999832e-01,3.202807604999999835e-01,3.354642391000000057e-01,3.304990529999999871e-01
3.202807604999999835e-01,3.153201640000000139e-01,3.304990529999999871e-01,3.256468773000000261e-01
3.153201640000000139e-01,3.104935585999999970e-01,3.256468773000000261e-01,3.209259808000000103e-01
3.104935585999999970e-01,3.058147131999999768e-01,3.209259808000000103e-01,3.163497746000000221e-01
3.058147131999999768e-01,3.012934923000000209e-01,3.163497746000000221e-01,3.119277656000000176e-01
3.012934923000000209e-01,2.969385982000000146e-01,3.119277656000000176e-01,3.076684474999999974e-01
2.969385982000000146e-01,2.927593887000000117e-01,3.076684474999999974e-01,3.035809993999999956e-01
2.927593887000000117e-01,2.887598276000000186e-01,3.035809993999999956e-01,2.996692060999999740e-01
2.887598276000000186e-01,2.849418222999999806e-01,2.996692060999999740e-01,2.959348856999999833e-01
2.849418222999999806e-01,2.813057303000000009e-01,2.959348856999999833e-01,2.923784554000000147e-01
4.876049458999999753e-01,4.827544986999999788e-01,5.000179409999999658e-01,4.947462081999999817e-01
4.827544986999999788e-01,4.785149992000000130e-01,4.947462081999999817e-01,4.901588559000000234e-01
4.785149992000000130e-01,4.747762381999999781e-01,4.901588559000000234e-01,4.861283898000000048e-01
4.747762381999999781e-01,4.714478850000000110e-01,4.861283898000000048e-01,4.825519918999999769e-01
4.714478850000000110e-01,4.684541821000000050e-01,4.825519918999999769e-01,4.793446362000000072e-01
4.684541821000000050e-01,4.657379091000000138e-01,4.793446362000000072e-01,4.764422475999999795e-01
4.657379091000000138e-01,4.632495642000000191e-01,4.764422475999999795e-01,4.737901091999999759e-01
4.632495642000000191e-01,4.609519242999999822e-01,4.737901091999999759e-01,4.713469744000000072e-01
4.609519242999999822e-01,4.588124453999999908e-01,4.713469744000000072e-01,4.690771401000000118e-01
4.588124453999999908e-01,4.568049610000000094e-01,4.690771401000000118e-01,4.669519364999999977e-01
4.568049610000000094e-01,4.549081027999999916e-01,4.669519364999999977e-01,4.649480878999999733e-01
4.549081027999999916e-01,4.531025886999999752e-01,4.649480878999999733e-01,4.630446135999999879e-01
4.531025886999999752e-01,4.513724744000000011e-01,4.630446135999999879e-01,4.612243175999999889e-01
4.513724744000000011e-01,4.497041999999999984e-01,4.612243175999999889e-01,4.594725071999999910e-01
4.497041999999999984e-01,4.480848014000000101e-01,4.594725071999999910e-01,4.577754735999999824e-01
4.480848014000000101e-01,4.465028346000000092e-01,4.577754735999999824e-01,4.561208784999999932e-01
4.465028346000000092e-01,4.449482262000000188e-01,4.561208784999999932e-01,4.544981718000000170e-01
4.449482262000000188e-01,4.434109031999999839e-01,4.544981718000000170e-01,4.528967141999999946e-01
4.434109031999999839e-01,4.418809414000000046e-01,4.528967141999999946e-01,4.513061941000000021e-01
4.418809414000000046e-01,4.403488039999999826e-01,4.513061941000000021e-01,4.497167169999999881e-01
4.403488039999999826e-01,4.388049245000000265e-01,4.497167169999999881e-01,4.481184185000000042e-01
4.388049245000000265e-01,4.372387229999999958e-01,4.481184185000000042e-01,4.465005397999999848e-01
4.372387229999999958e-01,4.356389045999999876e-01,4.465005397999999848e-01,4.448516965000000045e-01
4.356389045999999876e-01,4.339933692999999870e-01,4.448516965000000045e-01,4.431596398000000048e-01
4.339933692999999870e-01,4.322881996999999865e-01,4.431596398000000048e-01,4.414104818999999846e-01
4.322881996999999865e-01,4.305070937000000098e-01,4.414104818999999846e-01,4.395879208999999843e-01
4.305070937000000098e-01,4.286308288999999827e-01,4.395879208999999843e-01,4.376730322999999867e-01
4.286308288999999827e-01,4.266365169999999929e-01,4.376730322999999867e-01,4.356431067000000046e-01
4.266365169999999929e-01,4.244954585999999863e-01,4.356431067000000046e-01,4.334699214000000134e-01
4.244954585999999863e-01,4.221716522999999777e-01,4.334699214000000134e-01,4.311180710999999999e-01
4.221716522999999777e-01,4.196190833999999814e-01,4.311180710999999999e-01,4.285425543999999975e-01
4.196190833999999814e-01,4.167770147000000036e-01,4.285425543999999975e-01,4.256838560000000271e-01
4.167770147000000036e-01,4.137071967000000017e-01,4.256838560000000271e-01,4.226056635000000061e-01
4.137071967000000017e-01,4.104753137000000107e-01,4.226056635000000061e-01,4.193745553000000070e-01
4.104753137000000107e-01,4.070739447999999761e-01,4.193745553000000070e-01,4.159834981000000154e-01
4.070739447999999761e-01,4.034962952000000214e-01,4.159834981000000154e-01,4.124259055000000229e-01
4.034962952000000214e-01,3.997373283000000277e-01,4.124259055000000229e-01,4.086969196999999943e-01
3.997373283000000277e-01,3.957931101000000118e-01,4.086969196999999943e-01,4.047925472000000191e-01
3.957931101000000118e-01,3.916622698000000180e-01,4.047925472000000191e-01,4.007113278000000167e-01
3.916622698000000180e-01,3.873462974999999919e-01,4.007113278000000167e-01,3.964544237000000027e-01
3.873462974999999919e-01,3.828480542000000098e-01,3.964544237000000027e-01,3.920243680000000119e-01
3.828480542000000098e-01,3.781760335000000084e-01,3.920243680000000119e-01,3.874291181999999778e-01
3.781760335000000084e-01,3.733386694999999977e-01,3.874291181999999778e-01,3.826765120000000242e-01
3.733386694999999977e-01,3.683512211000000147e-01,3.826765120000000242e-01,3.777810632999999974e-01
3.683512211000000147e-01,3.632286190999999831e-01,3.777810632999999974e-01,3.727570176000000179e-01
3.632286190999999831e-01,3.579908608999999853e-01,3.727570176000000179e-01,3.676234185999999737e-01
3.579908608999999853e-01,3.526600301000000215e-01,3.676234185999999737e-01,3.624015449999999916e-01
3.526600301000000215e-01,3.472578526000000276e-01,3.624015449999999916e-01,3.571121991000000273e-01
3.472578526000000276e-01,3.418120444000000147e-01,3.571121991000000273e-01,3.517821729000000230e-01
3.418120444000000147e-01,3.363455235999999737e-01,3.517821729000000230e-01,3.464335203000000196e-01
3.363455235999999737e-01,3.308857679000000163e-01,3.464335203000000196e-01,3.410927951000000125e-01
3.308857679000000163e-01,3.254585266000000199e-01,3.410927951000000125e-01,3.357849716999999901e-01
3.254585266000000199e-01,3.200856744999999726e-01,3.357849716999999901e-01,3.305311501000000041e-01
3.200856744999999726e-01,3.147931397000000020e-01,3.305311501000000041e-01,3.253565132999999832e-01
3.147931397000000020e-01,3.096012472999999932e-01,3.253565132999999832e-01,3.202807604999999835e-01
3.096012472999999932e-01,3.045268058999999750e-01,3.202807604999999835e-01,3.153201640000000139e-01
3.045268058999999750e-01,2.995891869000000263e-01,3.153201640000000139e-01,3.104935585999999970e-01
2.995891869000000263e-01,2.948025763000000077e-01,3.104935585999999970e-01,3.058147131999999768e-01
2.948025763000000077e-01,2.901771068999999814e-01,3.058147131999999768e-01,3.012934923000000209e-01
2.901771068999999814e-01,2.857217490999999776e-01,3.012934923000000209e-01,2.969385982000000146e-01
2.857217490999999776e-01,2.814461589000000208e-01,2.969385982000000146e-01,2.927593887000000117e-01
2.814461589000000208e-01,2.773543894000000121e-01,2.927593887000000117e-01,2.887598276000000186e-01
2.773543894000000121e-01,2.734484075999999986e-01,2.887598276000000186e-01,2.849418222999999806e-01
2.734484075999999986e-01,2.697286010000000123e-01,2.849418222999999806e-01,2.813057303000000009e-01
4.745927453000000074e-01,4.701846242000000120e-01,4.876049458999999753e-01,4.827544986999999788e-01
4.701846242000000120e-01,4.663105010999999966e-01,4.827544986999999788e-01,4.785149992000000130e-01
4.663105010999999966e-01,4.628782570000000152e-01,4.785149992000000130e-01,4.747762381999999781e-01
4.628782570000000152e-01,4.598105847999999773e-01,4.747762381999999781e-01,4.714478850000000110e-01
4.598105847999999773e-01,4.570414722000000207e-01,4.714478850000000110e-01,4.684541821000000050e-01
4.570414722000000207e-01,4.545208216000000134e-01,4.684541821000000050e-01,4.657379091000000138e-01
4.545208216000000134e-01,4.522047341000000054e-01,4.657379091000000138e-01,4.632495642000000191e-01
4.522047341000000054e-01,4.500601291999999920e-01,4.632495642000000191e-01,4.609519242999999822e-01
4.500601291999999920e-01,4.480577707000000243e-01,4.609519242999999822e-01,4.588124453999999908e-01
4.480577707000000243e-01,4.461741446999999972e-01,4.588124453999999908e-01,4.568049610000000094e-01
4.461741446999999972e-01,4.443899095000000132e-01,4.568049610000000094e-01,4.549081027999999916e-01
4.443899095000000132e-01,4.426875114000000111e-01,4.549081027999999916e-01,4.531025886999999752e-01
4.426875114000000111e-01,4.410523473999999888e-01,4.531025886999999752e-01,4.513724744000000011e-01
4.410523473999999888e-01,4.394719899000000263e-01,4.513724744000000011e-01,4.497041999999999984e-01
4.394719899000000263e-01,4.379343987000000049e-01,4.497041999999999984e-01,4.480848014000000101e-01
4.379343987000000049e-01,4.364289044999999923e-01,4.480848014000000101e-01,4.465028346000000092e-01
4.364289044999999923e-01,4.349460601999999843e-01,4.465028346000000092e-01,4.449482262000000188e-01
4.349460601999999843e-01,4.334763287999999770e-01,4.449482262000000188e-01,4.434109031999999839e-01
4.334763287999999770e-01,4.320102333999999988e-01,4.434109031999999839e-01,4.418809414000000046e-01
4.320102333999999988e-01,4.305385946999999991e-01,4.418809414000000046e-01,4.403488039999999826e-01
4.305385946999999991e-01,4.290520548999999795e-01,4.403488039999999826e-01,4.388049245000000265e-01
4.290520548999999795e-01,4.275403618999999988e-01,4.388049245000000265e-01,4.372387229999999958e-01
4.275403618999999988e-01,4.259923398000000083e-01,4.372387229999999958e-01,4.356389045999999876e-01
4.259923398000000083e-01,4.243959486000000170e-01,4.356389045999999876e-01,4.339933692999999870e-01
4.243959486000000170e-01,4.227373004000000156e-01,4.339933692999999870e-01,4.322881996999999865e-01
4.227373004000000156e-01,4.209999739999999990e-01,4.322881996999999865e-01,4.305070937000000098e-01
4.209999739999999990e-01,4.191646278000000225e-01,4.305070937000000098e-01,4.286308288999999827e-01
4.191646278000000225e-01,4.172080754999999974e-01,4.286308288999999827e-01,4.266365169999999929e-01
4.172080754999999974e-01,4.151011109000000143e-01,4.266365169999999929e-01,4.244954585999999863e-01
4.151011109000000143e-01,4.128070771999999833e-01,4.244954585999999863e-01,4.221716522999999777e-01
4.128070771999999833e-01,4.102790356000000083e-01,4.221716522999999777e-01,4.196190833999999814e-01
4.102790356000000083e-01,4.074548483000000054e-01,4.196190833999999814e-01,4.167770147000000036e-01
4.074548483000000054e-01,4.043942689999999729e-01,4.167770147000000036e-01,4.137071967000000017e-01
4.043942689999999729e-01,4.011619686999999823e-01,4.137071967000000017e-01,4.104753137000000107e-01
4.011619686999999823e-01,3.977501988000000099e-01,4.104753137000000107e-01,4.070739447999999761e-01
3.977501988000000099e-01,3.941518663999999950e-01,4.070739447999999761e-01,4.034962952000000214e-01
3.941518663999999950e-01,3.903618157000000033e-01,4.034962952000000214e-01,3.997373283000000277e-01
3.903618157000000033e-01,3.863760828999999730e-01,3.997373283000000277e-01,3.957931101000000118e-01
3.863760828999999730e-01,3.821934759999999764e-01,3.957931101000000118e-01,3.916622698000000180e-01
3.821934759999999764e-01,3.778157531999999930e-01,3.916622698000000180e-01,3.873462974999999919e-01
3.778157531999999930e-01,3.732461630999999724e-01,3.873462974999999919e-01,3.828480542000000098e-01
3.732461630999999724e-01,3.684937656000000228e-01,3.828480542000000098e-01,3.781760335000000084e-01
3.684937656000000228e-01,3.635675608999999753e-01,3.781760335000000084e-01,3.733386694999999977e-01
3.635675608999999753e-01,3.584836124999999929e-01,3.733386694999999977e-01,3.683512211000000147e-01
3.584836124999999929e-01,3.532576560999999837e-01,3.683512211000000147e-01,3.632286190999999831e-01
3.532576560999999837e-01,3.479105234000000046e-01,3.632286190999999831e-01,3.579908608999999853e-01
3.479105234000000046e-01,3.424652814999999961e-01,3.579908608999999853e-01,3.526600301000000215e-01
3.424652814999999961e-01,3.369445801000000018e-01,3.526600301000000215e-01,3.472578526000000276e-01
3.369445801000000018e-01,3.313771187999999812e-01,3.472578526000000276e-01,3.418120444000000147e-01
3.313771187999999812e-01,3.257867098000000183e-01,3.418120444000000147e-01,3.363455235999999737e-01
3.257867098000000183e-01,3.202017844000000224e-01,3.363455235999999737e-01,3.308857679000000163e-01
3.202017844000000224e-01,3.146490156999999788e-01,3.308857679000000163e-01,3.254585266000000199e-01
3.146490156999999788e-01,3.091509639999999726e-01,3.254585266000000199e-01,3.200856744999999726e-01
3.091509639999999726e-01,3.037344515000000023e-01,3.200856744999999726e-01,3.147931397000000020e-01
3.037344515000000023e-01,2.984203696000000128e-01,3.147931397000000020e-01,3.096012472999999932e-01
2.984203696000000128e-01,2.932261824999999877e-01,3.096012472999999932e-01,3.045268058999999750e-01
2.932261824999999877e-01,2.881717086000000205e-01,3.045268058999999750e-01,2.995891869000000263e-01
2.881717086000000205e-01,2.832716703000000003e-01,2.995891869000000263e-01,2.948025763000000077e-01
2.832716703000000003e-01,2.785364686999999839e-01,2.948025763000000077e-01,2.901771068999999814e-01
2.785364686999999839e-01,2.739753723000000196e-01,2.901771068999999814e-01,2.857217490999999776e-01
2.739753723000000196e-01,2.695983051999999991e-01,2.857217490999999776e-01,2.814461589000000208e-01
2.695983051999999991e-01,2.654094397999999799e-01,2.814461589000000208e-01,2.773543894000000121e-01
2.654094397999999799e-01,2.614108025999999918e-01,2.773543894000000121e-01,2.734484075999999986e-01
2.614108025999999918e-01,2.576028407000000020e-01,2.734484075999999986e-01,2.697286010000000123e-01
4.609341323000000212e-01,4.569911658999999959e-01,4.745927453000000074e-01,4.701846242000000120e-01
4.569911658999999959e-01,4.535013735000000268e-01,4.701846242000000120e-01,4.663105010999999966e-01
4.535013735000000268e-01,4.503915906000000025e-01,4.663105010999999966e-01,4.628782570000000152e-01
4.503915906000000025e-01,4.475982785000000019e-01,4.628782570000000152e-01,4.598105847999999773e-01
4.475982785000000019e-01,4.450655579999999722e-01,4.598105847999999773e-01,4.570414722000000207e-01
4.450655579999999722e-01,4.427509009999999745e-01,4.570414722000000207e-01,4.545208216000000134e-01
4.427509009999999745e-01,4.406161903999999963e-01,4.545208216000000134e-01,4.522047341000000054e-01
4.406161903999999963e-01,4.386327266999999752e-01,4.522047341000000054e-01,4.500601291999999920e-01
4.386327266999999752e-01,4.367748498999999840e-01,4.500601291999999920e-01,4.480577707000000243e-01
4.367748498999999840e-01,4.350216984999999981e-01,4.480577707000000243e-01,4.461741446999999972e-01
4.350216984999999981e-01,4.333561658999999788e-01,4.461741446999999972e-01,4.443899095000000132e-01
4.333561658999999788e-01,4.317624271000000125e-01,4.443899095000000132e-01,4.426875114000000111e-01
4.317624271000000125e-01,4.302273989000000021e-01,4.426875114000000111e-01,4.410523473999999888e-01
4.302273989000000021e-01,4.287396967000000059e-01,4.410523473999999888e-01,4.394719899000000263e-01
4.287396967000000059e-01,4.272883832000000104e-01,4.394719899000000263e-01,4.379343987000000049e-01
4.272883832000000104e-01,4.258635640000000278e-01,4.379343987000000049e-01,4.364289044999999923e-01
4.258635640000000278e-01,4.244564473999999921e-01,4.364289044999999923e-01,4.349460601999999843e-01
4.244564473999999921e-01,4.230580330000000000e-01,4.349460601999999843e-01,4.334763287999999770e-01
4.230580330000000000e-01,4.216593205999999983e-01,4.334763287999999770e-01,4.320102333999999988e-01
4.216593205999999983e-01,4.202515482999999996e-01,4.320102333999999988e-01,4.305385946999999991e-01
4.202515482999999996e-01,4.188256263999999840e-01,4.305385946999999991e-01,4.290520548999999795e-01
4.188256263999999840e-01,4.173715115000000142e-01,4.290520548999999795e-01,4.275403618999999988e-01
4.173715115000000142e-01,4.158782362999999815e-01,4.275403618999999988e-01,4.259923398000000083e-01
4.158782362999999815e-01,4.143337905000000210e-01,4.259923398000000083e-01,4.243959486000000170e-01
4.143337905000000210e-01,4.127243459000000114e-01,4.243959486000000170e-01,4.227373004000000156e-01
4.127243459000000114e-01,4.110333621999999743e-01,4.227373004000000156e-01,4.209999739999999990e-01
4.110333621999999743e-01,4.092414080999999815e-01,4.209999739999999990e-01,4.191646278000000225e-01
4.092414080999999815e-01,4.073248506000000102e-01,4.191646278000000225e-01,4.172080754999999974e-01
4.073248506000000102e-01,4.052541256000000147e-01,4.172080754999999974e-01,4.151011109000000143e-01
4.052541256000000147e-01,4.029918015000000242e-01,4.151011109000000143e-01,4.128070771999999833e-01
4.029918015000000242e-01,4.004899560999999886e-01,4.128070771999999833e-01,4.102790356000000083e-01
4.004899560999999886e-01,3.976849914000000208e-01,4.102790356000000083e-01,4.074548483000000054e-01
3.976849914000000208e-01,3.946345747000000181e-01,4.074548483000000054e-01,4.043942689999999729e-01
3.946345747000000181e-01,3.914023041999999952e-01,4.043942689999999729e-01,4.011619686999999823e-01
3.914023041999999952e-01,3.879799843000000248e-01,4.011619686999999823e-01,3.977501988000000099e-01
3.879799843000000248e-01,3.843603133999999866e-01,3.977501988000000099e-01,3.941518663999999950e-01
3.843603133999999866e-01,3.805379569999999823e-01,3.941518663999999950e-01,3.903618157000000033e-01
3.805379569999999823e-01,3.765089511999999972e-01,3.903618157000000033e-01,3.863760828999999730e-01
3.765089511999999972e-01,3.722722231999999742e-01,3.863760828999999730e-01,3.821934759999999764e-01
3.722722231999999742e-01,3.678298593000000061e-01,3.821934759999999764e-01,3.778157531999999930e-01
3.678298593000000061e-01,3.631854950999999776e-01,3.778157531999999930e-01,3.732461630999999724e-01
3.631854950999999776e-01,3.583487570000000177e-01,3.732461630999999724e-01,3.684937656000000228e-01
3.583487570000000177e-01,3.533293306999999994e-01,3.684937656000000228e-01,3.635675608999999753e-01
3.533293306999999994e-01,3.481440245999999905e-01,3.635675608999999753e-01,3.584836124999999929e-01
3.481440245999999905e-01,3.428094387000000243e-01,3.584836124999999929e-01,3.532576560999999837e-01
3.428094387000000243e-01,3.373473882999999951e-01,3.532576560999999837e-01,3.479105234000000046e-01
3.373473882999999951e-01,3.317818343999999753e-01,3.479105234000000046e-01,3.424652814999999961e-01
3.317818343999999753e-01,3.261364697999999951e-01,3.424652814999999961e-01,3.369445801000000018e-01
3.261364697999999951e-01,3.204410075999999941e-01,3.369445801000000018e-01,3.313771187999999812e-01
3.204410075999999941e-01,3.147202432000000272e-01,3.313771187999999812e-01,3.257867098000000183e-01
3.147202432000000272e-01,3.090035915000000077e-01,3.257867098000000183e-01,3.202017844000000224e-01
3.090035915000000077e-01,3.033186197000000139e-01,3.202017844000000224e-01,3.146490156999999788e-01
3.033186197000000139e-01,2.976887523999999785e-01,3.146490156999999788e-01,3.091509639999999726e-01
2.976887523999999785e-01,2.921416460999999853e-01,3.091509639999999726e-01,3.037344515000000023e-01
2.921416460999999853e-01,2.866988777999999738e-01,3.037344515000000023e-01,2.984203696000000128e-01
2.866988777999999738e-01,2.813784480000000032e-01,2.984203696000000128e-01,2.932261824999999877e-01
2.813784480000000032e-01,2.762008905000000181e-01,2.932261824999999877e-01,2.881717086000000205e-01
2.762008905000000181e-01,2.711813151999999949e-01,2.881717086000000205e-01,2.832716703000000003e-01
2.711813151999999949e-01,2.663304805999999747e-01,2.832716703000000003e-01,2.785364686999999839e-01
2.663304805999999747e-01,2.616579533000000235e-01,2.785364686999999839e-01,2.739753723000000196e-01
2.616579533000000235e-01,2.571738957999999964e-01,2.739753723000000196e-01,2.695983051999999991e-01
2.571738957999999964e-01,2.528826892000000104e-01,2.695983051999999991e-01,2.654094397999999799e-01
2.528826892000000104e-01,2.487863898000000074e-01,2.654094397999999799e-01,2.614108025999999918e-01
2.487863898000000074e-01,2.448854893000000088e-01,2.614108025999999918e-01,2.576028407000000020e-01
4.465814233000000022e-01,4.431280792000000246e-01,4.609341323000000212e-01,4.569911658999999959e-01
4.431280792000000246e-01,4.400429428000000032e-01,4.569911658999999959e-01,4.535013735000000268e-01
4.400429428000000032e-01,4.372727275000000136e-01,4.535013735000000268e-01,4.503915906000000025e-01
4.372727275000000136e-01,4.347683488999999901e-01,4.503915906000000025e-01,4.475982785000000019e-01
4.347683488999999901e-01,4.324847162000000078e-01,4.475982785000000019e-01,4.450655579999999722e-01
4.324847162000000078e-01,4.303870498999999850e-01,4.450655579999999722e-01,4.427509009999999745e-01
4.303870498999999850e-01,4.284435213000000187e-01,4.427509009999999745e-01,4.406161903999999963e-01
4.284435213000000187e-01,4.266299306999999930e-01,4.406161903999999963e-01,4.386327266999999752e-01
4.266299306999999930e-01,4.249243140000000252e-01,4.386327266999999752e-01,4.367748498999999840e-01
4.249243140000000252e-01,4.233087598999999979e-01,4.367748498999999840e-01,4.350216984999999981e-01
4.233087598999999979e-01,4.217683673000000022e-01,4.350216984999999981e-01,4.333561658999999788e-01
4.217683673000000022e-01,4.202892482000000207e-01,4.333561658999999788e-01,4.317624271000000125e-01
4.202892482000000207e-01,4.188598096000000215e-01,4.317624271000000125e-01,4.302273989000000021e-01
4.188598096000000215e-01,4.174699186999999978e-01,4.302273989000000021e-01,4.287396967000000059e-01
4.174699186999999978e-01,4.161096215000000265e-01,4.287396967000000059e-01,4.272883832000000104e-01
4.161096215000000265e-01,4.147699475000000136e-01,4.272883832000000104e-01,4.258635640000000278e-01
4.147699475000000136e-01,4.134427607000000227e-01,4.258635640000000278e-01,4.244564473999999921e-01
4.134427607000000227e-01,4.121196269999999884e-01,4.244564473999999921e-01,4.230580330000000000e-01
4.121196269999999884e-01,4.107921421999999878e-01,4.230580330000000000e-01,4.216593205999999983e-01
4.107921421999999878e-01,4.094518125000000119e-01,4.216593205999999983e-01,4.202515482999999996e-01
4.094518125000000119e-01,4.080899060000000023e-01,4.202515482999999996e-01,4.188256263999999840e-01
4.080899060000000023e-01,4.066966473999999998e-01,4.188256263999999840e-01,4.173715115000000142e-01
4.066966473999999998e-01,4.052612185000000200e-01,4.173715115000000142e-01,4.158782362999999815e-01
4.052612185000000200e-01,4.037717283000000212e-01,4.158782362999999815e-01,4.143337905000000210e-01
4.037717283000000212e-01,4.022143185000000010e-01,4.143337905000000210e-01,4.127243459000000114e-01
4.022143185000000010e-01,4.005724489999999971e-01,4.127243459000000114e-01,4.110333621999999743e-01
4.005724489999999971e-01,3.988263905000000165e-01,4.110333621999999743e-01,4.092414080999999815e-01
3.988263905000000165e-01,3.969522715000000090e-01,4.092414080999999815e-01,4.073248506000000102e-01
3.969522715000000090e-01,3.949199616999999884e-01,4.073248506000000102e-01,4.052541256000000147e-01
3.949199616999999884e-01,3.926913738000000209e-01,4.052541256000000147e-01,4.029918015000000242e-01
3.926913738000000209e-01,3.902174532000000085e-01,4.029918015000000242e-01,4.004899560999999886e-01
3.902174532000000085e-01,3.874331116999999991e-01,4.004899560999999886e-01,3.976849914000000208e-01
3.874331116999999991e-01,3.843937217999999767e-01,3.976849914000000208e-01,3.946345747000000181e-01
3.843937217999999767e-01,3.811618387999999857e-01,3.946345747000000181e-01,3.914023041999999952e-01
3.811618387999999857e-01,3.777288198000000041e-01,3.914023041999999952e-01,3.879799843000000248e-01
3.777288198000000041e-01,3.740869761000000238e-01,3.879799843000000248e-01,3.843603133999999866e-01
3.740869761000000238e-01,3.702308833999999882e-01,3.843603133999999866e-01,3.805379569999999823e-01
3.702308833999999882e-01,3.661565781000000186e-01,3.805379569999999823e-01,3.765089511999999972e-01
3.661565781000000186e-01,3.618631362999999990e-01,3.765089511999999972e-01,3.722722231999999742e-01
3.618631362999999990e-01,3.573529124000000001e-01,3.722722231999999742e-01,3.678298593000000061e-01
3.573529124000000001e-01,3.526299595999999870e-01,3.678298593000000061e-01,3.631854950999999776e-01
3.526299595999999870e-01,3.477045596000000183e-01,3.631854950999999776e-01,3.583487570000000177e-01
3.477045596000000183e-01,3.425870537999999854e-01,3.583487570000000177e-01,3.533293306999999994e-01
3.425870537999999854e-01,3.372950852000000110e-01,3.533293306999999994e-01,3.481440245999999905e-01
3.372950852000000110e-01,3.318461180000000232e-01,3.481440245999999905e-01,3.428094387000000243e-01
3.318461180000000232e-01,3.262629806999999826e-01,3.428094387000000243e-01,3.373473882999999951e-01
3.262629806999999826e-01,3.205706775000000119e-01,3.373473882999999951e-01,3.317818343999999753e-01
3.205706775000000119e-01,3.147939146000000021e-01,3.317818343999999753e-01,3.261364697999999951e-01
3.147939146000000021e-01,3.089635074000000037e-01,3.261364697999999951e-01,3.204410075999999941e-01
3.089635074000000037e-01,3.031052947000000275e-01,3.204410075999999941e-01,3.147202432000000272e-01
3.031052947000000275e-01,2.972497045999999976e-01,3.147202432000000272e-01,3.090035915000000077e-01
2.972497045999999976e-01,2.914253175000000029e-01,3.090035915000000077e-01,3.033186197000000139e-01
2.914253175000000029e-01,2.856563628000000077e-01,3.033186197000000139e-01,2.976887523999999785e-01
2.856563628000000077e-01,2.799714506000000047e-01,2.976887523999999785e-01,2.921416460999999853e-01
2.799714506000000047e-01,2.743928729999999816e-01,2.921416460999999853e-01,2.866988777999999738e-01
2.743928729999999816e-01,2.689392864999999855e-01,2.866988777999999738e-01,2.813784480000000032e-01
2.689392864999999855e-01,2.636317908999999959e-01,2.813784480000000032e-01,2.762008905000000181e-01
2.636317908999999959e-01,2.584860026999999949e-01,2.762008905000000181e-01,2.711813151999999949e-01
2.584860026999999949e-01,2.535130977999999757e-01,2.711813151999999949e-01,2.663304805999999747e-01
2.535130977999999757e-01,2.487228959999999989e-01,2.663304805999999747e-01,2.616579533000000235e-01
2.487228959999999989e-01,2.441258877999999966e-01,2.616579533000000235e-01,2.571738957999999964e-01
2.441258877999999966e-01,2.397265731999999872e-01,2.571738957999999964e-01,2.528826892000000104e-01
2.397265731999999872e-01,2.355271577999999977e-01,2.528826892000000104e-01,2.487863898000000074e-01
2.355271577999999977e-01,2.315280885000000066e-01,2.487863898000000074e-01,2.448854893000000088e-01
4.314830600999999821e-01,4.285455644000000230e-01,4.465814233000000022e-01,4.431280792000000246e-01
4.285455644000000230e-01,4.258868396000000112e-01,4.431280792000000246e-01,4.400429428000000032e-01
4.258868396000000112e-01,4.234746099000000208e-01,4.400429428000000032e-01,4.372727275000000136e-01
4.234746099000000208e-01,4.212748706000000176e-01,4.372727275000000136e-01,4.347683488999999901e-01
4.212748706000000176e-01,4.192538559000000276e-01,4.347683488999999901e-01,4.324847162000000078e-01
4.192538559000000276e-01,4.173850714999999822e-01,4.324847162000000078e-01,4.303870498999999850e-01
4.173850714999999822e-01,4.156431854000000037e-01,4.303870498999999850e-01,4.284435213000000187e-01
4.156431854000000037e-01,4.140087961999999733e-01,4.284435213000000187e-01,4.266299306999999930e-01
4.140087961999999733e-01,4.124638735999999750e-01,4.266299306999999930e-01,4.249243140000000252e-01
4.124638735999999750e-01,4.109935163999999808e-01,4.249243140000000252e-01,4.233087598999999979e-01
4.109935163999999808e-01,4.095852077000000091e-01,4.233087598999999979e-01,4.217683673000000022e-01
4.095852077000000091e-01,4.082270861000000250e-01,4.217683673000000022e-01,4.202892482000000207e-01
4.082270861000000250e-01,4.069091081999999804e-01,4.202892482000000207e-01,4.188598096000000215e-01
4.069091081999999804e-01,4.056224822999999757e-01,4.188598096000000215e-01,4.174699186999999978e-01
4.056224822999999757e-01,4.043583273999999950e-01,4.174699186999999978e-01,4.161096215000000265e-01
4.043583273999999950e-01,4.031085669999999732e-01,4.161096215000000265e-01,4.147699475000000136e-01
4.031085669999999732e-01,4.018658102000000065e-01,4.147699475000000136e-01,4.134427607000000227e-01
4.018658102000000065e-01,4.006222486000000083e-01,4.134427607000000227e-01,4.121196269999999884e-01
4.006222486000000083e-01,3.993699551000000070e-01,4.121196269999999884e-01,4.107921421999999878e-01
3.993699551000000070e-01,3.981009423999999908e-01,4.107921421999999878e-01,4.094518125000000119e-01
3.981009423999999908e-01,3.968067466999999904e-01,4.094518125000000119e-01,4.080899060000000023e-01
3.968067466999999904e-01,3.954778313999999795e-01,4.080899060000000023e-01,4.066966473999999998e-01
3.954778313999999795e-01,3.941035867000000081e-01,4.066966473999999998e-01,4.052612185000000200e-01
3.941035867000000081e-01,3.926722407000000081e-01,4.052612185000000200e-01,4.037717283000000212e-01
3.926722407000000081e-01,3.911699056999999868e-01,4.037717283000000212e-01,4.022143185000000010e-01
3.911699056999999868e-01,3.895799816000000138e-01,4.022143185000000010e-01,4.005724489999999971e-01
3.895799816000000138e-01,3.878825902999999964e-01,4.005724489999999971e-01,3.988263905000000165e-01
3.878825902999999964e-01,3.860534429999999961e-01,3.988263905000000165e-01,3.969522715000000090e-01
3.860534429999999961e-01,3.840619325999999889e-01,3.969522715000000090e-01,3.949199616999999884e-01
3.840619325999999889e-01,3.818691372999999945e-01,3.949199616999999884e-01,3.926913738000000209e-01
3.818691372999999945e-01,3.794249593999999837e-01,3.926913738000000209e-01,3.902174532000000085e-01
3.794249593999999837e-01,3.766626715999999986e-01,3.902174532000000085e-01,3.874331116999999991e-01
3.766626715999999986e-01,3.736352622999999928e-01,3.874331116999999991e-01,3.843937217999999767e-01
3.736352622999999928e-01,3.704040945000000029e-01,3.843937217999999767e-01,3.811618387999999857e-01
3.704040945000000029e-01,3.669600189000000179e-01,3.811618387999999857e-01,3.777288198000000041e-01
3.669600189000000179e-01,3.632950783000000183e-01,3.777288198000000041e-01,3.740869761000000238e-01
3.632950783000000183e-01,3.594036996000000150e-01,3.740869761000000238e-01,3.702308833999999882e-01
3.594036996000000150e-01,3.552818298000000041e-01,3.702308833999999882e-01,3.661565781000000186e-01
3.552818298000000041e-01,3.509287535999999763e-01,3.661565781000000186e-01,3.618631362999999990e-01
3.509287535999999763e-01,3.463471234000000121e-01,3.618631362999999990e-01,3.573529124000000001e-01
3.463471234000000121e-01,3.415414690999999947e-01,3.573529124000000001e-01,3.526299595999999870e-01
3.415414690999999947e-01,3.365226686000000189e-01,3.526299595999999870e-01,3.477045596000000183e-01
3.365226686000000189e-01,3.313017488000000177e-01,3.477045596000000183e-01,3.425870537999999854e-01
3.313017488000000177e-01,3.258973062000000143e-01,3.425870537999999854e-01,3.372950852000000110e-01
3.258973062000000143e-01,3.203276991999999823e-01,3.372950852000000110e-01,3.318461180000000232e-01
3.203276991999999823e-01,3.146167993999999801e-01,3.318461180000000232e-01,3.262629806999999826e-01
3.146167993999999801e-01,3.087907134999999803e-01,3.262629806999999826e-01,3.205706775000000119e-01
3.087907134999999803e-01,3.028752208000000112e-01,3.205706775000000119e-01,3.147939146000000021e-01
3.028752208000000112e-01,2.969023585000000187e-01,3.147939146000000021e-01,3.089635074000000037e-01
2.969023585000000187e-01,2.908989786999999771e-01,3.089635074000000037e-01,3.031052947000000275e-01
2.908989786999999771e-01,2.848966122000000101e-01,3.031052947000000275e-01,2.972497045999999976e-01
2.848966122000000101e-01,2.789249121999999859e-01,2.972497045999999976e-01,2.914253175000000029e-01
2.789249121999999859e-01,2.730090319999999848e-01,2.914253175000000029e-01,2.856563628000000077e-01
2.730090319999999848e-01,2.671784758999999898e-01,2.856563628000000077e-01,2.799714506000000047e-01
2.671784758999999898e-01,2.614563704000000266e-01,2.799714506000000047e-01,2.743928729999999816e-01
2.614563704000000266e-01,2.558619976000000018e-01,2.743928729999999816e-01,2.689392864999999855e-01
2.558619976000000018e-01,2.504171431000000170e-01,2.689392864999999855e-01,2.636317908999999959e-01
2.504171431000000170e-01,2.451379746000000026e-01,2.636317908999999959e-01,2.584860026999999949e-01
2.451379746000000026e-01,2.400359809000000011e-01,2.584860026999999949e-01,2.535130977999999757e-01
2.400359809000000011e-01,2.351213544999999905e-01,2.535130977999999757e-01,2.487228959999999989e-01
2.351213544999999905e-01,2.304048985000000105e-01,2.487228959999999989e-01,2.441258877999999966e-01
2.304048985000000105e-01,2.258912771999999902e-01,2.441258877999999966e-01,2.397265731999999872e-01
2.258912771999999902e-01,2.215827851999999931e-01,2.397265731999999872e-01,2.355271577999999977e-01
2.215827851999999931e-01,2.174799144000000017e-01,2.355271577999999977e-01,2.315280885000000066e-01
4.155859648999999933e-01,4.131925106000000070e-01,4.314830600999999821e-01,4.285455644000000230e-01
4.131925106000000070e-01,4.109836221000000012e-01,4.285455644000000230e-01,4.258868396000000112e-01
4.109836221000000012e-01,4.089490771000000024e-01,4.258868396000000112e-01,4.234746099000000208e-01
4.089490771000000024e-01,4.070708156000000244e-01,4.234746099000000208e-01,4.212748706000000176e-01
4.070708156000000244e-01,4.053269624999999987e-01,4.212748706000000176e-01,4.192538559000000276e-01
4.053269624999999987e-01,4.036998451000000099e-01,4.192538559000000276e-01,4.173850714999999822e-01
4.036998451000000099e-01,4.021708071000000273e-01,4.173850714999999822e-01,4.156431854000000037e-01
4.021708071000000273e-01,4.007256626999999849e-01,4.156431854000000037e-01,4.140087961999999733e-01
4.007256626999999849e-01,3.993504345000000177e-01,4.140087961999999733e-01,4.124638735999999750e-01
3.993504345000000177e-01,3.980333804999999781e-01,4.124638735999999750e-01,4.109935163999999808e-01
3.980333804999999781e-01,3.967646360000000039e-01,4.109935163999999808e-01,4.095852077000000091e-01
3.967646360000000039e-01,3.955343068000000128e-01,4.095852077000000091e-01,4.082270861000000250e-01
3.955343068000000128e-01,3.943341374000000066e-01,4.082270861000000250e-01,4.069091081999999804e-01
3.943341374000000066e-01,3.931566179000000050e-01,4.069091081999999804e-01,4.056224822999999757e-01
3.931566179000000050e-01,3.919940591000000141e-01,4.056224822999999757e-01,4.043583273999999950e-01
3.919940591000000141e-01,3.908393383000000054e-01,4.043583273999999950e-01,4.031085669999999732e-01
3.908393383000000054e-01,3.896858394000000114e-01,4.031085669999999732e-01,4.018658102000000065e-01
3.896858394000000114e-01,3.885263801000000128e-01,4.018658102000000065e-01,4.006222486000000083e-01
3.885263801000000128e-01,3.873536586999999920e-01,4.006222486000000083e-01,3.993699551000000070e-01
3.873536586999999920e-01,3.861600161000000031e-01,3.993699551000000070e-01,3.981009423999999908e-01
3.861600161000000031e-01,3.849374056000000044e-01,3.981009423999999908e-01,3.968067466999999904e-01
3.849374056000000044e-01,3.836765885000000265e-01,3.968067466999999904e-01,3.954778313999999795e-01
3.836765885000000265e-01,3.823671042999999825e-01,3.954778313999999795e-01,3.941035867000000081e-01
3.823671042999999825e-01,3.809973000999999915e-01,3.941035867000000081e-01,3.926722407000000081e-01
3.809973000999999915e-01,3.795532882000000052e-01,3.926722407000000081e-01,3.911699056999999868e-01
3.795532882000000052e-01,3.780184089999999997e-01,3.911699056999999868e-01,3.895799816000000138e-01
3.780184089999999997e-01,3.763725459999999745e-01,3.895799816000000138e-01,3.878825902999999964e-01
3.763725459999999745e-01,3.745911121000000121e-01,3.878825902999999964e-01,3.860534429999999961e-01
3.745911121000000121e-01,3.726428747000000152e-01,3.860534429999999961e-01,3.840619325999999889e-01
3.726428747000000152e-01,3.704881369999999952e-01,3.840619325999999889e-01,3.818691372999999945e-01
3.704881369999999952e-01,3.680756091999999868e-01,3.818691372999999945e-01,3.794249593999999837e-01
3.680756091999999868e-01,3.653368652000000272e-01,3.794249593999999837e-01,3.766626715999999986e-01
3.653368652000000272e-01,3.623223602999999793e-01,3.766626715999999986e-01,3.736352622999999928e-01
3.623223602999999793e-01,3.590922058000000083e-01,3.736352622999999928e-01,3.704040945000000029e-01
3.590922058000000083e-01,3.556367456999999788e-01,3.704040945000000029e-01,3.669600189000000179e-01
3.556367456999999788e-01,3.519476651999999817e-01,3.669600189000000179e-01,3.632950783000000183e-01
3.519476651999999817e-01,3.480192422999999757e-01,3.632950783000000183e-01,3.594036996000000150e-01
3.480192422999999757e-01,3.438473642000000052e-01,3.594036996000000150e-01,3.552818298000000041e-01
3.438473642000000052e-01,3.394314944999999861e-01,3.552818298000000041e-01,3.509287535999999763e-01
3.394314944999999861e-01,3.347746133999999762e-01,3.509287535999999763e-01,3.463471234000000121e-01
3.347746133999999762e-01,3.298816978999999927e-01,3.463471234000000121e-01,3.415414690999999947e-01
3.298816978999999927e-01,3.247643411000000202e-01,3.415414690999999947e-01,3.365226686000000189e-01
3.247643411000000202e-01,3.194342852000000010e-01,3.365226686000000189e-01,3.313017488000000177e-01
3.194342852000000010e-01,3.139110803999999866e-01,3.313017488000000177e-01,3.258973062000000143e-01
3.139110803999999866e-01,3.082140683999999853e-01,3.258973062000000143e-01,3.203276991999999823e-01
3.082140683999999853e-01,3.023681939000000263e-01,3.203276991999999823e-01,3.146167993999999801e-01
3.023681939000000263e-01,2.964007556000000099e-01,3.146167993999999801e-01,3.087907134999999803e-01
2.964007556000000099e-01,2.903386353999999892e-01,3.087907134999999803e-01,3.028752208000000112e-01
2.903386353999999892e-01,2.842151821000000189e-01,3.028752208000000112e-01,2.969023585000000187e-01
2.842151821000000189e-01,2.780582905000000271e-01,2.969023585000000187e-01,2.908989786999999771e-01
2.780582905000000271e-01,2.719007432000000168e-01,2.908989786999999771e-01,2.848966122000000101e-01
2.719007432000000168e-01,2.657732666000000021e-01,2.848966122000000101e-01,2.789249121999999859e-01
2.657732666000000021e-01,2.597019374000000269e-01,2.789249121999999859e-01,2.730090319999999848e-01
2.597019374000000269e-01,2.537173330999999976e-01,2.730090319999999848e-01,2.671784758999999898e-01
2.537173330999999976e-01,2.478433697999999907e-01,2.671784758999999898e-01,2.614563704000000266e-01
2.478433697999999907e-01,2.421000302000000104e-01,2.614563704000000266e-01,2.558619976000000018e-01
2.421000302000000104e-01,2.365098297999999877e-01,2.558619976000000018e-01,2.504171431000000170e-01
2.365098297999999877e-01,2.310894578999999893e-01,2.504171431000000170e-01,2.451379746000000026e-01
2.310894578999999893e-01,2.258508502999999890e-01,2.451379746000000026e-01,2.400359809000000011e-01
2.258508502999999890e-01,2.208045274000000058e-01,2.400359809000000011e-01,2.351213544999999905e-01
2.208045274000000058e-01,2.159616350999999934e-01,2.351213544999999905e-01,2.304048985000000105e-01
2.159616350999999934e-01,2.113270164000000118e-01,2.304048985000000105e-01,2.258912771999999902e-01
2.113270164000000118e-01,2.069030255000000040e-01,2.258912771999999902e-01,2.215827851999999931e-01
2.069030255000000040e-01,2.026902586000000062e-01,2.215827851999999931e-01,2.174799144000000017e-01
3.988366722999999725e-01,3.970172703000000025e-01,4.155859648999999933e-01,4.131925106000000070e-01
3.970172703000000025e-01,3.952831327999999922e-01,4.131925106000000070e-01,4.109836221000000012e-01
3.952831327999999922e-01,3.936472236999999930e-01,4.109836221000000012e-01,4.089490771000000024e-01
3.936472236999999930e-01,3.921083807999999893e-01,4.089490771000000024e-01,4.070708156000000244e-01
3.921083807999999893e-01,3.906572162999999986e-01,4.070708156000000244e-01,4.053269624999999987e-01
3.906572162999999986e-01,3.892852365999999731e-01,4.053269624999999987e-01,4.036998451000000099e-01
3.892852365999999731e-01,3.879810571999999791e-01,4.036998451000000099e-01,4.021708071000000273e-01
3.879810571999999791e-01,3.867357968999999840e-01,4.021708071000000273e-01,4.007256626999999849e-01
3.867357968999999840e-01,3.855398297000000030e-01,4.007256626999999849e-01,3.993504345000000177e-01
3.855398297000000030e-01,3.843848108999999846e-01,3.993504345000000177e-01,3.980333804999999781e-01
3.843848108999999846e-01,3.832634686999999984e-01,3.980333804999999781e-01,3.967646360000000039e-01
3.832634686999999984e-01,3.821682334000000014e-01,3.967646360000000039e-01,3.955343068000000128e-01
3.821682334000000014e-01,3.810925484000000085e-01,3.955343068000000128e-01,3.943341374000000066e-01
3.810925484000000085e-01,3.800303340000000252e-01,3.943341374000000066e-01,3.931566179000000050e-01
3.800303340000000252e-01,3.789751827999999767e-01,3.931566179000000050e-01,3.919940591000000141e-01
3.789751827999999767e-01,3.779209256000000128e-01,3.919940591000000141e-01,3.908393383000000054e-01
3.779209256000000128e-01,3.768617510999999753e-01,3.908393383000000054e-01,3.896858394000000114e-01
3.768617510999999753e-01,3.757912516999999952e-01,3.896858394000000114e-01,3.885263801000000128e-01
3.757912516999999952e-01,3.747026324000000130e-01,3.885263801000000128e-01,3.873536586999999920e-01
3.747026324000000130e-01,3.735887407999999854e-01,3.873536586999999920e-01,3.861600161000000031e-01
3.735887407999999854e-01,3.724418581000000228e-01,3.861600161000000031e-01,3.849374056000000044e-01
3.724418581000000228e-01,3.712530433999999824e-01,3.849374056000000044e-01,3.836765885000000265e-01
3.712530433999999824e-01,3.700120747000000265e-01,3.836765885000000265e-01,3.823671042999999825e-01
3.700120747000000265e-01,3.687073886000000189e-01,3.823671042999999825e-01,3.809973000999999915e-01
3.687073886000000189e-01,3.673251270999999818e-01,3.809973000999999915e-01,3.795532882000000052e-01
3.673251270999999818e-01,3.658485114999999732e-01,3.795532882000000052e-01,3.780184089999999997e-01
3.658485114999999732e-01,3.642572463000000038e-01,3.780184089999999997e-01,3.763725459999999745e-01
3.642572463000000038e-01,3.625263274000000147e-01,3.763725459999999745e-01,3.745911121000000121e-01
3.625263274000000147e-01,3.606239556999999984e-01,3.745911121000000121e-01,3.726428747000000152e-01
3.606239556999999984e-01,3.585095406000000096e-01,3.726428747000000152e-01,3.704881369999999952e-01
3.585095406000000096e-01,3.561306000000000194e-01,3.704881369999999952e-01,3.680756091999999868e-01
3.561306000000000194e-01,3.534169196999999984e-01,3.680756091999999868e-01,3.653368652000000272e-01
3.534169196999999984e-01,3.504162431000000244e-01,3.653368652000000272e-01,3.623223602999999793e-01
3.504162431000000244e-01,3.471872806999999894e-01,3.623223602999999793e-01,3.590922058000000083e-01
3.471872806999999894e-01,3.437199295000000210e-01,3.590922058000000083e-01,3.556367456999999788e-01
3.437199295000000210e-01,3.400054573999999885e-01,3.556367456999999788e-01,3.519476651999999817e-01
3.400054573999999885e-01,3.360379635999999892e-01,3.519476651999999817e-01,3.480192422999999757e-01
3.360379635999999892e-01,3.318133055999999970e-01,3.480192422999999757e-01,3.438473642000000052e-01
3.318133055999999970e-01,3.273311257000000030e-01,3.438473642000000052e-01,3.394314944999999861e-01
3.273311257000000030e-01,3.225947319999999952e-01,3.394314944999999861e-01,3.347746133999999762e-01
3.225947319999999952e-01,3.176096082000000043e-01,3.347746133999999762e-01,3.298816978999999927e-01
3.176096082000000043e-01,3.123880625000000077e-01,3.298816978999999927e-01,3.247643411000000202e-01
3.123880625000000077e-01,3.069425821000000276e-01,3.247643411000000202e-01,3.194342852000000010e-01
3.069425821000000276e-01,3.012937306999999842e-01,3.194342852000000010e-01,3.139110803999999866e-01
3.012937306999999842e-01,2.954618930999999837e-01,3.139110803999999866e-01,3.082140683999999853e-01
2.954618930999999837e-01,2.894731759999999987e-01,3.082140683999999853e-01,3.023681939000000263e-01
2.894731759999999987e-01,2.833561003000000245e-01,3.023681939000000263e-01,2.964007556000000099e-01
2.833561003000000245e-01,2.771387397999999780e-01,2.964007556000000099e-01,2.903386353999999892e-01
2.771387397999999780e-01,2.708557844000000214e-01,2.903386353999999892e-01,2.842151821000000189e-01
2.708557844000000214e-01,2.645363510000000029e-01,2.842151821000000189e-01,2.780582905000000271e-01
2.645363510000000029e-01,2.582144438999999791e-01,2.780582905000000271e-01,2.719007432000000168e-01
2.582144438999999791e-01,2.519219220000000203e-01,2.719007432000000168e-01,2.657732666000000021e-01
2.519219220000000203e-01,2.456859647999999896e-01,2.657732666000000021e-01,2.597019374000000269e-01
2.456859647999999896e-01,2.395381330999999947e-01,2.597019374000000269e-01,2.537173330999999976e-01
2.395381330999999947e-01,2.335032522999999915e-01,2.537173330999999976e-01,2.478433697999999907e-01
2.335032522999999915e-01,2.276020645999999870e-01,2.478433697999999907e-01,2.421000302000000104e-01
2.276020645999999870e-01,2.218578308999999971e-01,2.421000302000000104e-01,2.365098297999999877e-01
2.218578308999999971e-01,2.162878215000000048e-01,2.365098297999999877e-01,2.310894578999999893e-01
2.162878215000000048e-01,2.109044193999999872e-01,2.310894578999999893e-01,2.258508502999999890e-01
2.109044193999999872e-01,2.057185024000000029e-01,2.258508502999999890e-01,2.208045274000000058e-01
2.057185024000000029e-01,2.007415891000000063e-01,2.208045274000000058e-01,2.159616350999999934e-01
2.007415891000000063e-01,1.959786862000000018e-01,2.159616350999999934e-01,2.113270164000000118e-01
1.959786862000000018e-01,1.914322823000000062e-01,2.113270164000000118e-01,2.069030255000000040e-01
1.914322823000000062e-01,1.871029734999999916e-01,2.069030255000000040e-01,2.026902586000000062e-01
3.811768889000000105e-01,3.799636066000000034e-01,3.988366722999999725e-01,3.970172703000000025e-01
3.799636066000000034e-01,3.787308632999999980e-01,3.970172703000000025e-01,3.952831327999999922e-01
3.787308632999999980e-01,3.775160908999999898e-01,3.952831327999999922e-01,3.936472236999999930e-01
3.775160908999999898e-01,3.763357996999999733e-01,3.936472236999999930e-01,3.921083807999999893e-01
3.763357996999999733e-01,3.751939236999999872e-01,3.921083807999999893e-01,3.906572162999999986e-01
3.751939236999999872e-01,3.740915953999999766e-01,3.906572162999999986e-01,3.892852365999999731e-01
3.740915953999999766e-01,3.730250001000000037e-01,3.892852365999999731e-01,3.879810571999999791e-01
3.730250001000000037e-01,3.719910383000000209e-01,3.879810571999999791e-01,3.867357968999999840e-01
3.719910383000000209e-01,3.709845542999999912e-01,3.867357968999999840e-01,3.855398297000000030e-01
3.709845542999999912e-01,3.700007795999999960e-01,3.855398297000000030e-01,3.843848108999999846e-01
3.700007795999999960e-01,3.690353333999999985e-01,3.843848108999999846e-01,3.832634686999999984e-01
3.690353333999999985e-01,3.680828809999999729e-01,3.832634686999999984e-01,3.821682334000000014e-01
3.680828809999999729e-01,3.671388030000000136e-01,3.821682334000000014e-01,3.810925484000000085e-01
3.671388030000000136e-01,3.661985099000000243e-01,3.810925484000000085e-01,3.800303340000000252e-01
3.661985099000000243e-01,3.652569353999999824e-01,3.800303340000000252e-01,3.789751827999999767e-01
3.652569353999999824e-01,3.643089533000000158e-01,3.789751827999999767e-01,3.779209256000000128e-01
3.643089533000000158e-01,3.633495568999999814e-01,3.779209256000000128e-01,3.768617510999999753e-01
3.633495568999999814e-01,3.623731433999999862e-01,3.768617510999999753e-01,3.757912516999999952e-01
3.623731433999999862e-01,3.613734840999999753e-01,3.757912516999999952e-01,3.747026324000000130e-01
3.613734840999999753e-01,3.603439331000000134e-01,3.747026324000000130e-01,3.735887407999999854e-01
3.603439331000000134e-01,3.592771887999999803e-01,3.735887407999999854e-01,3.724418581000000228e-01
3.592771887999999803e-01,3.581645488999999905e-01,3.724418581000000228e-01,3.712530433999999824e-01
3.581645488999999905e-01,3.569960891999999775e-01,3.712530433999999824e-01,3.700120747000000265e-01
3.569960891999999775e-01,3.557603060999999789e-01,3.700120747000000265e-01,3.687073886000000189e-01
3.557603060999999789e-01,3.544433712999999764e-01,3.687073886000000189e-01,3.673251270999999818e-01
3.544433712999999764e-01,3.530284463999999733e-01,3.673251270999999818e-01,3.658485114999999732e-01
3.530284463999999733e-01,3.514949380999999873e-01,3.658485114999999732e-01,3.642572463000000038e-01
3.514949380999999873e-01,3.498174846000000060e-01,3.642572463000000038e-01,3.625263274000000147e-01
3.498174846000000060e-01,3.479637206000000260e-01,3.625263274000000147e-01,3.606239556999999984e-01
3.479637206000000260e-01,3.458920419000000024e-01,3.606239556999999984e-01,3.585095406000000096e-01
3.458920419000000024e-01,3.435487151000000128e-01,3.585095406000000096e-01,3.561306000000000194e-01
3.435487151000000128e-01,3.408615886999999955e-01,3.561306000000000194e-01,3.534169196999999984e-01
3.408615886999999955e-01,3.378755748000000225e-01,3.534169196999999984e-01,3.504162431000000244e-01
3.378755748000000225e-01,3.346479833000000070e-01,3.504162431000000244e-01,3.471872806999999894e-01
3.346479833000000070e-01,3.311680853000000258e-01,3.471872806999999894e-01,3.437199295000000210e-01
3.311680853000000258e-01,3.274267912000000114e-01,3.437199295000000210e-01,3.400054573999999885e-01
3.274267912000000114e-01,3.234179616000000257e-01,3.400054573999999885e-01,3.360379635999999892e-01
3.234179616000000257e-01,3.191374838000000103e-01,3.360379635999999892e-01,3.318133055999999970e-01
3.191374838000000103e-01,3.145851195000000100e-01,3.318133055999999970e-01,3.273311257000000030e-01
3.145851195000000100e-01,3.097645341999999968e-01,3.273311257000000030e-01,3.225947319999999952e-01
3.097645341999999968e-01,3.046817481999999910e-01,3.225947319999999952e-01,3.176096082000000043e-01
3.046817481999999910e-01,2.993498146999999943e-01,3.176096082000000043e-01,3.123880625000000077e-01
2.993498146999999943e-01,2.937820255999999963e-01,3.123880625000000077e-01,3.069425821000000276e-01
2.937820255999999963e-01,2.880000770000000210e-01,3.069425821000000276e-01,3.012937306999999842e-01
2.880000770000000210e-01,2.820253372000000036e-01,3.012937306999999842e-01,2.954618930999999837e-01
2.820253372000000036e-01,2.758852243000000093e-01,2.954618930999999837e-01,2.894731759999999987e-01
2.758852243000000093e-01,2.696095406999999833e-01,2.894731759999999987e-01,2.833561003000000245e-01
2.696095406999999833e-01,2.632276416000000063e-01,2.833561003000000245e-01,2.771387397999999780e-01
2.632276416000000063e-01,2.567756176000000057e-01,2.771387397999999780e-01,2.708557844000000214e-01
2.567756176000000057e-01,2.502838372999999783e-01,2.708557844000000214e-01,2.645363510000000029e-01
2.502838372999999783e-01,2.437876164999999984e-01,2.645363510000000029e-01,2.582144438999999791e-01
2.437876164999999984e-01,2.373200803999999942e-01,2.582144438999999791e-01,2.519219220000000203e-01
2.373200803999999942e-01,2.309094815999999939e-01,2.519219220000000203e-01,2.456859647999999896e-01
2.309094815999999939e-01,2.245885133999999950e-01,2.456859647999999896e-01,2.395381330999999947e-01
2.245885133999999950e-01,2.183829397000000005e-01,2.395381330999999947e-01,2.335032522999999915e-01
2.183829397000000005e-01,2.123142927999999985e-01,2.335032522999999915e-01,2.276020645999999870e-01
2.123142927999999985e-01,2.064066380000000034e-01,2.276020645999999870e-01,2.218578308999999971e-01
2.064066380000000034e-01,2.006778717000000101e-01,2.218578308999999971e-01,2.162878215000000048e-01
2.006778717000000101e-01,1.951408088000000096e-01,2.162878215000000048e-01,2.109044193999999872e-01
1.951408088000000096e-01,1.898067743000000085e-01,2.109044193999999872e-01,2.057185024000000029e-01
1.898067743000000085e-01,1.846876292999999891e-01,2.057185024000000029e-01,2.007415891000000063e-01
1.846876292999999891e-01,1.797886043999999961e-01,2.007415891000000063e-01,1.959786862000000018e-01
1.797886043999999961e-01,1.751122773000000077e-01,1.959786862000000018e-01,1.914322823000000062e-01
1.751122773000000077e-01,1.706593185999999984e-01,1.914322823000000062e-01,1.871029734999999916e-01
3.625499904000000218e-01,3.619769216000000012e-01,3.811768889000000105e-01,3.799636066000000034e-01
3.619769216000000012e-01,3.612738848000000003e-01,3.799636066000000034e-01,3.787308632999999980e-01
3.612738848000000003e-01,3.605040609999999868e-01,3.787308632999999980e-01,3.775160908999999898e-01
3.605040609999999868e-01,3.597026764999999848e-01,3.775160908999999898e-01,3.763357996999999733e-01
3.597026764999999848e-01,3.588876127999999777e-01,3.763357996999999733e-01,3.751939236999999872e-01
3.588876127999999777e-01,3.580702841000000247e-01,3.751939236999999872e-01,3.740915953999999766e-01
3.580702841000000247e-01,3.572548925999999847e-01,3.740915953999999766e-01,3.730250001000000037e-01
3.572548925999999847e-01,3.564442395999999902e-01,3.730250001000000037e-01,3.719910383000000209e-01
3.564442395999999902e-01,3.556380570000000074e-01,3.719910383000000209e-01,3.709845542999999912e-01
3.556380570000000074e-01,3.548353611999999768e-01,3.709845542999999912e-01,3.700007795999999960e-01
3.548353611999999768e-01,3.540346919999999842e-01,3.700007795999999960e-01,3.690353333999999985e-01
3.540346919999999842e-01,3.532332479999999997e-01,3.690353333999999985e-01,3.680828809999999729e-01
3.532332479999999997e-01,3.524283170999999992e-01,3.680828809999999729e-01,3.671388030000000136e-01
3.524283170999999992e-01,3.516169786000000186e-01,3.671388030000000136e-01,3.661985099000000243e-01
3.516169786000000186e-01,3.507954776000000163e-01,3.661985099000000243e-01,3.652569353999999824e-01
3.507954776000000163e-01,3.499598502999999861e-01,3.652569353999999824e-01,3.643089533000000158e-01
3.499598502999999861e-01,3.491059839999999803e-01,3.643089533000000158e-01,3.633495568999999814e-01
3.491059839999999803e-01,3.482290505999999786e-01,3.633495568999999814e-01,3.623731433999999862e-01
3.482290505999999786e-01,3.473234474999999932e-01,3.623731433999999862e-01,3.613734840999999753e-01
3.473234474999999932e-01,3.463831245999999808e-01,3.613734840999999753e-01,3.603439331000000134e-01
3.463831245999999808e-01,3.454010785000000139e-01,3.603439331000000134e-01,3.592771887999999803e-01
3.454010785000000139e-01,3.443690537999999912e-01,3.592771887999999803e-01,3.581645488999999905e-01
3.443690537999999912e-01,3.432772458000000193e-01,3.581645488999999905e-01,3.569960891999999775e-01
3.432772458000000193e-01,3.421143293000000196e-01,3.569960891999999775e-01,3.557603060999999789e-01
3.421143293000000196e-01,3.408665061000000218e-01,3.557603060999999789e-01,3.544433712999999764e-01
3.408665061000000218e-01,3.395167887000000162e-01,3.544433712999999764e-01,3.530284463999999733e-01
3.395167887000000162e-01,3.380444049999999923e-01,3.530284463999999733e-01,3.514949380999999873e-01
3.380444049999999923e-01,3.364235163000000028e-01,3.514949380999999873e-01,3.498174846000000060e-01
3.364235163000000028e-01,3.346211016000000260e-01,3.498174846000000060e-01,3.479637206000000260e-01
3.346211016000000260e-01,3.325946330999999812e-01,3.479637206000000260e-01,3.458920419000000024e-01
3.325946330999999812e-01,3.302889167999999986e-01,3.458920419000000024e-01,3.435487151000000128e-01
3.302889167999999986e-01,3.276298642000000094e-01,3.435487151000000128e-01,3.408615886999999955e-01
3.276298642000000094e-01,3.246593177000000052e-01,3.408615886999999955e-01,3.378755748000000225e-01
3.246593177000000052e-01,3.214330375000000184e-01,3.378755748000000225e-01,3.346479833000000070e-01
3.214330375000000184e-01,3.179397881000000092e-01,3.346479833000000070e-01,3.311680853000000258e-01
3.179397881000000092e-01,3.141699730999999995e-01,3.311680853000000258e-01,3.274267912000000114e-01
3.141699730999999995e-01,3.101172744999999842e-01,3.274267912000000114e-01,3.234179616000000257e-01
3.101172744999999842e-01,3.057774900999999934e-01,3.234179616000000257e-01,3.191374838000000103e-01
3.057774900999999934e-01,3.011506199999999800e-01,3.191374838000000103e-01,3.145851195000000100e-01
3.011506199999999800e-01,2.962406873999999801e-01,3.145851195000000100e-01,3.097645341999999968e-01
2.962406873999999801e-01,2.910542785999999937e-01,3.097645341999999968e-01,3.046817481999999910e-01
2.910542785999999937e-01,2.856051624000000011e-01,3.046817481999999910e-01,2.993498146999999943e-01
2.856051624000000011e-01,2.799076437999999944e-01,2.993498146999999943e-01,2.937820255999999963e-01
2.799076437999999944e-01,2.739843726000000257e-01,2.937820255999999963e-01,2.880000770000000210e-01
2.739843726000000257e-01,2.678579985999999802e-01,2.880000770000000210e-01,2.820253372000000036e-01
2.678579985999999802e-01,2.615571916000000163e-01,2.820253372000000036e-01,2.758852243000000093e-01
2.615571916000000163e-01,2.551131247999999796e-01,2.758852243000000093e-01,2.696095406999999833e-01
2.551131247999999796e-01,2.485565543000000099e-01,2.696095406999999833e-01,2.632276416000000063e-01
2.485565543000000099e-01,2.419250309000000043e-01,2.632276416000000063e-01,2.567756176000000057e-01
2.419250309000000043e-01,2.352502345999999966e-01,2.567756176000000057e-01,2.502838372999999783e-01
2.352502345999999966e-01,2.285689562999999869e-01,2.502838372999999783e-01,2.437876164999999984e-01
2.285689562999999869e-01,2.219156026999999920e-01,2.437876164999999984e-01,2.373200803999999942e-01
2.219156026999999920e-01,2.153195441000000099e-01,2.373200803999999942e-01,2.309094815999999939e-01
2.153195441000000099e-01,2.088147103999999921e-01,2.309094815999999939e-01,2.245885133999999950e-01
2.088147103999999921e-01,2.024278790000000050e-01,2.245885133999999950e-01,2.183829397000000005e-01
2.024278790000000050e-01,1.961813718000000040e-01,2.183829397000000005e-01,2.123142927999999985e-01
1.961813718000000040e-01,1.901001482999999936e-01,2.123142927999999985e-01,2.064066380000000034e-01
1.901001482999999936e-01,1.842027307000000114e-01,2.064066380000000034e-01,2.006778717000000101e-01
1.842027307000000114e-01,1.785024852000000051e-01,2.006778717000000101e-01,1.951408088000000096e-01
1.785024852000000051e-01,1.730110943000000012e-01,1.951408088000000096e-01,1.898067743000000085e-01
1.730110943000000012e-01,1.677408665000000021e-01,1.898067743000000085e-01,1.846876292999999891e-01
1.677408665000000021e-01,1.626972258000000116e-01,1.846876292999999891e-01,1.797886043999999961e-01
1.626972258000000116e-01,1.578828691999999978e-01,1.797886043999999961e-01,1.751122773000000077e-01
1.578828691999999978e-01,1.532985269999999900e-01,1.751122773000000077e-01,1.706593185999999984e-01
3.428945243000000032e-01,3.429979383999999798e-01,3.625499904000000218e-01,3.619769216000000012e-01
3.429979383999999798e-01,3.428546786000000179e-01,3.619769216000000012e-01,3.612738848000000003e-01
3.428546786000000179e-01,3.425551354999999965e-01,3.612738848000000003e-01,3.605040609999999868e-01
3.425551354999999965e-01,3.421543241000000179e-01,3.605040609999999868e-01,3.597026764999999848e-01
3.421543241000000179e-01,3.416847586999999797e-01,3.597026764999999848e-01,3.588876127999999777e-01
3.416847586999999797e-01,3.411687613000000119e-01,3.588876127999999777e-01,3.580702841000000247e-01
3.411687613000000119e-01,3.406189083999999756e-01,3.580702841000000247e-01,3.572548925999999847e-01
3.406189083999999756e-01,3.400443792000000243e-01,3.572548925999999847e-01,3.564442395999999902e-01
3.400443792000000243e-01,3.394500017000000036e-01,3.564442395999999902e-01,3.556380570000000074e-01
3.394500017000000036e-01,3.388387858999999946e-01,3.556380570000000074e-01,3.548353611999999768e-01
3.388387858999999946e-01,3.382123410999999802e-01,3.548353611999999768e-01,3.540346919999999842e-01
3.382123410999999802e-01,3.375705480999999786e-01,3.540346919999999842e-01,3.532332479999999997e-01
3.375705480999999786e-01,3.369127512000000269e-01,3.532332479999999997e-01,3.524283170999999992e-01
3.369127512000000269e-01,3.362377583999999753e-01,3.524283170999999992e-01,3.516169786000000186e-01
3.362377583999999753e-01,3.355432450999999983e-01,3.516169786000000186e-01,3.507954776000000163e-01
3.355432450999999983e-01,3.348264098000000022e-01,3.507954776000000163e-01,3.499598502999999861e-01
3.348264098000000022e-01,3.340841532000000114e-01,3.499598502999999861e-01,3.491059839999999803e-01
3.340841532000000114e-01,3.333123921999999739e-01,3.491059839999999803e-01,3.482290505999999786e-01
3.333123921999999739e-01,3.325062691999999820e-01,3.482290505999999786e-01,3.473234474999999932e-01
3.325062691999999820e-01,3.316602409000000140e-01,3.473234474999999932e-01,3.463831245999999808e-01
3.316602409000000140e-01,3.307678103000000203e-01,3.463831245999999808e-01,3.454010785000000139e-01
3.307678103000000203e-01,3.298209608000000070e-01,3.454010785000000139e-01,3.443690537999999912e-01
3.298209608000000070e-01,3.288101851999999936e-01,3.443690537999999912e-01,3.432772458000000193e-01
3.288101851999999936e-01,3.277243078000000032e-01,3.432772458000000193e-01,3.421143293000000196e-01
3.277243078000000032e-01,3.265495002000000091e-01,3.421143293000000196e-01,3.408665061000000218e-01
3.265495002000000091e-01,3.252687155999999802e-01,3.408665061000000218e-01,3.395167887000000162e-01
3.252687155999999802e-01,3.238608836999999907e-01,3.395167887000000162e-01,3.380444049999999923e-01
3.238608836999999907e-01,3.222997486999999994e-01,3.380444049999999923e-01,3.364235163000000028e-01
3.222997486999999994e-01,3.205515443999999992e-01,3.364235163000000028e-01,3.346211016000000260e-01
3.205515443999999992e-01,3.185727298000000096e-01,3.346211016000000260e-01,3.325946330999999812e-01
3.185727298000000096e-01,3.163066506000000166e-01,3.325946330999999812e-01,3.302889167999999986e-01
3.163066506000000166e-01,3.136771320999999779e-01,3.302889167999999986e-01,3.276298642000000094e-01
3.136771320999999779e-01,3.107227087000000165e-01,3.276298642000000094e-01,3.246593177000000052e-01
3.107227087000000165e-01,3.074976206000000212e-01,3.246593177000000052e-01,3.214330375000000184e-01
3.074976206000000212e-01,3.039898871999999752e-01,3.214330375000000184e-01,3.179397881000000092e-01
3.039898871999999752e-01,3.001895844999999952e-01,3.179397881000000092e-01,3.141699730999999995e-01
3.001895844999999952e-01,2.960900664000000182e-01,3.141699730999999995e-01,3.101172744999999842e-01
2.960900664000000182e-01,2.916871308999999801e-01,3.101172744999999842e-01,3.057774900999999934e-01
2.916871308999999801e-01,2.869809269999999968e-01,3.057774900999999934e-01,3.011506199999999800e-01
2.869809269999999968e-01,2.819759547999999838e-01,3.011506199999999800e-01,2.962406873999999801e-01
2.819759547999999838e-01,2.766793072000000020e-01,2.962406873999999801e-01,2.910542785999999937e-01
2.766793072000000020e-01,2.711056172999999903e-01,2.910542785999999937e-01,2.856051624000000011e-01
2.711056172999999903e-01,2.652700841000000254e-01,2.856051624000000011e-01,2.799076437999999944e-01
2.652700841000000254e-01,2.591966092999999915e-01,2.799076437999999944e-01,2.739843726000000257e-01
2.591966092999999915e-01,2.529090046999999952e-01,2.739843726000000257e-01,2.678579985999999802e-01
2.529090046999999952e-01,2.464373558999999880e-01,2.678579985999999802e-01,2.615571916000000163e-01
2.464373558999999880e-01,2.398143112999999993e-01,2.615571916000000163e-01,2.551131247999999796e-01
2.398143112999999993e-01,2.330720424999999929e-01,2.551131247999999796e-01,2.485565543000000099e-01
2.330720424999999929e-01,2.262496799000000003e-01,2.485565543000000099e-01,2.419250309000000043e-01
2.262496799000000003e-01,2.193803488999999940e-01,2.419250309000000043e-01,2.352502345999999966e-01
2.193803488999999940e-01,2.125023155999999913e-01,2.352502345999999966e-01,2.285689562999999869e-01
2.125023155999999913e-01,2.056513727000000014e-01,2.285689562999999869e-01,2.219156026999999920e-01
2.056513727000000014e-01,1.988581419000000072e-01,2.219156026999999920e-01,2.153195441000000099e-01
1.988581419000000072e-01,1.921578348000000103e-01,2.153195441000000099e-01,2.088147103999999921e-01
1.921578348000000103e-01,1.855782418999999961e-01,2.088147103999999921e-01,2.024278790000000050e-01
1.855782418999999961e-01,1.791426241000000086e-01,2.024278790000000050e-01,1.961813718000000040e-01
1.791426241000000086e-01,1.728768199999999866e-01,1.961813718000000040e-01,1.901001482999999936e-01
1.728768199999999866e-01,1.668000816999999913e-01,1.901001482999999936e-01,1.842027307000000114e-01
1.668000816999999913e-01,1.609262674999999976e-01,1.842027307000000114e-01,1.785024852000000051e-01
1.609262674999999976e-01,1.552675664000000011e-01,1.785024852000000051e-01,1.730110943000000012e-01
1.552675664000000011e-01,1.498366445000000047e-01,1.730110943000000012e-01,1.677408665000000021e-01
1.498366445000000047e-01,1.446392089000000103e-01,1.677408665000000021e-01,1.626972258000000116e-01
1.446392089000000103e-01,1.396780609999999923e-01,1.626972258000000116e-01,1.578828691999999978e-01
1.396780609999999923e-01,1.349539607999999946e-01,1.578828691999999978e-01,1.532985269999999900e-01
3.221512139000000108e-01,3.229694664000000159e-01,3.428945243000000032e-01,3.429979383999999798e-01
3.229694664000000159e-01,3.234177827999999977e-01,3.429979383999999798e-01,3.428546786000000179e-01
3.234177827999999977e-01,3.236153125999999824e-01,3.428546786000000179e-01,3.425551354999999965e-01
3.236153125999999824e-01,3.236378430999999889e-01,3.425551354999999965e-01,3.421543241000000179e-01
3.236378430999999889e-01,3.235335052000000156e-01,3.421543241000000179e-01,3.416847586999999797e-01
3.235335052000000156e-01,3.233360051999999984e-01,3.416847586999999797e-01,3.411687613000000119e-01
3.233360051999999984e-01,3.230668902000000120e-01,3.411687613000000119e-01,3.406189083999999756e-01
3.230668902000000120e-01,3.227419852999999783e-01,3.406189083999999756e-01,3.400443792000000243e-01
3.227419852999999783e-01,3.223715126999999736e-01,3.400443792000000243e-01,3.394500017000000036e-01
3.223715126999999736e-01,3.219626843999999766e-01,3.394500017000000036e-01,3.388387858999999946e-01
3.219626843999999766e-01,3.215204476999999894e-01,3.388387858999999946e-01,3.382123410999999802e-01
3.215204476999999894e-01,3.210473954999999990e-01,3.382123410999999802e-01,3.375705480999999786e-01
3.210473954999999990e-01,3.205451666999999949e-01,3.375705480999999786e-01,3.369127512000000269e-01
3.205451666999999949e-01,3.200142979999999748e-01,3.369127512000000269e-01,3.362377583999999753e-01
3.200142979999999748e-01,3.194539845000000100e-01,3.362377583999999753e-01,3.355432450999999983e-01
3.194539845000000100e-01,3.188627063999999733e-01,3.355432450999999983e-01,3.348264098000000022e-01
3.188627063999999733e-01,3.182383477999999877e-01,3.348264098000000022e-01,3.340841532000000114e-01
3.182383477999999877e-01,3.175777495000000061e-01,3.340841532000000114e-01,3.333123921999999739e-01
3.175777495000000061e-01,3.168767392999999877e-01,3.333123921999999739e-01,3.325062691999999820e-01
3.168767392999999877e-01,3.161303401000000179e-01,3.325062691999999820e-01,3.316602409000000140e-01
3.161303401000000179e-01,3.153325318999999904e-01,3.316602409000000140e-01,3.307678103000000203e-01
3.153325318999999904e-01,3.144756556000000147e-01,3.307678103000000203e-01,3.298209608000000070e-01
3.144756556000000147e-01,3.135504722999999938e-01,3.298209608000000070e-01,3.288101851999999936e-01
3.135504722999999938e-01,3.125458956000000121e-01,3.288101851999999936e-01,3.277243078000000032e-01
3.125458956000000121e-01,3.114481567999999867e-01,3.277243078000000032e-01,3.265495002000000091e-01
3.114481567999999867e-01,3.102400899000000156e-01,3.265495002000000091e-01,3.252687155999999802e-01
3.102400899000000156e-01,3.089003563000000119e-01,3.252687155999999802e-01,3.238608836999999907e-01
3.089003563000000119e-01,3.074021637000000085e-01,3.238608836999999907e-01,3.222997486999999994e-01
3.074021637000000085e-01,3.057110906000000128e-01,3.222997486999999994e-01,3.205515443999999992e-01
3.057110906000000128e-01,3.037824332999999877e-01,3.205515443999999992e-01,3.185727298000000096e-01
3.037824332999999877e-01,3.015579581000000231e-01,3.185727298000000096e-01,3.163066506000000166e-01
3.015579581000000231e-01,2.989592253999999727e-01,3.163066506000000166e-01,3.136771320999999779e-01
2.989592253999999727e-01,2.960214615000000271e-01,3.136771320999999779e-01,3.107227087000000165e-01
2.960214615000000271e-01,2.927970885999999773e-01,3.107227087000000165e-01,3.074976206000000212e-01
2.927970885999999773e-01,2.892735302000000175e-01,3.074976206000000212e-01,3.039898871999999752e-01
2.892735302000000175e-01,2.854403256999999972e-01,3.039898871999999752e-01,3.001895844999999952e-01
2.854403256999999972e-01,2.812906205999999854e-01,3.001895844999999952e-01,2.960900664000000182e-01
2.812906205999999854e-01,2.768201530000000132e-01,2.960900664000000182e-01,2.916871308999999801e-01
2.768201530000000132e-01,2.720292509000000192e-01,2.916871308999999801e-01,2.869809269999999968e-01
2.720292509000000192e-01,2.669228315000000129e-01,2.869809269999999968e-01,2.819759547999999838e-01
2.669228315000000129e-01,2.615086435999999792e-01,2.819759547999999838e-01,2.766793072000000020e-01
2.615086435999999792e-01,2.558022140999999805e-01,2.766793072000000020e-01,2.711056172999999903e-01
2.558022140999999805e-01,2.498196511999999925e-01,2.711056172999999903e-01,2.652700841000000254e-01
2.498196511999999925e-01,2.435861528000000109e-01,2.652700841000000254e-01,2.591966092999999915e-01
2.435861528000000109e-01,2.371268569999999964e-01,2.591966092999999915e-01,2.529090046999999952e-01
2.371268569999999964e-01,2.304732948999999864e-01,2.529090046999999952e-01,2.464373558999999880e-01
2.304732948999999864e-01,2.236596644000000134e-01,2.464373558999999880e-01,2.398143112999999993e-01
2.236596644000000134e-01,2.167196869999999942e-01,2.398143112999999993e-01,2.330720424999999929e-01
2.167196869999999942e-01,2.096941619999999895e-01,2.330720424999999929e-01,2.262496799000000003e-01
2.096941619999999895e-01,2.026177198000000124e-01,2.262496799000000003e-01,2.193803488999999940e-01
2.026177198000000124e-01,1.955302208999999958e-01,2.193803488999999940e-01,2.125023155999999913e-01
1.955302208999999958e-01,1.884689479999999973e-01,2.125023155999999913e-01,2.056513727000000014e-01
1.884689479999999973e-01,1.814658046000000025e-01,2.056513727000000014e-01,1.988581419000000072e-01
1.814658046000000025e-01,1.745573877999999912e-01,1.988581419000000072e-01,1.921578348000000103e-01
1.745573877999999912e-01,1.677726059999999908e-01,1.921578348000000103e-01,1.855782418999999961e-01
1.677726059999999908e-01,1.611356586000000091e-01,1.855782418999999961e-01,1.791426241000000086e-01
1.611356586000000091e-01,1.546733527999999969e-01,1.791426241000000086e-01,1.728768199999999866e-01
1.546733527999999969e-01,1.484057008999999927e-01,1.728768199999999866e-01,1.668000816999999913e-01
1.484057008999999927e-01,1.423471122999999949e-01,1.668000816999999913e-01,1.609262674999999976e-01
1.423471122999999949e-01,1.365102529999999981e-01,1.609262674999999976e-01,1.552675664000000011e-01
1.365102529999999981e-01,1.309082806000000099e-01,1.552675664000000011e-01,1.498366445000000047e-01
1.309082806000000099e-01,1.255470811999999936e-01,1.498366445000000047e-01,1.446392089000000103e-01
1.255470811999999936e-01,1.204296349999999932e-01,1.446392089000000103e-01,1.396780609999999923e-01
1.204296349999999932e-01,1.155567616000000020e-01,1.396780609999999923e-01,1.349539607999999946e-01
3.002570569999999939e-01,3.018306493999999840e-01,3.221512139000000108e-01,3.229694664000000159e-01
3.018306493999999840e-01,3.029041587999999896e-01,3.229694664000000159e-01,3.234177827999999977e-01
3.029041587999999896e-01,3.036270440000000126e-01,3.234177827999999977e-01,3.236153125999999824e-01
3.036270440000000126e-01,3.040970861999999775e-01,3.236153125999999824e-01,3.236378430999999889e-01
3.040970861999999775e-01,3.043788372999999825e-01,3.236378430999999889e-01,3.235335052000000156e-01
3.043788372999999825e-01,3.045180142000000201e-01,3.235335052000000156e-01,3.233360051999999984e-01
3.045180142000000201e-01,3.045456111000000021e-01,3.233360051999999984e-01,3.230668902000000120e-01
3.045456111000000021e-01,3.044845760000000068e-01,3.230668902000000120e-01,3.227419852999999783e-01
3.044845760000000068e-01,3.043507636000000183e-01,3.227419852999999783e-01,3.223715126999999736e-01
3.043507636000000183e-01,3.041558266000000121e-01,3.223715126999999736e-01,3.219626843999999766e-01
3.041558266000000121e-01,3.039082586999999891e-01,3.219626843999999766e-01,3.215204476999999894e-01
3.039082586999999891e-01,3.036135732999999948e-01,3.215204476999999894e-01,3.210473954999999990e-01
3.036135732999999948e-01,3.032757044000000124e-01,3.210473954999999990e-01,3.205451666999999949e-01
3.032757044000000124e-01,3.028970957000000075e-01,3.205451666999999949e-01,3.200142979999999748e-01
3.028970957000000075e-01,3.024785519000000034e-01,3.200142979999999748e-01,3.194539845000000100e-01
3.024785519000000034e-01,3.020199238999999869e-01,3.194539845000000100e-01,3.188627063999999733e-01
3.020199238999999869e-01,3.015201390000000203e-01,3.188627063999999733e-01,3.182383477999999877e-01
3.015201390000000203e-01,3.009768723999999840e-01,3.182383477999999877e-01,3.175777495000000061e-01
3.009768723999999840e-01,3.003868460999999934e-01,3.175777495000000061e-01,3.168767392999999877e-01
3.003868460999999934e-01,2.997456491000000112e-01,3.168767392999999877e-01,3.161303401000000179e-01
2.997456491000000112e-01,2.990477085000000090e-01,3.161303401000000179e-01,3.153325318999999904e-01
2.990477085000000090e-01,2.982857823000000241e-01,3.153325318999999904e-01,3.144756556000000147e-01
2.982857823000000241e-01,2.974508703000000032e-01,3.144756556000000147e-01,3.135504722999999938e-01
2.974508703000000032e-01,2.965320646999999865e-01,3.135504722999999938e-01,3.125458956000000121e-01
2.965320646999999865e-01,2.955155670999999873e-01,3.125458956000000121e-01,3.114481567999999867e-01
2.955155670999999873e-01,2.943841219000000176e-01,3.114481567999999867e-01,3.102400899000000156e-01
2.943841219000000176e-01,2.931160331000000063e-01,3.102400899000000156e-01,3.089003563000000119e-01
2.931160331000000063e-01,2.916840910999999870e-01,3.089003563000000119e-01,3.074021637000000085e-01
2.916840910999999870e-01,2.900529801999999768e-01,3.074021637000000085e-01,3.057110906000000128e-01
2.900529801999999768e-01,2.881768941999999778e-01,3.057110906000000128e-01,3.037824332999999877e-01
2.881768941999999778e-01,2.859959006000000192e-01,3.037824332999999877e-01,3.015579581000000231e-01
2.859959006000000192e-01,2.834291458000000041e-01,3.015579581000000231e-01,2.989592253999999727e-01
2.834291458000000041e-01,2.805082500000000145e-01,2.989592253999999727e-01,2.960214615000000271e-01
2.805082500000000145e-01,2.772838771000000202e-01,2.960214615000000271e-01,2.927970885999999773e-01
2.772838771000000202e-01,2.737427056000000247e-01,2.927970885999999773e-01,2.892735302000000175e-01
2.737427056000000247e-01,2.698737978999999898e-01,2.892735302000000175e-01,2.854403256999999972e-01
2.698737978999999898e-01,2.656699717000000072e-01,2.854403256999999972e-01,2.812906205999999854e-01
2.656699717000000072e-01,2.611269950999999812e-01,2.812906205999999854e-01,2.768201530000000132e-01
2.611269950999999812e-01,2.562453449000000050e-01,2.768201530000000132e-01,2.720292509000000192e-01
2.562453449000000050e-01,2.510304152999999761e-01,2.720292509000000192e-01,2.669228315000000129e-01
2.510304152999999761e-01,2.454905957000000083e-01,2.669228315000000129e-01,2.615086435999999792e-01
2.454905957000000083e-01,2.396423370000000108e-01,2.615086435999999792e-01,2.558022140999999805e-01
2.396423370000000108e-01,2.335028201000000081e-01,2.558022140999999805e-01,2.498196511999999925e-01
2.335028201000000081e-01,2.270985692999999972e-01,2.498196511999999925e-01,2.435861528000000109e-01
2.270985692999999972e-01,2.204560935000000055e-01,2.435861528000000109e-01,2.371268569999999964e-01
2.204560935000000055e-01,2.136084883999999906e-01,2.371268569999999964e-01,2.304732948999999864e-01
2.136084883999999906e-01,2.065916210000000031e-01,2.304732948999999864e-01,2.236596644000000134e-01
2.065916210000000031e-01,1.994408071000000060e-01,2.236596644000000134e-01,2.167196869999999942e-01
1.994408071000000060e-01,1.921986937999999867e-01,2.167196869999999942e-01,2.096941619999999895e-01
1.921986937999999867e-01,1.849014609999999892e-01,2.096941619999999895e-01,2.026177198000000124e-01
1.849014609999999892e-01,1.775906681999999959e-01,2.026177198000000124e-01,1.955302208999999958e-01
1.775906681999999959e-01,1.703051925000000077e-01,1.955302208999999958e-01,1.884689479999999973e-01
1.703051925000000077e-01,1.630783229999999973e-01,1.884689479999999973e-01,1.814658046000000025e-01
1.630783229999999973e-01,1.559480726999999955e-01,1.814658046000000025e-01,1.745573877999999912e-01
1.559480726999999955e-01,1.489445865000000035e-01,1.745573877999999912e-01,1.677726059999999908e-01
1.489445865000000035e-01,1.420930623999999975e-01,1.677726059999999908e-01,1.611356586000000091e-01
1.420930623999999975e-01,1.354213207999999946e-01,1.611356586000000091e-01,1.546733527999999969e-01
1.354213207999999946e-01,1.289501785999999928e-01,1.546733527999999969e-01,1.484057008999999927e-01
1.289501785999999928e-01,1.226946562999999962e-01,1.484057008999999927e-01,1.423471122999999949e-01
1.226946562999999962e-01,1.166679189000000005e-01,1.423471122999999949e-01,1.365102529999999981e-01
1.166679189000000005e-01,1.108836009999999983e-01,1.365102529999999981e-01,1.309082806000000099e-01
1.108836009999999983e-01,1.053478718000000064e-01,1.309082806000000099e-01,1.255470811999999936e-01
1.053478718000000064e-01,1.000638454999999982e-01,1.255470811999999936e-01,1.204296349999999932e-01
1.000638454999999982e-01,9.503240138000000614e-02,1.204296349999999932e-01,1.155567616000000020e-01
2.771530448999999785e-01,2.795245050999999870e-01,3.002570569999999939e-01,3.018306493999999840e-01
2.795245050999999870e-01,2.812584937000000007e-01,3.018306493999999840e-01,3.029041587999999896e-01
2.812584937000000007e-01,2.825364172000000007e-01,3.029041587999999896e-01,3.036270440000000126e-01
2.825364172000000007e-01,2.834792137000000101e-01,3.036270440000000126e-01,3.040970861999999775e-01
2.834792137000000101e-01,2.841688097000000246e-01,3.040970861999999775e-01,3.043788372999999825e-01
2.841688097000000246e-01,2.846636473999999972e-01,3.043788372999999825e-01,3.045180142000000201e-01
2.846636473999999972e-01,2.850047350000000090e-01,3.045180142000000201e-01,3.045456111000000021e-01
2.850047350000000090e-01,2.852224112000000256e-01,3.045456111000000021e-01,3.044845760000000068e-01
2.852224112000000256e-01,2.853385507999999793e-01,3.044845760000000068e-01,3.043507636000000183e-01
2.853385507999999793e-01,2.853695452000000188e-01,3.043507636000000183e-01,3.041558266000000121e-01
2.853695452000000188e-01,2.853275238999999908e-01,3.041558266000000121e-01,3.039082586999999891e-01
2.853275238999999908e-01,2.852211594999999877e-01,3.039082586999999891e-01,3.036135732999999948e-01
2.852211594999999877e-01,2.850567996999999743e-01,3.036135732999999948e-01,3.032757044000000124e-01
2.850567996999999743e-01,2.848389149000000176e-01,3.032757044000000124e-01,3.028970957000000075e-01
2.848389149000000176e-01,2.845700382999999944e-01,3.028970957000000075e-01,3.024785519000000034e-01
2.845700382999999944e-01,2.842513621000000157e-01,3.024785519000000034e-01,3.020199238999999869e-01
2.842513621000000157e-01,2.838829755999999760e-01,3.020199238999999869e-01,3.015201390000000203e-01
2.838829755999999760e-01,2.834635376999999901e-01,3.015201390000000203e-01,3.009768723999999840e-01
2.834635376999999901e-01,2.829905152000000146e-01,3.009768723999999840e-01,3.003868460999999934e-01
2.829905152000000146e-01,2.824602126999999907e-01,3.003868460999999934e-01,2.997456491000000112e-01
2.824602126999999907e-01,2.818675040999999992e-01,2.997456491000000112e-01,2.990477085000000090e-01
2.818675040999999992e-01,2.812055944999999890e-01,2.990477085000000090e-01,2.982857823000000241e-01
2.812055944999999890e-01,2.804657519000000043e-01,2.982857823000000241e-01,2.974508703000000032e-01
2.804657519000000043e-01,2.796371877000000117e-01,2.974508703000000032e-01,2.965320646999999865e-01
2.796371877000000117e-01,2.787061334000000001e-01,2.965320646999999865e-01,2.955155670999999873e-01
2.787061334000000001e-01,2.776551843000000241e-01,2.955155670999999873e-01,2.943841219000000176e-01
2.776551843000000241e-01,2.764623761000000179e-01,2.943841219000000176e-01,2.931160331000000063e-01
2.764623761000000179e-01,2.750998437000000130e-01,2.931160331000000063e-01,2.916840910999999870e-01
2.750998437000000130e-01,2.735314667000000033e-01,2.916840910999999870e-01,2.900529801999999768e-01
2.735314667000000033e-01,2.717102169999999761e-01,2.900529801999999768e-01,2.881768941999999778e-01
2.717102169999999761e-01,2.695743144000000147e-01,2.881768941999999778e-01,2.859959006000000192e-01
2.695743144000000147e-01,2.670404016999999852e-01,2.859959006000000192e-01,2.834291458000000041e-01
2.670404016999999852e-01,2.641362845999999931e-01,2.834291458000000041e-01,2.805082500000000145e-01
2.641362845999999931e-01,2.609107196000000073e-01,2.805082500000000145e-01,2.772838771000000202e-01
2.609107196000000073e-01,2.573496400999999989e-01,2.772838771000000202e-01,2.737427056000000247e-01
2.573496400999999989e-01,2.534415722000000204e-01,2.737427056000000247e-01,2.698737978999999898e-01
2.534415722000000204e-01,2.491790801000000055e-01,2.698737978999999898e-01,2.656699717000000072e-01
2.491790801000000055e-01,2.445578277000000078e-01,2.656699717000000072e-01,2.611269950999999812e-01
2.445578277000000078e-01,2.395785599999999960e-01,2.611269950999999812e-01,2.562453449000000050e-01
2.395785599999999960e-01,2.342471181999999930e-01,2.562453449000000050e-01,2.510304152999999761e-01
2.342471181999999930e-01,2.285725771999999878e-01,2.510304152999999761e-01,2.454905957000000083e-01
2.285725771999999878e-01,2.225724011999999918e-01,2.454905957000000083e-01,2.396423370000000108e-01
2.225724011999999918e-01,2.162649034999999942e-01,2.396423370000000108e-01,2.335028201000000081e-01
2.162649034999999942e-01,2.096779943000000035e-01,2.335028201000000081e-01,2.270985692999999972e-01
2.096779943000000035e-01,2.028396577000000089e-01,2.270985692999999972e-01,2.204560935000000055e-01
2.028396577000000089e-01,1.957846880000000123e-01,2.204560935000000055e-01,2.136084883999999906e-01
1.957846880000000123e-01,1.885506660000000057e-01,2.136084883999999906e-01,2.065916210000000031e-01
1.885506660000000057e-01,1.811746656999999872e-01,2.065916210000000031e-01,1.994408071000000060e-01
1.811746656999999872e-01,1.737011968999999934e-01,1.994408071000000060e-01,1.921986937999999867e-01
1.737011968999999934e-01,1.661681979999999892e-01,1.921986937999999867e-01,1.849014609999999892e-01
1.661681979999999892e-01,1.586190014999999953e-01,1.849014609999999892e-01,1.775906681999999959e-01
1.586190014999999953e-01,1.510941684000000063e-01,1.775906681999999959e-01,1.703051925000000077e-01
1.510941684000000063e-01,1.436284630999999923e-01,1.703051925000000077e-01,1.630783229999999973e-01
1.436284630999999923e-01,1.362614333999999927e-01,1.630783229999999973e-01,1.559480726999999955e-01
1.362614333999999927e-01,1.290245056000000057e-01,1.559480726999999955e-01,1.489445865000000035e-01
1.290245056000000057e-01,1.219439432000000018e-01,1.489445865000000035e-01,1.420930623999999975e-01
1.219439432000000018e-01,1.150486767000000049e-01,1.420930623999999975e-01,1.354213207999999946e-01
1.150486767000000049e-01,1.083603575999999985e-01,1.354213207999999946e-01,1.289501785999999928e-01
1.083603575999999985e-01,1.018946617999999943e-01,1.289501785999999928e-01,1.226946562999999962e-01
1.018946617999999943e-01,9.566527604999999768e-02,1.226946562999999962e-01,1.166679189000000005e-01
9.566527604999999768e-02,8.968637139000000535e-02,1.166679189000000005e-01,1.108836009999999983e-01
8.968637139000000535e-02,8.396437764000000414e-02,1.108836009999999983e-01,1.053478718000000064e-01
8.396437764000000414e-02,7.850257306999999796e-02,1.053478718000000064e-01,1.000638454999999982e-01
7.850257306999999796e-02,7.330188899999999508e-02,1.000638454999999982e-01,9.503240138000000614e-02
2.527781426999999859e-01,2.559920847000000110e-01,2.771530448999999785e-01,2.795245050999999870e-01
2.559920847000000110e-01,2.584235369999999810e-01,2.795245050999999870e-01,2.812584937000000007e-01
2.584235369999999810e-01,2.602875828999999808e-01,2.812584937000000007e-01,2.825364172000000007e-01
2.602875828999999808e-01,2.617296575999999986e-01,2.825364172000000007e-01,2.834792137000000101e-01
2.617296575999999986e-01,2.628499268999999749e-01,2.834792137000000101e-01,2.841688097000000246e-01
2.628499268999999749e-01,2.637203037999999999e-01,2.841688097000000246e-01,2.846636473999999972e-01
2.637203037999999999e-01,2.643923461000000086e-01,2.846636473999999972e-01,2.850047350000000090e-01
2.643923461000000086e-01,2.649042307999999735e-01,2.850047350000000090e-01,2.852224112000000256e-01
2.649042307999999735e-01,2.652842402000000210e-01,2.852224112000000256e-01,2.853385507999999793e-01
2.652842402000000210e-01,2.655536532000000172e-01,2.853385507999999793e-01,2.853695452000000188e-01
2.655536532000000172e-01,2.657285630999999815e-01,2.853695452000000188e-01,2.853275238999999908e-01
2.657285630999999815e-01,2.658208609000000111e-01,2.853275238999999908e-01,2.852211594999999877e-01
2.658208609000000111e-01,2.658395469000000011e-01,2.852211594999999877e-01,2.850567996999999743e-01
2.658395469000000011e-01,2.657911776999999920e-01,2.850567996999999743e-01,2.848389149000000176e-01
2.657911776999999920e-01,2.656800746999999907e-01,2.848389149000000176e-01,2.845700382999999944e-01
2.656800746999999907e-01,2.655089199999999816e-01,2.845700382999999944e-01,2.842513621000000157e-01
2.655089199999999816e-01,2.652789950000000174e-01,2.842513621000000157e-01,2.838829755999999760e-01
2.652789950000000174e-01,2.649899721000000263e-01,2.838829755999999760e-01,2.834635376999999901e-01
2.649899721000000263e-01,2.646402120999999941e-01,2.834635376999999901e-01,2.829905152000000146e-01
2.646402120999999941e-01,2.642266153999999756e-01,2.829905152000000146e-01,2.824602126999999907e-01
2.642266153999999756e-01,2.637446522999999932e-01,2.824602126999999907e-01,2.818675040999999992e-01
2.637446522999999932e-01,2.631879151000000028e-01,2.818675040999999992e-01,2.812055944999999890e-01
2.631879151000000028e-01,2.625479698000000028e-01,2.812055944999999890e-01,2.804657519000000043e-01
2.625479698000000028e-01,2.618141769999999813e-01,2.804657519000000043e-01,2.796371877000000117e-01
2.618141769999999813e-01,2.609727978999999976e-01,2.796371877000000117e-01,2.787061334000000001e-01
2.609727978999999976e-01,2.600062190999999912e-01,2.787061334000000001e-01,2.776551843000000241e-01
2.600062190999999912e-01,2.588921486999999910e-01,2.776551843000000241e-01,2.764623761000000179e-01
2.588921486999999910e-01,2.576021253999999927e-01,2.764623761000000179e-01,2.750998437000000130e-01
2.576021253999999927e-01,2.560991347000000085e-01,2.750998437000000130e-01,2.735314667000000033e-01
2.560991347000000085e-01,2.543347477999999828e-01,2.735314667000000033e-01,2.717102169999999761e-01
2.543347477999999828e-01,2.522453367999999974e-01,2.717102169999999761e-01,2.695743144000000147e-01
2.522453367999999974e-01,2.497447430999999995e-01,2.695743144000000147e-01,2.670404016999999852e-01
2.497447430999999995e-01,2.468567938000000017e-01,2.670404016999999852e-01,2.641362845999999931e-01
2.468567938000000017e-01,2.436283082000000044e-01,2.641362845999999931e-01,2.609107196000000073e-01
2.436283082000000044e-01,2.400444448000000064e-01,2.609107196000000073e-01,2.573496400999999989e-01
2.400444448000000064e-01,2.360930890000000060e-01,2.573496400999999989e-01,2.534415722000000204e-01
2.360930890000000060e-01,2.317665516999999897e-01,2.534415722000000204e-01,2.491790801000000055e-01
2.317665516999999897e-01,2.270604223000000088e-01,2.491790801000000055e-01,2.445578277000000078e-01
2.270604223000000088e-01,2.219756841999999952e-01,2.445578277000000078e-01,2.395785599999999960e-01
2.219756841999999952e-01,2.165187000999999889e-01,2.395785599999999960e-01,2.342471181999999930e-01
2.165187000999999889e-01,2.106992750999999997e-01,2.342471181999999930e-01,2.285725771999999878e-01
2.106992750999999997e-01,2.045359462000000128e-01,2.285725771999999878e-01,2.225724011999999918e-01
2.045359462000000128e-01,1.980482191000000058e-01,2.225724011999999918e-01,2.162649034999999942e-01
1.980482191000000058e-01,1.912654786999999912e-01,2.162649034999999942e-01,2.096779943000000035e-01
1.912654786999999912e-01,1.842173039999999984e-01,2.096779943000000035e-01,2.028396577000000089e-01
1.842173039999999984e-01,1.769402623000000119e-01,2.028396577000000089e-01,1.957846880000000123e-01
1.769402623000000119e-01,1.694737822000000060e-01,1.957846880000000123e-01,1.885506660000000057e-01
1.694737822000000060e-01,1.618568002999999922e-01,1.885506660000000057e-01,1.811746656999999872e-01
1.618568002999999922e-01,1.541358680000000092e-01,1.811746656999999872e-01,1.737011968999999934e-01
1.541358680000000092e-01,1.463506967000000047e-01,1.737011968999999934e-01,1.661681979999999892e-01
1.463506967000000047e-01,1.385465710999999878e-01,1.661681979999999892e-01,1.586190014999999953e-01
1.385465710999999878e-01,1.307658106000000042e-01,1.586190014999999953e-01,1.510941684000000063e-01
1.307658106000000042e-01,1.230447664999999996e-01,1.510941684000000063e-01,1.436284630999999923e-01
1.230447664999999996e-01,1.154246478999999964e-01,1.436284630999999923e-01,1.362614333999999927e-01
1.154246478999999964e-01,1.079382076999999968e-01,1.362614333999999927e-01,1.290245056000000057e-01
1.079382076999999968e-01,1.006128564000000059e-01,1.290245056000000057e-01,1.219439432000000018e-01
1.006128564000000059e-01,9.347870200999999768e-02,1.219439432000000018e-01,1.150486767000000049e-01
9.347870200999999768e-02,8.655831217999999938e-02,1.150486767000000049e-01,1.083603575999999985e-01
8.655831217999999938e-02,7.986801118000000366e-02,1.083603575999999985e-01,1.018946617999999943e-01
7.986801118000000366e-02,7.342208922000000026e-02,1.018946617999999943e-01,9.566527604999999768e-02
7.342208922000000026e-02,6.723526119999999329e-02,9.566527604999999768e-02,8.968637139000000535e-02
6.723526119999999329e-02,6.131424754999999921e-02,8.968637139000000535e-02,8.396437764000000414e-02
6.131424754999999921e-02,5.566248297999999706e-02,8.396437764000000414e-02,7.850257306999999796e-02
5.566248297999999706e-02,5.028098448999999970e-02,7.850257306999999796e-02,7.330188899999999508e-02
2.270769924000000106e-01,2.311798632000000020e-01,2.527781426999999859e-01,2.559920847000000110e-01
2.311798632000000020e-01,2.343472390999999933e-01,2.559920847000000110e-01,2.584235369999999810e-01
2.343472390999999933e-01,2.368296981000000134e-01,2.584235369999999810e-01,2.602875828999999808e-01
2.368296981000000134e-01,2.387984841999999941e-01,2.602875828999999808e-01,2.617296575999999986e-01
2.387984841999999941e-01,2.403731047999999870e-01,2.617296575999999986e-01,2.628499268999999749e-01
2.403731047999999870e-01,2.416396439000000063e-01,2.628499268999999749e-01,2.637203037999999999e-01
2.416396439000000063e-01,2.426607161999999873e-01,2.637203037999999999e-01,2.643923461000000086e-01
2.426607161999999873e-01,2.434828727999999998e-01,2.643923461000000086e-01,2.649042307999999735e-01
2.434828727999999998e-01,2.441410421999999913e-01,2.649042307999999735e-01,2.652842402000000210e-01
2.441410421999999913e-01,2.446617633000000014e-01,2.652842402000000210e-01,2.655536532000000172e-01
2.446617633000000014e-01,2.450652718999999924e-01,2.655536532000000172e-01,2.657285630999999815e-01
2.450652718999999924e-01,2.453668863000000033e-01,2.657285630999999815e-01,2.658208609000000111e-01
2.453668863000000033e-01,2.455783635000000076e-01,2.658208609000000111e-01,2.658395469000000011e-01
2.455783635000000076e-01,2.457084804999999927e-01,2.658395469000000011e-01,2.657911776999999920e-01
2.457084804999999927e-01,2.457634509000000134e-01,2.657911776999999920e-01,2.656800746999999907e-01
2.457634509000000134e-01,2.457475363999999940e-01,2.656800746999999907e-01,2.655089199999999816e-01
2.457475363999999940e-01,2.456632405999999991e-01,2.655089199999999816e-01,2.652789950000000174e-01
2.456632405999999991e-01,2.455113529999999877e-01,2.652789950000000174e-01,2.649899721000000263e-01
2.455113529999999877e-01,2.452910990000000124e-01,2.649899721000000263e-01,2.646402120999999941e-01
2.452910990000000124e-01,2.450001240000000136e-01,2.646402120999999941e-01,2.642266153999999756e-01
2.450001240000000136e-01,2.446343898999999988e-01,2.642266153999999756e-01,2.637446522999999932e-01
2.446343898999999988e-01,2.441879510999999947e-01,2.637446522999999932e-01,2.631879151000000028e-01
2.441879510999999947e-01,2.436527312000000001e-01,2.631879151000000028e-01,2.625479698000000028e-01
2.436527312000000001e-01,2.430181651999999970e-01,2.625479698000000028e-01,2.618141769999999813e-01
2.430181651999999970e-01,2.422705143999999977e-01,2.618141769999999813e-01,2.609727978999999976e-01
2.422705143999999977e-01,2.413920461999999878e-01,2.609727978999999976e-01,2.600062190999999912e-01
2.413920461999999878e-01,2.403600365000000127e-01,2.600062190999999912e-01,2.588921486999999910e-01
2.403600365000000127e-01,2.391453980999999895e-01,2.588921486999999910e-01,2.576021253999999927e-01
2.391453980999999895e-01,2.377101034000000113e-01,2.576021253999999927e-01,2.560991347000000085e-01
2.377101034000000113e-01,2.360042780999999923e-01,2.560991347000000085e-01,2.543347477999999828e-01
2.360042780999999923e-01,2.339622527000000118e-01,2.543347477999999828e-01,2.522453367999999974e-01
2.339622527000000118e-01,2.314948887000000122e-01,2.522453367999999974e-01,2.497447430999999995e-01
2.314948887000000122e-01,2.286218852000000135e-01,2.497447430999999995e-01,2.468567938000000017e-01
2.286218852000000135e-01,2.253880054000000077e-01,2.468567938000000017e-01,2.436283082000000044e-01
2.253880054000000077e-01,2.217775731999999944e-01,2.436283082000000044e-01,2.400444448000000064e-01
2.217775731999999944e-01,2.177778780000000081e-01,2.400444448000000064e-01,2.360930890000000060e-01
2.177778780000000081e-01,2.133808880999999991e-01,2.360930890000000060e-01,2.317665516999999897e-01
2.133808880999999991e-01,2.085821629000000066e-01,2.317665516999999897e-01,2.270604223000000088e-01
2.085821629000000066e-01,2.033829242000000093e-01,2.270604223000000088e-01,2.219756841999999952e-01
2.033829242000000093e-01,1.977901160999999963e-01,2.219756841999999952e-01,2.165187000999999889e-01
1.977901160999999963e-01,1.918143033999999969e-01,2.165187000999999889e-01,2.106992750999999997e-01
1.918143033999999969e-01,1.854751705999999889e-01,2.106992750999999997e-01,2.045359462000000128e-01
1.854751705999999889e-01,1.787934600999999957e-01,2.045359462000000128e-01,1.980482191000000058e-01
1.787934600999999957e-01,1.718001962000000049e-01,1.980482191000000058e-01,1.912654786999999912e-01
1.718001962000000049e-01,1.645266264999999950e-01,1.912654786999999912e-01,1.842173039999999984e-01
1.645266264999999950e-01,1.570111811000000079e-01,1.842173039999999984e-01,1.769402623000000119e-01
1.570111811000000079e-01,1.492953300000000039e-01,1.769402623000000119e-01,1.694737822000000060e-01
1.492953300000000039e-01,1.414199173000000032e-01,1.694737822000000060e-01,1.618568002999999922e-01
1.414199173000000032e-01,1.334336996000000108e-01,1.618568002999999922e-01,1.541358680000000092e-01
1.334336996000000108e-01,1.253782958000000114e-01,1.541358680000000092e-01,1.463506967000000047e-01
1.253782958000000114e-01,1.173010319000000051e-01,1.463506967000000047e-01,1.385465710999999878e-01
1.173010319000000051e-01,1.092461646000000008e-01,1.385465710999999878e-01,1.307658106000000042e-01
1.092461646000000008e-01,1.012516618000000035e-01,1.307658106000000042e-01,1.230447664999999996e-01
1.012516618000000035e-01,9.336053580000000518e-02,1.230447664999999996e-01,1.154246478999999964e-01
9.336053580000000518e-02,8.560695498999999764e-02,1.154246478999999964e-01,1.079382076999999968e-01
8.560695498999999764e-02,7.801955938000000590e-02,1.079382076999999968e-01,1.006128564000000059e-01
7.801955938000000590e-02,7.062970846999999663e-02,1.006128564000000059e-01,9.347870200999999768e-02
7.062970846999999663e-02,6.346090882999999572e-02,9.347870200999999768e-02,8.655831217999999938e-02
6.346090882999999572e-02,5.653022975000000089e-02,8.655831217999999938e-02,7.986801118000000366e-02
5.653022975000000089e-02,4.985256865999999898e-02,7.986801118000000366e-02,7.342208922000000026e-02
4.985256865999999898e-02,4.344323276999999955e-02,7.342208922000000026e-02,6.723526119999999329e-02
4.344323276999999955e-02,3.730924054999999739e-02,6.723526119999999329e-02,6.131424754999999921e-02
3.730924054999999739e-02,3.145420924000000285e-02,6.131424754999999921e-02,5.566248297999999706e-02
3.145420924000000285e-02,2.587922662000000096e-02,5.566248297999999706e-02,5.028098448999999970e-02
2.000000030000000095e-01,2.050397247000000089e-01,2.270769924000000106e-01,2.311798632000000020e-01
2.050397247000000089e-01,2.089826763000000032e-01,2.311798632000000020e-01,2.343472390999999933e-01
2.089826763000000032e-01,2.121168524000000000e-01,2.343472390999999933e-01,2.368296981000000134e-01
2.121168524000000000e-01,2.146406770000000019e-01,2.368296981000000134e-01,2.387984841999999941e-01
2.146406770000000019e-01,2.166939676000000092e-01,2.387984841999999941e-01,2.403731047999999870e-01
2.166939676000000092e-01,2.183777987999999948e-01,2.403731047999999870e-01,2.416396439000000063e-01
2.183777987999999948e-01,2.197664528999999922e-01,2.416396439000000063e-01,2.426607161999999873e-01
2.197664528999999922e-01,2.209152876999999904e-01,2.426607161999999873e-01,2.434828727999999998e-01
2.209152876999999904e-01,2.218662648999999987e-01,2.434828727999999998e-01,2.441410421999999913e-01
2.218662648999999987e-01,2.226514666999999947e-01,2.441410421999999913e-01,2.446617633000000014e-01
2.226514666999999947e-01,2.232954501999999952e-01,2.446617633000000014e-01,2.450652718999999924e-01
2.232954501999999952e-01,2.238171995000000081e-01,2.450652718999999924e-01,2.453668863000000033e-01
2.238171995000000081e-01,2.242313622999999867e-01,2.453668863000000033e-01,2.455783635000000076e-01
2.242313622999999867e-01,2.245490253000000103e-01,2.455783635000000076e-01,2.457084804999999927e-01
2.245490253000000103e-01,2.247784585000000002e-01,2.457084804999999927e-01,2.457634509000000134e-01
2.247784585000000002e-01,2.249255329000000025e-01,2.457634509000000134e-01,2.457475363999999940e-01
2.249255329000000025e-01,2.249940783000000111e-01,2.457475363999999940e-01,2.456632405999999991e-01
2.249940783000000111e-01,2.249860167999999938e-01,2.456632405999999991e-01,2.455113529999999877e-01
2.249860167999999938e-01,2.249014974000000111e-01,2.455113529999999877e-01,2.452910990000000124e-01
2.249014974000000111e-01,2.247389257000000085e-01,2.452910990000000124e-01,2.450001240000000136e-01
2.247389257000000085e-01,2.244948297999999898e-01,2.450001240000000136e-01,2.446343898999999988e-01
2.244948297999999898e-01,2.241637408999999914e-01,2.446343898999999988e-01,2.441879510999999947e-01
2.241637408999999914e-01,2.237378657000000104e-01,2.441879510999999947e-01,2.436527312000000001e-01
2.237378657000000104e-01,2.232068031999999980e-01,2.436527312000000001e-01,2.430181651999999970e-01
2.232068031999999980e-01,2.225567548999999867e-01,2.430181651999999970e-01,2.422705143999999977e-01
2.225567548999999867e-01,2.217698395000000100e-01,2.422705143999999977e-01,2.413920461999999878e-01
2.217698395000000100e-01,2.208228855999999907e-01,2.413920461999999878e-01,2.403600365000000127e-01
2.208228855999999907e-01,2.196860908999999917e-01,2.403600365000000127e-01,2.391453980999999895e-01
2.196860908999999917e-01,2.183203548000000049e-01,2.391453980999999895e-01,2.377101034000000113e-01
2.183203548000000049e-01,2.166742533000000082e-01,2.377101034000000113e-01,2.360042780999999923e-01
2.166742533000000082e-01,2.146798521000000126e-01,2.360042780999999923e-01,2.339622527000000118e-01
2.146798521000000126e-01,2.122448980999999957e-01,2.339622527000000118e-01,2.314948887000000122e-01
2.122448980999999957e-01,2.093847095999999963e-01,2.314948887000000122e-01,2.286218852000000135e-01
2.093847095999999963e-01,2.061419934000000009e-01,2.286218852000000135e-01,2.253880054000000077e-01
2.061419934000000009e-01,2.025001644999999961e-01,2.253880054000000077e-01,2.217775731999999944e-01
2.025001644999999961e-01,1.984458715000000095e-01,2.217775731999999944e-01,2.177778780000000081e-01
1.984458715000000095e-01,1.939707696000000092e-01,2.177778780000000081e-01,2.133808880999999991e-01
1.939707696000000092e-01,1.890703737999999967e-01,2.133808880999999991e-01,2.085821629000000066e-01
1.890703737999999967e-01,1.837461740000000121e-01,2.085821629000000066e-01,2.033829242000000093e-01
1.837461740000000121e-01,1.780056952999999886e-01,2.033829242000000093e-01,1.977901160999999963e-01
1.780056952999999886e-01,1.718603522000000106e-01,1.977901160999999963e-01,1.918143033999999969e-01
1.718603522000000106e-01,1.653310507999999901e-01,1.918143033999999969e-01,1.854751705999999889e-01
1.653310507999999901e-01,1.584398895999999946e-01,1.854751705999999889e-01,1.787934600999999957e-01
1.584398895999999946e-01,1.512196212999999956e-01,1.787934600999999957e-01,1.718001962000000049e-01
1.512196212999999956e-01,1.437032222999999886e-01,1.718001962000000049e-01,1.645266264999999950e-01
1.437032222999999886e-01,1.359311937999999886e-01,1.645266264999999950e-01,1.570111811000000079e-01
1.359311937999999886e-01,1.279471070000000044e-01,1.570111811000000079e-01,1.492953300000000039e-01
1.279471070000000044e-01,1.197939142999999984e-01,1.492953300000000039e-01,1.414199173000000032e-01
1.197939142999999984e-01,1.115226448000000009e-01,1.414199173000000032e-01,1.334336996000000108e-01
1.115226448000000009e-01,1.031770258999999967e-01,1.334336996000000108e-01,1.253782958000000114e-01
1.031770258999999967e-01,9.480652213000000106e-02,1.253782958000000114e-01,1.173010319000000051e-01
9.480652213000000106e-02,8.645743131999999997e-02,1.173010319000000051e-01,1.092461646000000008e-01
8.645743131999999997e-02,7.816951721999999825e-02,1.092461646000000008e-01,1.012516618000000035e-01
7.816951721999999825e-02,6.998763232999999362e-02,1.012516618000000035e-01,9.336053580000000518e-02
6.998763232999999362e-02,6.194751710000000189e-02,9.336053580000000518e-02,8.560695498999999764e-02
6.194751710000000189e-02,5.407908931000000169e-02,8.560695498999999764e-02,7.801955938000000590e-02
5.407908931000000169e-02,4.641503095999999912e-02,7.801955938000000590e-02,7.062970846999999663e-02
4.641503095999999912e-02,3.897988796000000089e-02,7.062970846999999663e-02,6.346090882999999572e-02
3.897988796000000089e-02,3.179149701999999661e-02,6.346090882999999572e-02,5.653022975000000089e-02
3.179149701999999661e-02,2.486540563000000023e-02,5.653022975000000089e-02,4.985256865999999898e-02
2.486540563000000023e-02,1.821754314000000041e-02,4.985256865999999898e-02,4.344323276999999955e-02
1.821754314000000041e-02,1.185526140000000075e-02,4.344323276999999955e-02,3.730924054999999739e-02
1.185526140000000075e-02,5.782358813999999812e-03,3.730924054999999739e-02,3.145420924000000285e-02
5.782358813999999812e-03,0.000000000000000000e+00,3.145420924000000285e-02,2.587922662000000096e-02
