0.000000000000000000e+00,9.077770519070300177e-04,0.000000000000000000e+00,5.650989478454000303e-04
9.077770519070300177e-04,1.763365464285000014e-03,5.650989478454000303e-04,1.339319511316699974e-03
1.763365464285000014e-03,2.861426910385499872e-03,1.339319511316699974e-03,2.397551666945199958e-03
2.861426910385499872e-03,4.343540873378499631e-03,2.397551666945199958e-03,3.839327720925200197e-03
4.343540873378499631e-03,6.347088608890799621e-03,3.839327720925200197e-03,5.795061122626100035e-03
6.347088608890799621e-03,9.043313562869999614e-03,5.795061122626100035e-03,8.432237431407000813e-03
9.043313562869999614e-03,1.264501269906800028e-02,8.432237431407000813e-03,1.195992622524500067e-02
1.264501269906800028e-02,1.740669272840000142e-02,1.195992622524500067e-02,1.662860997021200007e-02
1.740669272840000142e-02,2.361481823027099941e-02,1.662860997021200007e-02,2.272060699760899971e-02
2.361481823027099941e-02,3.156214207410799888e-02,2.272060699760899971e-02,3.052485361695300020e-02
3.156214207410799888e-02,4.150028526782999910e-02,3.052485361695300020e-02,4.029021412134199676e-02
4.150028526782999910e-02,5.356958881020500163e-02,4.029021412134199676e-02,5.215615406632399809e-02
5.356958881020500163e-02,6.771680712699899851e-02,5.215615406632399809e-02,6.607102602720299478e-02
6.771680712699899851e-02,8.362716436386100072e-02,6.607102602720299478e-02,8.172444999217999551e-02
8.362716436386100072e-02,1.007085070013999939e-01,8.172444999217999551e-02,9.853139519691500592e-02
1.007085070013999939e-01,1.181564033031499983e-01,9.853139519691500592e-02,1.156971305608699985e-01
1.181564033031499983e-01,1.350948065519300134e-01,1.156971305608699985e-01,1.323572546243700077e-01
1.350948065519300134e-01,1.507444828748699950e-01,1.323572546243700077e-01,1.477449387311899898e-01
1.507444828748699950e-01,1.645541638135900042e-01,1.477449387311899898e-01,1.613203734159500136e-01
1.645541638135900042e-01,1.762519776821100115e-01,1.613203734159500136e-01,1.728209108114200088e-01
1.762519776821100115e-01,1.858179420232800028e-01,1.728209108114200088e-01,1.822336018085499998e-01
1.858179420232800028e-01,1.934091448783900047e-01,1.822336018085499998e-01,1.897225230932199913e-01
1.934091448783900047e-01,1.992720812559100052e-01,1.897225230932199913e-01,1.955478340387299951e-01
1.992720812559100052e-01,2.037429809570300010e-01,1.955478340387299951e-01,2.000000029802299906e-01
2.037429809570300010e-01,2.044274955987900044e-01,2.000000029802299906e-01,2.000000029802299906e-01
2.044274955987900044e-01,2.047132551670099998e-01,2.000000029802299906e-01,2.000000029802299906e-01
2.047132551670099998e-01,2.049497514963199984e-01,2.000000029802299906e-01,2.000000029802299906e-01
2.049497514963199984e-01,2.051725685596499926e-01,2.000000029802299906e-01,2.000000029802299906e-01
2.051725685596499926e-01,2.053934335708600123e-01,2.000000029802299906e-01,2.000000029802299906e-01
2.053934335708600123e-01,2.056179046630899898e-01,2.000000029802299906e-01,2.000000029802299906e-01
2.056179046630899898e-01,2.058491557836500119e-01,2.000000029802299906e-01,2.000000029802299906e-01
2.058491557836500119e-01,2.060892432928100038e-01,2.000000029802299906e-01,2.000000029802299906e-01
2.060892432928100038e-01,2.063396275043500039e-01,2.000000029802299906e-01,2.000000029802299906e-01
2.063396275043500039e-01,2.066013664007199935e-01,2.000000029802299906e-01,2.000000029802299906e-01
2.066013664007199935e-01,2.068751752376599973e-01,2.000000029802299906e-01,2.000000029802299906e-01
2.068751752376599973e-01,2.071611732244499904e-01,2.000000029802299906e-01,2.000000029802299906e-01
2.071611732244499904e-01,2.074579447507899910e-01,2.000000029802299906e-01,2.000000029802299906e-01
2.074579447507899910e-01,2.077596187591599919e-01,2.000000029802299906e-01,2.000000029802299906e-01
2.077596187591599919e-01,2.080452591180800004e-01,2.000000029802299906e-01,2.000000029802299906e-01
2.080452591180800004e-01,2.082212120294600066e-01,2.000000029802299906e-01,2.000000029802299906e-01
2.082212120294600066e-01,2.084369957447100019e-01,2.000000029802299906e-01,2.000000029802299906e-01
2.084369957447100019e-01,2.084023356437700036e-01,2.000000029802299906e-01,2.000000029802299906e-01
2.084023356437700036e-01,2.084261476993599926e-01,2.000000029802299906e-01,2.000000029802299906e-01
2.084261476993599926e-01,2.084748148918199873e-01,2.000000029802299906e-01,2.000000029802299906e-01
2.084748148918199873e-01,2.085322886705399947e-01,2.000000029802299906e-01,2.000000029802299906e-01
2.085322886705399947e-01,2.085930854082100050e-01,2.000000029802299906e-01,2.000000029802299906e-01
2.085930854082100050e-01,2.086553275585200096e-01,2.000000029802299906e-01,2.000000029802299906e-01
2.086553275585200096e-01,2.087182998657199917e-01,2.000000029802299906e-01,2.000000029802299906e-01
2.087182998657199917e-01,2.087817490100900009e-01,2.000000029802299906e-01,2.000000029802299906e-01
2.087817490100900009e-01,2.088455110788300095e-01,2.000000029802299906e-01,2.000000029802299906e-01
2.088455110788300095e-01,2.089095264673200003e-01,2.000000029802299906e-01,2.000000029802299906e-01
2.089095264673200003e-01,2.089737504720700079e-01,2.000000029802299906e-01,2.000000029802299906e-01
2.089737504720700079e-01,2.090381830930700124e-01,2.000000029802299906e-01,2.000000029802299906e-01
2.090381830930700124e-01,2.091027796268500050e-01,2.000000029802299906e-01,2.000000029802299906e-01
2.091027796268500050e-01,2.091675400733900014e-01,2.000000029802299906e-01,2.000000029802299906e-01
2.091675400733900014e-01,2.092324495315600053e-01,2.000000029802299906e-01,2.000000029802299906e-01
2.092324495315600053e-01,2.092975229024900130e-01,2.000000029802299906e-01,2.000000029802299906e-01
2.092975229024900130e-01,2.093627303838699882e-01,2.000000029802299906e-01,2.000000029802299906e-01
2.093627303838699882e-01,2.094280868768700066e-01,2.000000029802299906e-01,2.000000029802299906e-01
2.094280868768700066e-01,2.094935923814799927e-01,2.000000029802299906e-01,2.000000029802299906e-01
2.094935923814799927e-01,2.095592319965400019e-01,2.000000029802299906e-01,2.000000029802299906e-01
2.095592319965400019e-01,2.096250057220500063e-01,2.000000029802299906e-01,2.000000029802299906e-01
2.096250057220500063e-01,2.096909135580100059e-01,2.000000029802299906e-01,2.000000029802299906e-01
2.096909135580100059e-01,2.097569406032600003e-01,2.000000029802299906e-01,2.000000029802299906e-01
2.097569406032600003e-01,2.098231166601199904e-01,2.000000029802299906e-01,2.000000029802299906e-01
2.098231166601199904e-01,2.098894268274300035e-01,2.000000029802299906e-01,2.000000029802299906e-01
2.098894268274300035e-01,2.099558562040300114e-01,2.000000029802299906e-01,2.000000029802299906e-01
2.099558562040300114e-01,2.100224196910900065e-01,2.000000029802299906e-01,2.000000029802299906e-01
2.100224196910900065e-01,2.100891172885900049e-01,2.000000029802299906e-01,2.000000029802299906e-01
2.100891172885900049e-01,2.101559340953799981e-01,2.000000029802299906e-01,2.000000029802299906e-01
2.101559340953799981e-01,2.102228850126300064e-01,2.000000029802299906e-01,2.000000029802299906e-01
2.102228850126300064e-01,2.102899700403199901e-01,2.000000029802299906e-01,2.000000029802299906e-01
2.102899700403199901e-01,2.103571742773099884e-01,2.000000029802299906e-01,2.000000029802299906e-01
2.103571742773099884e-01,2.104245275258999903e-01,2.000000029802299906e-01,2.000000029802299906e-01
2.104245275258999903e-01,2.104919850826300065e-01,2.000000029802299906e-01,2.000000029802299906e-01
2.104919850826300065e-01,2.105595618486399978e-01,2.000000029802299906e-01,2.000000029802299906e-01
2.105595618486399978e-01,2.106272578239400117e-01,2.000000029802299906e-01,2.000000029802299906e-01
2.106272578239400117e-01,2.106950879097000129e-01,2.000000029802299906e-01,2.000000029802299906e-01
2.106950879097000129e-01,2.107630372047399891e-01,2.000000029802299906e-01,2.000000029802299906e-01
2.107630372047399891e-01,2.108311057090800078e-01,2.000000029802299906e-01,2.000000029802299906e-01
2.108311057090800078e-01,2.108993083238600019e-01,2.000000029802299906e-01,2.000000029802299906e-01
2.108993083238600019e-01,2.109676301479299909e-01,2.000000029802299906e-01,2.000000029802299906e-01
2.109676301479299909e-01,2.110360860824599949e-01,2.000000029802299906e-01,2.000000029802299906e-01
2.110360860824599949e-01,2.111046612262700017e-01,2.000000029802299906e-01,2.000000029802299906e-01
2.111046612262700017e-01,2.111733704805399958e-01,2.000000029802299906e-01,2.000000029802299906e-01
2.111733704805399958e-01,2.112421989440899928e-01,2.000000029802299906e-01,2.000000029802299906e-01
2.112421989440899928e-01,2.113111764192600051e-01,2.000000029802299906e-01,2.000000029802299906e-01
2.113111764192600051e-01,2.113802731037099925e-01,2.000000029802299906e-01,2.000000029802299906e-01
2.113802731037099925e-01,2.114495187997799952e-01,2.000000029802299906e-01,2.000000029802299906e-01
2.114495187997799952e-01,2.115189135074599935e-01,2.000000029802299906e-01,2.000000029802299906e-01
2.115189135074599935e-01,2.115884721279099878e-01,2.000000029802299906e-01,2.000000029802299906e-01
2.115884721279099878e-01,2.116581946611399978e-01,2.000000029802299906e-01,2.000000029802299906e-01
2.116581946611399978e-01,2.117281109094600045e-01,2.000000029802299906e-01,2.000000029802299906e-01
2.117281109094600045e-01,2.117982357740400001e-01,2.000000029802299906e-01,2.000000029802299906e-01
2.117982357740400001e-01,2.118685990572000133e-01,2.000000029802299906e-01,2.000000029802299906e-01
2.118685990572000133e-01,2.119392454624199895e-01,2.000000029802299906e-01,2.000000029802299906e-01
2.119392454624199895e-01,2.120102345943500055e-01,2.000000029802299906e-01,2.000000029802299906e-01
2.120102345943500055e-01,2.120817005634300090e-01,2.000000029802299906e-01,2.000000029802299906e-01
2.120817005634300090e-01,2.121537774801300069e-01,2.000000029802299906e-01,2.000000029802299906e-01
2.121537774801300069e-01,2.122267782688100068e-01,2.000000029802299906e-01,2.000000029802299906e-01
2.122267782688100068e-01,2.123012095689799927e-01,2.000000029802299906e-01,2.000000029802299906e-01
2.123012095689799927e-01,2.123778164386699863e-01,2.000000029802299906e-01,2.000000029802299906e-01
2.123778164386699863e-01,2.124551832675899976e-01,2.000000029802299906e-01,2.000000029802299906e-01
2.124551832675899976e-01,2.125000059604600089e-01,2.000000029802299906e-01,2.000000029802299906e-01
0.000000000000000000e+00,1.043593161739400079e-03,0.000000000000000000e+00,9.077770519070300177e-04
1.043593161739400079e-03,2.035737736150599816e-03,9.077770519070300177e-04,1.763365464285000014e-03
2.035737736150599816e-03,3.191648982465300141e-03,1.763365464285000014e-03,2.861426910385499872e-03
3.191648982465300141e-03,4.723499063402399577e-03,2.861426910385499872e-03,4.343540873378499631e-03
4.723499063402399577e-03,6.782514043152300214e-03,4.343540873378499631e-03,6.347088608890799621e-03
6.782514043152300214e-03,9.543079882860199328e-03,6.347088608890799621e-03,9.043313562869999614e-03
9.543079882860199328e-03,1.322026085108500039e-02,9.043313562869999614e-03,1.264501269906800028e-02
1.322026085108500039e-02,1.807081326842300065e-02,1.264501269906800028e-02,1.740669272840000142e-02
1.807081326842300065e-02,2.438321523368399898e-02,1.740669272840000142e-02,2.361481823027099941e-02
2.438321523368399898e-02,3.245157375931700255e-02,2.361481823027099941e-02,3.156214207410799888e-02
3.245157375931700255e-02,4.252784699201599822e-02,3.156214207410799888e-02,4.150028526782999910e-02
4.252784699201599822e-02,5.475160852074600210e-02,4.150028526782999910e-02,5.356958881020500163e-02
5.475160852074600210e-02,6.906814128160500277e-02,5.356958881020500163e-02,6.771680712699899851e-02
6.906814128160500277e-02,8.516115695238099526e-02,6.771680712699899851e-02,8.362716436386100072e-02
8.516115695238099526e-02,1.024370566010500000e-01,8.362716436386100072e-02,1.007085070013999939e-01
1.024370566010500000e-01,1.200888752937299964e-01,1.007085070013999939e-01,1.181564033031499983e-01
1.200888752937299964e-01,1.372351050376899861e-01,1.181564033031499983e-01,1.350948065519300134e-01
1.372351050376899861e-01,1.530872434377699987e-01,1.350948065519300134e-01,1.507444828748699950e-01
1.530872434377699987e-01,1.670817583799399930e-01,1.507444828748699950e-01,1.645541638135900042e-01
1.670817583799399930e-01,1.789332926273299873e-01,1.645541638135900042e-01,1.762519776821100115e-01
1.789332926273299873e-01,1.886077374219899960e-01,1.762519776821100115e-01,1.858179420232800028e-01
1.886077374219899960e-01,1.962448060512499981e-01,1.858179420232800028e-01,1.934091448783900047e-01
1.962448060512499981e-01,2.020578086376199900e-01,1.934091448783900047e-01,1.992720812559100052e-01
2.020578086376199900e-01,2.061663269996600045e-01,1.992720812559100052e-01,2.037429809570300010e-01
2.061663269996600045e-01,2.076389938592899942e-01,2.037429809570300010e-01,2.044274955987900044e-01
2.076389938592899942e-01,2.083922773599599931e-01,2.044274955987900044e-01,2.047132551670099998e-01
2.083922773599599931e-01,2.089948058128399955e-01,2.047132551670099998e-01,2.049497514963199984e-01
2.089948058128399955e-01,2.095495313406000037e-01,2.049497514963199984e-01,2.051725685596499926e-01
2.095495313406000037e-01,2.100917696952800118e-01,2.051725685596499926e-01,2.053934335708600123e-01
2.100917696952800118e-01,2.106385976076100008e-01,2.053934335708600123e-01,2.056179046630899898e-01
2.106385976076100008e-01,2.112002521753300055e-01,2.056179046630899898e-01,2.058491557836500119e-01
2.112002521753300055e-01,2.117838412523299907e-01,2.058491557836500119e-01,2.060892432928100038e-01
2.117838412523299907e-01,2.123949229717299880e-01,2.060892432928100038e-01,2.063396275043500039e-01
2.123949229717299880e-01,2.130382210016300015e-01,2.063396275043500039e-01,2.066013664007199935e-01
2.130382210016300015e-01,2.137175798416099948e-01,2.066013664007199935e-01,2.068751752376599973e-01
2.137175798416099948e-01,2.144352495670300007e-01,2.068751752376599973e-01,2.071611732244499904e-01
2.144352495670300007e-01,2.151885330676999997e-01,2.071611732244499904e-01,2.074579447507899910e-01
2.151885330676999997e-01,2.159587442874900121e-01,2.074579447507899910e-01,2.077596187591599919e-01
2.159587442874900121e-01,2.166719734668700048e-01,2.077596187591599919e-01,2.080452591180800004e-01
2.166719734668700048e-01,2.170533090829800116e-01,2.080452591180800004e-01,2.082212120294600066e-01
2.170533090829800116e-01,2.173983901739099944e-01,2.082212120294600066e-01,2.084369957447100019e-01
2.173983901739099944e-01,2.173912376165400007e-01,2.084369957447100019e-01,2.084023356437700036e-01
2.173912376165400007e-01,2.174283266067499887e-01,2.084023356437700036e-01,2.084261476993599926e-01
2.174283266067499887e-01,2.175062447786300091e-01,2.084261476993599926e-01,2.084748148918199873e-01
2.175062447786300091e-01,2.176034748554200038e-01,2.084748148918199873e-01,2.085322886705399947e-01
2.176034748554200038e-01,2.177094221115100092e-01,2.085322886705399947e-01,2.085930854082100050e-01
2.177094221115100092e-01,2.178196310997000118e-01,2.085930854082100050e-01,2.086553275585200096e-01
2.178196310997000118e-01,2.179321795702000020e-01,2.086553275585200096e-01,2.087182998657199917e-01
2.179321795702000020e-01,2.180462181568099955e-01,2.087182998657199917e-01,2.087817490100900009e-01
2.180462181568099955e-01,2.181613147258799901e-01,2.087817490100900009e-01,2.088455110788300095e-01
2.181613147258799901e-01,2.182772308587999921e-01,2.088455110788300095e-01,2.089095264673200003e-01
2.182772308587999921e-01,2.183938324451399904e-01,2.089095264673200003e-01,2.089737504720700079e-01
2.183938324451399904e-01,2.185110449791000109e-01,2.089737504720700079e-01,2.090381830930700124e-01
2.185110449791000109e-01,2.186288088560099929e-01,2.090381830930700124e-01,2.091027796268500050e-01
2.186288088560099929e-01,2.187470942735700030e-01,2.091027796268500050e-01,2.091675400733900014e-01
2.187470942735700030e-01,2.188658565282800006e-01,2.091675400733900014e-01,2.092324495315600053e-01
2.188658565282800006e-01,2.189850956201599974e-01,2.092324495315600053e-01,2.092975229024900130e-01
2.189850956201599974e-01,2.191047817468599890e-01,2.092975229024900130e-01,2.093627303838699882e-01
2.191047817468599890e-01,2.192249000072500065e-01,2.093627303838699882e-01,2.094280868768700066e-01
2.192249000072500065e-01,2.193454504013100104e-01,2.094280868768700066e-01,2.094935923814799927e-01
2.193454504013100104e-01,2.194664180278800003e-01,2.094935923814799927e-01,2.095592319965400019e-01
2.194664180278800003e-01,2.195877879858000037e-01,2.095592319965400019e-01,2.096250057220500063e-01
2.195877879858000037e-01,2.197095602750800125e-01,2.096250057220500063e-01,2.096909135580100059e-01
2.197095602750800125e-01,2.198317348957100070e-01,2.096909135580100059e-01,2.097569406032600003e-01
2.198317348957100070e-01,2.199542969465299869e-01,2.097569406032600003e-01,2.098231166601199904e-01
2.199542969465299869e-01,2.200772315263699874e-01,2.098231166601199904e-01,2.098894268274300035e-01
2.200772315263699874e-01,2.202005535364200128e-01,2.098894268274300035e-01,2.099558562040300114e-01
2.202005535364200128e-01,2.203242480754900035e-01,2.099558562040300114e-01,2.100224196910900065e-01
2.203242480754900035e-01,2.204483151435900068e-01,2.100224196910900065e-01,2.100891172885900049e-01
2.204483151435900068e-01,2.205727398395500027e-01,2.100891172885900049e-01,2.101559340953799981e-01
2.205727398395500027e-01,2.206975370645500034e-01,2.101559340953799981e-01,2.102228850126300064e-01
2.206975370645500034e-01,2.208226919174199887e-01,2.102228850126300064e-01,2.102899700403199901e-01
2.208226919174199887e-01,2.209482043981599864e-01,2.102899700403199901e-01,2.103571742773099884e-01
2.209482043981599864e-01,2.210740894079200047e-01,2.103571742773099884e-01,2.104245275258999903e-01
2.210740894079200047e-01,2.212003171443900074e-01,2.104245275258999903e-01,2.104919850826300065e-01
2.212003171443900074e-01,2.213268876075699942e-01,2.104919850826300065e-01,2.105595618486399978e-01
2.213268876075699942e-01,2.214538007974599931e-01,2.105595618486399978e-01,2.106272578239400117e-01
2.214538007974599931e-01,2.215810716152200044e-01,2.106272578239400117e-01,2.106950879097000129e-01
2.215810716152200044e-01,2.217086702585200075e-01,2.106950879097000129e-01,2.107630372047399891e-01
2.217086702585200075e-01,2.218366265296899953e-01,2.107630372047399891e-01,2.108311057090800078e-01
2.218366265296899953e-01,2.219649255275699951e-01,2.108311057090800078e-01,2.108993083238600019e-01
2.219649255275699951e-01,2.220935523510000065e-01,2.108993083238600019e-01,2.109676301479299909e-01
2.220935523510000065e-01,2.222225368022900105e-01,2.109676301479299909e-01,2.110360860824599949e-01
2.222225368022900105e-01,2.223518639802899988e-01,2.110360860824599949e-01,2.111046612262700017e-01
2.223518639802899988e-01,2.224815487861599994e-01,2.111046612262700017e-01,2.111733704805399958e-01
2.224815487861599994e-01,2.226115912199000124e-01,2.111733704805399958e-01,2.112421989440899928e-01
2.226115912199000124e-01,2.227419912815100100e-01,2.112421989440899928e-01,2.113111764192600051e-01
2.227419912815100100e-01,2.228727638721499926e-01,2.113111764192600051e-01,2.113802731037099925e-01
2.228727638721499926e-01,2.230039238929699963e-01,2.113802731037099925e-01,2.114495187997799952e-01
2.230039238929699963e-01,2.231354862451599974e-01,2.114495187997799952e-01,2.115189135074599935e-01
2.231354862451599974e-01,2.232675105333299936e-01,2.115189135074599935e-01,2.115884721279099878e-01
2.232675105333299936e-01,2.233999967575099888e-01,2.115884721279099878e-01,2.116581946611399978e-01
2.233999967575099888e-01,2.235330045223200002e-01,2.116581946611399978e-01,2.117281109094600045e-01
2.235330045223200002e-01,2.236666232347500061e-01,2.117281109094600045e-01,2.117982357740400001e-01
2.236666232347500061e-01,2.238009274005899885e-01,2.117982357740400001e-01,2.118685990572000133e-01
2.238009274005899885e-01,2.239360809326199908e-01,2.118685990572000133e-01,2.119392454624199895e-01
2.239360809326199908e-01,2.240722775459300098e-01,2.119392454624199895e-01,2.120102345943500055e-01
2.240722775459300098e-01,2.242098152637500008e-01,2.120102345943500055e-01,2.120817005634300090e-01
2.242098152637500008e-01,2.243491858243900072e-01,2.120817005634300090e-01,2.121537774801300069e-01
2.243491858243900072e-01,2.244911342859300107e-01,2.121537774801300069e-01,2.122267782688100068e-01
2.244911342859300107e-01,2.246367037296299884e-01,2.122267782688100068e-01,2.123012095689799927e-01
2.246367037296299884e-01,2.247860878706000043e-01,2.123012095689799927e-01,2.123778164386699863e-01
2.247860878706000043e-01,2.249300479888899917e-01,2.123778164386699863e-01,2.124551832675899976e-01
2.249300479888899917e-01,2.249999940395399911e-01,2.124551832675899976e-01,2.125000059604600089e-01
0.000000000000000000e+00,1.101954374462399931e-03,0.000000000000000000e+00,1.043593161739400079e-03
1.101954374462399931e-03,2.231168327853100090e-03,1.043593161739400079e-03,2.035737736150599816e-03
2.231168327853100090e-03,3.473543561994999959e-03,2.035737736150599816e-03,3.191648982465300141e-03
3.473543561994999959e-03,5.066502839326900154e-03,3.191648982465300141e-03,4.723499063402399577e-03
5.066502839326900154e-03,7.187379524111700037e-03,4.723499063402399577e-03,6.782514043152300214e-03
7.187379524111700037e-03,1.001689862459900077e-02,6.782514043152300214e-03,9.543079882860199328e-03
1.001689862459900077e-02,1.377303805202199916e-02,9.543079882860199328e-03,1.322026085108500039e-02
1.377303805202199916e-02,1.871482469141499960e-02,1.322026085108500039e-02,1.807081326842300065e-02
1.871482469141499960e-02,2.513256110250899900e-02,1.807081326842300065e-02,2.438321523368399898e-02
2.513256110250899900e-02,3.332147002220200299e-02,2.438321523368399898e-02,3.245157375931700255e-02
3.332147002220200299e-02,4.353364184498800110e-02,3.245157375931700255e-02,4.252784699201599822e-02
4.353364184498800110e-02,5.590785667300200018e-02,4.252784699201599822e-02,5.475160852074600210e-02
5.590785667300200018e-02,7.038825750350999333e-02,5.475160852074600210e-02,6.906814128160500277e-02
7.038825750350999333e-02,8.665778487920799966e-02,6.906814128160500277e-02,8.516115695238099526e-02
8.665778487920799966e-02,1.041225492954299947e-01,8.516115695238099526e-02,1.024370566010500000e-01
1.041225492954299947e-01,1.219742447137800029e-01,1.024370566010500000e-01,1.200888752937299964e-01
1.219742447137800029e-01,1.393268257379499941e-01,1.200888752937299964e-01,1.372351050376899861e-01
1.393268257379499941e-01,1.553826630115499874e-01,1.372351050376899861e-01,1.530872434377699987e-01
1.553826630115499874e-01,1.695652604103100036e-01,1.530872434377699987e-01,1.670817583799399930e-01
1.695652604103100036e-01,1.815743446350099877e-01,1.670817583799399930e-01,1.789332926273299873e-01
1.815743446350099877e-01,1.913600564002999882e-01,1.789332926273299873e-01,1.886077374219899960e-01
1.913600564002999882e-01,1.990433484315899948e-01,1.886077374219899960e-01,1.962448060512499981e-01
1.990433484315899948e-01,2.048069387674300024e-01,1.962448060512499981e-01,2.020578086376199900e-01
2.048069387674300024e-01,2.087039500474900111e-01,2.020578086376199900e-01,2.061663269996600045e-01
2.087039500474900111e-01,2.107316851615899933e-01,2.061663269996600045e-01,2.076389938592899942e-01
2.107316851615899933e-01,2.119842320680599967e-01,2.076389938592899942e-01,2.083922773599599931e-01
2.119842320680599967e-01,2.129954844713199957e-01,2.083922773599599931e-01,2.089948058128399955e-01
2.129954844713199957e-01,2.139230072498299884e-01,2.089948058128399955e-01,2.095495313406000037e-01
2.139230072498299884e-01,2.148267775774000132e-01,2.095495313406000037e-01,2.100917696952800118e-01
2.148267775774000132e-01,2.157367616891900097e-01,2.100917696952800118e-01,2.106385976076100008e-01
2.157367616891900097e-01,2.166713029146200009e-01,2.106385976076100008e-01,2.112002521753300055e-01
2.166713029146200009e-01,2.176434397697399881e-01,2.112002521753300055e-01,2.117838412523299907e-01
2.176434397697399881e-01,2.186636030673999864e-01,2.117838412523299907e-01,2.123949229717299880e-01
2.186636030673999864e-01,2.197408378124199868e-01,2.123949229717299880e-01,2.130382210016300015e-01
2.197408378124199868e-01,2.208828926086399969e-01,2.130382210016300015e-01,2.137175798416099948e-01
2.208828926086399969e-01,2.220947444438899909e-01,2.137175798416099948e-01,2.144352495670300007e-01
2.220947444438899909e-01,2.233729511499399911e-01,2.144352495670300007e-01,2.151885330676999997e-01
2.233729511499399911e-01,2.246854454278900126e-01,2.151885330676999997e-01,2.159587442874900121e-01
2.246854454278900126e-01,2.259001880884199953e-01,2.159587442874900121e-01,2.166719734668700048e-01
2.259001880884199953e-01,2.265254557132700131e-01,2.166719734668700048e-01,2.170533090829800116e-01
2.265254557132700131e-01,2.268836498260499990e-01,2.170533090829800116e-01,2.173983901739099944e-01
2.268836498260499990e-01,2.269487380981400071e-01,2.173983901739099944e-01,2.173912376165400007e-01
2.269487380981400071e-01,2.270212769508400119e-01,2.173912376165400007e-01,2.174283266067499887e-01
2.270212769508400119e-01,2.271291613578799995e-01,2.174283266067499887e-01,2.175062447786300091e-01
2.271291613578799995e-01,2.272595167160000040e-01,2.175062447786300091e-01,2.176034748554200038e-01
2.272595167160000040e-01,2.274019271135299947e-01,2.176034748554200038e-01,2.177094221115100092e-01
2.274019271135299947e-01,2.275509089231499971e-01,2.177094221115100092e-01,2.178196310997000118e-01
2.275509089231499971e-01,2.277037948370000120e-01,2.178196310997000118e-01,2.179321795702000020e-01
2.277037948370000120e-01,2.278592139482500112e-01,2.179321795702000020e-01,2.180462181568099955e-01
2.278592139482500112e-01,2.280164659023299900e-01,2.180462181568099955e-01,2.181613147258799901e-01
2.280164659023299900e-01,2.281751483678799985e-01,2.181613147258799901e-01,2.182772308587999921e-01
2.281751483678799985e-01,2.283350229263300113e-01,2.182772308587999921e-01,2.183938324451399904e-01
2.283350229263300113e-01,2.284959554672200133e-01,2.183938324451399904e-01,2.185110449791000109e-01
2.284959554672200133e-01,2.286578267812700016e-01,2.185110449791000109e-01,2.186288088560099929e-01
2.286578267812700016e-01,2.288205772638300106e-01,2.186288088560099929e-01,2.187470942735700030e-01
2.288205772638300106e-01,2.289841473102600111e-01,2.187470942735700030e-01,2.188658565282800006e-01
2.289841473102600111e-01,2.291484922170599903e-01,2.188658565282800006e-01,2.189850956201599974e-01
2.291484922170599903e-01,2.293135970830899872e-01,2.189850956201599974e-01,2.191047817468599890e-01
2.293135970830899872e-01,2.294794172048600089e-01,2.191047817468599890e-01,2.192249000072500065e-01
2.294794172048600089e-01,2.296459376812000075e-01,2.192249000072500065e-01,2.193454504013100104e-01
2.296459376812000075e-01,2.298131287097900100e-01,2.193454504013100104e-01,2.194664180278800003e-01
2.298131287097900100e-01,2.299809753894800080e-01,2.194664180278800003e-01,2.195877879858000037e-01
2.299809753894800080e-01,2.301494628191000091e-01,2.195877879858000037e-01,2.197095602750800125e-01
2.301494628191000091e-01,2.303185909986500135e-01,2.197095602750800125e-01,2.198317348957100070e-01
2.303185909986500135e-01,2.304883301258099926e-01,2.198317348957100070e-01,2.199542969465299869e-01
2.304883301258099926e-01,2.306586652994200015e-01,2.199542969465299869e-01,2.200772315263699874e-01
2.306586652994200015e-01,2.308295965194699928e-01,2.200772315263699874e-01,2.202005535364200128e-01
2.308295965194699928e-01,2.310011088848100136e-01,2.202005535364200128e-01,2.203242480754900035e-01
2.310011088848100136e-01,2.311732023954400084e-01,2.203242480754900035e-01,2.204483151435900068e-01
2.311732023954400084e-01,2.313458621501900125e-01,2.204483151435900068e-01,2.205727398395500027e-01
2.313458621501900125e-01,2.315190732479099900e-01,2.205727398395500027e-01,2.206975370645500034e-01
2.315190732479099900e-01,2.316928356885900042e-01,2.206975370645500034e-01,2.208226919174199887e-01
2.316928356885900042e-01,2.318671345710799914e-01,2.208226919174199887e-01,2.209482043981599864e-01
2.318671345710799914e-01,2.320419847965199955e-01,2.209482043981599864e-01,2.210740894079200047e-01
2.320419847965199955e-01,2.322173565626100000e-01,2.210740894079200047e-01,2.212003171443900074e-01
2.322173565626100000e-01,2.323932498693500048e-01,2.212003171443900074e-01,2.213268876075699942e-01
2.323932498693500048e-01,2.325696647167199982e-01,2.213268876075699942e-01,2.214538007974599931e-01
2.325696647167199982e-01,2.327465862035799915e-01,2.214538007974599931e-01,2.215810716152200044e-01
2.327465862035799915e-01,2.329240143299100008e-01,2.215810716152200044e-01,2.217086702585200075e-01
2.329240143299100008e-01,2.331019490957300100e-01,2.217086702585200075e-01,2.218366265296899953e-01
2.331019490957300100e-01,2.332803755998600070e-01,2.218366265296899953e-01,2.219649255275699951e-01
2.332803755998600070e-01,2.334593236446400044e-01,2.219649255275699951e-01,2.220935523510000065e-01
2.334593236446400044e-01,2.336387485265699893e-01,2.220935523510000065e-01,2.222225368022900105e-01
2.336387485265699893e-01,2.338186949491500022e-01,2.222225368022900105e-01,2.223518639802899988e-01
2.338186949491500022e-01,2.339991480112099953e-01,2.223518639802899988e-01,2.224815487861599994e-01
2.339991480112099953e-01,2.341801077127499964e-01,2.224815487861599994e-01,2.226115912199000124e-01
2.341801077127499964e-01,2.343615889549300058e-01,2.226115912199000124e-01,2.227419912815100100e-01
2.343615889549300058e-01,2.345436215400699964e-01,2.227419912815100100e-01,2.228727638721499926e-01
2.345436215400699964e-01,2.347262203693399885e-01,2.228727638721499926e-01,2.230039238929699963e-01
2.347262203693399885e-01,2.349094301462200107e-01,2.230039238929699963e-01,2.231354862451599974e-01
2.349094301462200107e-01,2.350932806730300084e-01,2.231354862451599974e-01,2.232675105333299936e-01
2.350932806730300084e-01,2.352778315544100107e-01,2.232675105333299936e-01,2.233999967575099888e-01
2.352778315544100107e-01,2.354631870985000042e-01,2.233999967575099888e-01,2.235330045223200002e-01
2.354631870985000042e-01,2.356494516134300110e-01,2.235330045223200002e-01,2.236666232347500061e-01
2.356494516134300110e-01,2.358368039131200078e-01,2.236666232347500061e-01,2.238009274005899885e-01
2.358368039131200078e-01,2.360254675149900117e-01,2.238009274005899885e-01,2.239360809326199908e-01
2.360254675149900117e-01,2.362157851457599989e-01,2.239360809326199908e-01,2.240722775459300098e-01
2.362157851457599989e-01,2.364082038402600117e-01,2.240722775459300098e-01,2.242098152637500008e-01
2.364082038402600117e-01,2.366034835577000006e-01,2.242098152637500008e-01,2.243491858243900072e-01
2.366034835577000006e-01,2.368025928735700003e-01,2.243491858243900072e-01,2.244911342859300107e-01
2.368025928735700003e-01,2.370065897703199920e-01,2.244911342859300107e-01,2.246367037296299884e-01
2.370065897703199920e-01,2.372142523527099867e-01,2.246367037296299884e-01,2.247860878706000043e-01
2.372142523527099867e-01,2.374093681573899994e-01,2.247860878706000043e-01,2.249300479888899917e-01
2.374093681573899994e-01,2.374999970197700094e-01,2.249300479888899917e-01,2.249999940395399911e-01
0.000000000000000000e+00,1.143709989264600057e-03,0.000000000000000000e+00,1.101954374462399931e-03
1.143709989264600057e-03,2.381244441494300128e-03,1.101954374462399931e-03,2.231168327853100090e-03
2.381244441494300128e-03,3.728442825377000034e-03,2.231168327853100090e-03,3.473543561994999959e-03
3.728442825377000034e-03,5.394338164478499655e-03,3.473543561994999959e-03,5.066502839326900154e-03
5.394338164478499655e-03,7.583238650113299957e-03,5.066502839326900154e-03,7.187379524111700037e-03
7.583238650113299957e-03,1.048609893768999955e-02,7.187379524111700037e-03,1.001689862459900077e-02
1.048609893768999955e-02,1.432495564222300080e-02,1.001689862459900077e-02,1.377303805202199916e-02
1.432495564222300080e-02,1.936150342225999993e-02,1.377303805202199916e-02,1.871482469141499960e-02
1.936150342225999993e-02,2.588806115090799831e-02,1.871482469141499960e-02,2.513256110250899900e-02
2.588806115090799831e-02,3.420107439160299800e-02,2.513256110250899900e-02,3.332147002220200299e-02
3.420107439160299800e-02,4.455287754535700029e-02,3.332147002220200299e-02,4.353364184498800110e-02
4.455287754535700029e-02,5.708158016204799984e-02,4.353364184498800110e-02,5.590785667300200018e-02
5.708158016204799984e-02,7.173038274049800544e-02,5.590785667300200018e-02,7.038825750350999333e-02
7.173038274049800544e-02,8.818177878856700569e-02,7.038825750350999333e-02,8.665778487920799966e-02
8.818177878856700569e-02,1.058419123291999969e-01,8.665778487920799966e-02,1.041225492954299947e-01
1.058419123291999969e-01,1.239015683531800027e-01,1.041225492954299947e-01,1.219742447137800029e-01
1.239015683531800027e-01,1.414703577756900033e-01,1.219742447137800029e-01,1.393268257379499941e-01
1.414703577756900033e-01,1.577414274215699908e-01,1.393268257379499941e-01,1.553826630115499874e-01
1.577414274215699908e-01,1.721248179674099987e-01,1.553826630115499874e-01,1.695652604103100036e-01
1.721248179674099987e-01,1.843045353889500027e-01,1.695652604103100036e-01,1.815743446350099877e-01
1.843045353889500027e-01,1.942143589258200076e-01,1.815743446350099877e-01,1.913600564002999882e-01
1.942143589258200076e-01,2.019577920436899932e-01,1.913600564002999882e-01,1.990433484315899948e-01
2.019577920436899932e-01,2.076991200447100006e-01,1.990433484315899948e-01,2.048069387674300024e-01
2.076991200447100006e-01,2.115289419889500033e-01,2.048069387674300024e-01,2.087039500474900111e-01
2.115289419889500033e-01,2.139495760202400065e-01,2.087039500474900111e-01,2.107316851615899933e-01
2.139495760202400065e-01,2.156845331191999948e-01,2.107316851615899933e-01,2.119842320680599967e-01
2.156845331191999948e-01,2.171267569065100100e-01,2.119842320680599967e-01,2.129954844713199957e-01
2.171267569065100100e-01,2.184559255838399994e-01,2.129954844713199957e-01,2.139230072498299884e-01
2.184559255838399994e-01,2.197520136833200077e-01,2.139230072498299884e-01,2.148267775774000132e-01
2.197520136833200077e-01,2.210573852062200084e-01,2.148267775774000132e-01,2.157367616891900097e-01
2.210573852062200084e-01,2.223986536264400127e-01,2.157367616891900097e-01,2.166713029146200009e-01
2.223986536264400127e-01,2.237951010465600021e-01,2.166713029146200009e-01,2.176434397697399881e-01
2.237951010465600021e-01,2.252622842788699897e-01,2.176434397697399881e-01,2.186636030673999864e-01
2.252622842788699897e-01,2.268138527870199872e-01,2.186636030673999864e-01,2.197408378124199868e-01
2.268138527870199872e-01,2.284616678953199920e-01,2.197408378124199868e-01,2.208828926086399969e-01
2.284616678953199920e-01,2.302139401435900068e-01,2.208828926086399969e-01,2.220947444438899909e-01
2.302139401435900068e-01,2.320672124624300059e-01,2.220947444438899909e-01,2.233729511499399911e-01
2.320672124624300059e-01,2.339775264263199983e-01,2.233729511499399911e-01,2.246854454278900126e-01
2.339775264263199983e-01,2.357533872127499930e-01,2.246854454278900126e-01,2.259001880884199953e-01
2.357533872127499930e-01,2.366506904363600006e-01,2.259001880884199953e-01,2.265254557132700131e-01
2.366506904363600006e-01,2.369679808616599881e-01,2.265254557132700131e-01,2.268836498260499990e-01
2.369679808616599881e-01,2.370961010456099916e-01,2.268836498260499990e-01,2.269487380981400071e-01
2.370961010456099916e-01,2.372140437364599896e-01,2.269487380981400071e-01,2.270212769508400119e-01
2.372140437364599896e-01,2.373543381691000098e-01,2.270212769508400119e-01,2.271291613578799995e-01
2.373543381691000098e-01,2.375139594078100047e-01,2.271291613578799995e-01,2.272595167160000040e-01
2.375139594078100047e-01,2.376860529184300075e-01,2.272595167160000040e-01,2.274019271135299947e-01
2.376860529184300075e-01,2.378658503293999971e-01,2.274019271135299947e-01,2.275509089231499971e-01
2.378658503293999971e-01,2.380505800247199877e-01,2.275509089231499971e-01,2.277037948370000120e-01
2.380505800247199877e-01,2.382387071847900106e-01,2.277037948370000120e-01,2.278592139482500112e-01
2.382387071847900106e-01,2.384293526411100095e-01,2.278592139482500112e-01,2.280164659023299900e-01
2.384293526411100095e-01,2.386219948530199919e-01,2.280164659023299900e-01,2.281751483678799985e-01
2.386219948530199919e-01,2.388163059949900136e-01,2.281751483678799985e-01,2.283350229263300113e-01
2.388163059949900136e-01,2.390120625495900097e-01,2.283350229263300113e-01,2.284959554672200133e-01
2.390120625495900097e-01,2.392091453075400054e-01,2.284959554672200133e-01,2.286578267812700016e-01
2.392091453075400054e-01,2.394074201583900052e-01,2.286578267812700016e-01,2.288205772638300106e-01
2.394074201583900052e-01,2.396068274974799961e-01,2.288205772638300106e-01,2.289841473102600111e-01
2.396068274974799961e-01,2.398072928190199959e-01,2.289841473102600111e-01,2.291484922170599903e-01
2.398072928190199959e-01,2.400087714195300037e-01,2.291484922170599903e-01,2.293135970830899872e-01
2.400087714195300037e-01,2.402112036943399864e-01,2.293135970830899872e-01,2.294794172048600089e-01
2.402112036943399864e-01,2.404145747423200030e-01,2.294794172048600089e-01,2.296459376812000075e-01
2.404145747423200030e-01,2.406188249587999928e-01,2.296459376812000075e-01,2.298131287097900100e-01
2.406188249587999928e-01,2.408239543437999952e-01,2.298131287097900100e-01,2.299809753894800080e-01
2.408239543437999952e-01,2.410299032926599971e-01,2.299809753894800080e-01,2.301494628191000091e-01
2.410299032926599971e-01,2.412366718053799985e-01,2.301494628191000091e-01,2.303185909986500135e-01
2.412366718053799985e-01,2.414442300796499907e-01,2.303185909986500135e-01,2.304883301258099926e-01
2.414442300796499907e-01,2.416525483131400087e-01,2.304883301258099926e-01,2.306586652994200015e-01
2.416525483131400087e-01,2.418616265058499970e-01,2.306586652994200015e-01,2.308295965194699928e-01
2.418616265058499970e-01,2.420714348554600104e-01,2.308295965194699928e-01,2.310011088848100136e-01
2.420714348554600104e-01,2.422819733619699933e-01,2.310011088848100136e-01,2.311732023954400084e-01
2.422819733619699933e-01,2.424931973218900083e-01,2.311732023954400084e-01,2.313458621501900125e-01
2.424931973218900083e-01,2.427051067352299918e-01,2.313458621501900125e-01,2.315190732479099900e-01
2.427051067352299918e-01,2.429177016019800073e-01,2.315190732479099900e-01,2.316928356885900042e-01
2.429177016019800073e-01,2.431309521198299906e-01,2.316928356885900042e-01,2.318671345710799914e-01
2.431309521198299906e-01,2.433448433876000128e-01,2.318671345710799914e-01,2.320419847965199955e-01
2.433448433876000128e-01,2.435593754053100024e-01,2.320419847965199955e-01,2.322173565626100000e-01
2.435593754053100024e-01,2.437745481729499952e-01,2.322173565626100000e-01,2.323932498693500048e-01
2.437745481729499952e-01,2.439903169870399902e-01,2.323932498693500048e-01,2.325696647167199982e-01
2.439903169870399902e-01,2.442066967487299955e-01,2.325696647167199982e-01,2.327465862035799915e-01
2.442066967487299955e-01,2.444236725568799951e-01,2.327465862035799915e-01,2.329240143299100008e-01
2.444236725568799951e-01,2.446412444114700047e-01,2.329240143299100008e-01,2.331019490957300100e-01
2.446412444114700047e-01,2.448593974113499883e-01,2.331019490957300100e-01,2.332803755998600070e-01
2.448593974113499883e-01,2.450781315565100094e-01,2.332803755998600070e-01,2.334593236446400044e-01
2.450781315565100094e-01,2.452974468469600045e-01,2.334593236446400044e-01,2.336387485265699893e-01
2.452974468469600045e-01,2.455173432827000013e-01,2.336387485265699893e-01,2.338186949491500022e-01
2.455173432827000013e-01,2.457378059625600075e-01,2.338186949491500022e-01,2.339991480112099953e-01
2.457378059625600075e-01,2.459588795900299885e-01,2.339991480112099953e-01,2.341801077127499964e-01
2.459588795900299885e-01,2.461805492639499993e-01,2.341801077127499964e-01,2.343615889549300058e-01
2.461805492639499993e-01,2.464028298854800125e-01,2.343615889549300058e-01,2.345436215400699964e-01
2.464028298854800125e-01,2.466257810592699939e-01,2.345436215400699964e-01,2.347262203693399885e-01
2.466257810592699939e-01,2.468494325876199880e-01,2.347262203693399885e-01,2.349094301462200107e-01
2.468494325876199880e-01,2.470738440751999998e-01,2.349094301462200107e-01,2.350932806730300084e-01
2.470738440751999998e-01,2.472991049289700038e-01,2.350932806730300084e-01,2.352778315544100107e-01
2.472991049289700038e-01,2.475253343582199950e-01,2.352778315544100107e-01,2.354631870985000042e-01
2.475253343582199950e-01,2.477526813745500045e-01,2.354631870985000042e-01,2.356494516134300110e-01
2.477526813745500045e-01,2.479813694953900138e-01,2.356494516134300110e-01,2.358368039131200078e-01
2.479813694953900138e-01,2.482116967439700062e-01,2.358368039131200078e-01,2.360254675149900117e-01
2.482116967439700062e-01,2.484440803527800112e-01,2.360254675149900117e-01,2.362157851457599989e-01
2.484440803527800112e-01,2.486791312694499878e-01,2.362157851457599989e-01,2.364082038402600117e-01
2.486791312694499878e-01,2.489176690578500106e-01,2.364082038402600117e-01,2.366034835577000006e-01
2.489176690578500106e-01,2.491607666015600020e-01,2.366034835577000006e-01,2.368025928735700003e-01
2.491607666015600020e-01,2.494091689586599991e-01,2.368025928735700003e-01,2.370065897703199920e-01
2.494091689586599991e-01,2.496603429317499900e-01,2.370065897703199920e-01,2.372142523527099867e-01
2.496603429317499900e-01,2.498933672904999903e-01,2.372142523527099867e-01,2.374093681573899994e-01
2.498933672904999903e-01,2.500000000000000000e-01,2.374093681573899994e-01,2.374999970197700094e-01
0.000000000000000000e+00,1.181484316475700036e-03,0.000000000000000000e+00,1.143709989264600057e-03
1.181484316475700036e-03,2.504445379599899799e-03,1.143709989264600057e-03,2.381244441494300128e-03
2.504445379599899799e-03,3.961914218962200342e-03,2.381244441494300128e-03,3.728442825377000034e-03
3.961914218962200342e-03,5.712532438337800285e-03,3.728442825377000034e-03,5.394338164478499655e-03
5.712532438337800285e-03,7.976293563842799458e-03,5.394338164478499655e-03,7.583238650113299957e-03
7.976293563842799458e-03,1.095735561102600085e-02,7.583238650113299957e-03,1.048609893768999955e-02
1.095735561102600085e-02,1.488320622593200006e-02,1.048609893768999955e-02,1.432495564222300080e-02
1.488320622593200006e-02,2.001874521374700025e-02,1.432495564222300080e-02,1.936150342225999993e-02
2.001874521374700025e-02,2.665858343243599979e-02,1.936150342225999993e-02,2.588806115090799831e-02
2.665858343243599979e-02,3.510057926178000026e-02,2.588806115090799831e-02,3.420107439160299800e-02
3.510057926178000026e-02,4.559745267033599864e-02,3.420107439160299800e-02,4.455287754535700029e-02
4.559745267033599864e-02,5.828677490353600249e-02,4.455287754535700029e-02,5.708158016204799984e-02
5.828677490353600249e-02,7.311094552278500636e-02,5.708158016204799984e-02,7.173038274049800544e-02
7.311094552278500636e-02,8.975216746330300088e-02,7.173038274049800544e-02,8.818177878856700569e-02
8.975216746330300088e-02,1.076168566942199978e-01,8.818177878856700569e-02,1.058419123291999969e-01
1.076168566942199978e-01,1.258951127529099878e-01,1.058419123291999969e-01,1.239015683531800027e-01
1.258951127529099878e-01,1.436923891305899870e-01,1.239015683531800027e-01,1.414703577756900033e-01
1.436923891305899870e-01,1.601925194263499885e-01,1.414703577756900033e-01,1.577414274215699908e-01
1.601925194263499885e-01,1.747916936874399918e-01,1.577414274215699908e-01,1.721248179674099987e-01
1.747916936874399918e-01,1.871578097343400138e-01,1.721248179674099987e-01,1.843045353889500027e-01
1.871578097343400138e-01,1.972083449363699892e-01,1.843045353889500027e-01,1.942143589258200076e-01
1.972083449363699892e-01,2.050324529409399965e-01,1.942143589258200076e-01,2.019577920436899932e-01
2.050324529409399965e-01,2.107916474342300117e-01,2.019577920436899932e-01,2.076991200447100006e-01
2.107916474342300117e-01,2.146528810262700038e-01,2.076991200447100006e-01,2.115289419889500033e-01
2.146528810262700038e-01,2.173835188150400055e-01,2.115289419889500033e-01,2.139495760202400065e-01
2.173835188150400055e-01,2.195640951395000096e-01,2.139495760202400065e-01,2.156845331191999948e-01
2.195640951395000096e-01,2.214456945657700127e-01,2.156845331191999948e-01,2.171267569065100100e-01
2.214456945657700127e-01,2.231986224651300033e-01,2.171267569065100100e-01,2.184559255838399994e-01
2.231986224651300033e-01,2.249140888452499931e-01,2.184559255838399994e-01,2.197520136833200077e-01
2.249140888452499931e-01,2.266446352004999887e-01,2.197520136833200077e-01,2.210573852062200084e-01
2.266446352004999887e-01,2.284245640039400116e-01,2.210573852062200084e-01,2.223986536264400127e-01
2.284245640039400116e-01,2.302792519331000043e-01,2.223986536264400127e-01,2.237951010465600021e-01
2.302792519331000043e-01,2.322294414043399868e-01,2.237951010465600021e-01,2.252622842788699897e-01
2.322294414043399868e-01,2.342933863401399919e-01,2.252622842788699897e-01,2.268138527870199872e-01
2.342933863401399919e-01,2.364872395992299869e-01,2.268138527870199872e-01,2.284616678953199920e-01
2.364872395992299869e-01,2.388227283954600100e-01,2.284616678953199920e-01,2.302139401435900068e-01
2.388227283954600100e-01,2.412973493337599862e-01,2.302139401435900068e-01,2.320672124624300059e-01
2.412973493337599862e-01,2.438562065362900044e-01,2.320672124624300059e-01,2.339775264263199983e-01
2.438562065362900044e-01,2.462442815303799992e-01,2.339775264263199983e-01,2.357533872127499930e-01
2.462442815303799992e-01,2.474325597286199940e-01,2.357533872127499930e-01,2.366506904363600006e-01
2.474325597286199940e-01,2.476847469806700008e-01,2.366506904363600006e-01,2.369679808616599881e-01
2.476847469806700008e-01,2.478533387184100045e-01,2.369679808616599881e-01,2.370961010456099916e-01
2.478533387184100045e-01,2.480127066373800093e-01,2.370961010456099916e-01,2.372140437364599896e-01
2.480127066373800093e-01,2.481837421655699871e-01,2.372140437364599896e-01,2.373543381691000098e-01
2.481837421655699871e-01,2.483684122562400121e-01,2.373543381691000098e-01,2.375139594078100047e-01
2.483684122562400121e-01,2.485637068748499934e-01,2.375139594078100047e-01,2.376860529184300075e-01
2.485637068748499934e-01,2.487665414810200093e-01,2.376860529184300075e-01,2.378658503293999971e-01
2.487665414810200093e-01,2.489747405052200047e-01,2.378658503293999971e-01,2.380505800247199877e-01
2.489747405052200047e-01,2.491868436336500126e-01,2.380505800247199877e-01,2.382387071847900106e-01
2.491868436336500126e-01,2.494019865989700047e-01,2.382387071847900106e-01,2.384293526411100095e-01
2.494019865989700047e-01,2.496195733547199869e-01,2.384293526411100095e-01,2.386219948530199919e-01
2.496195733547199869e-01,2.498392611741999947e-01,2.386219948530199919e-01,2.388163059949900136e-01
2.498392611741999947e-01,2.500607669353500095e-01,2.388163059949900136e-01,2.390120625495900097e-01
2.500607669353500095e-01,2.502838969230700150e-01,2.390120625495900097e-01,2.392091453075400054e-01
2.502838969230700150e-01,2.505085468292200246e-01,2.392091453075400054e-01,2.394074201583900052e-01
2.505085468292200246e-01,2.507345974445300274e-01,2.394074201583900052e-01,2.396068274974799961e-01
2.507345974445300274e-01,2.509619295597099731e-01,2.396068274974799961e-01,2.398072928190199959e-01
2.509619295597099731e-01,2.511905133724199879e-01,2.398072928190199959e-01,2.400087714195300037e-01
2.511905133724199879e-01,2.514202594757100062e-01,2.400087714195300037e-01,2.402112036943399864e-01
2.514202594757100062e-01,2.516511380672499798e-01,2.402112036943399864e-01,2.404145747423200030e-01
2.516511380672499798e-01,2.518830597400700255e-01,2.404145747423200030e-01,2.406188249587999928e-01
2.518830597400700255e-01,2.521160244941699768e-01,2.406188249587999928e-01,2.408239543437999952e-01
2.521160244941699768e-01,2.523499727249099989e-01,2.408239543437999952e-01,2.410299032926599971e-01
2.523499727249099989e-01,2.525848746299699799e-01,2.410299032926599971e-01,2.412366718053799985e-01
2.525848746299699799e-01,2.528206706047099739e-01,2.412366718053799985e-01,2.414442300796499907e-01
2.528206706047099739e-01,2.530573904514299977e-01,2.414442300796499907e-01,2.416525483131400087e-01
2.530573904514299977e-01,2.532949447631799855e-01,2.416525483131400087e-01,2.418616265058499970e-01
2.532949447631799855e-01,2.535333037376399923e-01,2.418616265058499970e-01,2.420714348554600104e-01
2.535333037376399923e-01,2.537724971771200266e-01,2.420714348554600104e-01,2.422819733619699933e-01
2.537724971771200266e-01,2.540124952793100244e-01,2.422819733619699933e-01,2.424931973218900083e-01
2.540124952793100244e-01,2.542532384395599920e-01,2.424931973218900083e-01,2.427051067352299918e-01
2.542532384395599920e-01,2.544946968555499844e-01,2.427051067352299918e-01,2.429177016019800073e-01
2.544946968555499844e-01,2.547369003295900103e-01,2.429177016019800073e-01,2.431309521198299906e-01
2.547369003295900103e-01,2.549798190593700054e-01,2.431309521198299906e-01,2.433448433876000128e-01
2.549798190593700054e-01,2.552233934402500237e-01,2.433448433876000128e-01,2.435593754053100024e-01
2.552233934402500237e-01,2.554676532745400186e-01,2.435593754053100024e-01,2.437745481729499952e-01
2.554676532745400186e-01,2.557125687599199892e-01,2.437745481729499952e-01,2.439903169870399902e-01
2.557125687599199892e-01,2.559581100940699905e-01,2.439903169870399902e-01,2.442066967487299955e-01
2.559581100940699905e-01,2.562042772769900223e-01,2.442066967487299955e-01,2.444236725568799951e-01
2.562042772769900223e-01,2.564510703086900212e-01,2.444236725568799951e-01,2.446412444114700047e-01
2.564510703086900212e-01,2.566984593868300024e-01,2.446412444114700047e-01,2.448593974113499883e-01
2.566984593868300024e-01,2.569464147090900208e-01,2.448593974113499883e-01,2.450781315565100094e-01
2.569464147090900208e-01,2.571949958801300062e-01,2.450781315565100094e-01,2.452974468469600045e-01
2.571949958801300062e-01,2.574441432952899733e-01,2.452974468469600045e-01,2.455173432827000013e-01
2.574441432952899733e-01,2.576939165592200265e-01,2.455173432827000013e-01,2.457378059625600075e-01
2.576939165592200265e-01,2.579442560672799978e-01,2.457378059625600075e-01,2.459588795900299885e-01
2.579442560672799978e-01,2.581951916217800069e-01,2.459588795900299885e-01,2.461805492639499993e-01
2.581951916217800069e-01,2.584467828273799839e-01,2.461805492639499993e-01,2.464028298854800125e-01
2.584467828273799839e-01,2.586990594863899928e-01,2.464028298854800125e-01,2.466257810592699939e-01
2.586990594863899928e-01,2.589520215988200258e-01,2.466257810592699939e-01,2.468494325876199880e-01
2.589520215988200258e-01,2.592058181762699753e-01,2.468494325876199880e-01,2.470738440751999998e-01
2.592058181762699753e-01,2.594604790210700007e-01,2.470738440751999998e-01,2.472991049289700038e-01
2.594604790210700007e-01,2.597161829471599792e-01,2.472991049289700038e-01,2.475253343582199950e-01
2.597161829471599792e-01,2.599731385707900189e-01,2.475253343582199950e-01,2.477526813745500045e-01
2.599731385707900189e-01,2.602315247058900050e-01,2.477526813745500045e-01,2.479813694953900138e-01
2.602315247058900050e-01,2.604917585849800266e-01,2.479813694953900138e-01,2.482116967439700062e-01
2.604917585849800266e-01,2.607542872428900149e-01,2.482116967439700062e-01,2.484440803527800112e-01
2.607542872428900149e-01,2.610197663307199933e-01,2.484440803527800112e-01,2.486791312694499878e-01
2.610197663307199933e-01,2.612890601158099901e-01,2.486791312694499878e-01,2.489176690578500106e-01
2.612890601158099901e-01,2.615631520748100125e-01,2.489176690578500106e-01,2.491607666015600020e-01
2.615631520748100125e-01,2.618424892425499917e-01,2.491607666015600020e-01,2.494091689586599991e-01
2.618424892425499917e-01,2.621234953403500101e-01,2.494091689586599991e-01,2.496603429317499900e-01
2.621234953403500101e-01,2.623823285102799829e-01,2.496603429317499900e-01,2.498933672904999903e-01
2.623823285102799829e-01,2.624999880790699902e-01,2.498933672904999903e-01,2.500000000000000000e-01
0.000000000000000000e+00,1.218116376549000087e-03,0.000000000000000000e+00,1.181484316475700036e-03
1.218116376549000087e-03,2.612462965771600136e-03,1.181484316475700036e-03,2.504445379599899799e-03
2.612462965771600136e-03,4.177330993115900212e-03,2.504445379599899799e-03,3.961914218962200342e-03
4.177330993115900212e-03,6.022902671247699902e-03,3.961914218962200342e-03,5.712532438337800285e-03
6.022902671247699902e-03,8.369130082428500456e-03,5.712532438337800285e-03,7.976293563842799458e-03
8.369130082428500456e-03,1.143395341932799958e-02,7.976293563842799458e-03,1.095735561102600085e-02
1.143395341932799958e-02,1.545171812176700070e-02,1.095735561102600085e-02,1.488320622593200006e-02
1.545171812176700070e-02,2.069114893674900077e-02,1.488320622593200006e-02,2.001874521374700025e-02
2.069114893674900077e-02,2.744946442544499848e-02,2.001874521374700025e-02,2.665858343243599979e-02
2.744946442544499848e-02,3.602612391114200230e-02,2.665858343243599979e-02,3.510057926178000026e-02
3.602612391114200230e-02,4.667435958981500099e-02,3.510057926178000026e-02,4.559745267033599864e-02
4.667435958981500099e-02,5.953130871057499968e-02,4.559745267033599864e-02,5.828677490353600249e-02
5.953130871057499968e-02,7.453864812850999333e-02,5.828677490353600249e-02,7.311094552278500636e-02
7.453864812850999333e-02,9.137842059135399542e-02,7.311094552278500636e-02,8.975216746330300088e-02
9.137842059135399542e-02,1.094575151801100016e-01,8.975216746330300088e-02,1.076168566942199978e-01
1.094575151801100016e-01,1.279655545949900108e-01,1.076168566942199978e-01,1.258951127529099878e-01
1.279655545949900108e-01,1.460040658712400130e-01,1.258951127529099878e-01,1.436923891305899870e-01
1.460040658712400130e-01,1.627475917339299971e-01,1.436923891305899870e-01,1.601925194263499885e-01
1.627475917339299971e-01,1.775783449411399983e-01,1.601925194263499885e-01,1.747916936874399918e-01
1.775783449411399983e-01,1.901478767395000102e-01,1.747916936874399918e-01,1.871578097343400138e-01
1.901478767395000102e-01,2.003581225872000104e-01,1.871578097343400138e-01,1.972083449363699892e-01
2.003581225872000104e-01,2.082881182432199940e-01,1.972083449363699892e-01,2.050324529409399965e-01
2.082881182432199940e-01,2.141104638576500074e-01,2.050324529409399965e-01,2.107916474342300117e-01
2.141104638576500074e-01,2.180696278810499988e-01,2.107916474342300117e-01,2.146528810262700038e-01
2.180696278810499988e-01,2.210751622915299863e-01,2.146528810262700038e-01,2.173835188150400055e-01
2.210751622915299863e-01,2.236652523279200055e-01,2.173835188150400055e-01,2.195640951395000096e-01
2.236652523279200055e-01,2.259854823350899988e-01,2.195640951395000096e-01,2.214456945657700127e-01
2.259854823350899988e-01,2.281786054372799966e-01,2.214456945657700127e-01,2.231986224651300033e-01
2.281786054372799966e-01,2.303375154733700025e-01,2.231986224651300033e-01,2.249140888452499931e-01
2.303375154733700025e-01,2.325213998556099892e-01,2.249140888452499931e-01,2.266446352004999887e-01
2.325213998556099892e-01,2.347710579633700001e-01,2.266446352004999887e-01,2.284245640039400116e-01
2.347710579633700001e-01,2.371174097061199970e-01,2.284245640039400116e-01,2.302792519331000043e-01
2.371174097061199970e-01,2.395861446857500132e-01,2.302792519331000043e-01,2.322294414043399868e-01
2.395861446857500132e-01,2.422000169754000010e-01,2.322294414043399868e-01,2.342933863401399919e-01
2.422000169754000010e-01,2.449794113635999915e-01,2.342933863401399919e-01,2.364872395992299869e-01
2.449794113635999915e-01,2.479398250579800123e-01,2.364872395992299869e-01,2.388227283954600100e-01
2.479398250579800123e-01,2.510800957679700240e-01,2.388227283954600100e-01,2.412973493337599862e-01
2.510800957679700240e-01,2.543340623378799736e-01,2.412973493337599862e-01,2.438562065362900044e-01
2.543340623378799736e-01,2.573760449886299817e-01,2.438562065362900044e-01,2.462442815303799992e-01
2.573760449886299817e-01,2.588663697242700179e-01,2.462442815303799992e-01,2.474325597286199940e-01
2.588663697242700179e-01,2.590412497520400148e-01,2.474325597286199940e-01,2.476847469806700008e-01
2.590412497520400148e-01,2.592288851737999944e-01,2.476847469806700008e-01,2.478533387184100045e-01
2.592288851737999944e-01,2.594181895255999737e-01,2.478533387184100045e-01,2.480127066373800093e-01
2.594181895255999737e-01,2.596135139465299835e-01,2.480127066373800093e-01,2.481837421655699871e-01
2.596135139465299835e-01,2.598171234130899898e-01,2.481837421655699871e-01,2.483684122562400121e-01
2.598171234130899898e-01,2.600286304950700234e-01,2.483684122562400121e-01,2.485637068748499934e-01
2.600286304950700234e-01,2.602466344833400114e-01,2.485637068748499934e-01,2.487665414810200093e-01
2.602466344833400114e-01,2.604697942733800176e-01,2.487665414810200093e-01,2.489747405052200047e-01
2.604697942733800176e-01,2.606970369815799771e-01,2.489747405052200047e-01,2.491868436336500126e-01
2.606970369815799771e-01,2.609276175499000150e-01,2.491868436336500126e-01,2.494019865989700047e-01
2.609276175499000150e-01,2.611610293388400006e-01,2.494019865989700047e-01,2.496195733547199869e-01
2.611610293388400006e-01,2.613968253135700026e-01,2.496195733547199869e-01,2.498392611741999947e-01
2.613968253135700026e-01,2.616347670555099758e-01,2.498392611741999947e-01,2.500607669353500095e-01
2.616347670555099758e-01,2.618746459484099787e-01,2.500607669353500095e-01,2.502838969230700150e-01
2.618746459484099787e-01,2.621163129806500236e-01,2.502838969230700150e-01,2.505085468292200246e-01
2.621163129806500236e-01,2.623595893383000033e-01,2.505085468292200246e-01,2.507345974445300274e-01
2.623595893383000033e-01,2.626043856144000266e-01,2.507345974445300274e-01,2.509619295597099731e-01
2.626043856144000266e-01,2.628506124019600043e-01,2.509619295597099731e-01,2.511905133724199879e-01
2.628506124019600043e-01,2.630982100963599746e-01,2.511905133724199879e-01,2.514202594757100062e-01
2.630982100963599746e-01,2.633470892906200067e-01,2.514202594757100062e-01,2.516511380672499798e-01
2.633470892906200067e-01,2.635971605777699955e-01,2.516511380672499798e-01,2.518830597400700255e-01
2.635971605777699955e-01,2.638483941554999879e-01,2.518830597400700255e-01,2.521160244941699768e-01
2.638483941554999879e-01,2.641007304191599903e-01,2.521160244941699768e-01,2.523499727249099989e-01
2.641007304191599903e-01,2.643541097641000093e-01,2.523499727249099989e-01,2.525848746299699799e-01
2.643541097641000093e-01,2.646085023879999887e-01,2.525848746299699799e-01,2.528206706047099739e-01
2.646085023879999887e-01,2.648638784885399833e-01,2.528206706047099739e-01,2.530573904514299977e-01
2.648638784885399833e-01,2.651201486587499989e-01,2.530573904514299977e-01,2.532949447631799855e-01
2.651201486587499989e-01,2.653773427009599728e-01,2.532949447631799855e-01,2.535333037376399923e-01
2.653773427009599728e-01,2.656353712081899743e-01,2.535333037376399923e-01,2.537724971771200266e-01
2.656353712081899743e-01,2.658942341804499954e-01,2.537724971771200266e-01,2.540124952793100244e-01
2.658942341804499954e-01,2.661538720130899871e-01,2.540124952793100244e-01,2.542532384395599920e-01
2.661538720130899871e-01,2.664142847061199970e-01,2.542532384395599920e-01,2.544946968555499844e-01
2.664142847061199970e-01,2.666754424571999849e-01,2.544946968555499844e-01,2.547369003295900103e-01
2.666754424571999849e-01,2.669373154640199974e-01,2.547369003295900103e-01,2.549798190593700054e-01
2.669373154640199974e-01,2.671998739242599785e-01,2.549798190593700054e-01,2.552233934402500237e-01
2.671998739242599785e-01,2.674630880355799989e-01,2.552233934402500237e-01,2.554676532745400186e-01
2.674630880355799989e-01,2.677269577979999871e-01,2.554676532745400186e-01,2.557125687599199892e-01
2.677269577979999871e-01,2.679914534091900058e-01,2.557125687599199892e-01,2.559581100940699905e-01
2.679914534091900058e-01,2.682565450668299989e-01,2.559581100940699905e-01,2.562042772769900223e-01
2.682565450668299989e-01,2.685222327709200218e-01,2.562042772769900223e-01,2.564510703086900212e-01
2.685222327709200218e-01,2.687884867191300264e-01,2.564510703086900212e-01,2.566984593868300024e-01
2.687884867191300264e-01,2.690553069114700047e-01,2.566984593868300024e-01,2.569464147090900208e-01
2.690553069114700047e-01,2.693226635456100193e-01,2.569464147090900208e-01,2.571949958801300062e-01
2.693226635456100193e-01,2.695905864238700156e-01,2.571949958801300062e-01,2.574441432952899733e-01
2.695905864238700156e-01,2.698590457439399848e-01,2.574441432952899733e-01,2.576939165592200265e-01
2.698590457439399848e-01,2.701280713081399831e-01,2.576939165592200265e-01,2.579442560672799978e-01
2.701280713081399831e-01,2.703976333141300259e-01,2.579442560672799978e-01,2.581951916217800069e-01
2.703976333141300259e-01,2.706678211688999802e-01,2.581951916217800069e-01,2.584467828273799839e-01
2.706678211688999802e-01,2.709386050701099724e-01,2.584467828273799839e-01,2.586990594863899928e-01
2.709386050701099724e-01,2.712101042270699813e-01,2.586990594863899928e-01,2.589520215988200258e-01
2.712101042270699813e-01,2.714823484420800237e-01,2.589520215988200258e-01,2.592058181762699753e-01
2.714823484420800237e-01,2.717554867267599761e-01,2.592058181762699753e-01,2.594604790210700007e-01
2.717554867267599761e-01,2.720296382904099919e-01,2.594604790210700007e-01,2.597161829471599792e-01
2.720296382904099919e-01,2.723050415515900213e-01,2.597161829471599792e-01,2.599731385707900189e-01
2.723050415515900213e-01,2.725819349288899907e-01,2.599731385707900189e-01,2.602315247058900050e-01
2.725819349288899907e-01,2.728607356548299889e-01,2.602315247058900050e-01,2.604917585849800266e-01
2.728607356548299889e-01,2.731418609619100102e-01,2.604917585849800266e-01,2.607542872428900149e-01
2.731418609619100102e-01,2.734260559082000164e-01,2.607542872428900149e-01,2.610197663307199933e-01
2.734260559082000164e-01,2.737140655517599774e-01,2.610197663307199933e-01,2.612890601158099901e-01
2.737140655517599774e-01,2.740068137645699786e-01,2.612890601158099901e-01,2.615631520748100125e-01
2.740068137645699786e-01,2.743044197559399988e-01,2.615631520748100125e-01,2.618424892425499917e-01
2.743044197559399988e-01,2.746027112007100035e-01,2.618424892425499917e-01,2.621234953403500101e-01
2.746027112007100035e-01,2.748761773109399953e-01,2.621234953403500101e-01,2.623823285102799829e-01
2.748761773109399953e-01,2.750000059604599811e-01,2.623823285102799829e-01,2.624999880790699902e-01
0.000000000000000000e+00,1.254617818631199909e-03,0.000000000000000000e+00,1.218116376549000087e-03
1.254617818631199909e-03,2.712324261665300003e-03,1.218116376549000087e-03,2.612462965771600136e-03
2.712324261665300003e-03,4.378405399620500030e-03,2.612462965771600136e-03,4.177330993115900212e-03
4.378405399620500030e-03,6.326582748442900403e-03,4.177330993115900212e-03,6.022902671247699902e-03
6.326582748442900403e-03,8.763424120843400084e-03,6.022902671247699902e-03,8.369130082428500456e-03
8.763424120843400084e-03,1.191833056509499986e-02,8.369130082428500456e-03,1.143395341932799958e-02
1.191833056509499986e-02,1.603364571929000171e-02,1.143395341932799958e-02,1.545171812176700070e-02
1.603364571929000171e-02,2.138257585465900071e-02,1.545171812176700070e-02,2.069114893674900077e-02
2.138257585465900071e-02,2.826527506113099900e-02,2.069114893674900077e-02,2.744946442544499848e-02
2.826527506113099900e-02,3.698299825191499884e-02,2.744946442544499848e-02,3.602612391114200230e-02
3.698299825191499884e-02,4.778958112001400332e-02,3.602612391114200230e-02,4.667435958981500099e-02
4.778958112001400332e-02,6.082176789641399739e-02,4.667435958981500099e-02,5.953130871057499968e-02
6.082176789641399739e-02,7.602057605981800414e-02,5.953130871057499968e-02,7.453864812850999333e-02
7.602057605981800414e-02,9.306795895099599647e-02,7.453864812850999333e-02,9.137842059135399542e-02
9.306795895099599647e-02,1.113714650273300022e-01,9.137842059135399542e-02,1.094575151801100016e-01
1.113714650273300022e-01,1.301205307245300036e-01,1.094575151801100016e-01,1.279655545949900108e-01
1.301205307245300036e-01,1.484129875898400064e-01,1.279655545949900108e-01,1.460040658712400130e-01
1.484129875898400064e-01,1.654143333435099950e-01,1.460040658712400130e-01,1.627475917339299971e-01
1.654143333435099950e-01,1.804927736520799963e-01,1.627475917339299971e-01,1.775783449411399983e-01
1.804927736520799963e-01,1.932836771011400001e-01,1.775783449411399983e-01,1.901478767395000102e-01
1.932836771011400001e-01,2.036746889352800127e-01,1.901478767395000102e-01,2.003581225872000104e-01
2.036746889352800127e-01,2.117393016815199980e-01,2.003581225872000104e-01,2.082881182432199940e-01
2.117393016815199980e-01,2.176703065633799894e-01,2.082881182432199940e-01,2.141104638576500074e-01
2.176703065633799894e-01,2.217753678560299979e-01,2.141104638576500074e-01,2.180696278810499988e-01
2.217753678560299979e-01,2.250456064939500012e-01,2.180696278810499988e-01,2.210751622915299863e-01
2.250456064939500012e-01,2.280191183090199969e-01,2.210751622915299863e-01,2.236652523279200055e-01
2.280191183090199969e-01,2.307734638452499931e-01,2.236652523279200055e-01,2.259854823350899988e-01
2.307734638452499931e-01,2.334188967943200133e-01,2.259854823350899988e-01,2.281786054372799966e-01
2.334188967943200133e-01,2.360425442457199929e-01,2.281786054372799966e-01,2.303375154733700025e-01
2.360425442457199929e-01,2.387064397335099952e-01,2.303375154733700025e-01,2.325213998556099892e-01
2.387064397335099952e-01,2.414560168981599864e-01,2.325213998556099892e-01,2.347710579633700001e-01
2.414560168981599864e-01,2.443269938230500093e-01,2.347710579633700001e-01,2.371174097061199970e-01
2.443269938230500093e-01,2.473494857549700110e-01,2.371174097061199970e-01,2.395861446857500132e-01
2.473494857549700110e-01,2.505504190921800101e-01,2.395861446857500132e-01,2.422000169754000010e-01
2.505504190921800101e-01,2.539541423320800240e-01,2.422000169754000010e-01,2.449794113635999915e-01
2.539541423320800240e-01,2.575797736644699909e-01,2.449794113635999915e-01,2.479398250579800123e-01
2.575797736644699909e-01,2.614271044731100169e-01,2.479398250579800123e-01,2.510800957679700240e-01
2.614271044731100169e-01,2.654165327549000142e-01,2.510800957679700240e-01,2.543340623378799736e-01
2.654165327549000142e-01,2.691428661346400020e-01,2.543340623378799736e-01,2.573760449886299817e-01
2.691428661346400020e-01,2.709385156631500258e-01,2.573760449886299817e-01,2.588663697242700179e-01
2.709385156631500258e-01,2.710290253162400131e-01,2.588663697242700179e-01,2.590412497520400148e-01
2.710290253162400131e-01,2.712178826332100057e-01,2.590412497520400148e-01,2.592288851737999944e-01
2.712178826332100057e-01,2.714231312274900110e-01,2.592288851737999944e-01,2.594181895255999737e-01
2.714231312274900110e-01,2.716329991817499900e-01,2.594181895255999737e-01,2.596135139465299835e-01
2.716329991817499900e-01,2.718475461006200078e-01,2.596135139465299835e-01,2.598171234130899898e-01
2.718475461006200078e-01,2.720673680305499831e-01,2.598171234130899898e-01,2.600286304950700234e-01
2.720673680305499831e-01,2.722922861576099751e-01,2.600286304950700234e-01,2.602466344833400114e-01
2.722922861576099751e-01,2.725218236446400044e-01,2.602466344833400114e-01,2.604697942733800176e-01
2.725218236446400044e-01,2.727553248405499842e-01,2.604697942733800176e-01,2.606970369815799771e-01
2.727553248405499842e-01,2.729922831058499977e-01,2.606970369815799771e-01,2.609276175499000150e-01
2.729922831058499977e-01,2.732322812080399954e-01,2.609276175499000150e-01,2.611610293388400006e-01
2.732322812080399954e-01,2.734749317169200000e-01,2.611610293388400006e-01,2.613968253135700026e-01
2.734749317169200000e-01,2.737199962139100218e-01,2.613968253135700026e-01,2.616347670555099758e-01
2.737199962139100218e-01,2.739672362804400074e-01,2.616347670555099758e-01,2.618746459484099787e-01
2.739672362804400074e-01,2.742164731025700242e-01,2.618746459484099787e-01,2.621163129806500236e-01
2.742164731025700242e-01,2.744675576686900209e-01,2.621163129806500236e-01,2.623595893383000033e-01
2.744675576686900209e-01,2.747203707695000108e-01,2.623595893383000033e-01,2.626043856144000266e-01
2.747203707695000108e-01,2.749747931957199909e-01,2.626043856144000266e-01,2.628506124019600043e-01
2.749747931957199909e-01,2.752307355403900146e-01,2.628506124019600043e-01,2.630982100963599746e-01
2.752307355403900146e-01,2.754880785942099841e-01,2.630982100963599746e-01,2.633470892906200067e-01
2.754880785942099841e-01,2.757467627525300169e-01,2.633470892906200067e-01,2.635971605777699955e-01
2.757467627525300169e-01,2.760066986083999918e-01,2.635971605777699955e-01,2.638483941554999879e-01
2.760066986083999918e-01,2.762678563594799797e-01,2.638483941554999879e-01,2.641007304191599903e-01
2.762678563594799797e-01,2.765301167964899776e-01,2.641007304191599903e-01,2.643541097641000093e-01
2.765301167964899776e-01,2.767934501171099848e-01,2.643541097641000093e-01,2.646085023879999887e-01
2.767934501171099848e-01,2.770577967166900080e-01,2.646085023879999887e-01,2.648638784885399833e-01
2.770577967166900080e-01,2.773231267929099908e-01,2.648638784885399833e-01,2.651201486587499989e-01
2.773231267929099908e-01,2.775893807411199954e-01,2.651201486587499989e-01,2.653773427009599728e-01
2.775893807411199954e-01,2.778564989566800203e-01,2.653773427009599728e-01,2.656353712081899743e-01
2.778564989566800203e-01,2.781244516372700093e-01,2.656353712081899743e-01,2.658942341804499954e-01
2.781244516372700093e-01,2.783932089805600252e-01,2.658942341804499954e-01,2.661538720130899871e-01
2.783932089805600252e-01,2.786627411842300117e-01,2.661538720130899871e-01,2.664142847061199970e-01
2.786627411842300117e-01,2.789329886436500150e-01,2.664142847061199970e-01,2.666754424571999849e-01
2.789329886436500150e-01,2.792039215564700028e-01,2.666754424571999849e-01,2.669373154640199974e-01
2.792039215564700028e-01,2.794755399227100146e-01,2.669373154640199974e-01,2.671998739242599785e-01
2.794755399227100146e-01,2.797477841377299934e-01,2.671998739242599785e-01,2.674630880355799989e-01
2.797477841377299934e-01,2.800206243991900101e-01,2.674630880355799989e-01,2.677269577979999871e-01
2.800206243991900101e-01,2.802940309047700085e-01,2.677269577979999871e-01,2.679914534091900058e-01
2.802940309047700085e-01,2.805680334567999812e-01,2.679914534091900058e-01,2.682565450668299989e-01
2.805680334567999812e-01,2.808425426483199816e-01,2.682565450668299989e-01,2.685222327709200218e-01
2.808425426483199816e-01,2.811175584793100257e-01,2.685222327709200218e-01,2.687884867191300264e-01
2.811175584793100257e-01,2.813930809497799945e-01,2.687884867191300264e-01,2.690553069114700047e-01
2.813930809497799945e-01,2.816690802574199903e-01,2.690553069114700047e-01,2.693226635456100193e-01
2.816690802574199903e-01,2.819455862045299743e-01,2.693226635456100193e-01,2.695905864238700156e-01
2.819455862045299743e-01,2.822225391864799926e-01,2.695905864238700156e-01,2.698590457439399848e-01
2.822225391864799926e-01,2.824999690055799983e-01,2.698590457439399848e-01,2.701280713081399831e-01
2.824999690055799983e-01,2.827778756618499756e-01,2.701280713081399831e-01,2.703976333141300259e-01
2.827778756618499756e-01,2.830563187599199892e-01,2.703976333141300259e-01,2.706678211688999802e-01
2.830563187599199892e-01,2.833352982997899838e-01,2.706678211688999802e-01,2.709386050701099724e-01
2.833352982997899838e-01,2.836148738861100083e-01,2.709386050701099724e-01,2.712101042270699813e-01
2.836148738861100083e-01,2.838951647281600099e-01,2.712101042270699813e-01,2.714823484420800237e-01
2.838951647281600099e-01,2.841762602329300225e-01,2.714823484420800237e-01,2.717554867267599761e-01
2.841762602329300225e-01,2.844583094120000100e-01,2.717554867267599761e-01,2.720296382904099919e-01
2.844583094120000100e-01,2.847415208816500010e-01,2.720296382904099919e-01,2.723050415515900213e-01
2.847415208816500010e-01,2.850262224674199873e-01,2.723050415515900213e-01,2.725819349288899907e-01
2.850262224674199873e-01,2.853127419948600085e-01,2.725819349288899907e-01,2.728607356548299889e-01
2.853127419948600085e-01,2.856015563011199965e-01,2.728607356548299889e-01,2.731418609619100102e-01
2.856015563011199965e-01,2.858933210372899825e-01,2.731418609619100102e-01,2.734260559082000164e-01
2.858933210372899825e-01,2.861887514591199833e-01,2.734260559082000164e-01,2.737140655517599774e-01
2.861887514591199833e-01,2.864886224269900250e-01,2.737140655517599774e-01,2.740068137645699786e-01
2.864886224269900250e-01,2.867928147316000098e-01,2.740068137645699786e-01,2.743044197559399988e-01
2.867928147316000098e-01,2.870968282222700063e-01,2.743044197559399988e-01,2.746027112007100035e-01
2.870968282222700063e-01,2.873745560646099872e-01,2.746027112007100035e-01,2.748761773109399953e-01
2.873745560646099872e-01,2.874999940395400189e-01,2.748761773109399953e-01,2.750000059604599811e-01
0.000000000000000000e+00,1.291576423682299973e-03,0.000000000000000000e+00,1.254617818631199909e-03
1.291576423682299973e-03,2.808234421536299954e-03,1.254617818631199909e-03,2.712324261665300003e-03
2.808234421536299954e-03,4.569075535982800376e-03,2.712324261665300003e-03,4.378405399620500030e-03
4.569075535982800376e-03,6.624797824770200030e-03,4.378405399620500030e-03,6.326582748442900403e-03
6.624797824770200030e-03,9.160580113530200630e-03,6.326582748442900403e-03,8.763424120843400084e-03
9.160580113530200630e-03,1.241266261786200080e-02,8.763424120843400084e-03,1.191833056509499986e-02
1.241266261786200080e-02,1.663193106651299907e-02,1.191833056509499986e-02,1.603364571929000171e-02
1.663193106651299907e-02,2.209671586751900049e-02,1.603364571929000171e-02,2.138257585465900071e-02
2.209671586751900049e-02,2.911045588553000038e-02,2.138257585465900071e-02,2.826527506113099900e-02
2.911045588553000038e-02,3.797636181116099963e-02,2.826527506113099900e-02,3.698299825191499884e-02
3.797636181116099963e-02,4.894894361496000129e-02,3.698299825191499884e-02,4.778958112001400332e-02
4.894894361496000129e-02,6.216454505920399748e-02,4.778958112001400332e-02,6.082176789641399739e-02
6.216454505920399748e-02,7.756350934505500117e-02,6.082176789641399739e-02,7.602057605981800414e-02
7.756350934505500117e-02,9.482777863740900204e-02,7.602057605981800414e-02,9.306795895099599647e-02
9.482777863740900204e-02,1.133657097816500037e-01,9.306795895099599647e-02,1.113714650273300022e-01
1.133657097816500037e-01,1.323668807745000120e-01,1.113714650273300022e-01,1.301205307245300036e-01
1.323668807745000120e-01,1.509258151054400088e-01,1.301205307245300036e-01,1.484129875898400064e-01
1.509258151054400088e-01,1.681993007659899897e-01,1.484129875898400064e-01,1.654143333435099950e-01
1.681993007659899897e-01,1.835417449474300022e-01,1.654143333435099950e-01,1.804927736520799963e-01
1.835417449474300022e-01,1.965727955102899993e-01,1.804927736520799963e-01,1.932836771011400001e-01
1.965727955102899993e-01,2.071673572063399971e-01,1.932836771011400001e-01,2.036746889352800127e-01
2.071673572063399971e-01,2.153977453708600109e-01,2.036746889352800127e-01,2.117393016815199980e-01
2.153977453708600109e-01,2.214807420968999963e-01,2.117393016815199980e-01,2.176703065633799894e-01
2.214807420968999963e-01,2.257692962884899901e-01,2.176703065633799894e-01,2.217753678560299979e-01
2.257692962884899901e-01,2.293067574501000128e-01,2.217753678560299979e-01,2.250456064939500012e-01
2.293067574501000128e-01,2.326492667198200026e-01,2.250456064939500012e-01,2.280191183090199969e-01
2.326492667198200026e-01,2.358337938785599885e-01,2.280191183090199969e-01,2.307734638452499931e-01
2.358337938785599885e-01,2.389412224292800091e-01,2.307734638452499931e-01,2.334188967943200133e-01
2.389412224292800091e-01,2.420486956834800030e-01,2.334188967943200133e-01,2.360425442457199929e-01
2.420486956834800030e-01,2.452177256345700052e-01,2.360425442457199929e-01,2.387064397335099952e-01
2.452177256345700052e-01,2.484965324401899878e-01,2.387064397335099952e-01,2.414560168981599864e-01
2.484965324401899878e-01,2.519244551658599840e-01,2.414560168981599864e-01,2.443269938230500093e-01
2.519244551658599840e-01,2.555353045463599759e-01,2.443269938230500093e-01,2.473494857549700110e-01
2.555353045463599759e-01,2.593596279621099843e-01,2.473494857549700110e-01,2.505504190921800101e-01
2.593596279621099843e-01,2.634251713752699953e-01,2.505504190921800101e-01,2.539541423320800240e-01
2.634251713752699953e-01,2.677538692951200172e-01,2.539541423320800240e-01,2.575797736644699909e-01
2.677538692951200172e-01,2.723451256751999727e-01,2.575797736644699909e-01,2.614271044731100169e-01
2.723451256751999727e-01,2.771017551422100267e-01,2.614271044731100169e-01,2.654165327549000142e-01
2.771017551422100267e-01,2.815295755863200244e-01,2.654165327549000142e-01,2.691428661346400020e-01
2.815295755863200244e-01,2.836258709430700131e-01,2.691428661346400020e-01,2.709385156631500258e-01
2.836258709430700131e-01,2.836274504661600027e-01,2.709385156631500258e-01,2.710290253162400131e-01
2.836274504661600027e-01,2.838028967380499812e-01,2.710290253162400131e-01,2.712178826332100057e-01
2.838028967380499812e-01,2.840101718902600103e-01,2.712178826332100057e-01,2.714231312274900110e-01
2.840101718902600103e-01,2.842233777046199728e-01,2.714231312274900110e-01,2.716329991817499900e-01
2.842233777046199728e-01,2.844394445419299866e-01,2.716329991817499900e-01,2.718475461006200078e-01
2.844394445419299866e-01,2.846588790416699766e-01,2.718475461006200078e-01,2.720673680305499831e-01
2.846588790416699766e-01,2.848821878433199783e-01,2.720673680305499831e-01,2.722922861576099751e-01
2.848821878433199783e-01,2.851094007492099847e-01,2.722922861576099751e-01,2.725218236446400044e-01
2.851094007492099847e-01,2.853403389453900152e-01,2.725218236446400044e-01,2.727553248405499842e-01
2.853403389453900152e-01,2.855747044086500153e-01,2.727553248405499842e-01,2.729922831058499977e-01
2.855747044086500153e-01,2.858122289180800024e-01,2.729922831058499977e-01,2.732322812080399954e-01
2.858122289180800024e-01,2.860525846481299928e-01,2.732322812080399954e-01,2.734749317169200000e-01
2.860525846481299928e-01,2.862955331802399805e-01,2.734749317169200000e-01,2.737199962139100218e-01
2.862955331802399805e-01,2.865408957004499935e-01,2.737199962139100218e-01,2.739672362804400074e-01
2.865408957004499935e-01,2.867884635925300185e-01,2.739672362804400074e-01,2.742164731025700242e-01
2.867884635925300185e-01,2.870380878448500206e-01,2.742164731025700242e-01,2.744675576686900209e-01
2.870380878448500206e-01,2.872895896434800034e-01,2.744675576686900209e-01,2.747203707695000108e-01
2.872895896434800034e-01,2.875428497791300275e-01,2.747203707695000108e-01,2.749747931957199909e-01
2.875428497791300275e-01,2.877977788448299878e-01,2.749747931957199909e-01,2.752307355403900146e-01
2.877977788448299878e-01,2.880542576312999925e-01,2.752307355403900146e-01,2.754880785942099841e-01
2.880542576312999925e-01,2.883121669292399991e-01,2.754880785942099841e-01,2.757467627525300169e-01
2.883121669292399991e-01,2.885714173316999975e-01,2.757467627525300169e-01,2.760066986083999918e-01
2.885714173316999975e-01,2.888319492340100103e-01,2.760066986083999918e-01,2.762678563594799797e-01
2.888319492340100103e-01,2.890936434269000266e-01,2.762678563594799797e-01,2.765301167964899776e-01
2.890936434269000266e-01,2.893564999103500068e-01,2.765301167964899776e-01,2.767934501171099848e-01
2.893564999103500068e-01,2.896203994750999877e-01,2.767934501171099848e-01,2.770577967166900080e-01
2.896203994750999877e-01,2.898852825164799918e-01,2.770577967166900080e-01,2.773231267929099908e-01
2.898852825164799918e-01,2.901510894298600096e-01,2.773231267929099908e-01,2.775893807411199954e-01
2.901510894298600096e-01,2.904177904129000010e-01,2.775893807411199954e-01,2.778564989566800203e-01
2.904177904129000010e-01,2.906853556633000046e-01,2.778564989566800203e-01,2.781244516372700093e-01
2.906853556633000046e-01,2.909536659717599782e-01,2.781244516372700093e-01,2.783932089805600252e-01
2.909536659717599782e-01,2.912227213382699853e-01,2.783932089805600252e-01,2.786627411842300117e-01
2.912227213382699853e-01,2.914924919605300091e-01,2.786627411842300117e-01,2.789329886436500150e-01
2.914924919605300091e-01,2.917629182338700167e-01,2.789329886436500150e-01,2.792039215564700028e-01
2.917629182338700167e-01,2.920339405536699906e-01,2.792039215564700028e-01,2.794755399227100146e-01
2.920339405536699906e-01,2.923055887222300031e-01,2.794755399227100146e-01,2.797477841377299934e-01
2.923055887222300031e-01,2.925777435302699958e-01,2.797477841377299934e-01,2.800206243991900101e-01
2.925777435302699958e-01,2.928504645824400177e-01,2.800206243991900101e-01,2.802940309047700085e-01
2.928504645824400177e-01,2.931236326694500183e-01,2.802940309047700085e-01,2.805680334567999812e-01
2.931236326694500183e-01,2.933972775936100064e-01,2.805680334567999812e-01,2.808425426483199816e-01
2.933972775936100064e-01,2.936713695526099732e-01,2.808425426483199816e-01,2.811175584793100257e-01
2.936713695526099732e-01,2.939458787441299736e-01,2.811175584793100257e-01,2.813930809497799945e-01
2.939458787441299736e-01,2.942208051681500236e-01,2.813930809497799945e-01,2.816690802574199903e-01
2.942208051681500236e-01,2.944960892200499947e-01,2.816690802574199903e-01,2.819455862045299743e-01
2.944960892200499947e-01,2.947717905044600073e-01,2.819455862045299743e-01,2.822225391864799926e-01
2.947717905044600073e-01,2.950478494167300125e-01,2.822225391864799926e-01,2.824999690055799983e-01
2.950478494167300125e-01,2.953242957591999951e-01,2.824999690055799983e-01,2.827778756618499756e-01
2.953242957591999951e-01,2.956011593341800192e-01,2.827778756618499756e-01,2.830563187599199892e-01
2.956011593341800192e-01,2.958784997463200228e-01,2.830563187599199892e-01,2.833352982997899838e-01
2.958784997463200228e-01,2.961563169956200059e-01,2.833352982997899838e-01,2.836148738861100083e-01
2.961563169956200059e-01,2.964347600936900196e-01,2.836148738861100083e-01,2.838951647281600099e-01
2.964347600936900196e-01,2.967138886451700097e-01,2.838951647281600099e-01,2.841762602329300225e-01
2.967138886451700097e-01,2.969938516616800195e-01,2.841762602329300225e-01,2.844583094120000100e-01
2.969938516616800195e-01,2.972749173641199838e-01,2.844583094120000100e-01,2.847415208816500010e-01
2.972749173641199838e-01,2.975572943687400107e-01,2.847415208816500010e-01,2.850262224674199873e-01
2.975572943687400107e-01,2.978413999080700147e-01,2.850262224674199873e-01,2.853127419948600085e-01
2.978413999080700147e-01,2.981276512145999980e-01,2.853127419948600085e-01,2.856015563011199965e-01
2.981276512145999980e-01,2.984166145324699815e-01,2.856015563011199965e-01,2.858933210372899825e-01
2.984166145324699815e-01,2.987089455127699966e-01,2.858933210372899825e-01,2.861887514591199833e-01
2.987089455127699966e-01,2.990052998065900192e-01,2.861887514591199833e-01,2.864886224269900250e-01
2.990052998065900192e-01,2.993053793907199944e-01,2.864886224269900250e-01,2.867928147316000098e-01
2.993053793907199944e-01,2.996045351028400194e-01,2.867928147316000098e-01,2.870968282222700063e-01
2.996045351028400194e-01,2.998771369457199909e-01,2.870968282222700063e-01,2.873745560646099872e-01
2.998771369457199909e-01,3.000000119209300098e-01,2.873745560646099872e-01,2.874999940395400189e-01
0.000000000000000000e+00,1.329437945969399971e-03,0.000000000000000000e+00,1.291576423682299973e-03
1.329437945969399971e-03,2.902838634327099994e-03,1.291576423682299973e-03,2.808234421536299954e-03
2.902838634327099994e-03,4.753087181597900369e-03,2.808234421536299954e-03,4.569075535982800376e-03
4.753087181597900369e-03,6.919068749993999637e-03,4.569075535982800376e-03,6.624797824770200030e-03
6.919068749993999637e-03,9.561929851770399266e-03,6.624797824770200030e-03,9.160580113530200630e-03
9.561929851770399266e-03,1.291900686919699934e-02,9.160580113530200630e-03,1.241266261786200080e-02
1.291900686919699934e-02,1.724944077432200018e-02,1.241266261786200080e-02,1.663193106651299907e-02
1.724944077432200018e-02,2.283724583685399837e-02,1.663193106651299907e-02,2.209671586751900049e-02
2.283724583685399837e-02,2.998946793377400138e-02,2.209671586751900049e-02,2.911045588553000038e-02
2.998946793377400138e-02,3.901143372058900327e-02,2.911045588553000038e-02,3.797636181116099963e-02
3.901143372058900327e-02,5.015832930803300338e-02,3.797636181116099963e-02,4.894894361496000129e-02
5.015832930803300338e-02,6.356605887412999922e-02,4.894894361496000129e-02,6.216454505920399748e-02
6.356605887412999922e-02,7.917422056198100688e-02,6.216454505920399748e-02,7.756350934505500117e-02
7.917422056198100688e-02,9.666477143764500013e-02,7.756350934505500117e-02,9.482777863740900204e-02
9.666477143764500013e-02,1.154470667242999959e-01,9.482777863740900204e-02,1.133657097816500037e-01
1.154470667242999959e-01,1.347111612558400118e-01,1.133657097816500037e-01,1.323668807745000120e-01
1.347111612558400118e-01,1.535487920045900123e-01,1.323668807745000120e-01,1.509258151054400088e-01
1.535487920045900123e-01,1.711084842681900031e-01,1.509258151054400088e-01,1.681993007659899897e-01
1.711084842681900031e-01,1.867313235998200038e-01,1.681993007659899897e-01,1.835417449474300022e-01
1.867313235998200038e-01,2.000219523906699992e-01,1.835417449474300022e-01,1.965727955102899993e-01
2.000219523906699992e-01,2.108443826437000068e-01,1.965727955102899993e-01,2.071673572063399971e-01
2.108443826437000068e-01,2.192730307579000004e-01,2.071673572063399971e-01,2.153977453708600109e-01
2.192730307579000004e-01,2.255482673645000102e-01,2.153977453708600109e-01,2.214807420968999963e-01
2.255482673645000102e-01,2.300520539283799903e-01,2.214807420968999963e-01,2.257692962884899901e-01
2.300520539283799903e-01,2.338662594556799867e-01,2.257692962884899901e-01,2.293067574501000128e-01
2.338662594556799867e-01,2.375732660293599918e-01,2.293067574501000128e-01,2.326492667198200026e-01
2.375732660293599918e-01,2.411871552467300117e-01,2.326492667198200026e-01,2.358337938785599885e-01
2.411871552467300117e-01,2.447656840085999930e-01,2.358337938785599885e-01,2.389412224292800091e-01
2.447656840085999930e-01,2.483746707439400125e-01,2.389412224292800091e-01,2.420486956834800030e-01
2.483746707439400125e-01,2.520727217197399894e-01,2.420486956834800030e-01,2.452177256345700052e-01
2.520727217197399894e-01,2.559090554714200105e-01,2.452177256345700052e-01,2.484965324401899878e-01
2.559090554714200105e-01,2.599253952503199905e-01,2.484965324401899878e-01,2.519244551658599840e-01
2.599253952503199905e-01,2.641583085060100200e-01,2.519244551658599840e-01,2.555353045463599759e-01
2.641583085060100200e-01,2.686410248279599844e-01,2.555353045463599759e-01,2.593596279621099843e-01
2.686410248279599844e-01,2.734036743640900213e-01,2.593596279621099843e-01,2.634251713752699953e-01
2.734036743640900213e-01,2.784695923328400213e-01,2.634251713752699953e-01,2.677538692951200172e-01
2.784695923328400213e-01,2.838349640369399740e-01,2.677538692951200172e-01,2.723451256751999727e-01
2.838349640369399740e-01,2.893796265125300193e-01,2.723451256751999727e-01,2.771017551422100267e-01
2.893796265125300193e-01,2.945109903812400121e-01,2.771017551422100267e-01,2.815295755863200244e-01
2.945109903812400121e-01,2.968951463699299742e-01,2.815295755863200244e-01,2.836258709430700131e-01
2.968951463699299742e-01,2.968048453330999759e-01,2.836258709430700131e-01,2.836274504661600027e-01
2.968048453330999759e-01,2.969547510147099723e-01,2.836274504661600027e-01,2.838028967380499812e-01
2.969547510147099723e-01,2.971512377262099935e-01,2.838028967380499812e-01,2.840101718902600103e-01
2.971512377262099935e-01,2.973563969135299967e-01,2.840101718902600103e-01,2.842233777046199728e-01
2.973563969135299967e-01,2.975640296936000184e-01,2.842233777046199728e-01,2.844394445419299866e-01
2.975640296936000184e-01,2.977740168571499924e-01,2.844394445419299866e-01,2.846588790416699766e-01
2.977740168571499924e-01,2.979869842529300206e-01,2.846588790416699766e-01,2.848821878433199783e-01
2.979869842529300206e-01,2.982032597065000235e-01,2.848821878433199783e-01,2.851094007492099847e-01
2.982032597065000235e-01,2.984229922294600046e-01,2.851094007492099847e-01,2.853403389453900152e-01
2.984229922294600046e-01,2.986460626125300166e-01,2.853403389453900152e-01,2.855747044086500153e-01
2.986460626125300166e-01,2.988723218441000085e-01,2.855747044086500153e-01,2.858122289180800024e-01
2.988723218441000085e-01,2.991015613079099911e-01,2.858122289180800024e-01,2.860525846481299928e-01
2.991015613079099911e-01,2.993335723876999754e-01,2.860525846481299928e-01,2.862955331802399805e-01
2.993335723876999754e-01,2.995681464672099725e-01,2.862955331802399805e-01,2.865408957004499935e-01
2.995681464672099725e-01,2.998051047325099860e-01,2.865408957004499935e-01,2.867884635925300185e-01
2.998051047325099860e-01,3.000442683696700197e-01,2.867884635925300185e-01,2.870380878448500206e-01
3.000442683696700197e-01,3.002855181694000231e-01,2.870380878448500206e-01,2.872895896434800034e-01
3.002855181694000231e-01,3.005286455154400072e-01,2.872895896434800034e-01,2.875428497791300275e-01
3.005286455154400072e-01,3.007735610008199778e-01,2.875428497791300275e-01,2.877977788448299878e-01
3.007735610008199778e-01,3.010201156139399870e-01,2.877977788448299878e-01,2.880542576312999925e-01
3.010201156139399870e-01,3.012682199478100009e-01,2.880542576312999925e-01,2.883121669292399991e-01
3.012682199478100009e-01,3.015177547931700008e-01,2.883121669292399991e-01,2.885714173316999975e-01
3.015177547931700008e-01,3.017686307430300086e-01,2.885714173316999975e-01,2.888319492340100103e-01
3.017686307430300086e-01,3.020207285880999737e-01,2.888319492340100103e-01,2.890936434269000266e-01
3.020207285880999737e-01,3.022739887237499978e-01,2.890936434269000266e-01,2.893564999103500068e-01
3.022739887237499978e-01,3.025283515453299765e-01,2.893564999103500068e-01,2.896203994750999877e-01
3.025283515453299765e-01,3.027836978435500259e-01,2.896203994750999877e-01,2.898852825164799918e-01
3.027836978435500259e-01,3.030399978160899788e-01,2.898852825164799918e-01,2.901510894298600096e-01
3.030399978160899788e-01,3.032971620559700154e-01,2.901510894298600096e-01,2.904177904129000010e-01
3.032971620559700154e-01,3.035551607608800162e-01,2.904177904129000010e-01,2.906853556633000046e-01
3.035551607608800162e-01,3.038139343261699876e-01,2.906853556633000046e-01,2.909536659717599782e-01
3.038139343261699876e-01,3.040733933448799831e-01,2.909536659717599782e-01,2.912227213382699853e-01
3.040733933448799831e-01,3.043335378170000105e-01,2.912227213382699853e-01,2.914924919605300091e-01
3.043335378170000105e-01,3.045942783355700123e-01,2.914924919605300091e-01,2.917629182338700167e-01
3.045942783355700123e-01,3.048556149005899885e-01,2.917629182338700167e-01,2.920339405536699906e-01
3.048556149005899885e-01,3.051174581050900003e-01,2.920339405536699906e-01,2.923055887222300031e-01
3.051174581050900003e-01,3.053798079490699924e-01,2.923055887222300031e-01,2.925777435302699958e-01
3.053798079490699924e-01,3.056426048278800267e-01,2.925777435302699958e-01,2.928504645824400177e-01
3.056426048278800267e-01,3.059058189392099836e-01,2.928504645824400177e-01,2.931236326694500183e-01
3.059058189392099836e-01,3.061694502830499820e-01,2.931236326694500183e-01,2.933972775936100064e-01
3.061694502830499820e-01,3.064334094524400198e-01,2.933972775936100064e-01,2.936713695526099732e-01
3.064334094524400198e-01,3.066977262496899947e-01,2.936713695526099732e-01,2.939458787441299736e-01
3.066977262496899947e-01,3.069623708725000011e-01,2.939458787441299736e-01,2.942208051681500236e-01
3.069623708725000011e-01,3.072273135185200066e-01,2.942208051681500236e-01,2.944960892200499947e-01
3.072273135185200066e-01,3.074925243854499946e-01,2.944960892200499947e-01,2.947717905044600073e-01
3.074925243854499946e-01,3.077580332755999737e-01,2.947717905044600073e-01,2.950478494167300125e-01
3.077580332755999737e-01,3.080238401889799915e-01,2.950478494167300125e-01,2.953242957591999951e-01
3.080238401889799915e-01,3.082899749279000012e-01,2.953242957591999951e-01,2.956011593341800192e-01
3.082899749279000012e-01,3.085564374923699948e-01,2.956011593341800192e-01,2.958784997463200228e-01
3.085564374923699948e-01,3.088232874870299738e-01,2.958784997463200228e-01,2.961563169956200059e-01
3.088232874870299738e-01,3.090906441211699884e-01,2.961563169956200059e-01,2.964347600936900196e-01
3.090906441211699884e-01,3.093585669994399767e-01,2.964347600936900196e-01,2.967138886451700097e-01
3.093585669994399767e-01,3.096272349357599984e-01,2.967138886451700097e-01,2.969938516616800195e-01
3.096272349357599984e-01,3.098968267440799784e-01,2.969938516616800195e-01,2.972749173641199838e-01
3.098968267440799784e-01,3.101675808429700254e-01,2.972749173641199838e-01,2.975572943687400107e-01
3.101675808429700254e-01,3.104398846626300057e-01,2.975572943687400107e-01,2.978413999080700147e-01
3.104398846626300057e-01,3.107140958309200229e-01,2.978413999080700147e-01,2.981276512145999980e-01
3.107140958309200229e-01,3.109907209873200018e-01,2.981276512145999980e-01,2.984166145324699815e-01
3.109907209873200018e-01,3.112703561782800277e-01,2.984166145324699815e-01,2.987089455127699966e-01
3.112703561782800277e-01,3.115534782409700165e-01,2.987089455127699966e-01,2.990052998065900192e-01
3.115534782409700165e-01,3.118397295474999997e-01,2.990052998065900192e-01,2.993053793907199944e-01
3.118397295474999997e-01,3.121245205402399803e-01,2.993053793907199944e-01,2.996045351028400194e-01
3.121245205402399803e-01,3.123834729194600035e-01,2.996045351028400194e-01,2.998771369457199909e-01
3.123834729194600035e-01,3.125000000000000000e-01,2.998771369457199909e-01,3.000000119209300098e-01
0.000000000000000000e+00,1.368585042655500079e-03,0.000000000000000000e+00,1.329437945969399971e-03
1.368585042655500079e-03,2.997950417920899804e-03,1.329437945969399971e-03,2.902838634327099994e-03
2.997950417920899804e-03,4.933768883347500016e-03,2.902838634327099994e-03,4.753087181597900369e-03
4.933768883347500016e-03,7.211235351860499805e-03,4.753087181597900369e-03,6.919068749993999637e-03
7.211235351860499805e-03,9.968829341232799193e-03,6.919068749993999637e-03,9.561929851770399266e-03
9.968829341232799193e-03,1.343936379998899970e-02,9.561929851770399266e-03,1.291900686919699934e-02
1.343936379998899970e-02,1.788902282714800035e-02,1.291900686919699934e-02,1.724944077432200018e-02
1.788902282714800035e-02,2.360785752534899987e-02,1.724944077432200018e-02,2.283724583685399837e-02
2.360785752534899987e-02,3.090683929622200024e-02,2.283724583685399837e-02,2.998946793377400138e-02
3.090683929622200024e-02,4.009351506829299944e-02,2.998946793377400138e-02,3.901143372058900327e-02
4.009351506829299944e-02,5.142373591661499738e-02,3.901143372058900327e-02,5.015832930803300338e-02
5.142373591661499738e-02,6.503282487392400557e-02,5.015832930803300338e-02,6.356605887412999922e-02
6.503282487392400557e-02,8.085954189300499639e-02,6.356605887412999922e-02,7.917422056198100688e-02
8.085954189300499639e-02,9.858581423759499307e-02,7.917422056198100688e-02,9.666477143764500013e-02
9.858581423759499307e-02,1.176222041249300049e-01,9.666477143764500013e-02,1.154470667242999959e-01
1.176222041249300049e-01,1.371596604585600121e-01,1.154470667242999959e-01,1.347111612558400118e-01
1.371596604585600121e-01,1.562877446412999916e-01,1.347111612558400118e-01,1.535487920045900123e-01
1.562877446412999916e-01,1.741473525762599894e-01,1.535487920045900123e-01,1.711084842681900031e-01
1.741473525762599894e-01,1.900669783353799991e-01,1.711084842681900031e-01,1.867313235998200038e-01
1.900669783353799991e-01,2.036371529102299904e-01,1.867313235998200038e-01,2.000219523906699992e-01
2.036371529102299904e-01,2.147128134965899937e-01,2.000219523906699992e-01,2.108443826437000068e-01
2.147128134965899937e-01,2.233726680278800003e-01,2.108443826437000068e-01,2.192730307579000004e-01
2.233726680278800003e-01,2.298773825168599905e-01,2.192730307579000004e-01,2.255482673645000102e-01
2.298773825168599905e-01,2.346247285604499966e-01,2.255482673645000102e-01,2.300520539283799903e-01
2.346247285604499966e-01,2.387292683124500048e-01,2.300520539283799903e-01,2.338662594556799867e-01
2.387292683124500048e-01,2.428038865327800111e-01,2.338662594556799867e-01,2.375732660293599918e-01
2.428038865327800111e-01,2.468505054712299973e-01,2.375732660293599918e-01,2.411871552467300117e-01
2.468505054712299973e-01,2.509100437164299979e-01,2.411871552467300117e-01,2.447656840085999930e-01
2.509100437164299979e-01,2.550376653671300176e-01,2.447656840085999930e-01,2.483746707439400125e-01
2.550376653671300176e-01,2.592877149581899743e-01,2.483746707439400125e-01,2.520727217197399894e-01
2.592877149581899743e-01,2.637088894844100140e-01,2.520727217197399894e-01,2.559090554714200105e-01
2.637088894844100140e-01,2.683440148830399941e-01,2.559090554714200105e-01,2.599253952503199905e-01
2.683440148830399941e-01,2.732312977313999802e-01,2.599253952503199905e-01,2.641583085060100200e-01
2.732312977313999802e-01,2.784053683280899860e-01,2.641583085060100200e-01,2.686410248279599844e-01
2.784053683280899860e-01,2.838972210884099789e-01,2.686410248279599844e-01,2.734036743640900213e-01
2.838972210884099789e-01,2.897291481494900234e-01,2.734036743640900213e-01,2.784695923328400213e-01
2.897291481494900234e-01,2.958900928497300020e-01,2.784695923328400213e-01,2.838349640369399740e-01
2.958900928497300020e-01,3.022303283214600178e-01,2.838349640369399740e-01,2.893796265125300193e-01
3.022303283214600178e-01,3.080510795116400136e-01,2.893796265125300193e-01,2.945109903812400121e-01
3.080510795116400136e-01,3.107027709484099787e-01,2.945109903812400121e-01,2.968951463699299742e-01
3.107027709484099787e-01,3.105186820030200190e-01,2.968951463699299742e-01,2.968048453330999759e-01
3.105186820030200190e-01,3.106330633163499888e-01,2.968048453330999759e-01,2.969547510147099723e-01
3.106330633163499888e-01,3.108074963092800069e-01,2.969547510147099723e-01,2.971512377262099935e-01
3.108074963092800069e-01,3.109939396381399823e-01,2.971512377262099935e-01,2.973563969135299967e-01
3.109939396381399823e-01,3.111833930015600047e-01,2.973563969135299967e-01,2.975640296936000184e-01
3.111833930015600047e-01,3.113749325275400048e-01,2.975640296936000184e-01,2.977740168571499924e-01
3.113749325275400048e-01,3.115690052509300090e-01,2.977740168571499924e-01,2.979869842529300206e-01
3.115690052509300090e-01,3.117660582065600039e-01,2.979869842529300206e-01,2.982032597065000235e-01
3.117660582065600039e-01,3.119663298129999873e-01,2.982032597065000235e-01,2.984229922294600046e-01
3.119663298129999873e-01,3.121698796749100002e-01,2.984229922294600046e-01,2.986460626125300166e-01
3.121698796749100002e-01,3.123766183853100009e-01,2.986460626125300166e-01,2.988723218441000085e-01
3.123766183853100009e-01,3.125864565372499793e-01,2.988723218441000085e-01,2.991015613079099911e-01
3.125864565372499793e-01,3.127991557121300170e-01,2.991015613079099911e-01,2.993335723876999754e-01
3.127991557121300170e-01,3.130145967006700003e-01,2.993335723876999754e-01,2.995681464672099725e-01
3.130145967006700003e-01,3.132325410842899949e-01,2.995681464672099725e-01,2.998051047325099860e-01
3.132325410842899949e-01,3.134528696537000059e-01,2.998051047325099860e-01,3.000442683696700197e-01
3.134528696537000059e-01,3.136754035949699815e-01,3.000442683696700197e-01,3.002855181694000231e-01
3.136754035949699815e-01,3.138999640941599889e-01,3.002855181694000231e-01,3.005286455154400072e-01
3.138999640941599889e-01,3.141264021396599770e-01,3.005286455154400072e-01,3.007735610008199778e-01
3.141264021396599770e-01,3.143545985221899985e-01,3.007735610008199778e-01,3.010201156139399870e-01
3.143545985221899985e-01,3.145844042301200183e-01,3.010201156139399870e-01,3.012682199478100009e-01
3.145844042301200183e-01,3.148157298564899786e-01,3.012682199478100009e-01,3.015177547931700008e-01
3.148157298564899786e-01,3.150484263896899950e-01,3.015177547931700008e-01,3.017686307430300086e-01
3.150484263896899950e-01,3.152824044227600098e-01,3.017686307430300086e-01,3.020207285880999737e-01
3.152824044227600098e-01,3.155175745487199812e-01,3.020207285880999737e-01,3.022739887237499978e-01
3.155175745487199812e-01,3.157538473606100182e-01,3.022739887237499978e-01,3.025283515453299765e-01
3.157538473606100182e-01,3.159911632537800164e-01,3.025283515453299765e-01,3.027836978435500259e-01
3.159911632537800164e-01,3.162293732166300275e-01,3.027836978435500259e-01,3.030399978160899788e-01
3.162293732166300275e-01,3.164685070514700049e-01,3.030399978160899788e-01,3.032971620559700154e-01
3.164685070514700049e-01,3.167084157466900085e-01,3.032971620559700154e-01,3.035551607608800162e-01
3.167084157466900085e-01,3.169490694999699820e-01,3.035551607608800162e-01,3.038139343261699876e-01
3.169490694999699820e-01,3.171903789043399868e-01,3.038139343261699876e-01,3.040733933448799831e-01
3.171903789043399868e-01,3.174323439598100149e-01,3.040733933448799831e-01,3.043335378170000105e-01
3.174323439598100149e-01,3.176748752594000247e-01,3.043335378170000105e-01,3.045942783355700123e-01
3.176748752594000247e-01,3.179179430007900153e-01,3.045942783355700123e-01,3.048556149005899885e-01
3.179179430007900153e-01,3.181614875793499775e-01,3.048556149005899885e-01,3.051174581050900003e-01
3.181614875793499775e-01,3.184054791927299899e-01,3.051174581050900003e-01,3.053798079490699924e-01
3.184054791927299899e-01,3.186498582363099796e-01,3.053798079490699924e-01,3.056426048278800267e-01
3.186498582363099796e-01,3.188945949077600095e-01,3.056426048278800267e-01,3.059058189392099836e-01
3.188945949077600095e-01,3.191396594047499757e-01,3.059058189392099836e-01,3.061694502830499820e-01
3.191396594047499757e-01,3.193849921226499800e-01,3.061694502830499820e-01,3.064334094524400198e-01
3.193849921226499800e-01,3.196306228637699753e-01,3.064334094524400198e-01,3.066977262496899947e-01
3.196306228637699753e-01,3.198764920234700160e-01,3.066977262496899947e-01,3.069623708725000011e-01
3.198764920234700160e-01,3.201225697994199981e-01,3.069623708725000011e-01,3.072273135185200066e-01
3.201225697994199981e-01,3.203688561916400168e-01,3.072273135185200066e-01,3.074925243854499946e-01
3.203688561916400168e-01,3.206153512000999850e-01,3.074925243854499946e-01,3.077580332755999737e-01
3.206153512000999850e-01,3.208620548248299897e-01,3.077580332755999737e-01,3.080238401889799915e-01
3.208620548248299897e-01,3.211089670658099915e-01,3.080238401889799915e-01,3.082899749279000012e-01
3.211089670658099915e-01,3.213561177253699830e-01,3.082899749279000012e-01,3.085564374923699948e-01
3.213561177253699830e-01,3.216035962104800139e-01,3.085564374923699948e-01,3.088232874870299738e-01
3.216035962104800139e-01,3.218514025211299812e-01,3.088232874870299738e-01,3.090906441211699884e-01
3.218514025211299812e-01,3.220997154712699762e-01,3.090906441211699884e-01,3.093585669994399767e-01
3.220997154712699762e-01,3.223485946655300083e-01,3.093585669994399767e-01,3.096272349357599984e-01
3.223485946655300083e-01,3.225982487201700111e-01,3.096272349357599984e-01,3.098968267440799784e-01
3.225982487201700111e-01,3.228489160537699743e-01,3.098968267440799784e-01,3.101675808429700254e-01
3.228489160537699743e-01,3.231008648872399913e-01,3.101675808429700254e-01,3.104398846626300057e-01
3.231008648872399913e-01,3.233544826507600001e-01,3.104398846626300057e-01,3.107140958309200229e-01
3.233544826507600001e-01,3.236101865768399866e-01,3.107140958309200229e-01,3.109907209873200018e-01
3.236101865768399866e-01,3.238684535026600253e-01,3.109907209873200018e-01,3.112703561782800277e-01
3.238684535026600253e-01,3.241296410560600139e-01,3.112703561782800277e-01,3.115534782409700165e-01
3.241296410560600139e-01,3.243933916091900072e-01,3.115534782409700165e-01,3.118397295474999997e-01
3.243933916091900072e-01,3.246553540229800139e-01,3.118397295474999997e-01,3.121245205402399803e-01
3.246553540229800139e-01,3.248931467533099915e-01,3.121245205402399803e-01,3.123834729194600035e-01
3.248931467533099915e-01,3.249999880790699902e-01,3.123834729194600035e-01,3.125000000000000000e-01
0.000000000000000000e+00,1.409369637258400072e-03,0.000000000000000000e+00,1.368585042655500079e-03
1.409369637258400072e-03,3.094939282164000174e-03,1.368585042655500079e-03,2.997950417920899804e-03
3.094939282164000174e-03,5.113992840051699573e-03,2.997950417920899804e-03,4.933768883347500016e-03
5.113992840051699573e-03,7.503411266952799905e-03,4.933768883347500016e-03,7.211235351860499805e-03
7.503411266952799905e-03,1.038273889571400023e-02,7.211235351860499805e-03,9.968829341232799193e-03
1.038273889571400023e-02,1.397571805864599934e-02,9.968829341232799193e-03,1.343936379998899970e-02
1.397571805864599934e-02,1.855352334678200127e-02,1.343936379998899970e-02,1.788902282714800035e-02
1.855352334678200127e-02,2.441230230033400103e-02,1.788902282714800035e-02,2.360785752534899987e-02
2.441230230033400103e-02,3.186719492077799698e-02,2.360785752534899987e-02,3.090683929622200024e-02
3.186719492077799698e-02,4.122804850339899935e-02,3.090683929622200024e-02,4.009351506829299944e-02
4.122804850339899935e-02,5.275129154324500330e-02,4.009351506829299944e-02,5.142373591661499738e-02
5.275129154324500330e-02,6.657147407531699423e-02,5.142373591661499738e-02,6.503282487392400557e-02
6.657147407531699423e-02,8.262634277343799960e-02,6.503282487392400557e-02,8.085954189300499639e-02
8.262634277343799960e-02,1.005977615714099965e-01,8.085954189300499639e-02,9.858581423759499307e-02
1.005977615714099965e-01,1.198976784944500024e-01,9.858581423759499307e-02,1.176222041249300049e-01
1.198976784944500024e-01,1.397184282541300004e-01,1.176222041249300049e-01,1.371596604585600121e-01
1.397184282541300004e-01,1.591480970382699867e-01,1.371596604585600121e-01,1.562877446412999916e-01
1.591480970382699867e-01,1.773208677768700059e-01,1.562877446412999916e-01,1.741473525762599894e-01
1.773208677768700059e-01,1.935534626245500045e-01,1.741473525762599894e-01,1.900669783353799991e-01
1.935534626245500045e-01,2.074234634637799890e-01,1.900669783353799991e-01,2.036371529102299904e-01
2.074234634637799890e-01,2.187784165143999981e-01,2.036371529102299904e-01,2.147128134965899937e-01
2.187784165143999981e-01,2.277021408081099929e-01,2.147128134965899937e-01,2.233726680278800003e-01
2.277021408081099929e-01,2.344707697629900001e-01,2.233726680278800003e-01,2.298773825168599905e-01
2.344707697629900001e-01,2.394879907369600047e-01,2.298773825168599905e-01,2.346247285604499966e-01
2.394879907369600047e-01,2.438991218805300065e-01,2.346247285604499966e-01,2.387292683124500048e-01
2.438991218805300065e-01,2.483500391244899963e-01,2.387292683124500048e-01,2.428038865327800111e-01
2.483500391244899963e-01,2.528368830680799983e-01,2.428038865327800111e-01,2.468505054712299973e-01
2.528368830680799983e-01,2.573890388011900177e-01,2.468505054712299973e-01,2.509100437164299979e-01
2.573890388011900177e-01,2.620525360107400226e-01,2.509100437164299979e-01,2.550376653671300176e-01
2.620525360107400226e-01,2.668769657611799739e-01,2.550376653671300176e-01,2.592877149581899743e-01
2.668769657611799739e-01,2.719093263149299777e-01,2.592877149581899743e-01,2.637088894844100140e-01
2.719093263149299777e-01,2.771922945976300068e-01,2.637088894844100140e-01,2.683440148830399941e-01
2.771922945976300068e-01,2.827642858028400208e-01,2.683440148830399941e-01,2.732312977313999802e-01
2.827642858028400208e-01,2.886597812175800137e-01,2.732312977313999802e-01,2.784053683280899860e-01
2.886597812175800137e-01,2.949083447456399831e-01,2.784053683280899860e-01,2.838972210884099789e-01
2.949083447456399831e-01,3.015278577804599847e-01,2.838972210884099789e-01,2.897291481494900234e-01
3.015278577804599847e-01,3.084949254989600154e-01,2.897291481494900234e-01,2.958900928497300020e-01
3.084949254989600154e-01,3.156230151653299787e-01,2.958900928497300020e-01,3.022303283214600178e-01
3.156230151653299787e-01,3.221024870872499779e-01,3.022303283214600178e-01,3.080510795116400136e-01
3.221024870872499779e-01,3.249947726726499786e-01,3.080510795116400136e-01,3.107027709484099787e-01
3.249947726726499786e-01,3.247162103653000176e-01,3.107027709484099787e-01,3.105186820030200190e-01
3.247162103653000176e-01,3.247869312763200234e-01,3.105186820030200190e-01,3.106330633163499888e-01
3.247869312763200234e-01,3.249297440052000274e-01,3.106330633163499888e-01,3.108074963092800069e-01
3.249297440052000274e-01,3.250879943370800218e-01,3.108074963092800069e-01,3.109939396381399823e-01
3.250879943370800218e-01,3.252503275871300170e-01,3.109939396381399823e-01,3.111833930015600047e-01
3.252503275871300170e-01,3.254150152206399804e-01,3.111833930015600047e-01,3.113749325275400048e-01
3.254150152206399804e-01,3.255822062492400026e-01,3.113749325275400048e-01,3.115690052509300090e-01
3.255822062492400026e-01,3.257522583007799732e-01,3.115690052509300090e-01,3.117660582065600039e-01
3.257522583007799732e-01,3.259254992008199792e-01,3.117660582065600039e-01,3.119663298129999873e-01
3.259254992008199792e-01,3.261019587516800211e-01,3.119663298129999873e-01,3.121698796749100002e-01
3.261019587516800211e-01,3.262816667556799888e-01,3.121698796749100002e-01,3.123766183853100009e-01
3.262816667556799888e-01,3.264645040035200063e-01,3.123766183853100009e-01,3.125864565372499793e-01
3.264645040035200063e-01,3.266503512859300074e-01,3.125864565372499793e-01,3.127991557121300170e-01
3.266503512859300074e-01,3.268390297889700036e-01,3.127991557121300170e-01,3.130145967006700003e-01
3.268390297889700036e-01,3.270303606987000067e-01,3.130145967006700003e-01,3.132325410842899949e-01
3.270303606987000067e-01,3.272241950035100211e-01,3.132325410842899949e-01,3.134528696537000059e-01
3.272241950035100211e-01,3.274203240871400022e-01,3.134528696537000059e-01,3.136754035949699815e-01
3.274203240871400022e-01,3.276185989379900021e-01,3.136754035949699815e-01,3.138999640941599889e-01
3.276185989379900021e-01,3.278188705444299855e-01,3.138999640941599889e-01,3.141264021396599770e-01
3.278188705444299855e-01,3.280209302902200030e-01,3.141264021396599770e-01,3.143545985221899985e-01
3.280209302902200030e-01,3.282247185707100057e-01,3.143545985221899985e-01,3.145844042301200183e-01
3.282247185707100057e-01,3.284300565719600051e-01,3.145844042301200183e-01,3.148157298564899786e-01
3.284300565719600051e-01,3.286368250846899985e-01,3.148157298564899786e-01,3.150484263896899950e-01
3.286368250846899985e-01,3.288449048995999990e-01,3.150484263896899950e-01,3.152824044227600098e-01
3.288449048995999990e-01,3.290542066097300045e-01,3.152824044227600098e-01,3.155175745487199812e-01
3.290542066097300045e-01,3.292646408081100207e-01,3.155175745487199812e-01,3.157538473606100182e-01
3.292646408081100207e-01,3.294760882854499973e-01,3.157538473606100182e-01,3.159911632537800164e-01
3.294760882854499973e-01,3.296884596347799956e-01,3.159911632537800164e-01,3.162293732166300275e-01
3.296884596347799956e-01,3.299016952514600143e-01,3.162293732166300275e-01,3.164685070514700049e-01
3.299016952514600143e-01,3.301157355308499963e-01,3.164685070514700049e-01,3.167084157466900085e-01
3.301157355308499963e-01,3.303304910659800031e-01,3.167084157466900085e-01,3.169490694999699820e-01
3.303304910659800031e-01,3.305459022521999857e-01,3.169490694999699820e-01,3.171903789043399868e-01
3.305459022521999857e-01,3.307619094848600061e-01,3.171903789043399868e-01,3.174323439598100149e-01
3.307619094848600061e-01,3.309784531593299994e-01,3.174323439598100149e-01,3.176748752594000247e-01
3.309784531593299994e-01,3.311954736709599723e-01,3.176748752594000247e-01,3.179179430007900153e-01
3.311954736709599723e-01,3.314129412174199873e-01,3.179179430007900153e-01,3.181614875793499775e-01
3.314129412174199873e-01,3.316307961940799798e-01,3.181614875793499775e-01,3.184054791927299899e-01
3.316307961940799798e-01,3.318490087986000203e-01,3.184054791927299899e-01,3.186498582363099796e-01
3.318490087986000203e-01,3.320675194263499885e-01,3.186498582363099796e-01,3.188945949077600095e-01
3.320675194263499885e-01,3.322863280773200034e-01,3.188945949077600095e-01,3.191396594047499757e-01
3.322863280773200034e-01,3.325053453445400153e-01,3.191396594047499757e-01,3.193849921226499800e-01
3.325053453445400153e-01,3.327245712280300083e-01,3.193849921226499800e-01,3.196306228637699753e-01
3.327245712280300083e-01,3.329439759254499975e-01,3.196306228637699753e-01,3.198764920234700160e-01
3.329439759254499975e-01,3.331635594367999831e-01,3.198764920234700160e-01,3.201225697994199981e-01
3.331635594367999831e-01,3.333832621574400190e-01,3.201225697994199981e-01,3.203688561916400168e-01
3.333832621574400190e-01,3.336031138896899950e-01,3.203688561916400168e-01,3.206153512000999850e-01
3.336031138896899950e-01,3.338230848312400134e-01,3.206153512000999850e-01,3.208620548248299897e-01
3.338230848312400134e-01,3.340432345867199726e-01,3.208620548248299897e-01,3.211089670658099915e-01
3.340432345867199726e-01,3.342635035514799902e-01,3.211089670658099915e-01,3.213561177253699830e-01
3.342635035514799902e-01,3.344840109348299895e-01,3.213561177253699830e-01,3.216035962104800139e-01
3.344840109348299895e-01,3.347047567367599785e-01,3.216035962104800139e-01,3.218514025211299812e-01
3.347047567367599785e-01,3.349258601665500157e-01,3.218514025211299812e-01,3.220997154712699762e-01
3.349258601665500157e-01,3.351474404334999768e-01,3.220997154712699762e-01,3.223485946655300083e-01
3.351474404334999768e-01,3.353696465492200240e-01,3.223485946655300083e-01,3.225982487201700111e-01
3.353696465492200240e-01,3.355926275253299784e-01,3.225982487201700111e-01,3.228489160537699743e-01
3.355926275253299784e-01,3.358167111873600064e-01,3.228489160537699743e-01,3.231008648872399913e-01
3.358167111873600064e-01,3.360421359538999786e-01,3.231008648872399913e-01,3.233544826507600001e-01
3.360421359538999786e-01,3.362692892551399915e-01,3.233544826507600001e-01,3.236101865768399866e-01
3.362692892551399915e-01,3.364985585212699748e-01,3.236101865768399866e-01,3.238684535026600253e-01
3.364985585212699748e-01,3.367302119731899746e-01,3.238684535026600253e-01,3.241296410560600139e-01
3.367302119731899746e-01,3.369638621807100054e-01,3.241296410560600139e-01,3.243933916091900072e-01
3.369638621807100054e-01,3.371956348419200000e-01,3.243933916091900072e-01,3.246553540229800139e-01
3.371956348419200000e-01,3.374057114124299761e-01,3.246553540229800139e-01,3.248931467533099915e-01
3.374057114124299761e-01,3.375000059604599811e-01,3.248931467533099915e-01,3.249999880790699902e-01
0.000000000000000000e+00,1.452131546102499978e-03,0.000000000000000000e+00,1.409369637258400072e-03
1.452131546102499978e-03,3.194937016814899857e-03,1.409369637258400072e-03,3.094939282164000174e-03
3.194937016814899857e-03,5.296239629387899765e-03,3.094939282164000174e-03,5.113992840051699573e-03
5.296239629387899765e-03,7.797912228852500044e-03,5.113992840051699573e-03,7.503411266952799905e-03
7.797912228852500044e-03,1.080529484897899996e-02,7.503411266952799905e-03,1.038273889571400023e-02
1.080529484897899996e-02,1.453009527176600015e-02,1.038273889571400023e-02,1.397571805864599934e-02
1.453009527176600015e-02,1.924582198262200089e-02,1.397571805864599934e-02,1.855352334678200127e-02
1.924582198262200089e-02,2.525440789759200028e-02,1.855352334678200127e-02,2.441230230033400103e-02
2.525440789759200028e-02,3.287528455257399812e-02,2.441230230033400103e-02,3.186719492077799698e-02
3.287528455257399812e-02,4.242062941193600056e-02,3.186719492077799698e-02,4.122804850339899935e-02
4.242062941193600056e-02,5.414728075265899665e-02,4.122804850339899935e-02,5.275129154324500330e-02
5.414728075265899665e-02,6.818877160549199901e-02,5.275129154324500330e-02,6.657147407531699423e-02
6.818877160549199901e-02,8.448155969381300479e-02,6.657147407531699423e-02,8.262634277343799960e-02
8.448155969381300479e-02,1.027074158191700060e-01,8.262634277343799960e-02,1.005977615714099965e-01
1.027074158191700060e-01,1.222798526287099952e-01,1.005977615714099965e-01,1.198976784944500024e-01
1.222798526287099952e-01,1.423931717872599922e-01,1.198976784944500024e-01,1.397184282541300004e-01
1.423931717872599922e-01,1.621348410844800081e-01,1.397184282541300004e-01,1.591480970382699867e-01
1.621348410844800081e-01,1.806333512067800073e-01,1.591480970382699867e-01,1.773208677768700059e-01
1.806333512067800073e-01,1.971947550773600066e-01,1.773208677768700059e-01,1.935534626245500045e-01
1.971947550773600066e-01,2.113849818706499961e-01,1.935534626245500045e-01,2.074234634637799890e-01
2.113849818706499961e-01,2.230454832315399982e-01,2.074234634637799890e-01,2.187784165143999981e-01
2.230454832315399982e-01,2.322649359703100047e-01,2.187784165143999981e-01,2.277021408081099929e-01
2.322649359703100047e-01,2.393295168876599932e-01,2.277021408081099929e-01,2.344707697629900001e-01
2.393295168876599932e-01,2.446416318416599900e-01,2.344707697629900001e-01,2.394879907369600047e-01
2.446416318416599900e-01,2.493773251771899957e-01,2.394879907369600047e-01,2.438991218805300065e-01
2.493773251771899957e-01,2.542172968387599874e-01,2.438991218805300065e-01,2.483500391244899963e-01
2.542172968387599874e-01,2.591555416583999905e-01,2.483500391244899963e-01,2.528368830680799983e-01
2.591555416583999905e-01,2.642139196395900114e-01,2.528368830680799983e-01,2.573890388011900177e-01
2.642139196395900114e-01,2.694311141967800083e-01,2.573890388011900177e-01,2.620525360107400226e-01
2.694311141967800083e-01,2.748519182205200195e-01,2.620525360107400226e-01,2.668769657611799739e-01
2.748519182205200195e-01,2.805207371711699871e-01,2.668769657611799739e-01,2.719093263149299777e-01
2.805207371711699871e-01,2.864788472652399776e-01,2.719093263149299777e-01,2.771922945976300068e-01
2.864788472652399776e-01,2.927632927894600057e-01,2.771922945976300068e-01,2.827642858028400208e-01
2.927632927894600057e-01,2.994062304496800109e-01,2.827642858028400208e-01,2.886597812175800137e-01
2.994062304496800109e-01,3.064328730106399834e-01,2.886597812175800137e-01,2.949083447456399831e-01
3.064328730106399834e-01,3.138523995876300043e-01,2.949083447456399831e-01,3.015278577804599847e-01
3.138523995876300043e-01,3.216230273246800109e-01,3.015278577804599847e-01,3.084949254989600154e-01
3.216230273246800109e-01,3.295147716999100029e-01,3.084949254989600154e-01,3.156230151653299787e-01
3.295147716999100029e-01,3.366063535213499880e-01,3.156230151653299787e-01,3.221024870872499779e-01
3.366063535213499880e-01,3.397074341774000139e-01,3.221024870872499779e-01,3.249947726726499786e-01
3.397074341774000139e-01,3.393347859382599974e-01,3.249947726726499786e-01,3.247162103653000176e-01
3.393347859382599974e-01,3.393555581569699942e-01,3.247162103653000176e-01,3.247869312763200234e-01
3.393555581569699942e-01,3.394589722156500233e-01,3.247869312763200234e-01,3.249297440052000274e-01
3.394589722156500233e-01,3.395810723304700240e-01,3.249297440052000274e-01,3.250879943370800218e-01
3.395810723304700240e-01,3.397085964679700254e-01,3.250879943370800218e-01,3.252503275871300170e-01
3.397085964679700254e-01,3.398390412330600241e-01,3.252503275871300170e-01,3.254150152206399804e-01
3.398390412330600241e-01,3.399722576141400165e-01,3.254150152206399804e-01,3.255822062492400026e-01
3.399722576141400165e-01,3.401085138320900092e-01,3.255822062492400026e-01,3.257522583007799732e-01
3.401085138320900092e-01,3.402479588985399817e-01,3.257522583007799732e-01,3.259254992008199792e-01
3.402479588985399817e-01,3.403907120227799843e-01,3.259254992008199792e-01,3.261019587516800211e-01
3.403907120227799843e-01,3.405367434024800244e-01,3.261019587516800211e-01,3.262816667556799888e-01
3.405367434024800244e-01,3.406859934329999895e-01,3.262816667556799888e-01,3.264645040035200063e-01
3.406859934329999895e-01,3.408383429050400037e-01,3.264645040035200063e-01,3.266503512859300074e-01
3.408383429050400037e-01,3.409936130046800074e-01,3.266503512859300074e-01,3.268390297889700036e-01
3.409936130046800074e-01,3.411516547203100047e-01,3.268390297889700036e-01,3.270303606987000067e-01
3.411516547203100047e-01,3.413122892379800155e-01,3.270303606987000067e-01,3.272241950035100211e-01
3.413122892379800155e-01,3.414753079414399872e-01,3.272241950035100211e-01,3.274203240871400022e-01
3.414753079414399872e-01,3.416405618190799798e-01,3.274203240871400022e-01,3.276185989379900021e-01
3.416405618190799798e-01,3.418078422546400041e-01,3.276185989379900021e-01,3.278188705444299855e-01
3.418078422546400041e-01,3.419770300388300099e-01,3.278188705444299855e-01,3.280209302902200030e-01
3.419770300388300099e-01,3.421479761600499936e-01,3.280209302902200030e-01,3.282247185707100057e-01
3.421479761600499936e-01,3.423205018043499748e-01,3.282247185707100057e-01,3.284300565719600051e-01
3.423205018043499748e-01,3.424944877624500061e-01,3.284300565719600051e-01,3.286368250846899985e-01
3.424944877624500061e-01,3.426698446273799825e-01,3.286368250846899985e-01,3.288449048995999990e-01
3.426698446273799825e-01,3.428463935852100186e-01,3.288449048995999990e-01,3.290542066097300045e-01
3.428463935852100186e-01,3.430241048336000187e-01,3.290542066097300045e-01,3.292646408081100207e-01
3.430241048336000187e-01,3.432027995586400260e-01,3.292646408081100207e-01,3.294760882854499973e-01
3.432027995586400260e-01,3.433824777603100009e-01,3.294760882854499973e-01,3.296884596347799956e-01
3.433824777603100009e-01,3.435629606246899947e-01,3.296884596347799956e-01,3.299016952514600143e-01
3.435629606246899947e-01,3.437442481517800075e-01,3.299016952514600143e-01,3.301157355308499963e-01
3.437442481517800075e-01,3.439262211322799967e-01,3.301157355308499963e-01,3.303304910659800031e-01
3.439262211322799967e-01,3.441088199615500165e-01,3.303304910659800031e-01,3.305459022521999857e-01
3.441088199615500165e-01,3.442920148372700107e-01,3.305459022521999857e-01,3.307619094848600061e-01
3.442920148372700107e-01,3.444756865501399923e-01,3.307619094848600061e-01,3.309784531593299994e-01
3.444756865501399923e-01,3.446598351001700089e-01,3.309784531593299994e-01,3.311954736709599723e-01
3.446598351001700089e-01,3.448443710804000029e-01,3.311954736709599723e-01,3.314129412174199873e-01
3.448443710804000029e-01,3.450292944908099901e-01,3.314129412174199873e-01,3.316307961940799798e-01
3.450292944908099901e-01,3.452145159244500161e-01,3.316307961940799798e-01,3.318490087986000203e-01
3.452145159244500161e-01,3.454000055789899770e-01,3.318490087986000203e-01,3.320675194263499885e-01
3.454000055789899770e-01,3.455857336521099832e-01,3.320675194263499885e-01,3.322863280773200034e-01
3.455857336521099832e-01,3.457716703414899784e-01,3.322863280773200034e-01,3.325053453445400153e-01
3.457716703414899784e-01,3.459577560424800247e-01,3.325053453445400153e-01,3.327245712280300083e-01
3.459577560424800247e-01,3.461439907550800110e-01,3.327245712280300083e-01,3.329439759254499975e-01
3.461439907550800110e-01,3.463303446769699923e-01,3.329439759254499975e-01,3.331635594367999831e-01
3.463303446769699923e-01,3.465167880058300232e-01,3.331635594367999831e-01,3.333832621574400190e-01
3.465167880058300232e-01,3.467033505439799934e-01,3.333832621574400190e-01,3.336031138896899950e-01
3.467033505439799934e-01,3.468899726867700206e-01,3.336031138896899950e-01,3.338230848312400134e-01
3.468899726867700206e-01,3.470766544341999937e-01,3.338230848312400134e-01,3.340432345867199726e-01
3.470766544341999937e-01,3.472634851932500100e-01,3.340432345867199726e-01,3.342635035514799902e-01
3.472634851932500100e-01,3.474504351615900211e-01,3.342635035514799902e-01,3.344840109348299895e-01
3.474504351615900211e-01,3.476375639438599729e-01,3.344840109348299895e-01,3.347047567367599785e-01
3.476375639438599729e-01,3.478249311447100256e-01,3.347047567367599785e-01,3.349258601665500157e-01
3.478249311447100256e-01,3.480126559734300074e-01,3.349258601665500157e-01,3.351474404334999768e-01
3.480126559734300074e-01,3.482008278369900234e-01,3.351474404334999768e-01,3.353696465492200240e-01
3.482008278369900234e-01,3.483896553516400152e-01,3.353696465492200240e-01,3.355926275253299784e-01
3.483896553516400152e-01,3.485792875289899784e-01,3.355926275253299784e-01,3.358167111873600064e-01
3.485792875289899784e-01,3.487700223922700071e-01,3.358167111873600064e-01,3.360421359538999786e-01
3.487700223922700071e-01,3.489620983600599802e-01,3.360421359538999786e-01,3.362692892551399915e-01
3.489620983600599802e-01,3.491558432579000004e-01,3.362692892551399915e-01,3.364985585212699748e-01
3.491558432579000004e-01,3.493514955043799941e-01,3.364985585212699748e-01,3.367302119731899746e-01
3.493514955043799941e-01,3.495485782623299897e-01,3.367302119731899746e-01,3.369638621807100054e-01
3.495485782623299897e-01,3.497439026832599995e-01,3.369638621807100054e-01,3.371956348419200000e-01
3.497439026832599995e-01,3.499207198619799786e-01,3.371956348419200000e-01,3.374057114124299761e-01
3.499207198619799786e-01,3.499999940395400189e-01,3.374057114124299761e-01,3.375000059604599811e-01
0.000000000000000000e+00,1.497210585512200043e-03,0.000000000000000000e+00,1.452131546102499978e-03
1.497210585512200043e-03,3.298952942714099886e-03,1.452131546102499978e-03,3.194937016814899857e-03
3.298952942714099886e-03,5.482695996761300337e-03,3.194937016814899857e-03,5.296239629387899765e-03
5.482695996761300337e-03,8.097194135189099765e-03,5.296239629387899765e-03,7.797912228852500044e-03
8.097194135189099765e-03,1.123836915939999993e-02,7.797912228852500044e-03,1.080529484897899996e-02
1.123836915939999993e-02,1.510461326688499958e-02,1.080529484897899996e-02,1.453009527176600015e-02
1.510461326688499958e-02,1.996888034045700075e-02,1.453009527176600015e-02,1.924582198262200089e-02
1.996888034045700075e-02,2.613811381161200084e-02,1.924582198262200089e-02,2.525440789759200028e-02
2.613811381161200084e-02,3.393602371215800190e-02,2.525440789759200028e-02,3.287528455257399812e-02
3.393602371215800190e-02,4.367703571915600158e-02,3.287528455257399812e-02,4.242062941193600056e-02
4.367703571915600158e-02,5.561817064881299788e-02,4.242062941193600056e-02,5.414728075265899665e-02
5.561817064881299788e-02,6.989159435033799606e-02,5.414728075265899665e-02,6.818877160549199901e-02
6.989159435033799606e-02,8.643220365047500631e-02,6.818877160549199901e-02,8.448155969381300479e-02
8.643220365047500631e-02,1.049215272068999977e-01,8.448155969381300479e-02,1.027074158191700060e-01
1.049215272068999977e-01,1.247749105095899980e-01,1.027074158191700060e-01,1.222798526287099952e-01
1.247749105095899980e-01,1.451892554760000065e-01,1.222798526287099952e-01,1.423931717872599922e-01
1.451892554760000065e-01,1.652524471283000063e-01,1.423931717872599922e-01,1.621348410844800081e-01
1.652524471283000063e-01,1.840884536504699964e-01,1.621348410844800081e-01,1.806333512067800073e-01
1.840884536504699964e-01,2.009940147399900123e-01,1.806333512067800073e-01,1.971947550773600066e-01
2.009940147399900123e-01,2.155246585607500098e-01,1.971947550773600066e-01,2.113849818706499961e-01
2.155246585607500098e-01,2.275167703628500071e-01,2.113849818706499961e-01,2.230454832315399982e-01
2.275167703628500071e-01,2.370625883340800044e-01,2.230454832315399982e-01,2.322649359703100047e-01
2.370625883340800044e-01,2.444530576467499883e-01,2.322649359703100047e-01,2.393295168876599932e-01
2.444530576467499883e-01,2.500841915607500132e-01,2.393295168876599932e-01,2.446416318416599900e-01
2.500841915607500132e-01,2.551636695861799753e-01,2.446416318416599900e-01,2.493773251771899957e-01
2.551636695861799753e-01,2.604082822799699826e-01,2.493773251771899957e-01,2.542172968387599874e-01
2.604082822799699826e-01,2.658120989799500067e-01,2.542172968387599874e-01,2.591555416583999905e-01
2.658120989799500067e-01,2.713921964168499734e-01,2.591555416583999905e-01,2.642139196395900114e-01
2.713921964168499734e-01,2.771815359592399997e-01,2.642139196395900114e-01,2.694311141967800083e-01
2.771815359592399997e-01,2.832202911376999754e-01,2.694311141967800083e-01,2.748519182205200195e-01
2.832202911376999754e-01,2.895495891570999958e-01,2.748519182205200195e-01,2.805207371711699871e-01
2.895495891570999958e-01,2.962078750133499971e-01,2.805207371711699871e-01,2.864788472652399776e-01
2.962078750133499971e-01,3.032288849353800275e-01,2.864788472652399776e-01,2.927632927894600057e-01
3.032288849353800275e-01,3.106399178504899994e-01,2.927632927894600057e-01,2.994062304496800109e-01
3.106399178504899994e-01,3.184580504894299890e-01,2.994062304496800109e-01,3.064328730106399834e-01
3.184580504894299890e-01,3.266787827014899781e-01,3.064328730106399834e-01,3.138523995876300043e-01
3.266787827014899781e-01,3.352356255054499967e-01,3.138523995876300043e-01,3.216230273246800109e-01
3.352356255054499967e-01,3.438496291637400115e-01,3.216230273246800109e-01,3.295147716999100029e-01
3.438496291637400115e-01,3.514929115772200130e-01,3.295147716999100029e-01,3.366063535213499880e-01
3.514929115772200130e-01,3.547678887844100126e-01,3.366063535213499880e-01,3.397074341774000139e-01
3.547678887844100126e-01,3.543027937412300266e-01,3.397074341774000139e-01,3.393347859382599974e-01
3.543027937412300266e-01,3.542691469192499887e-01,3.393347859382599974e-01,3.393555581569699942e-01
3.542691469192499887e-01,3.543272316455799986e-01,3.393555581569699942e-01,3.394589722156500233e-01
3.543272316455799986e-01,3.544070124626200191e-01,3.394589722156500233e-01,3.395810723304700240e-01
3.544070124626200191e-01,3.544935286045099998e-01,3.395810723304700240e-01,3.397085964679700254e-01
3.544935286045099998e-01,3.545837402343799960e-01,3.397085964679700254e-01,3.398390412330600241e-01
3.545837402343799960e-01,3.546772003173799814e-01,3.398390412330600241e-01,3.399722576141400165e-01
3.546772003173799814e-01,3.547739088535299956e-01,3.399722576141400165e-01,3.401085138320900092e-01
3.547739088535299956e-01,3.548740446567499873e-01,3.401085138320900092e-01,3.402479588985399817e-01
3.548740446567499873e-01,3.549775481224100027e-01,3.402479588985399817e-01,3.403907120227799843e-01
3.549775481224100027e-01,3.550844490528100028e-01,3.403907120227799843e-01,3.405367434024800244e-01
3.550844490528100028e-01,3.551946580409999776e-01,3.405367434024800244e-01,3.406859934329999895e-01
3.551946580409999776e-01,3.553080260753599950e-01,3.406859934329999895e-01,3.408383429050400037e-01
3.553080260753599950e-01,3.554244041442899960e-01,3.408383429050400037e-01,3.409936130046800074e-01
3.554244041442899960e-01,3.555436134338400000e-01,3.409936130046800074e-01,3.411516547203100047e-01
3.555436134338400000e-01,3.556654751300800110e-01,3.411516547203100047e-01,3.413122892379800155e-01
3.556654751300800110e-01,3.557897806167599764e-01,3.413122892379800155e-01,3.414753079414399872e-01
3.557897806167599764e-01,3.559163808822600195e-01,3.414753079414399872e-01,3.416405618190799798e-01
3.559163808822600195e-01,3.560450673103299768e-01,3.416405618190799798e-01,3.418078422546400041e-01
3.560450673103299768e-01,3.561756610870400186e-01,3.418078422546400041e-01,3.419770300388300099e-01
3.561756610870400186e-01,3.563080430030799994e-01,3.419770300388300099e-01,3.421479761600499936e-01
3.563080430030799994e-01,3.564420640468600188e-01,3.421479761600499936e-01,3.423205018043499748e-01
3.564420640468600188e-01,3.565775454044299853e-01,3.423205018043499748e-01,3.424944877624500061e-01
3.565775454044299853e-01,3.567143678665199991e-01,3.424944877624500061e-01,3.426698446273799825e-01
3.567143678665199991e-01,3.568524420261400265e-01,3.426698446273799825e-01,3.428463935852100186e-01
3.568524420261400265e-01,3.569916188716900085e-01,3.428463935852100186e-01,3.430241048336000187e-01
3.569916188716900085e-01,3.571318089962000064e-01,3.430241048336000187e-01,3.432027995586400260e-01
3.571318089962000064e-01,3.572729229927100181e-01,3.432027995586400260e-01,3.433824777603100009e-01
3.572729229927100181e-01,3.574149012565600025e-01,3.433824777603100009e-01,3.435629606246899947e-01
3.574149012565600025e-01,3.575575947761500117e-01,3.435629606246899947e-01,3.437442481517800075e-01
3.575575947761500117e-01,3.577010035514799902e-01,3.437442481517800075e-01,3.439262211322799967e-01
3.577010035514799902e-01,3.578450083732599984e-01,3.439262211322799967e-01,3.441088199615500165e-01
3.578450083732599984e-01,3.579895496368399876e-01,3.441088199615500165e-01,3.442920148372700107e-01
3.579895496368399876e-01,3.581345975399000126e-01,3.442920148372700107e-01,3.444756865501399923e-01
3.581345975399000126e-01,3.582800626754800155e-01,3.444756865501399923e-01,3.446598351001700089e-01
3.582800626754800155e-01,3.584259152412400118e-01,3.446598351001700089e-01,3.448443710804000029e-01
3.584259152412400118e-01,3.585721254348799847e-01,3.448443710804000029e-01,3.450292944908099901e-01
3.585721254348799847e-01,3.587186038494100115e-01,3.450292944908099901e-01,3.452145159244500161e-01
3.587186038494100115e-01,3.588653206825300201e-01,3.452145159244500161e-01,3.454000055789899770e-01
3.588653206825300201e-01,3.590122759342200265e-01,3.454000055789899770e-01,3.455857336521099832e-01
3.590122759342200265e-01,3.591594099998500211e-01,3.455857336521099832e-01,3.457716703414899784e-01
3.591594099998500211e-01,3.593066632747700107e-01,3.457716703414899784e-01,3.459577560424800247e-01
3.593066632747700107e-01,3.594540655612900037e-01,3.459577560424800247e-01,3.461439907550800110e-01
3.594540655612900037e-01,3.596015572547899830e-01,3.461439907550800110e-01,3.463303446769699923e-01
3.596015572547899830e-01,3.597491383552600119e-01,3.463303446769699923e-01,3.465167880058300232e-01
3.597491383552600119e-01,3.598967492580399941e-01,3.465167880058300232e-01,3.467033505439799934e-01
3.598967492580399941e-01,3.600444495677900258e-01,3.467033505439799934e-01,3.468899726867700206e-01
3.600444495677900258e-01,3.601921796798699948e-01,3.468899726867700206e-01,3.470766544341999937e-01
3.601921796798699948e-01,3.603399991989100215e-01,3.470766544341999937e-01,3.472634851932500100e-01
3.603399991989100215e-01,3.604878783225999861e-01,3.472634851932500100e-01,3.474504351615900211e-01
3.604878783225999861e-01,3.606359064579000018e-01,3.474504351615900211e-01,3.476375639438599729e-01
3.606359064579000018e-01,3.607840836048100130e-01,3.476375639438599729e-01,3.478249311447100256e-01
3.607840836048100130e-01,3.609324991703000141e-01,3.478249311447100256e-01,3.480126559734300074e-01
3.609324991703000141e-01,3.610812723636599997e-01,3.480126559734300074e-01,3.482008278369900234e-01
3.610812723636599997e-01,3.612304925918600196e-01,3.482008278369900234e-01,3.483896553516400152e-01
3.612304925918600196e-01,3.613803088665000218e-01,3.483896553516400152e-01,3.485792875289899784e-01
3.613803088665000218e-01,3.615309298038499874e-01,3.485792875289899784e-01,3.487700223922700071e-01
3.615309298038499874e-01,3.616825342178299763e-01,3.487700223922700071e-01,3.489620983600599802e-01
3.616825342178299763e-01,3.618353903293600182e-01,3.489620983600599802e-01,3.491558432579000004e-01
3.618353903293600182e-01,3.619896471500400059e-01,3.491558432579000004e-01,3.493514955043799941e-01
3.619896471500400059e-01,3.621449172496800095e-01,3.493514955043799941e-01,3.495485782623299897e-01
3.621449172496800095e-01,3.622986674308800170e-01,3.495485782623299897e-01,3.497439026832599995e-01
3.622986674308800170e-01,3.624376952648200034e-01,3.497439026832599995e-01,3.499207198619799786e-01
3.624376952648200034e-01,3.625000119209300098e-01,3.499207198619799786e-01,3.499999940395400189e-01
0.000000000000000000e+00,1.544954953715199988e-03,0.000000000000000000e+00,1.497210585512200043e-03
1.544954953715199988e-03,3.407943062484299936e-03,1.497210585512200043e-03,3.298952942714099886e-03
3.407943062484299936e-03,5.675355903804299613e-03,3.298952942714099886e-03,5.482695996761300337e-03
5.675355903804299613e-03,8.403812535107099344e-03,5.482695996761300337e-03,8.097194135189099765e-03
8.403812535107099344e-03,1.168411504477299967e-02,8.097194135189099765e-03,1.123836915939999993e-02
1.168411504477299967e-02,1.570156216621399967e-02,1.123836915939999993e-02,1.510461326688499958e-02
1.570156216621399967e-02,2.072578109800799970e-02,1.510461326688499958e-02,1.996888034045700075e-02
2.072578109800799970e-02,2.706751786172400046e-02,1.996888034045700075e-02,2.613811381161200084e-02
2.706751786172400046e-02,3.505451232194899819e-02,2.613811381161200084e-02,3.393602371215800190e-02
3.505451232194899819e-02,4.500326141714999784e-02,3.393602371215800190e-02,4.367703571915600158e-02
4.500326141714999784e-02,5.717064440250400198e-02,4.367703571915600158e-02,5.561817064881299788e-02
5.717064440250400198e-02,7.168702781200400609e-02,5.561817064881299788e-02,6.989159435033799606e-02
7.168702781200400609e-02,8.848535269498800093e-02,6.989159435033799606e-02,8.643220365047500631e-02
8.848535269498800093e-02,1.072468012571300006e-01,8.643220365047500631e-02,1.049215272068999977e-01
1.072468012571300006e-01,1.273888349533099928e-01,1.049215272068999977e-01,1.247749105095899980e-01
1.273888349533099928e-01,1.481117159128199912e-01,1.247749105095899980e-01,1.451892554760000065e-01
1.481117159128199912e-01,1.685048341751100021e-01,1.451892554760000065e-01,1.652524471283000063e-01
1.685048341751100021e-01,1.876891553401900115e-01,1.652524471283000063e-01,1.840884536504699964e-01
1.876891553401900115e-01,2.049534767866099949e-01,1.840884536504699964e-01,2.009940147399900123e-01
2.049534767866099949e-01,2.198442816734300087e-01,2.009940147399900123e-01,2.155246585607500098e-01
2.198442816734300087e-01,2.321934252977400082e-01,2.155246585607500098e-01,2.275167703628500071e-01
2.321934252977400082e-01,2.420947551727299918e-01,2.275167703628500071e-01,2.370625883340800044e-01
2.420947551727299918e-01,2.498391717672300005e-01,2.370625883340800044e-01,2.444530576467499883e-01
2.498391717672300005e-01,2.558127343654599817e-01,2.444530576467499883e-01,2.500841915607500132e-01
2.558127343654599817e-01,2.612559497356399807e-01,2.500841915607500132e-01,2.551636695861799753e-01
2.612559497356399807e-01,2.669228315353400216e-01,2.551636695861799753e-01,2.604082822799699826e-01
2.669228315353400216e-01,2.728085815906500233e-01,2.604082822799699826e-01,2.658120989799500067e-01
2.728085815906500233e-01,2.789274454116800195e-01,2.658120989799500067e-01,2.713921964168499734e-01
2.789274454116800195e-01,2.853078842163099815e-01,2.713921964168499734e-01,2.771815359592399997e-01
2.853078842163099815e-01,2.919856011867499879e-01,2.771815359592399997e-01,2.832202911376999754e-01
2.919856011867499879e-01,2.989975810050999883e-01,2.832202911376999754e-01,2.895495891570999958e-01
2.989975810050999883e-01,3.063779473304700240e-01,2.895495891570999958e-01,2.962078750133499971e-01
3.063779473304700240e-01,3.141548633575400040e-01,2.962078750133499971e-01,3.032288849353800275e-01
3.141548633575400040e-01,3.223475813865699924e-01,3.032288849353800275e-01,3.106399178504899994e-01
3.223475813865699924e-01,3.309607803821599803e-01,3.106399178504899994e-01,3.184580504894299890e-01
3.309607803821599803e-01,3.399707078933700277e-01,3.184580504894299890e-01,3.266787827014899781e-01
3.399707078933700277e-01,3.492803573608400103e-01,3.266787827014899781e-01,3.352356255054499967e-01
3.492803573608400103e-01,3.585588932037400145e-01,3.352356255054499967e-01,3.438496291637400115e-01
3.585588932037400145e-01,3.666824996471400033e-01,3.438496291637400115e-01,3.514929115772200130e-01
3.666824996471400033e-01,3.700956106185899763e-01,3.514929115772200130e-01,3.547678887844100126e-01
3.700956106185899763e-01,3.695409297943100246e-01,3.547678887844100126e-01,3.543027937412300266e-01
3.695409297943100246e-01,3.694503009319299869e-01,3.543027937412300266e-01,3.542691469192499887e-01
3.694503009319299869e-01,3.694590628147100264e-01,3.542691469192499887e-01,3.543272316455799986e-01
3.694590628147100264e-01,3.694921135902399789e-01,3.543272316455799986e-01,3.544070124626200191e-01
3.694921135902399789e-01,3.695332109928100017e-01,3.544070124626200191e-01,3.544935286045099998e-01
3.695332109928100017e-01,3.695787489414200100e-01,3.544935286045099998e-01,3.545837402343799960e-01
3.695787489414200100e-01,3.696280717849699804e-01,3.545837402343799960e-01,3.546772003173799814e-01
3.696280717849699804e-01,3.696810305118600204e-01,3.546772003173799814e-01,3.547739088535299956e-01
3.696810305118600204e-01,3.697375953197499787e-01,3.547739088535299956e-01,3.548740446567499873e-01
3.697375953197499787e-01,3.697977364063300132e-01,3.548740446567499873e-01,3.549775481224100027e-01
3.697977364063300132e-01,3.698613643646200266e-01,3.549775481224100027e-01,3.550844490528100028e-01
3.698613643646200266e-01,3.699283897876700089e-01,3.550844490528100028e-01,3.551946580409999776e-01
3.699283897876700089e-01,3.699986040592200265e-01,3.551946580409999776e-01,3.553080260753599950e-01
3.699986040592200265e-01,3.700719177722899822e-01,3.553080260753599950e-01,3.554244041442899960e-01
3.700719177722899822e-01,3.701480627059899886e-01,3.554244041442899960e-01,3.555436134338400000e-01
3.701480627059899886e-01,3.702268898487099946e-01,3.555436134338400000e-01,3.556654751300800110e-01
3.702268898487099946e-01,3.703081905841800192e-01,3.556654751300800110e-01,3.557897806167599764e-01
3.703081905841800192e-01,3.703917860984800026e-01,3.557897806167599764e-01,3.559163808822600195e-01
3.703917860984800026e-01,3.704774975776700119e-01,3.559163808822600195e-01,3.560450673103299768e-01
3.704774975776700119e-01,3.705651164054900026e-01,3.560450673103299768e-01,3.561756610870400186e-01
3.705651164054900026e-01,3.706545233726499800e-01,3.561756610870400186e-01,3.563080430030799994e-01
3.706545233726499800e-01,3.707455396652200030e-01,3.563080430030799994e-01,3.564420640468600188e-01
3.707455396652200030e-01,3.708380162715900208e-01,3.564420640468600188e-01,3.565775454044299853e-01
3.708380162715900208e-01,3.709318339824699828e-01,3.565775454044299853e-01,3.567143678665199991e-01
3.709318339824699828e-01,3.710268437862400126e-01,3.567143678665199991e-01,3.568524420261400265e-01
3.710268437862400126e-01,3.711229860782599976e-01,3.568524420261400265e-01,3.569916188716900085e-01
3.711229860782599976e-01,3.712200820445999971e-01,3.569916188716900085e-01,3.571318089962000064e-01
3.712200820445999971e-01,3.713181018829300184e-01,3.571318089962000064e-01,3.572729229927100181e-01
3.713181018829300184e-01,3.714169263839700030e-01,3.572729229927100181e-01,3.574149012565600025e-01
3.714169263839700030e-01,3.715164959430700131e-01,3.574149012565600025e-01,3.575575947761500117e-01
3.715164959430700131e-01,3.716167211532599990e-01,3.575575947761500117e-01,3.577010035514799902e-01
3.716167211532599990e-01,3.717175126075700220e-01,3.577010035514799902e-01,3.578450083732599984e-01
3.717175126075700220e-01,3.718188405036900179e-01,3.578450083732599984e-01,3.579895496368399876e-01
3.718188405036900179e-01,3.719206154346499926e-01,3.579895496368399876e-01,3.581345975399000126e-01
3.719206154346499926e-01,3.720228374004400096e-01,3.581345975399000126e-01,3.582800626754800155e-01
3.720228374004400096e-01,3.721254169940900192e-01,3.582800626754800155e-01,3.584259152412400118e-01
3.721254169940900192e-01,3.722282946109800039e-01,3.584259152412400118e-01,3.585721254348799847e-01
3.722282946109800039e-01,3.723314702510799878e-01,3.585721254348799847e-01,3.587186038494100115e-01
3.723314702510799878e-01,3.724349141120900097e-01,3.587186038494100115e-01,3.588653206825300201e-01
3.724349141120900097e-01,3.725385367870299724e-01,3.588653206825300201e-01,3.590122759342200265e-01
3.725385367870299724e-01,3.726423084735899782e-01,3.590122759342200265e-01,3.591594099998500211e-01
3.726423084735899782e-01,3.727462589740799803e-01,3.591594099998500211e-01,3.593066632747700107e-01
3.727462589740799803e-01,3.728503286838499853e-01,3.593066632747700107e-01,3.594540655612900037e-01
3.728503286838499853e-01,3.729544878005999764e-01,3.594540655612900037e-01,3.596015572547899830e-01
3.729544878005999764e-01,3.730587065219900245e-01,3.596015572547899830e-01,3.597491383552600119e-01
3.730587065219900245e-01,3.731630146503400192e-01,3.597491383552600119e-01,3.598967492580399941e-01
3.731630146503400192e-01,3.732673525810200066e-01,3.598967492580399941e-01,3.600444495677900258e-01
3.732673525810200066e-01,3.733717501163499874e-01,3.600444495677900258e-01,3.601921796798699948e-01
3.733717501163499874e-01,3.734762072563200253e-01,3.601921796798699948e-01,3.603399991989100215e-01
3.734762072563200253e-01,3.735806941986100083e-01,3.603399991989100215e-01,3.604878783225999861e-01
3.735806941986100083e-01,3.736852705478699854e-01,3.604878783225999861e-01,3.606359064579000018e-01
3.736852705478699854e-01,3.737899661064100210e-01,3.606359064579000018e-01,3.607840836048100130e-01
3.737899661064100210e-01,3.738948404788999813e-01,3.607840836048100130e-01,3.609324991703000141e-01
3.738948404788999813e-01,3.739998936653100015e-01,3.609324991703000141e-01,3.610812723636599997e-01
3.739998936653100015e-01,3.741052746772799975e-01,3.610812723636599997e-01,3.612304925918600196e-01
3.741052746772799975e-01,3.742110431194299869e-01,3.612304925918600196e-01,3.613803088665000218e-01
3.742110431194299869e-01,3.743173480033900047e-01,3.613803088665000218e-01,3.615309298038499874e-01
3.743173480033900047e-01,3.744243085384399983e-01,3.615309298038499874e-01,3.616825342178299763e-01
3.744243085384399983e-01,3.745321035385100195e-01,3.616825342178299763e-01,3.618353903293600182e-01
3.745321035385100195e-01,3.746408224105799989e-01,3.618353903293600182e-01,3.619896471500400059e-01
3.746408224105799989e-01,3.747501969337500016e-01,3.619896471500400059e-01,3.621449172496800095e-01
3.747501969337500016e-01,3.748584091663400009e-01,3.621449172496800095e-01,3.622986674308800170e-01
3.748584091663400009e-01,3.749562203884099776e-01,3.622986674308800170e-01,3.624376952648200034e-01
3.749562203884099776e-01,3.750000000000000000e-01,3.624376952648200034e-01,3.625000119209300098e-01
0.000000000000000000e+00,1.595728681422799947e-03,0.000000000000000000e+00,1.544954953715199988e-03
1.595728681422799947e-03,3.522851970046799851e-03,1.544954953715199988e-03,3.407943062484299936e-03
3.522851970046799851e-03,5.876105278730400262e-03,3.407943062484299936e-03,5.675355903804299613e-03
5.876105278730400262e-03,8.720402605831600526e-03,5.675355903804299613e-03,8.403812535107099344e-03
8.720402605831600526e-03,1.214500516653099944e-02,8.403812535107099344e-03,1.168411504477299967e-02
1.214500516653099944e-02,1.632348075509100147e-02,1.168411504477299967e-02,1.570156216621399967e-02
1.632348075509100147e-02,2.151980064809300153e-02,1.570156216621399967e-02,2.072578109800799970e-02
2.151980064809300153e-02,2.804692462086700103e-02,2.072578109800799970e-02,2.706751786172400046e-02
2.804692462086700103e-02,3.623610362410500246e-02,2.706751786172400046e-02,3.505451232194899819e-02
3.623610362410500246e-02,4.640558362007100174e-02,3.505451232194899819e-02,4.500326141714999784e-02
4.640558362007100174e-02,5.881163850426700257e-02,4.500326141714999784e-02,5.717064440250400198e-02
5.881163850426700257e-02,7.358231395483000314e-02,5.717064440250400198e-02,7.168702781200400609e-02
7.358231395483000314e-02,9.064816683530800556e-02,7.168702781200400609e-02,8.848535269498800093e-02
9.064816683530800556e-02,1.096898987889299987e-01,8.848535269498800093e-02,1.072468012571300006e-01
1.096898987889299987e-01,1.301274150610000069e-01,1.072468012571300006e-01,1.273888349533099928e-01
1.301274150610000069e-01,1.511651575565300110e-01,1.273888349533099928e-01,1.481117159128199912e-01
1.511651575565300110e-01,1.718953996896699921e-01,1.481117159128199912e-01,1.685048341751100021e-01
1.718953996896699921e-01,1.914376765489599896e-01,1.685048341751100021e-01,1.876891553401900115e-01
1.914376765489599896e-01,2.090744525194200010e-01,1.876891553401900115e-01,2.049534767866099949e-01
2.090744525194200010e-01,2.243443876504900014e-01,2.049534767866099949e-01,2.198442816734300087e-01
2.243443876504900014e-01,2.370749562978700098e-01,2.198442816734300087e-01,2.321934252977400082e-01
2.370749562978700098e-01,2.473592907190300116e-01,2.321934252977400082e-01,2.420947551727299918e-01
2.473592907190300116e-01,2.554840147495299751e-01,2.420947551727299918e-01,2.498391717672300005e-01
2.554840147495299751e-01,2.618227303028100028e-01,2.498391717672300005e-01,2.558127343654599817e-01
2.618227303028100028e-01,2.676500976085700034e-01,2.558127343654599817e-01,2.612559497356399807e-01
2.676500976085700034e-01,2.737580835819199976e-01,2.612559497356399807e-01,2.669228315353400216e-01
2.737580835819199976e-01,2.801436781883199778e-01,2.669228315353400216e-01,2.728085815906500233e-01
2.801436781883199778e-01,2.868193686008499999e-01,2.728085815906500233e-01,2.789274454116800195e-01
2.868193686008499999e-01,2.938098609447499787e-01,2.789274454116800195e-01,2.853078842163099815e-01
2.938098609447499787e-01,3.011462986469299885e-01,2.853078842163099815e-01,2.919856011867499879e-01
3.011462986469299885e-01,3.088606297969799797e-01,2.919856011867499879e-01,2.989975810050999883e-01
3.088606297969799797e-01,3.169807791709899902e-01,2.989975810050999883e-01,3.063779473304700240e-01
3.169807791709899902e-01,3.255267143249500061e-01,3.063779473304700240e-01,3.141548633575400040e-01
3.255267143249500061e-01,3.345058858394600043e-01,3.141548633575400040e-01,3.223475813865699924e-01
3.345058858394600043e-01,3.439058363437699772e-01,3.223475813865699924e-01,3.309607803821599803e-01
3.439058363437699772e-01,3.536781966686199929e-01,3.309607803821599803e-01,3.399707078933700277e-01
3.536781966686199929e-01,3.636908829212199823e-01,3.399707078933700277e-01,3.492803573608400103e-01
3.636908829212199823e-01,3.735617995262099922e-01,3.492803573608400103e-01,3.585588932037400145e-01
3.735617995262099922e-01,3.820873498916599886e-01,3.585588932037400145e-01,3.666824996471400033e-01
3.820873498916599886e-01,3.856036663055399938e-01,3.666824996471400033e-01,3.700956106185899763e-01
3.856036663055399938e-01,3.849635720253000160e-01,3.700956106185899763e-01,3.695409297943100246e-01
3.849635720253000160e-01,3.848152756691000098e-01,3.695409297943100246e-01,3.694503009319299869e-01
3.848152756691000098e-01,3.847726881504099916e-01,3.694503009319299869e-01,3.694590628147100264e-01
3.847726881504099916e-01,3.847565948963200255e-01,3.694590628147100264e-01,3.694921135902399789e-01
3.847565948963200255e-01,3.847495913505600273e-01,3.694921135902399789e-01,3.695332109928100017e-01
3.847495913505600273e-01,3.847478330135299940e-01,3.695332109928100017e-01,3.695787489414200100e-01
3.847478330135299940e-01,3.847503364086199973e-01,3.695787489414200100e-01,3.696280717849699804e-01
3.847503364086199973e-01,3.847568333149000153e-01,3.696280717849699804e-01,3.696810305118600204e-01
3.847568333149000153e-01,3.847672045230899895e-01,3.696810305118600204e-01,3.697375953197499787e-01
3.847672045230899895e-01,3.847813010215799800e-01,3.697375953197499787e-01,3.697977364063300132e-01
3.847813010215799800e-01,3.847990036010699999e-01,3.697977364063300132e-01,3.698613643646200266e-01
3.847990036010699999e-01,3.848201334476499813e-01,3.698613643646200266e-01,3.699283897876700089e-01
3.848201334476499813e-01,3.848445415496800082e-01,3.699283897876700089e-01,3.699986040592200265e-01
3.848445415496800082e-01,3.848719894886000192e-01,3.699986040592200265e-01,3.700719177722899822e-01
3.848719894886000192e-01,3.849022984504700262e-01,3.700719177722899822e-01,3.701480627059899886e-01
3.849022984504700262e-01,3.849352896213499853e-01,3.701480627059899886e-01,3.702268898487099946e-01
3.849352896213499853e-01,3.849706947803500090e-01,3.702268898487099946e-01,3.703081905841800192e-01
3.849706947803500090e-01,3.850083947181699995e-01,3.703081905841800192e-01,3.703917860984800026e-01
3.850083947181699995e-01,3.850481510162400145e-01,3.703917860984800026e-01,3.704774975776700119e-01
3.850481510162400145e-01,3.850898146629300189e-01,3.704774975776700119e-01,3.705651164054900026e-01
3.850898146629300189e-01,3.851331770420099998e-01,3.705651164054900026e-01,3.706545233726499800e-01
3.851331770420099998e-01,3.851781487464899789e-01,3.706545233726499800e-01,3.707455396652200030e-01
3.851781487464899789e-01,3.852245211601300068e-01,3.707455396652200030e-01,3.708380162715900208e-01
3.852245211601300068e-01,3.852721750736199935e-01,3.708380162715900208e-01,3.709318339824699828e-01
3.852721750736199935e-01,3.853209912776899837e-01,3.709318339824699828e-01,3.710268437862400126e-01
3.853209912776899837e-01,3.853708803653699833e-01,3.710268437862400126e-01,3.711229860782599976e-01
3.853708803653699833e-01,3.854216933250400046e-01,3.711229860782599976e-01,3.712200820445999971e-01
3.854216933250400046e-01,3.854733705520599907e-01,3.712200820445999971e-01,3.713181018829300184e-01
3.854733705520599907e-01,3.855258226394699950e-01,3.713181018829300184e-01,3.714169263839700030e-01
3.855258226394699950e-01,3.855789899825999845e-01,3.714169263839700030e-01,3.715164959430700131e-01
3.855789899825999845e-01,3.856327533721899958e-01,3.715164959430700131e-01,3.716167211532599990e-01
3.856327533721899958e-01,3.856870830059099808e-01,3.716167211532599990e-01,3.717175126075700220e-01
3.856870830059099808e-01,3.857418894767800088e-01,3.717175126075700220e-01,3.718188405036900179e-01
3.857418894767800088e-01,3.857971727848100163e-01,3.718188405036900179e-01,3.719206154346499926e-01
3.857971727848100163e-01,3.858528137207000164e-01,3.719206154346499926e-01,3.720228374004400096e-01
3.858528137207000164e-01,3.859088122844699931e-01,3.720228374004400096e-01,3.721254169940900192e-01
3.859088122844699931e-01,3.859651386737800172e-01,3.721254169940900192e-01,3.722282946109800039e-01
3.859651386737800172e-01,3.860217332840000237e-01,3.722282946109800039e-01,3.723314702510799878e-01
3.860217332840000237e-01,3.860785663127899725e-01,3.723314702510799878e-01,3.724349141120900097e-01
3.860785663127899725e-01,3.861356079578400213e-01,3.724349141120900097e-01,3.725385367870299724e-01
3.861356079578400213e-01,3.861928284168200110e-01,3.725385367870299724e-01,3.726423084735899782e-01
3.861928284168200110e-01,3.862501978874199882e-01,3.726423084735899782e-01,3.727462589740799803e-01
3.862501978874199882e-01,3.863076865673100158e-01,3.727462589740799803e-01,3.728503286838499853e-01
3.863076865673100158e-01,3.863652944564799907e-01,3.728503286838499853e-01,3.729544878005999764e-01
3.863652944564799907e-01,3.864230215549500080e-01,3.729544878005999764e-01,3.730587065219900245e-01
3.864230215549500080e-01,3.864807784557299786e-01,3.730587065219900245e-01,3.731630146503400192e-01
3.864807784557299786e-01,3.865386545658099915e-01,3.731630146503400192e-01,3.732673525810200066e-01
3.865386545658099915e-01,3.865965604782100051e-01,3.732673525810200066e-01,3.733717501163499874e-01
3.865965604782100051e-01,3.866544961929300195e-01,3.733717501163499874e-01,3.734762072563200253e-01
3.866544961929300195e-01,3.867125213146199725e-01,3.734762072563200253e-01,3.735806941986100083e-01
3.867125213146199725e-01,3.867706060409499824e-01,3.735806941986100083e-01,3.736852705478699854e-01
3.867706060409499824e-01,3.868287503719299858e-01,3.736852705478699854e-01,3.737899661064100210e-01
3.868287503719299858e-01,3.868869841098799833e-01,3.737899661064100210e-01,3.738948404788999813e-01
3.868869841098799833e-01,3.869453370571099837e-01,3.738948404788999813e-01,3.739998936653100015e-01
3.869453370571099837e-01,3.870038688182799724e-01,3.739998936653100015e-01,3.741052746772799975e-01
3.870038688182799724e-01,3.870626091957100057e-01,3.741052746772799975e-01,3.742110431194299869e-01
3.870626091957100057e-01,3.871216177940399739e-01,3.742110431194299869e-01,3.743173480033900047e-01
3.871216177940399739e-01,3.871810138225599829e-01,3.743173480033900047e-01,3.744243085384399983e-01
3.871810138225599829e-01,3.872407972812699772e-01,3.744243085384399983e-01,3.745321035385100195e-01
3.872407972812699772e-01,3.873010873794600073e-01,3.745321035385100195e-01,3.746408224105799989e-01
3.873010873794600073e-01,3.873617053031899737e-01,3.746408224105799989e-01,3.747501969337500016e-01
3.873617053031899737e-01,3.874216377735100192e-01,3.747501969337500016e-01,3.748584091663400009e-01
3.874216377735100192e-01,3.874757885932900159e-01,3.748584091663400009e-01,3.749562203884099776e-01
3.874757885932900159e-01,3.874999880790699902e-01,3.749562203884099776e-01,3.750000000000000000e-01
0.000000000000000000e+00,1.649916986934799913e-03,0.000000000000000000e+00,1.595728681422799947e-03
1.649916986934799913e-03,3.644646611064699792e-03,1.595728681422799947e-03,3.522851970046799851e-03
3.644646611064699792e-03,6.086796522140500328e-03,3.522851970046799851e-03,5.876105278730400262e-03
6.086796522140500328e-03,9.049683809280400712e-03,5.876105278730400262e-03,8.720402605831600526e-03
9.049683809280400712e-03,1.262385491281699940e-02,8.720402605831600526e-03,1.214500516653099944e-02
1.262385491281699940e-02,1.697323657572299971e-02,1.214500516653099944e-02,1.632348075509100147e-02
1.697323657572299971e-02,2.235449291765699911e-02,1.632348075509100147e-02,2.151980064809300153e-02
2.235449291765699911e-02,2.908092364668799987e-02,2.151980064809300153e-02,2.804692462086700103e-02
2.908092364668799987e-02,3.748646378517200145e-02,2.804692462086700103e-02,3.623610362410500246e-02
3.748646378517200145e-02,4.789058864116699926e-02,3.623610362410500246e-02,4.640558362007100174e-02
4.789058864116699926e-02,6.054839864373200153e-02,4.640558362007100174e-02,5.881163850426700257e-02
6.054839864373200153e-02,7.558495551347700625e-02,5.881163850426700257e-02,7.358231395483000314e-02
7.558495551347700625e-02,9.292793273925800679e-02,7.358231395483000314e-02,9.064816683530800556e-02
9.292793273925800679e-02,1.122574284672700068e-01,9.064816683530800556e-02,1.096898987889299987e-01
1.122574284672700068e-01,1.329961866140400017e-01,1.096898987889299987e-01,1.301274150610000069e-01
1.329961866140400017e-01,1.543538421392399995e-01,1.301274150610000069e-01,1.511651575565300110e-01
1.543538421392399995e-01,1.754270046949399919e-01,1.511651575565300110e-01,1.718953996896699921e-01
1.754270046949399919e-01,1.953355222940399982e-01,1.718953996896699921e-01,1.914376765489599896e-01
1.953355222940399982e-01,2.133572846651100030e-01,1.914376765489599896e-01,2.090744525194200010e-01
2.133572846651100030e-01,2.290243059396699921e-01,2.090744525194200010e-01,2.243443876504900014e-01
2.290243059396699921e-01,2.421593666076700124e-01,2.243443876504900014e-01,2.370749562978700098e-01
2.421593666076700124e-01,2.528523504733999894e-01,2.370749562978700098e-01,2.473592907190300116e-01
2.528523504733999894e-01,2.613820731639899808e-01,2.473592907190300116e-01,2.554840147495299751e-01
2.613820731639899808e-01,2.681080102920500030e-01,2.554840147495299751e-01,2.618227303028100028e-01
2.681080102920500030e-01,2.743400335311900196e-01,2.618227303028100028e-01,2.676500976085700034e-01
2.743400335311900196e-01,2.809086143970500049e-01,2.676500976085700034e-01,2.737580835819199976e-01
2.809086143970500049e-01,2.878127098083499980e-01,2.737580835819199976e-01,2.801436781883199778e-01
2.878127098083499980e-01,2.950635552406299933e-01,2.801436781883199778e-01,2.868193686008499999e-01
2.950635552406299933e-01,3.026824295520800234e-01,2.868193686008499999e-01,2.938098609447499787e-01
3.026824295520800234e-01,3.106954395770999966e-01,2.938098609447499787e-01,3.011462986469299885e-01
3.106954395770999966e-01,3.191281855106399834e-01,3.011462986469299885e-01,3.088606297969799797e-01
3.191281855106399834e-01,3.280003070831299938e-01,3.088606297969799797e-01,3.169807791709899902e-01
3.280003070831299938e-01,3.373202979564700055e-01,3.169807791709899902e-01,3.255267143249500061e-01
3.373202979564700055e-01,3.470798134803799728e-01,3.255267143249500061e-01,3.345058858394600043e-01
3.470798134803799728e-01,3.572445511817899932e-01,3.345058858394600043e-01,3.439058363437699772e-01
3.572445511817899932e-01,3.677368462085700007e-01,3.439058363437699772e-01,3.536781966686199929e-01
3.677368462085700007e-01,3.783873915672300026e-01,3.536781966686199929e-01,3.636908829212199823e-01
3.783873915672300026e-01,3.887673020362900078e-01,3.636908829212199823e-01,3.735617995262099922e-01
3.887673020362900078e-01,3.976135551929499967e-01,3.735617995262099922e-01,3.820873498916599886e-01
3.976135551929499967e-01,4.012007713317899960e-01,3.820873498916599886e-01,3.856036663055399938e-01
4.012007713317899960e-01,4.004810750484499859e-01,3.856036663055399938e-01,3.849635720253000160e-01
4.004810750484499859e-01,4.002760648727399784e-01,3.849635720253000160e-01,3.848152756691000098e-01
4.002760648727399784e-01,4.001819789409600259e-01,3.848152756691000098e-01,3.847726881504099916e-01
4.001819789409600259e-01,4.001161754131299930e-01,3.847726881504099916e-01,3.847565948963200255e-01
4.001161754131299930e-01,4.000603854656200054e-01,3.847565948963200255e-01,3.847495913505600273e-01
4.000603854656200054e-01,4.000104069709800036e-01,3.847495913505600273e-01,3.847478330135299940e-01
4.000104069709800036e-01,3.999651372432699858e-01,3.847478330135299940e-01,3.847503364086199973e-01
3.999651372432699858e-01,3.999242186546300148e-01,3.847503364086199973e-01,3.847568333149000153e-01
3.999242186546300148e-01,3.998873531818399885e-01,3.847568333149000153e-01,3.847672045230899895e-01
3.998873531818399885e-01,3.998543620109599739e-01,3.847672045230899895e-01,3.847813010215799800e-01
3.998543620109599739e-01,3.998250663280499828e-01,3.847813010215799800e-01,3.847990036010699999e-01
3.998250663280499828e-01,3.997991979122200168e-01,3.847990036010699999e-01,3.848201334476499813e-01
3.997991979122200168e-01,3.997765779495199845e-01,3.848201334476499813e-01,3.848445415496800082e-01
3.997765779495199845e-01,3.997569978237199839e-01,3.848445415496800082e-01,3.848719894886000192e-01
3.997569978237199839e-01,3.997402191162099938e-01,3.848719894886000192e-01,3.849022984504700262e-01
3.997402191162099938e-01,3.997260332107500092e-01,3.849022984504700262e-01,3.849352896213499853e-01
3.997260332107500092e-01,3.997142314910899774e-01,3.849352896213499853e-01,3.849706947803500090e-01
3.997142314910899774e-01,3.997046053409599731e-01,3.849706947803500090e-01,3.850083947181699995e-01
3.997046053409599731e-01,3.996969759464299998e-01,3.850083947181699995e-01,3.850481510162400145e-01
3.996969759464299998e-01,3.996911346912400131e-01,3.850481510162400145e-01,3.850898146629300189e-01
3.996911346912400131e-01,3.996869623661000182e-01,3.850898146629300189e-01,3.851331770420099998e-01
3.996869623661000182e-01,3.996842503547700098e-01,3.851331770420099998e-01,3.851781487464899789e-01
3.996842503547700098e-01,3.996828794479400093e-01,3.851781487464899789e-01,3.852245211601300068e-01
3.996828794479400093e-01,3.996827304363300137e-01,3.852245211601300068e-01,3.852721750736199935e-01
3.996827304363300137e-01,3.996836543083199800e-01,3.852721750736199935e-01,3.853209912776899837e-01
3.996836543083199800e-01,3.996855616569500169e-01,3.853209912776899837e-01,3.853708803653699833e-01
3.996855616569500169e-01,3.996883332729300187e-01,3.853708803653699833e-01,3.854216933250400046e-01
3.996883332729300187e-01,3.996919095516199838e-01,3.854216933250400046e-01,3.854733705520599907e-01
3.996919095516199838e-01,3.996961712837199809e-01,3.854733705520599907e-01,3.855258226394699950e-01
3.996961712837199809e-01,3.997010886669200014e-01,3.855258226394699950e-01,3.855789899825999845e-01
3.997010886669200014e-01,3.997065424919100107e-01,3.855789899825999845e-01,3.856327533721899958e-01
3.997065424919100107e-01,3.997125327587099930e-01,3.856327533721899958e-01,3.856870830059099808e-01
3.997125327587099930e-01,3.997189998626700103e-01,3.856870830059099808e-01,3.857418894767800088e-01
3.997189998626700103e-01,3.997258245945000121e-01,3.857418894767800088e-01,3.857971727848100163e-01
3.997258245945000121e-01,3.997330665588400000e-01,3.857971727848100163e-01,3.858528137207000164e-01
3.997330665588400000e-01,3.997406065463999791e-01,3.858528137207000164e-01,3.859088122844699931e-01
3.997406065463999791e-01,3.997484445571899969e-01,3.859088122844699931e-01,3.859651386737800172e-01
3.997484445571899969e-01,3.997565507888800052e-01,3.859651386737800172e-01,3.860217332840000237e-01
3.997565507888800052e-01,3.997648954391500031e-01,3.860217332840000237e-01,3.860785663127899725e-01
3.997648954391500031e-01,3.997734487056699981e-01,3.860785663127899725e-01,3.861356079578400213e-01
3.997734487056699981e-01,3.997821807861299814e-01,3.861356079578400213e-01,3.861928284168200110e-01
3.997821807861299814e-01,3.997910916805300086e-01,3.861928284168200110e-01,3.862501978874199882e-01
3.997910916805300086e-01,3.998001515865299837e-01,3.862501978874199882e-01,3.863076865673100158e-01
3.998001515865299837e-01,3.998093307018300013e-01,3.863076865673100158e-01,3.863652944564799907e-01
3.998093307018300013e-01,3.998186290264100218e-01,3.863652944564799907e-01,3.864230215549500080e-01
3.998186290264100218e-01,3.998280465602899736e-01,3.864230215549500080e-01,3.864807784557299786e-01
3.998280465602899736e-01,3.998375535011299831e-01,3.864807784557299786e-01,3.865386545658099915e-01
3.998375535011299831e-01,3.998471498489399867e-01,3.865386545658099915e-01,3.865965604782100051e-01
3.998471498489399867e-01,3.998568058013899917e-01,3.865965604782100051e-01,3.866544961929300195e-01
3.998568058013899917e-01,3.998665213584899902e-01,3.866544961929300195e-01,3.867125213146199725e-01
3.998665213584899902e-01,3.998762965202299902e-01,3.867125213146199725e-01,3.867706060409499824e-01
3.998762965202299902e-01,3.998861312866199835e-01,3.867706060409499824e-01,3.868287503719299858e-01
3.998861312866199835e-01,3.998960256576499783e-01,3.868287503719299858e-01,3.868869841098799833e-01
3.998960256576499783e-01,3.999059200286900206e-01,3.868869841098799833e-01,3.869453370571099837e-01
3.999059200286900206e-01,3.999159038066900096e-01,3.869453370571099837e-01,3.870038688182799724e-01
3.999159038066900096e-01,3.999258875846899985e-01,3.870038688182799724e-01,3.870626091957100057e-01
3.999258875846899985e-01,3.999359607696499896e-01,3.870626091957100057e-01,3.871216177940399739e-01
3.999359607696499896e-01,3.999460339546199728e-01,3.871216177940399739e-01,3.871810138225599829e-01
3.999460339546199728e-01,3.999561965465500135e-01,3.871810138225599829e-01,3.872407972812699772e-01
3.999561965465500135e-01,3.999664187431299922e-01,3.872407972812699772e-01,3.873010873794600073e-01
3.999664187431299922e-01,3.999766707420300271e-01,3.873010873794600073e-01,3.873617053031899737e-01
3.999766707420300271e-01,3.999868035316500037e-01,3.873617053031899737e-01,3.874216377735100192e-01
3.999868035316500037e-01,3.999959230422999723e-01,3.874216377735100192e-01,3.874757885932900159e-01
3.999959230422999723e-01,4.000000059604599811e-01,3.874757885932900159e-01,3.874999880790699902e-01
0.000000000000000000e+00,1.707932562567299932e-03,0.000000000000000000e+00,1.649916986934799913e-03
1.707932562567299932e-03,3.774339798837900162e-03,1.649916986934799913e-03,3.644646611064699792e-03
3.774339798837900162e-03,6.309307180345100075e-03,3.644646611064699792e-03,6.086796522140500328e-03
6.309307180345100075e-03,9.394486434757700830e-03,6.086796522140500328e-03,9.049683809280400712e-03
9.394486434757700830e-03,1.312384847551600030e-02,9.049683809280400712e-03,1.262385491281699940e-02
1.312384847551600030e-02,1.765412837266900140e-02,1.262385491281699940e-02,1.697323657572299971e-02
1.765412837266900140e-02,2.323377504944799943e-02,1.697323657572299971e-02,2.235449291765699911e-02
2.323377504944799943e-02,3.017446026205999887e-02,2.235449291765699911e-02,2.908092364668799987e-02
3.017446026205999887e-02,3.881164267659199807e-02,2.908092364668799987e-02,3.748646378517200145e-02
3.881164267659199807e-02,4.946527630090700317e-02,3.748646378517200145e-02,4.789058864116699926e-02
4.946527630090700317e-02,6.238852068781899907e-02,4.789058864116699926e-02,6.054839864373200153e-02
6.238852068781899907e-02,7.770271599292799536e-02,6.054839864373200153e-02,7.558495551347700625e-02
7.770271599292799536e-02,9.533209353685399845e-02,7.558495551347700625e-02,9.292793273925800679e-02
9.533209353685399845e-02,1.149560213088999944e-01,9.292793273925800679e-02,1.122574284672700068e-01
1.149560213088999944e-01,1.360005736351000138e-01,1.122574284672700068e-01,1.329961866140400017e-01
1.360005736351000138e-01,1.576816588640199968e-01,1.329961866140400017e-01,1.543538421392399995e-01
1.576816588640199968e-01,1.791019290685700038e-01,1.543538421392399995e-01,1.754270046949399919e-01
1.791019290685700038e-01,1.993834823370000120e-01,1.754270046949399919e-01,1.953355222940399982e-01
1.993834823370000120e-01,2.178014218807199920e-01,1.953355222940399982e-01,2.133572846651100030e-01
2.178014218807199920e-01,2.338821291923499912e-01,2.133572846651100030e-01,2.290243059396699921e-01
2.338821291923499912e-01,2.474431395530700128e-01,2.290243059396699921e-01,2.421593666076700124e-01
2.474431395530700128e-01,2.585685253143300000e-01,2.421593666076700124e-01,2.528523504733999894e-01
2.585685253143300000e-01,2.675262689590500176e-01,2.528523504733999894e-01,2.613820731639899808e-01
2.675262689590500176e-01,2.746606767177600106e-01,2.613820731639899808e-01,2.681080102920500030e-01
2.746606767177600106e-01,2.813176214695000121e-01,2.681080102920500030e-01,2.743400335311900196e-01
2.813176214695000121e-01,2.883664667606399834e-01,2.743400335311900196e-01,2.809086143970500049e-01
2.883664667606399834e-01,2.958077490329700243e-01,2.809086143970500049e-01,2.878127098083499980e-01
2.958077490329700243e-01,3.036516308784499851e-01,2.878127098083499980e-01,2.950635552406299933e-01
3.036516308784499851e-01,3.119156360626200164e-01,2.950635552406299933e-01,3.026824295520800234e-01
3.119156360626200164e-01,3.206200599670400164e-01,3.026824295520800234e-01,3.106954395770999966e-01
3.206200599670400164e-01,3.297823965549500080e-01,3.106954395770999966e-01,3.191281855106399834e-01
3.297823965549500080e-01,3.394113183021499891e-01,3.191281855106399834e-01,3.280003070831299938e-01
3.394113183021499891e-01,3.495005369186400257e-01,3.280003070831299938e-01,3.373202979564700055e-01
3.495005369186400257e-01,3.600216209888499885e-01,3.373202979564700055e-01,3.470798134803799728e-01
3.600216209888499885e-01,3.709141016006500258e-01,3.470798134803799728e-01,3.572445511817899932e-01
3.709141016006500258e-01,3.820682168006899748e-01,3.572445511817899932e-01,3.677368462085700007e-01
3.820682168006899748e-01,3.932781517505600233e-01,3.677368462085700007e-01,3.783873915672300026e-01
3.932781517505600233e-01,4.040766358375499911e-01,3.783873915672300026e-01,3.887673020362900078e-01
4.040766358375499911e-01,4.131637811660799908e-01,3.887673020362900078e-01,3.976135551929499967e-01
4.131637811660799908e-01,4.167933464050300185e-01,3.976135551929499967e-01,4.012007713317899960e-01
4.167933464050300185e-01,4.160008728504199782e-01,4.012007713317899960e-01,4.004810750484499859e-01
4.160008728504199782e-01,4.157420992851300068e-01,4.004810750484499859e-01,4.002760648727399784e-01
4.157420992851300068e-01,4.155982732772799948e-01,4.002760648727399784e-01,4.001819789409600259e-01
4.155982732772799948e-01,4.154840707778900133e-01,4.001819789409600259e-01,4.001161754131299930e-01
4.154840707778900133e-01,4.153805375099199892e-01,4.001161754131299930e-01,4.000603854656200054e-01
4.153805375099199892e-01,4.152832925319699942e-01,4.000603854656200054e-01,4.000104069709800036e-01
4.152832925319699942e-01,4.151910841465000224e-01,4.000104069709800036e-01,3.999651372432699858e-01
4.151910841465000224e-01,4.151034057140399747e-01,3.999651372432699858e-01,3.999242186546300148e-01
4.151034057140399747e-01,4.150199890136699876e-01,3.999242186546300148e-01,3.998873531818399885e-01
4.150199890136699876e-01,4.149405062198600058e-01,3.998873531818399885e-01,3.998543620109599739e-01
4.149405062198600058e-01,4.148647189140299840e-01,3.998543620109599739e-01,3.998250663280499828e-01
4.148647189140299840e-01,4.147923588752699953e-01,3.998250663280499828e-01,3.997991979122200168e-01
4.147923588752699953e-01,4.147231578826899856e-01,3.997991979122200168e-01,3.997765779495199845e-01
4.147231578826899856e-01,4.146569073200199740e-01,3.997765779495199845e-01,3.997569978237199839e-01
4.146569073200199740e-01,4.145933687686900182e-01,3.997569978237199839e-01,3.997402191162099938e-01
4.145933687686900182e-01,4.145323038101200175e-01,3.997402191162099938e-01,3.997260332107500092e-01
4.145323038101200175e-01,4.144734740257299821e-01,3.997260332107500092e-01,3.997142314910899774e-01
4.144734740257299821e-01,4.144167006015799792e-01,3.997142314910899774e-01,3.997046053409599731e-01
4.144167006015799792e-01,4.143617451190900192e-01,3.997046053409599731e-01,3.996969759464299998e-01
4.143617451190900192e-01,4.143084883689899800e-01,3.996969759464299998e-01,3.996911346912400131e-01
4.143084883689899800e-01,4.142567217349999997e-01,3.996911346912400131e-01,3.996869623661000182e-01
4.142567217349999997e-01,4.142063260078400200e-01,3.996869623661000182e-01,3.996842503547700098e-01
4.142063260078400200e-01,4.141571223735799889e-01,3.996842503547700098e-01,3.996828794479400093e-01
4.141571223735799889e-01,4.141089916229199752e-01,3.996828794479400093e-01,3.996827304363300137e-01
4.141089916229199752e-01,4.140618443489100242e-01,3.996827304363300137e-01,3.996836543083199800e-01
4.140618443489100242e-01,4.140155613422399905e-01,3.996836543083199800e-01,3.996855616569500169e-01
4.140155613422399905e-01,4.139700233936299822e-01,3.996855616569500169e-01,3.996883332729300187e-01
4.139700233936299822e-01,4.139252007007599987e-01,3.996883332729300187e-01,3.996919095516199838e-01
4.139252007007599987e-01,4.138810038566599903e-01,3.996919095516199838e-01,3.996961712837199809e-01
4.138810038566599903e-01,4.138373136520400175e-01,3.996961712837199809e-01,3.997010886669200014e-01
4.138373136520400175e-01,4.137941598892200257e-01,3.997010886669200014e-01,3.997065424919100107e-01
4.137941598892200257e-01,4.137514233589200119e-01,3.997065424919100107e-01,3.997125327587099930e-01
4.137514233589200119e-01,4.137090742587999914e-01,3.997125327587099930e-01,3.997189998626700103e-01
4.137090742587999914e-01,4.136671125888800038e-01,3.997189998626700103e-01,3.997258245945000121e-01
4.136671125888800038e-01,4.136254489421800074e-01,3.997258245945000121e-01,3.997330665588400000e-01
4.136254489421800074e-01,4.135840833187099941e-01,3.997330665588400000e-01,3.997406065463999791e-01
4.135840833187099941e-01,4.135429859161400268e-01,3.997406065463999791e-01,3.997484445571899969e-01
4.135429859161400268e-01,4.135021269321400017e-01,3.997484445571899969e-01,3.997565507888800052e-01
4.135021269321400017e-01,4.134615063667300139e-01,3.997565507888800052e-01,3.997648954391500031e-01
4.134615063667300139e-01,4.134210944175700231e-01,3.997648954391500031e-01,3.997734487056699981e-01
4.134210944175700231e-01,4.133808612823500206e-01,3.997734487056699981e-01,3.997821807861299814e-01
4.133808612823500206e-01,4.133408069610600144e-01,3.997821807861299814e-01,3.997910916805300086e-01
4.133408069610600144e-01,4.133009314537000045e-01,3.997910916805300086e-01,3.998001515865299837e-01
4.133009314537000045e-01,4.132612049579599822e-01,3.998001515865299837e-01,3.998093307018300013e-01
4.132612049579599822e-01,4.132216274738300110e-01,3.998093307018300013e-01,3.998186290264100218e-01
4.132216274738300110e-01,4.131821691989899792e-01,3.998186290264100218e-01,3.998280465602899736e-01
4.131821691989899792e-01,4.131428599357599984e-01,3.998280465602899736e-01,3.998375535011299831e-01
4.131428599357599984e-01,4.131036400795000119e-01,3.998375535011299831e-01,3.998471498489399867e-01
4.131036400795000119e-01,4.130645394325300201e-01,3.998471498489399867e-01,3.998568058013899917e-01
4.130645394325300201e-01,4.130254983901999744e-01,3.998568058013899917e-01,3.998665213584899902e-01
4.130254983901999744e-01,4.129865467548399782e-01,3.998665213584899902e-01,3.998762965202299902e-01
4.129865467548399782e-01,4.129476249217999828e-01,3.998762965202299902e-01,3.998861312866199835e-01
4.129476249217999828e-01,4.129087030887599874e-01,3.998861312866199835e-01,3.998960256576499783e-01
4.129087030887599874e-01,4.128697812557199920e-01,3.998960256576499783e-01,3.999059200286900206e-01
4.128697812557199920e-01,4.128307700157199944e-01,3.999059200286900206e-01,3.999159038066900096e-01
4.128307700157199944e-01,4.127916395664200100e-01,3.999159038066900096e-01,3.999258875846899985e-01
4.127916395664200100e-01,4.127523601055099745e-01,3.999258875846899985e-01,3.999359607696499896e-01
4.127523601055099745e-01,4.127128124237099960e-01,3.999359607696499896e-01,3.999460339546199728e-01
4.127128124237099960e-01,4.126729667186699868e-01,3.999460339546199728e-01,3.999561965465500135e-01
4.126729667186699868e-01,4.126327931880999778e-01,3.999561965465500135e-01,3.999664187431299922e-01
4.126327931880999778e-01,4.125923514366099942e-01,3.999664187431299922e-01,3.999766707420300271e-01
4.125923514366099942e-01,4.125523567199699815e-01,3.999766707420300271e-01,3.999868035316500037e-01
4.125523567199699815e-01,4.125162065029099878e-01,3.999868035316500037e-01,3.999959230422999723e-01
4.125162065029099878e-01,4.124999940395400189e-01,3.999959230422999723e-01,4.000000059604599811e-01
0.000000000000000000e+00,1.770221395417999983e-03,0.000000000000000000e+00,1.707932562567299932e-03
1.770221395417999983e-03,3.913012798875599788e-03,1.707932562567299932e-03,3.774339798837900162e-03
3.913012798875599788e-03,6.545591168105599662e-03,3.774339798837900162e-03,6.309307180345100075e-03
6.545591168105599662e-03,9.757787920534600340e-03,6.309307180345100075e-03,9.394486434757700830e-03
9.757787920534600340e-03,1.364856213331199983e-02,9.394486434757700830e-03,1.312384847551600030e-02
1.364856213331199983e-02,1.836996339261499911e-02,1.312384847551600030e-02,1.765412837266900140e-02
1.836996339261499911e-02,2.416205778717999894e-02,1.765412837266900140e-02,2.323377504944799943e-02
2.416205778717999894e-02,3.133296594023699672e-02,2.323377504944799943e-02,3.017446026205999887e-02
3.133296594023699672e-02,4.021818190813099964e-02,3.017446026205999887e-02,3.881164267659199807e-02
4.021818190813099964e-02,5.113711953163099788e-02,3.881164267659199807e-02,4.946527630090700317e-02
5.113711953163099788e-02,6.434006243944200010e-02,4.946527630090700317e-02,6.238852068781899907e-02
6.434006243944200010e-02,7.994371652603099454e-02,6.238852068781899907e-02,7.770271599292799536e-02
7.994371652603099454e-02,9.786827862262699462e-02,7.770271599292799536e-02,9.533209353685399845e-02
9.786827862262699462e-02,1.177923008799599963e-01,9.533209353685399845e-02,1.149560213088999944e-01
1.177923008799599963e-01,1.391457766294499909e-01,1.149560213088999944e-01,1.360005736351000138e-01
1.391457766294499909e-01,1.611521840095500036e-01,1.360005736351000138e-01,1.576816588640199968e-01
1.611521840095500036e-01,1.829219907522199873e-01,1.576816588640199968e-01,1.791019290685700038e-01
1.829219907522199873e-01,2.035816609859500137e-01,1.791019290685700038e-01,1.993834823370000120e-01
2.035816609859500137e-01,2.224053889512999926e-01,1.993834823370000120e-01,2.178014218807199920e-01
2.224053889512999926e-01,2.389148026704799865e-01,2.178014218807199920e-01,2.338821291923499912e-01
2.389148026704799865e-01,2.529213726520500027e-01,2.338821291923499912e-01,2.474431395530700128e-01
2.529213726520500027e-01,2.645008265972100259e-01,2.474431395530700128e-01,2.585685253143300000e-01
2.645008265972100259e-01,2.739080190658599867e-01,2.585685253143300000e-01,2.675262689590500176e-01
2.739080190658599867e-01,2.814712822437300255e-01,2.675262689590500176e-01,2.746606767177600106e-01
2.814712822437300255e-01,2.885729372501399936e-01,2.746606767177600106e-01,2.813176214695000121e-01
2.885729372501399936e-01,2.961211502552000274e-01,2.813176214695000121e-01,2.883664667606399834e-01
2.961211502552000274e-01,3.041177392005899871e-01,2.883664667606399834e-01,2.958077490329700243e-01
3.041177392005899871e-01,3.125711381435399838e-01,2.958077490329700243e-01,3.036516308784499851e-01
3.125711381435399838e-01,3.214944303035700002e-01,3.036516308784499851e-01,3.119156360626200164e-01
3.214944303035700002e-01,3.309007287025499955e-01,3.119156360626200164e-01,3.206200599670400164e-01
3.309007287025499955e-01,3.407972455024699809e-01,3.206200599670400164e-01,3.297823965549500080e-01
3.407972455024699809e-01,3.511787950992599772e-01,3.297823965549500080e-01,3.394113183021499891e-01
3.511787950992599772e-01,3.620204925537099938e-01,3.394113183021499891e-01,3.495005369186400257e-01
3.620204925537099938e-01,3.732699453830700120e-01,3.495005369186400257e-01,3.600216209888499885e-01
3.732699453830700120e-01,3.848375380039200100e-01,3.600216209888499885e-01,3.709141016006500258e-01
3.848375380039200100e-01,3.965808451175700244e-01,3.709141016006500258e-01,3.820682168006899748e-01
3.965808451175700244e-01,4.082618057727799843e-01,3.820682168006899748e-01,3.932781517505600233e-01
4.082618057727799843e-01,4.193862378597300045e-01,3.932781517505600233e-01,4.040766358375499911e-01
4.193862378597300045e-01,4.286397695541400155e-01,4.040766358375499911e-01,4.131637811660799908e-01
4.286397695541400155e-01,4.322876334190399739e-01,4.131637811660799908e-01,4.167933464050300185e-01
4.322876334190399739e-01,4.314308166503900144e-01,4.167933464050300185e-01,4.160008728504199782e-01
4.314308166503900144e-01,4.311226308345800229e-01,4.160008728504199782e-01,4.157420992851300068e-01
4.311226308345800229e-01,4.309324920177500240e-01,4.157420992851300068e-01,4.155982732772799948e-01
4.309324920177500240e-01,4.307729005813599743e-01,4.155982732772799948e-01,4.154840707778900133e-01
4.307729005813599743e-01,4.306244254112199799e-01,4.154840707778900133e-01,4.153805375099199892e-01
4.306244254112199799e-01,4.304825365543399895e-01,4.153805375099199892e-01,4.152832925319699942e-01
4.304825365543399895e-01,4.303458333015400261e-01,4.152832925319699942e-01,4.151910841465000224e-01
4.303458333015400261e-01,4.302138388156899751e-01,4.151910841465000224e-01,4.151034057140399747e-01
4.302138388156899751e-01,4.300861060619399767e-01,4.151034057140399747e-01,4.150199890136699876e-01
4.300861060619399767e-01,4.299623370170599923e-01,4.150199890136699876e-01,4.149405062198600058e-01
4.299623370170599923e-01,4.298422336578400227e-01,4.149405062198600058e-01,4.148647189140299840e-01
4.298422336578400227e-01,4.297254383563999802e-01,4.148647189140299840e-01,4.147923588752699953e-01
4.297254383563999802e-01,4.296116828918499775e-01,4.147923588752699953e-01,4.147231578826899856e-01
4.296116828918499775e-01,4.295007586479199779e-01,4.147231578826899856e-01,4.146569073200199740e-01
4.295007586479199779e-01,4.293923377990699897e-01,4.146569073200199740e-01,4.145933687686900182e-01
4.293923377990699897e-01,4.292861819267300150e-01,4.145933687686900182e-01,4.145323038101200175e-01
4.292861819267300150e-01,4.291821122169500180e-01,4.145323038101200175e-01,4.144734740257299821e-01
4.291821122169500180e-01,4.290798902511600010e-01,4.144734740257299821e-01,4.144167006015799792e-01
4.290798902511600010e-01,4.289793074130999750e-01,4.144167006015799792e-01,4.143617451190900192e-01
4.289793074130999750e-01,4.288802146911600000e-01,4.143617451190900192e-01,4.143084883689899800e-01
4.288802146911600000e-01,4.287824332714100239e-01,4.143084883689899800e-01,4.142567217349999997e-01
4.287824332714100239e-01,4.286858141422300039e-01,4.142567217349999997e-01,4.142063260078400200e-01
4.286858141422300039e-01,4.285902380943300005e-01,4.142063260078400200e-01,4.141571223735799889e-01
4.285902380943300005e-01,4.284955561161000182e-01,4.141571223735799889e-01,4.141089916229199752e-01
4.284955561161000182e-01,4.284016788005799992e-01,4.141089916229199752e-01,4.140618443489100242e-01
4.284016788005799992e-01,4.283085167408000049e-01,4.140618443489100242e-01,4.140155613422399905e-01
4.283085167408000049e-01,4.282159805297899857e-01,4.140155613422399905e-01,4.139700233936299822e-01
4.282159805297899857e-01,4.281240105629000037e-01,4.139700233936299822e-01,4.139252007007599987e-01
4.281240105629000037e-01,4.280325174331700011e-01,4.139252007007599987e-01,4.138810038566599903e-01
4.280325174331700011e-01,4.279414713382699853e-01,4.138810038566599903e-01,4.138373136520400175e-01
4.279414713382699853e-01,4.278507828712500016e-01,4.138373136520400175e-01,4.137941598892200257e-01
4.278507828712500016e-01,4.277604818344100113e-01,4.137941598892200257e-01,4.137514233589200119e-01
4.277604818344100113e-01,4.276704490184800034e-01,4.137514233589200119e-01,4.137090742587999914e-01
4.276704490184800034e-01,4.275807142257699867e-01,4.137090742587999914e-01,4.136671125888800038e-01
4.275807142257699867e-01,4.274912178516400152e-01,4.136671125888800038e-01,4.136254489421800074e-01
4.274912178516400152e-01,4.274019896984099787e-01,4.136254489421800074e-01,4.135840833187099941e-01
4.274019896984099787e-01,4.273129701614399867e-01,4.135840833187099941e-01,4.135429859161400268e-01
4.273129701614399867e-01,4.272241294383999910e-01,4.135429859161400268e-01,4.135021269321400017e-01
4.272241294383999910e-01,4.271355271339399851e-01,4.135021269321400017e-01,4.134615063667300139e-01
4.271355271339399851e-01,4.270471036434200229e-01,4.134615063667300139e-01,4.134210944175700231e-01
4.270471036434200229e-01,4.269588291645100009e-01,4.134210944175700231e-01,4.133808612823500206e-01
4.269588291645100009e-01,4.268707633018499759e-01,4.133808612823500206e-01,4.133408069610600144e-01
4.268707633018499759e-01,4.267828762531299946e-01,4.133408069610600144e-01,4.133009314537000045e-01
4.267828762531299946e-01,4.266951680183400097e-01,4.133009314537000045e-01,4.132612049579599822e-01
4.266951680183400097e-01,4.266076087951700124e-01,4.132612049579599822e-01,4.132216274738300110e-01
4.266076087951700124e-01,4.265202283859300114e-01,4.132216274738300110e-01,4.131821691989899792e-01
4.265202283859300114e-01,4.264329969883000060e-01,4.131821691989899792e-01,4.131428599357599984e-01
4.264329969883000060e-01,4.263458847999599954e-01,4.131428599357599984e-01,4.131036400795000119e-01
4.263458847999599954e-01,4.262589216232299805e-01,4.131036400795000119e-01,4.130645394325300201e-01
4.262589216232299805e-01,4.261720478534700152e-01,4.130645394325300201e-01,4.130254983901999744e-01
4.261720478534700152e-01,4.260852634906799885e-01,4.130254983901999744e-01,4.129865467548399782e-01
4.260852634906799885e-01,4.259984791278800254e-01,4.129865467548399782e-01,4.129476249217999828e-01
4.259984791278800254e-01,4.259116947650899987e-01,4.129476249217999828e-01,4.129087030887599874e-01
4.259116947650899987e-01,4.258248507976499786e-01,4.129087030887599874e-01,4.128697812557199920e-01
4.258248507976499786e-01,4.257377982139600170e-01,4.128697812557199920e-01,4.128307700157199944e-01
4.257377982139600170e-01,4.256505072116900101e-01,4.128307700157199944e-01,4.127916395664200100e-01
4.256505072116900101e-01,4.255627989769000252e-01,4.127916395664200100e-01,4.127523601055099745e-01
4.255627989769000252e-01,4.254745841026300046e-01,4.127523601055099745e-01,4.127128124237099960e-01
4.254745841026300046e-01,4.253857135772700082e-01,4.127128124237099960e-01,4.126729667186699868e-01
4.253857135772700082e-01,4.252960681915299856e-01,4.126729667186699868e-01,4.126327931880999778e-01
4.252960681915299856e-01,4.252059161663099829e-01,4.126327931880999778e-01,4.125923514366099942e-01
4.252059161663099829e-01,4.251166880130800019e-01,4.125923514366099942e-01,4.125523567199699815e-01
4.251166880130800019e-01,4.250361025333400100e-01,4.125523567199699815e-01,4.125162065029099878e-01
4.250361025333400100e-01,4.250000119209300098e-01,4.125162065029099878e-01,4.124999940395400189e-01
0.000000000000000000e+00,1.837267307564599940e-03,0.000000000000000000e+00,1.770221395417999983e-03
1.837267307564599940e-03,4.061833955347499830e-03,1.770221395417999983e-03,3.913012798875599788e-03
4.061833955347499830e-03,6.797728594392499907e-03,3.913012798875599788e-03,6.545591168105599662e-03
6.797728594392499907e-03,1.014276407659099946e-02,6.545591168105599662e-03,9.757787920534600340e-03
1.014276407659099946e-02,1.420200150459999949e-02,9.757787920534600340e-03,1.364856213331199983e-02
1.420200150459999949e-02,1.912515610456499981e-02,1.364856213331199983e-02,1.836996339261499911e-02
1.912515610456499981e-02,2.514436841010999832e-02,1.836996339261499911e-02,2.416205778717999894e-02
2.514436841010999832e-02,3.256246447563199836e-02,2.416205778717999894e-02,3.133296594023699672e-02
3.256246447563199836e-02,4.171322658657999893e-02,3.133296594023699672e-02,4.021818190813099964e-02
4.171322658657999893e-02,5.291419476270699945e-02,4.021818190813099964e-02,5.113711953163099788e-02
5.291419476270699945e-02,6.641159206628799438e-02,5.113711953163099788e-02,6.434006243944200010e-02
6.641159206628799438e-02,8.231648057699199328e-02,6.434006243944200010e-02,7.994371652603099454e-02
8.231648057699199328e-02,1.005443707108499979e-01,7.994371652603099454e-02,9.786827862262699462e-02
1.005443707108499979e-01,1.207729652523999997e-01,9.786827862262699462e-02,1.177923008799599963e-01
1.207729652523999997e-01,1.424368917941999935e-01,1.177923008799599963e-01,1.391457766294499909e-01
1.424368917941999935e-01,1.647686511278199928e-01,1.391457766294499909e-01,1.611521840095500036e-01
1.647686511278199928e-01,1.868884712457699881e-01,1.611521840095500036e-01,1.829219907522199873e-01
1.868884712457699881e-01,2.079294770956000016e-01,1.829219907522199873e-01,2.035816609859500137e-01
2.079294770956000016e-01,2.271668314933799893e-01,2.035816609859500137e-01,2.224053889512999926e-01
2.271668314933799893e-01,2.441181689500800112e-01,2.224053889512999926e-01,2.389148026704799865e-01
2.441181689500800112e-01,2.585878968238800035e-01,2.389148026704799865e-01,2.529213726520500027e-01
2.585878968238800035e-01,2.706410586833999932e-01,2.529213726520500027e-01,2.645008265972100259e-01
2.706410586833999932e-01,2.805174291133900044e-01,2.645008265972100259e-01,2.739080190658599867e-01
2.805174291133900044e-01,2.885288000106799866e-01,2.739080190658599867e-01,2.814712822437300255e-01
2.885288000106799866e-01,2.960941493511199951e-01,2.814712822437300255e-01,2.885729372501399936e-01
2.960941493511199951e-01,3.041599392890900200e-01,2.885729372501399936e-01,2.961211502552000274e-01
3.041599392890900200e-01,3.127284049987800185e-01,2.961211502552000274e-01,3.041177392005899871e-01
3.127284049987800185e-01,3.218054473400099869e-01,3.041177392005899871e-01,3.125711381435399838e-01
3.218054473400099869e-01,3.313983380794500166e-01,3.125711381435399838e-01,3.214944303035700002e-01
3.313983380794500166e-01,3.415111303329499970e-01,3.214944303035700002e-01,3.309007287025499955e-01
3.415111303329499970e-01,3.521381616592400010e-01,3.309007287025499955e-01,3.407972455024699809e-01
3.521381616592400010e-01,3.632570207119000250e-01,3.407972455024699809e-01,3.511787950992599772e-01
3.632570207119000250e-01,3.748207688331600118e-01,3.511787950992599772e-01,3.620204925537099938e-01
3.748207688331600118e-01,3.867500424385100222e-01,3.620204925537099938e-01,3.732699453830700120e-01
3.867500424385100222e-01,3.989248871803299790e-01,3.732699453830700120e-01,3.848375380039200100e-01
3.989248871803299790e-01,4.111727476120000113e-01,3.848375380039200100e-01,3.965808451175700244e-01
4.111727476120000113e-01,4.232307374477399797e-01,3.965808451175700244e-01,4.082618057727799843e-01
4.232307374477399797e-01,4.345909953117400026e-01,4.082618057727799843e-01,4.193862378597300045e-01
4.345909953117400026e-01,4.439445137977600098e-01,4.193862378597300045e-01,4.286397695541400155e-01
4.439445137977600098e-01,4.475918412208599872e-01,4.286397695541400155e-01,4.322876334190399739e-01
4.475918412208599872e-01,4.466798007488300137e-01,4.322876334190399739e-01,4.314308166503900144e-01
4.466798007488300137e-01,4.463284015655499815e-01,4.314308166503900144e-01,4.311226308345800229e-01
4.463284015655499815e-01,4.460970163345300277e-01,4.311226308345800229e-01,4.309324920177500240e-01
4.460970163345300277e-01,4.458966553211199946e-01,4.309324920177500240e-01,4.307729005813599743e-01
4.458966553211199946e-01,4.457076489925400065e-01,4.307729005813599743e-01,4.306244254112199799e-01
4.457076489925400065e-01,4.455252587795299757e-01,4.306244254112199799e-01,4.304825365543399895e-01
4.455252587795299757e-01,4.453481435775800135e-01,4.304825365543399895e-01,4.303458333015400261e-01
4.453481435775800135e-01,4.451757371425599796e-01,4.303458333015400261e-01,4.302138388156899751e-01
4.451757371425599796e-01,4.450075626373299897e-01,4.302138388156899751e-01,4.300861060619399767e-01
4.450075626373299897e-01,4.448432326316800189e-01,4.300861060619399767e-01,4.299623370170599923e-01
4.448432326316800189e-01,4.446824491024000126e-01,4.299623370170599923e-01,4.298422336578400227e-01
4.446824491024000126e-01,4.445248246192899932e-01,4.298422336578400227e-01,4.297254383563999802e-01
4.445248246192899932e-01,4.443700611591300254e-01,4.297254383563999802e-01,4.296116828918499775e-01
4.443700611591300254e-01,4.442178905010200074e-01,4.296116828918499775e-01,4.295007586479199779e-01
4.442178905010200074e-01,4.440679848194100110e-01,4.295007586479199779e-01,4.293923377990699897e-01
4.440679848194100110e-01,4.439201354980499836e-01,4.293923377990699897e-01,4.292861819267300150e-01
4.439201354980499836e-01,4.437741041183499990e-01,4.292861819267300150e-01,4.291821122169500180e-01
4.437741041183499990e-01,4.436296522617300120e-01,4.291821122169500180e-01,4.290798902511600010e-01
4.436296522617300120e-01,4.434866011142700182e-01,4.290798902511600010e-01,4.289793074130999750e-01
4.434866011142700182e-01,4.433448016643499745e-01,4.289793074130999750e-01,4.288802146911600000e-01
4.433448016643499745e-01,4.432040750980399957e-01,4.288802146911600000e-01,4.287824332714100239e-01
4.432040750980399957e-01,4.430642426013899904e-01,4.287824332714100239e-01,4.286858141422300039e-01
4.430642426013899904e-01,4.429252445697799967e-01,4.286858141422300039e-01,4.285902380943300005e-01
4.429252445697799967e-01,4.427869617938999802e-01,4.285902380943300005e-01,4.284955561161000182e-01
4.427869617938999802e-01,4.426492452621499929e-01,4.284955561161000182e-01,4.284016788005799992e-01
4.426492452621499929e-01,4.425120651721999865e-01,4.284016788005799992e-01,4.283085167408000049e-01
4.425120651721999865e-01,4.423753023147600216e-01,4.283085167408000049e-01,4.282159805297899857e-01
4.423753023147600216e-01,4.422389268875099866e-01,4.282159805297899857e-01,4.281240105629000037e-01
4.422389268875099866e-01,4.421029090881299917e-01,4.281240105629000037e-01,4.280325174331700011e-01
4.421029090881299917e-01,4.419671297073399785e-01,4.280325174331700011e-01,4.279414713382699853e-01
4.419671297073399785e-01,4.418316185474400193e-01,4.279414713382699853e-01,4.278507828712500016e-01
4.418316185474400193e-01,4.416963160037999936e-01,4.278507828712500016e-01,4.277604818344100113e-01
4.416963160037999936e-01,4.415612220764200124e-01,4.277604818344100113e-01,4.276704490184800034e-01
4.415612220764200124e-01,4.414262771606399793e-01,4.276704490184800034e-01,4.275807142257699867e-01
4.414262771606399793e-01,4.412915110588099821e-01,4.275807142257699867e-01,4.274912178516400152e-01
4.412915110588099821e-01,4.411568939685799884e-01,4.274912178516400152e-01,4.274019896984099787e-01
4.411568939685799884e-01,4.410224258899699823e-01,4.274019896984099787e-01,4.273129701614399867e-01
4.410224258899699823e-01,4.408880770206500266e-01,4.273129701614399867e-01,4.272241294383999910e-01
4.408880770206500266e-01,4.407539069652600117e-01,4.272241294383999910e-01,4.271355271339399851e-01
4.407539069652600117e-01,4.406198859214799923e-01,4.271355271339399851e-01,4.270471036434200229e-01
4.406198859214799923e-01,4.404860138893100241e-01,4.270471036434200229e-01,4.269588291645100009e-01
4.404860138893100241e-01,4.403523206710799887e-01,4.269588291645100009e-01,4.268707633018499759e-01
4.403523206710799887e-01,4.402187764644600043e-01,4.268707633018499759e-01,4.267828762531299946e-01
4.402187764644600043e-01,4.400853812694500156e-01,4.267828762531299946e-01,4.266951680183400097e-01
4.400853812694500156e-01,4.399521946907000158e-01,4.266951680183400097e-01,4.266076087951700124e-01
4.399521946907000158e-01,4.398191571235700037e-01,4.266076087951700124e-01,4.265202283859300114e-01
4.398191571235700037e-01,4.396863281726799966e-01,4.265202283859300114e-01,4.264329969883000060e-01
4.396863281726799966e-01,4.395536184310899763e-01,4.264329969883000060e-01,4.263458847999599954e-01
4.395536184310899763e-01,4.394210577011100072e-01,4.263458847999599954e-01,4.262589216232299805e-01
4.394210577011100072e-01,4.392886161804199774e-01,4.262589216232299805e-01,4.261720478534700152e-01
4.392886161804199774e-01,4.391562640666999973e-01,4.261720478534700152e-01,4.260852634906799885e-01
4.391562640666999973e-01,4.390239417552900258e-01,4.260852634906799885e-01,4.259984791278800254e-01
4.390239417552900258e-01,4.388915598392499895e-01,4.259984791278800254e-01,4.259116947650899987e-01
4.388915598392499895e-01,4.387590289115900211e-01,4.259116947650899987e-01,4.258248507976499786e-01
4.387590289115900211e-01,4.386262297630300067e-01,4.258248507976499786e-01,4.257377982139600170e-01
4.386262297630300067e-01,4.384930431842800069e-01,4.257377982139600170e-01,4.256505072116900101e-01
4.384930431842800069e-01,4.383592307567599766e-01,4.256505072116900101e-01,4.255627989769000252e-01
4.383592307567599766e-01,4.382246136665299829e-01,4.255627989769000252e-01,4.254745841026300046e-01
4.382246136665299829e-01,4.380889832973500209e-01,4.254745841026300046e-01,4.253857135772700082e-01
4.380889832973500209e-01,4.379521906375899998e-01,4.253857135772700082e-01,4.252960681915299856e-01
4.379521906375899998e-01,4.378145337104800139e-01,4.252960681915299856e-01,4.252059161663099829e-01
4.378145337104800139e-01,4.376782774925199737e-01,4.252059161663099829e-01,4.251166880130800019e-01
4.376782774925199737e-01,4.375551342964200119e-01,4.251166880130800019e-01,4.250361025333400100e-01
4.375551342964200119e-01,4.375000000000000000e-01,4.250361025333400100e-01,4.250000119209300098e-01
0.000000000000000000e+00,1.909599057398700048e-03,0.000000000000000000e+00,1.837267307564599940e-03
1.909599057398700048e-03,4.222080577164899658e-03,1.837267307564599940e-03,4.061833955347499830e-03
4.222080577164899658e-03,7.067966274917099681e-03,4.061833955347499830e-03,6.797728594392499907e-03
7.067966274917099681e-03,1.055284682661299968e-02,6.797728594392499907e-03,1.014276407659099946e-02
1.055284682661299968e-02,1.478865370154400054e-02,1.014276407659099946e-02,1.420200150459999949e-02
1.478865370154400054e-02,1.992483250796800096e-02,1.420200150459999949e-02,1.912515610456499981e-02
1.992483250796800096e-02,2.618649974465400015e-02,1.912515610456499981e-02,2.514436841010999832e-02
2.618649974465400015e-02,3.386975824832900300e-02,2.514436841010999832e-02,3.256246447563199836e-02
3.386975824832900300e-02,4.330468550324399757e-02,3.256246447563199836e-02,4.171322658657999893e-02
4.330468550324399757e-02,5.480528995394699787e-02,4.171322658657999893e-02,5.291419476270699945e-02
5.480528995394699787e-02,6.861232221126599418e-02,5.291419476270699945e-02,6.641159206628799438e-02
6.861232221126599418e-02,8.483003079891200671e-02,6.641159206628799438e-02,8.231648057699199328e-02
8.483003079891200671e-02,1.033685579895999990e-01,8.231648057699199328e-02,1.005443707108499979e-01
1.033685579895999990e-01,1.239048168063199978e-01,1.005443707108499979e-01,1.207729652523999997e-01
1.239048168063199978e-01,1.458789259195300003e-01,1.207729652523999997e-01,1.424368917941999935e-01
1.458789259195300003e-01,1.685340702533699997e-01,1.424368917941999935e-01,1.647686511278199928e-01
1.685340702533699997e-01,1.910022944212000084e-01,1.647686511278199928e-01,1.868884712457699881e-01
1.910022944212000084e-01,2.124257832765600040e-01,1.868884712457699881e-01,2.079294770956000016e-01
2.124257832765600040e-01,2.320826202631000035e-01,2.079294770956000016e-01,2.271668314933799893e-01
2.320826202631000035e-01,2.494870722293900112e-01,2.271668314933799893e-01,2.441181689500800112e-01
2.494870722293900112e-01,2.644354104995699783e-01,2.441181689500800112e-01,2.585878968238800035e-01
2.644354104995699783e-01,2.769798338413200223e-01,2.585878968238800035e-01,2.706410586833999932e-01
2.769798338413200223e-01,2.873433530330700147e-01,2.706410586833999932e-01,2.805174291133900044e-01
2.873433530330700147e-01,2.958208620548199996e-01,2.805174291133900044e-01,2.885288000106799866e-01
2.958208620548199996e-01,3.038677275180799997e-01,2.885288000106799866e-01,2.960941493511199951e-01
3.038677275180799997e-01,3.124678134918200123e-01,2.960941493511199951e-01,3.041599392890900200e-01
3.124678134918200123e-01,3.216225504875199759e-01,3.041599392890900200e-01,3.127284049987800185e-01
3.216225504875199759e-01,3.313338756561299836e-01,3.127284049987800185e-01,3.218054473400099869e-01
3.313338756561299836e-01,3.416014611720999961e-01,3.218054473400099869e-01,3.313983380794500166e-01
3.416014611720999961e-01,3.524177670478800262e-01,3.313983380794500166e-01,3.415111303329499970e-01
3.524177670478800262e-01,3.637613058090199969e-01,3.415111303329499970e-01,3.521381616592400010e-01
3.637613058090199969e-01,3.755892515182500113e-01,3.521381616592400010e-01,3.632570207119000250e-01
3.755892515182500113e-01,3.878296315670000105e-01,3.632570207119000250e-01,3.748207688331600118e-01
3.878296315670000105e-01,4.003745913505600273e-01,3.748207688331600118e-01,3.867500424385100222e-01
4.003745913505600273e-01,4.130752682685899790e-01,3.867500424385100222e-01,3.989248871803299790e-01
4.130752682685899790e-01,4.257344901561699868e-01,3.989248871803299790e-01,4.111727476120000113e-01
4.257344901561699868e-01,4.380745887756299917e-01,4.111727476120000113e-01,4.232307374477399797e-01
4.380745887756299917e-01,4.495874643325800113e-01,4.232307374477399797e-01,4.345909953117400026e-01
4.495874643325800113e-01,4.589853286743200145e-01,4.345909953117400026e-01,4.439445137977600098e-01
4.589853286743200145e-01,4.626184105873100139e-01,4.439445137977600098e-01,4.475918412208599872e-01
4.626184105873100139e-01,4.616620242595699808e-01,4.475918412208599872e-01,4.466798007488300137e-01
4.616620242595699808e-01,4.612744152545900089e-01,4.466798007488300137e-01,4.463284015655499815e-01
4.612744152545900089e-01,4.610079824924500080e-01,4.463284015655499815e-01,4.460970163345300277e-01
4.610079824924500080e-01,4.607727825641599884e-01,4.460970163345300277e-01,4.458966553211199946e-01
4.607727825641599884e-01,4.605489075183900050e-01,4.458966553211199946e-01,4.457076489925400065e-01
4.605489075183900050e-01,4.603315591812099927e-01,4.457076489925400065e-01,4.455252587795299757e-01
4.603315591812099927e-01,4.601194560527799848e-01,4.455252587795299757e-01,4.453481435775800135e-01
4.601194560527799848e-01,4.599119126796700208e-01,4.453481435775800135e-01,4.451757371425599796e-01
4.599119126796700208e-01,4.597085118293799955e-01,4.451757371425599796e-01,4.450075626373299897e-01
4.597085118293799955e-01,4.595088064670599937e-01,4.450075626373299897e-01,4.448432326316800189e-01
4.595088064670599937e-01,4.593124091625199745e-01,4.448432326316800189e-01,4.446824491024000126e-01
4.593124091625199745e-01,4.591189622879000010e-01,4.446824491024000126e-01,4.445248246192899932e-01
4.591189622879000010e-01,4.589281082153299773e-01,4.445248246192899932e-01,4.443700611591300254e-01
4.589281082153299773e-01,4.587395489215900235e-01,4.443700611591300254e-01,4.442178905010200074e-01
4.587395489215900235e-01,4.585529863834399977e-01,4.442178905010200074e-01,4.440679848194100110e-01
4.585529863834399977e-01,4.583681821823100133e-01,4.440679848194100110e-01,4.439201354980499836e-01
4.583681821823100133e-01,4.581848978996300170e-01,4.439201354980499836e-01,4.437741041183499990e-01
4.581848978996300170e-01,4.580028653144799788e-01,4.437741041183499990e-01,4.436296522617300120e-01
4.580028653144799788e-01,4.578219652175899990e-01,4.436296522617300120e-01,4.434866011142700182e-01
4.578219652175899990e-01,4.576419889926899853e-01,4.434866011142700182e-01,4.433448016643499745e-01
4.576419889926899853e-01,4.574627876281699979e-01,4.433448016643499745e-01,4.432040750980399957e-01
4.574627876281699979e-01,4.572842717170699789e-01,4.432040750980399957e-01,4.430642426013899904e-01
4.572842717170699789e-01,4.571062624454499956e-01,4.430642426013899904e-01,4.429252445697799967e-01
4.571062624454499956e-01,4.569287002086599991e-01,4.429252445697799967e-01,4.427869617938999802e-01
4.569287002086599991e-01,4.567514955997499793e-01,4.427869617938999802e-01,4.426492452621499929e-01
4.567514955997499793e-01,4.565745592117300133e-01,4.426492452621499929e-01,4.425120651721999865e-01
4.565745592117300133e-01,4.563978612422899817e-01,4.425120651721999865e-01,4.423753023147600216e-01
4.563978612422899817e-01,4.562213122844699931e-01,4.423753023147600216e-01,4.422389268875099866e-01
4.562213122844699931e-01,4.560449123382600001e-01,4.422389268875099866e-01,4.421029090881299917e-01
4.560449123382600001e-01,4.558685719966900085e-01,4.421029090881299917e-01,4.419671297073399785e-01
4.558685719966900085e-01,4.556923210620900111e-01,4.419671297073399785e-01,4.418316185474400193e-01
4.556923210620900111e-01,4.555161297321300151e-01,4.418316185474400193e-01,4.416963160037999936e-01
4.555161297321300151e-01,4.553399682045000119e-01,4.416963160037999936e-01,4.415612220764200124e-01
4.553399682045000119e-01,4.551638662815100100e-01,4.415612220764200124e-01,4.414262771606399793e-01
4.551638662815100100e-01,4.549877643585200082e-01,4.414262771606399793e-01,4.412915110588099821e-01
4.549877643585200082e-01,4.548117518425000005e-01,4.412915110588099821e-01,4.411568939685799884e-01
4.548117518425000005e-01,4.546357393264799929e-01,4.411568939685799884e-01,4.410224258899699823e-01
4.546357393264799929e-01,4.544598162174199873e-01,4.410224258899699823e-01,4.408880770206500266e-01
4.544598162174199873e-01,4.542839527130099753e-01,4.408880770206500266e-01,4.407539069652600117e-01
4.542839527130099753e-01,4.541081488132500121e-01,4.407539069652600117e-01,4.406198859214799923e-01
4.541081488132500121e-01,4.539324939250899971e-01,4.406198859214799923e-01,4.404860138893100241e-01
4.539324939250899971e-01,4.537569284439100237e-01,4.404860138893100241e-01,4.403523206710799887e-01
4.537569284439100237e-01,4.535814821720099976e-01,4.403523206710799887e-01,4.402187764644600043e-01
4.535814821720099976e-01,4.534062147140500154e-01,4.402187764644600043e-01,4.400853812694500156e-01
4.534062147140500154e-01,4.532310664653799726e-01,4.400853812694500156e-01,4.399521946907000158e-01
4.532310664653799726e-01,4.530560970306399815e-01,4.399521946907000158e-01,4.398191571235700037e-01
4.530560970306399815e-01,4.528813064098399788e-01,4.398191571235700037e-01,4.396863281726799966e-01
4.528813064098399788e-01,4.527066648006399796e-01,4.396863281726799966e-01,4.395536184310899763e-01
4.527066648006399796e-01,4.525321722030600236e-01,4.395536184310899763e-01,4.394210577011100072e-01
4.525321722030600236e-01,4.523577988147700069e-01,4.394210577011100072e-01,4.392886161804199774e-01
4.523577988147700069e-01,4.521835148334499843e-01,4.392886161804199774e-01,4.391562640666999973e-01
4.521835148334499843e-01,4.520092308521300173e-01,4.391562640666999973e-01,4.390239417552900258e-01
4.520092308521300173e-01,4.518348574638400006e-01,4.390239417552900258e-01,4.388915598392499895e-01
4.518348574638400006e-01,4.516602754592899949e-01,4.388915598392499895e-01,4.387590289115900211e-01
4.516602754592899949e-01,4.514853358268700045e-01,4.387590289115900211e-01,4.386262297630300067e-01
4.514853358268700045e-01,4.513098299503299771e-01,4.386262297630300067e-01,4.384930431842800069e-01
4.513098299503299771e-01,4.511335194110899782e-01,4.384930431842800069e-01,4.383592307567599766e-01
4.511335194110899782e-01,4.509561359882400255e-01,4.383592307567599766e-01,4.382246136665299829e-01
4.509561359882400255e-01,4.507773518562300241e-01,4.382246136665299829e-01,4.380889832973500209e-01
4.507773518562300241e-01,4.505969882011400252e-01,4.380889832973500209e-01,4.379521906375899998e-01
4.505969882011400252e-01,4.504153430461900198e-01,4.379521906375899998e-01,4.378145337104800139e-01
4.504153430461900198e-01,4.502355158329000018e-01,4.378145337104800139e-01,4.376782774925199737e-01
4.502355158329000018e-01,4.500728547573100147e-01,4.376782774925199737e-01,4.375551342964200119e-01
4.500728547573100147e-01,4.499999880790699902e-01,4.375551342964200119e-01,4.375000000000000000e-01
0.000000000000000000e+00,1.987795811146499895e-03,0.000000000000000000e+00,1.909599057398700048e-03
1.987795811146499895e-03,4.395158030092699737e-03,1.909599057398700048e-03,4.222080577164899658e-03
4.395158030092699737e-03,7.358767557889199680e-03,4.222080577164899658e-03,7.067966274917099681e-03
7.358767557889199680e-03,1.099179126322299971e-02,7.067966274917099681e-03,1.055284682661299968e-02
1.099179126322299971e-02,1.541354786604600020e-02,1.055284682661299968e-02,1.478865370154400054e-02
1.541354786604600020e-02,2.077493071556099982e-02,1.478865370154400054e-02,1.992483250796800096e-02
2.077493071556099982e-02,2.729518897831400073e-02,1.992483250796800096e-02,2.618649974465400015e-02
2.729518897831400073e-02,3.526259213685999788e-02,2.618649974465400015e-02,3.386975824832900300e-02
3.526259213685999788e-02,4.500139504671100271e-02,3.386975824832900300e-02,4.330468550324399757e-02
4.500139504671100271e-02,5.682009086012800025e-02,4.330468550324399757e-02,5.480528995394699787e-02
5.682009086012800025e-02,7.095225155353500346e-02,5.480528995394699787e-02,6.861232221126599418e-02
7.095225155353500346e-02,8.749398589134199655e-02,6.861232221126599418e-02,8.483003079891200671e-02
8.749398589134199655e-02,1.063494160771400049e-01,8.483003079891200671e-02,1.033685579895999990e-01
1.063494160771400049e-01,1.271948069333999898e-01,1.033685579895999990e-01,1.239048168063199978e-01
1.271948069333999898e-01,1.494768410921100132e-01,1.239048168063199978e-01,1.458789259195300003e-01
1.494768410921100132e-01,1.724511682987200090e-01,1.458789259195300003e-01,1.685340702533699997e-01
1.724511682987200090e-01,1.952639222145099995e-01,1.685340702533699997e-01,1.910022944212000084e-01
1.952639222145099995e-01,2.170688360929499960e-01,1.910022944212000084e-01,2.124257832765600040e-01
2.170688360929499960e-01,2.371488511562299950e-01,2.124257832765600040e-01,2.320826202631000035e-01
2.371488511562299950e-01,2.550154924392700195e-01,2.320826202631000035e-01,2.494870722293900112e-01
2.550154924392700195e-01,2.704556584358199789e-01,2.494870722293900112e-01,2.644354104995699783e-01
2.704556584358199789e-01,2.835067510604900032e-01,2.644354104995699783e-01,2.769798338413200223e-01
2.835067510604900032e-01,2.943736314773600093e-01,2.769798338413200223e-01,2.873433530330700147e-01
2.943736314773600093e-01,3.033339977264399856e-01,2.873433530330700147e-01,2.958208620548199996e-01
3.033339977264399856e-01,3.118787407875099893e-01,2.958208620548199996e-01,3.038677275180799997e-01
3.118787407875099893e-01,3.210277557373000246e-01,3.038677275180799997e-01,3.124678134918200123e-01
3.210277557373000246e-01,3.307800889015199974e-01,3.124678134918200123e-01,3.216225504875199759e-01
3.307800889015199974e-01,3.411316275596599779e-01,3.216225504875199759e-01,3.313338756561299836e-01
3.411316275596599779e-01,3.520720303058599843e-01,3.313338756561299836e-01,3.416014611720999961e-01
3.520720303058599843e-01,3.635794520378100025e-01,3.416014611720999961e-01,3.524177670478800262e-01
3.635794520378100025e-01,3.756134510040299856e-01,3.524177670478800262e-01,3.637613058090199969e-01
3.756134510040299856e-01,3.881078660488099796e-01,3.637613058090199969e-01,3.755892515182500113e-01
3.881078660488099796e-01,4.009638428687999911e-01,3.755892515182500113e-01,3.878296315670000105e-01
4.009638428687999911e-01,4.140457808971400033e-01,3.878296315670000105e-01,4.003745913505600273e-01
4.140457808971400033e-01,4.271800518035899774e-01,4.003745913505600273e-01,4.130752682685899790e-01
4.271800518035899774e-01,4.401532113552100167e-01,4.130752682685899790e-01,4.257344901561699868e-01
4.401532113552100167e-01,4.526841044425999883e-01,4.257344901561699868e-01,4.380745887756299917e-01
4.526841044425999883e-01,4.642767012119299874e-01,4.380745887756299917e-01,4.495874643325800113e-01
4.642767012119299874e-01,4.736752808094000233e-01,4.495874643325800113e-01,4.589853286743200145e-01
4.736752808094000233e-01,4.772856831550599810e-01,4.589853286743200145e-01,4.626184105873100139e-01
4.772856831550599810e-01,4.762962460517899954e-01,4.626184105873100139e-01,4.616620242595699808e-01
4.762962460517899954e-01,4.758809506893200147e-01,4.616620242595699808e-01,4.612744152545900089e-01
4.758809506893200147e-01,4.755868613719900218e-01,4.612744152545900089e-01,4.610079824924500080e-01
4.755868613719900218e-01,4.753237664699599963e-01,4.610079824924500080e-01,4.607727825641599884e-01
4.753237664699599963e-01,4.750717580318499778e-01,4.607727825641599884e-01,4.605489075183900050e-01
4.750717580318499778e-01,4.748261570930499831e-01,4.605489075183900050e-01,4.603315591812099927e-01
4.748261570930499831e-01,4.745856225490600044e-01,4.603315591812099927e-01,4.601194560527799848e-01
4.745856225490600044e-01,4.743494689464600178e-01,4.601194560527799848e-01,4.599119126796700208e-01
4.743494689464600178e-01,4.741172194480899882e-01,4.599119126796700208e-01,4.597085118293799955e-01
4.741172194480899882e-01,4.738884568214399851e-01,4.597085118293799955e-01,4.595088064670599937e-01
4.738884568214399851e-01,4.736627638340000224e-01,4.595088064670599937e-01,4.593124091625199745e-01
4.736627638340000224e-01,4.734397232532500110e-01,4.593124091625199745e-01,4.591189622879000010e-01
4.734397232532500110e-01,4.732189476490000213e-01,4.591189622879000010e-01,4.589281082153299773e-01
4.732189476490000213e-01,4.730001389980300064e-01,4.589281082153299773e-01,4.587395489215900235e-01
4.730001389980300064e-01,4.727829992771099832e-01,4.587395489215900235e-01,4.585529863834399977e-01
4.727829992771099832e-01,4.725672602653500087e-01,4.585529863834399977e-01,4.583681821823100133e-01
4.725672602653500087e-01,4.723526835441599903e-01,4.583681821823100133e-01,4.581848978996300170e-01
4.723526835441599903e-01,4.721390306949599935e-01,4.581848978996300170e-01,4.580028653144799788e-01
4.721390306949599935e-01,4.719261527061500150e-01,4.580028653144799788e-01,4.578219652175899990e-01
4.719261527061500150e-01,4.717139005661000195e-01,4.578219652175899990e-01,4.576419889926899853e-01
4.717139005661000195e-01,4.715020656585700021e-01,4.576419889926899853e-01,4.574627876281699979e-01
4.715020656585700021e-01,4.712905883789100248e-01,4.574627876281699979e-01,4.572842717170699789e-01
4.712905883789100248e-01,4.710793495178199897e-01,4.572842717170699789e-01,4.571062624454499956e-01
4.710793495178199897e-01,4.708682298660299970e-01,4.571062624454499956e-01,4.569287002086599991e-01
4.708682298660299970e-01,4.706571996212000064e-01,4.569287002086599991e-01,4.567514955997499793e-01
4.706571996212000064e-01,4.704461693763700159e-01,4.567514955997499793e-01,4.565745592117300133e-01
4.704461693763700159e-01,4.702351093292200246e-01,4.565745592117300133e-01,4.563978612422899817e-01
4.702351093292200246e-01,4.700239896774299764e-01,4.563978612422899817e-01,4.562213122844699931e-01
4.700239896774299764e-01,4.698127508163499888e-01,4.562213122844699931e-01,4.560449123382600001e-01
4.698127508163499888e-01,4.696013629436500136e-01,4.560449123382600001e-01,4.558685719966900085e-01
4.696013629436500136e-01,4.693898856639899808e-01,4.558685719966900085e-01,4.556923210620900111e-01
4.693898856639899808e-01,4.691782295703900152e-01,4.556923210620900111e-01,4.555161297321300151e-01
4.691782295703900152e-01,4.689664542674999992e-01,4.555161297321300151e-01,4.553399682045000119e-01
4.689664542674999992e-01,4.687545597553299803e-01,4.553399682045000119e-01,4.551638662815100100e-01
4.687545597553299803e-01,4.685425162315399739e-01,4.551638662815100100e-01,4.549877643585200082e-01
4.685425162315399739e-01,4.683303833007799732e-01,4.549877643585200082e-01,4.548117518425000005e-01
4.683303833007799732e-01,4.681181609630600260e-01,4.548117518425000005e-01,4.546357393264799929e-01
4.681181609630600260e-01,4.679058790206899743e-01,4.546357393264799929e-01,4.544598162174199873e-01
4.679058790206899743e-01,4.676935672759999774e-01,4.544598162174199873e-01,4.542839527130099753e-01
4.676935672759999774e-01,4.674812257289899797e-01,4.542839527130099753e-01,4.541081488132500121e-01
4.674812257289899797e-01,4.672689139842999828e-01,4.541081488132500121e-01,4.539324939250899971e-01
4.672689139842999828e-01,4.670566618442499873e-01,4.539324939250899971e-01,4.537569284439100237e-01
4.670566618442499873e-01,4.668444693088499853e-01,4.537569284439100237e-01,4.535814821720099976e-01
4.668444693088499853e-01,4.666323661804199774e-01,4.535814821720099976e-01,4.534062147140500154e-01
4.666323661804199774e-01,4.664203524589500272e-01,4.534062147140500154e-01,4.532310664653799726e-01
4.664203524589500272e-01,4.662085175514200097e-01,4.532310664653799726e-01,4.530560970306399815e-01
4.662085175514200097e-01,4.659967720508599864e-01,4.530560970306399815e-01,4.528813064098399788e-01
4.659967720508599864e-01,4.657852053642300150e-01,4.528813064098399788e-01,4.527066648006399796e-01
4.657852053642300150e-01,4.655737578868899829e-01,4.527066648006399796e-01,4.525321722030600236e-01
4.655737578868899829e-01,4.653623998165100084e-01,4.525321722030600236e-01,4.523577988147700069e-01
4.653623998165100084e-01,4.651511013507800274e-01,4.523577988147700069e-01,4.521835148334499843e-01
4.651511013507800274e-01,4.649397730827299902e-01,4.521835148334499843e-01,4.520092308521300173e-01
4.649397730827299902e-01,4.647283256053900136e-01,4.520092308521300173e-01,4.518348574638400006e-01
4.647283256053900136e-01,4.645166099071499910e-01,4.518348574638400006e-01,4.516602754592899949e-01
4.645166099071499910e-01,4.643044173717499890e-01,4.516602754592899949e-01,4.514853358268700045e-01
4.643044173717499890e-01,4.640915393829300184e-01,4.514853358268700045e-01,4.513098299503299771e-01
4.640915393829300184e-01,4.638776779174800247e-01,4.513098299503299771e-01,4.511335194110899782e-01
4.638776779174800247e-01,4.636624157428699822e-01,4.511335194110899782e-01,4.509561359882400255e-01
4.636624157428699822e-01,4.634453952312500014e-01,4.509561359882400255e-01,4.507773518562300241e-01
4.634453952312500014e-01,4.632263183593799960e-01,4.507773518562300241e-01,4.505969882011400252e-01
4.632263183593799960e-01,4.630055725574500070e-01,4.505969882011400252e-01,4.504153430461900198e-01
4.630055725574500070e-01,4.627867937087999928e-01,4.504153430461900198e-01,4.502355158329000018e-01
4.627867937087999928e-01,4.625887274742099819e-01,4.502355158329000018e-01,4.500728547573100147e-01
4.625887274742099819e-01,4.625000059604599811e-01,4.500728547573100147e-01,4.499999880790699902e-01
0.000000000000000000e+00,2.072493545711000165e-03,0.000000000000000000e+00,1.987795811146499895e-03
2.072493545711000165e-03,4.582620691508099836e-03,1.987795811146499895e-03,4.395158030092699737e-03
4.582620691508099836e-03,7.672856561839599618e-03,4.395158030092699737e-03,7.358767557889199680e-03
7.672856561839599618e-03,1.146375760436100025e-02,7.358767557889199680e-03,1.099179126322299971e-02
1.146375760436100025e-02,1.608235575258699923e-02,1.099179126322299971e-02,1.541354786604600020e-02
1.608235575258699923e-02,2.168233506381499892e-02,1.541354786604600020e-02,2.077493071556099982e-02
2.168233506381499892e-02,2.847830392420299880e-02,2.077493071556099982e-02,2.729518897831400073e-02
2.847830392420299880e-02,3.674989938736000078e-02,2.729518897831400073e-02,3.526259213685999788e-02
3.674989938736000078e-02,4.681335389614099673e-02,3.526259213685999788e-02,4.500139504671100271e-02
4.681335389614099673e-02,5.896934121847199894e-02,4.500139504671100271e-02,5.682009086012800025e-02
5.896934121847199894e-02,7.344227284193000083e-02,5.682009086012800025e-02,7.095225155353500346e-02
7.344227284193000083e-02,9.031866490840899375e-02,7.095225155353500346e-02,8.749398589134199655e-02
9.031866490840899375e-02,1.094959676265700038e-01,8.749398589134199655e-02,1.063494160771400049e-01
1.094959676265700038e-01,1.306501328945199880e-01,1.063494160771400049e-01,1.271948069333999898e-01
1.306501328945199880e-01,1.532355993986100062e-01,1.271948069333999898e-01,1.494768410921100132e-01
1.532355993986100062e-01,1.765225678682300070e-01,1.494768410921100132e-01,1.724511682987200090e-01
1.765225678682300070e-01,1.996735483408000056e-01,1.724511682987200090e-01,1.952639222145099995e-01
1.996735483408000056e-01,2.218564152717600046e-01,1.952639222145099995e-01,2.170688360929499960e-01
2.218564152717600046e-01,2.423610240220999967e-01,2.170688360929499960e-01,2.371488511562299950e-01
2.423610240220999967e-01,2.606966495513899917e-01,2.371488511562299950e-01,2.550154924392700195e-01
2.606966495513899917e-01,2.766396105289499752e-01,2.550154924392700195e-01,2.704556584358199789e-01
2.766396105289499752e-01,2.902106940746300157e-01,2.704556584358199789e-01,2.835067510604900032e-01
2.902106940746300157e-01,3.015953600406600099e-01,2.835067510604900032e-01,2.943736314773600093e-01
3.015953600406600099e-01,3.110536932945299760e-01,2.943736314773600093e-01,3.033339977264399856e-01
3.110536932945299760e-01,3.201109468936900182e-01,3.033339977264399856e-01,3.118787407875099893e-01
3.201109468936900182e-01,3.298208713531500247e-01,3.118787407875099893e-01,3.210277557373000246e-01
3.298208713531500247e-01,3.401779532432600006e-01,3.210277557373000246e-01,3.307800889015199974e-01
3.401779532432600006e-01,3.511695563793200137e-01,3.307800889015199974e-01,3.411316275596599779e-01
3.511695563793200137e-01,3.627724647521999857e-01,3.411316275596599779e-01,3.520720303058599843e-01
3.627724647521999857e-01,3.749473094940199980e-01,3.520720303058599843e-01,3.635794520378100025e-01
3.749473094940199980e-01,3.876320123672499784e-01,3.635794520378100025e-01,3.756134510040299856e-01
3.876320123672499784e-01,4.007349610328699852e-01,3.756134510040299856e-01,3.881078660488099796e-01
4.007349610328699852e-01,4.141305387020099982e-01,3.881078660488099796e-01,4.009638428687999911e-01
4.141305387020099982e-01,4.276582896709399950e-01,4.009638428687999911e-01,4.140457808971400033e-01
4.276582896709399950e-01,4.411268532276200194e-01,4.140457808971400033e-01,4.271800518035899774e-01
4.411268532276200194e-01,4.543165564537000045e-01,4.271800518035899774e-01,4.401532113552100167e-01
4.543165564537000045e-01,4.669543504715000237e-01,4.401532113552100167e-01,4.526841044425999883e-01
4.669543504715000237e-01,4.785664379596700213e-01,4.526841044425999883e-01,4.642767012119299874e-01
4.785664379596700213e-01,4.879350066184999779e-01,4.642767012119299874e-01,4.736752808094000233e-01
4.879350066184999779e-01,4.915195405483199775e-01,4.736752808094000233e-01,4.772856831550599810e-01
4.915195405483199775e-01,4.905110299587199796e-01,4.772856831550599810e-01,4.762962460517899954e-01
4.905110299587199796e-01,4.900762736797300012e-01,4.762962460517899954e-01,4.758809506893200147e-01
4.900762736797300012e-01,4.897622466087300230e-01,4.758809506893200147e-01,4.755868613719900218e-01
4.897622466087300230e-01,4.894788265228299795e-01,4.755868613719900218e-01,4.753237664699599963e-01
4.894788265228299795e-01,4.892062544822700088e-01,4.753237664699599963e-01,4.750717580318499778e-01
4.892062544822700088e-01,4.889398813247700093e-01,4.750717580318499778e-01,4.748261570930499831e-01
4.889398813247700093e-01,4.886783659458199813e-01,4.748261570930499831e-01,4.745856225490600044e-01
4.886783659458199813e-01,4.884210526943200126e-01,4.745856225490600044e-01,4.743494689464600178e-01
4.884210526943200126e-01,4.881674051284800031e-01,4.743494689464600178e-01,4.741172194480899882e-01
4.881674051284800031e-01,4.879169464111299814e-01,4.741172194480899882e-01,4.738884568214399851e-01
4.879169464111299814e-01,4.876692295074500083e-01,4.738884568214399851e-01,4.736627638340000224e-01
4.876692295074500083e-01,4.874238371849100027e-01,4.736627638340000224e-01,4.734397232532500110e-01
4.874238371849100027e-01,4.871803820133199792e-01,4.734397232532500110e-01,4.732189476490000213e-01
4.871803820133199792e-01,4.869385361671400014e-01,4.732189476490000213e-01,4.730001389980300064e-01
4.869385361671400014e-01,4.866979420185100214e-01,4.730001389980300064e-01,4.727829992771099832e-01
4.866979420185100214e-01,4.864583909511600024e-01,4.727829992771099832e-01,4.725672602653500087e-01
4.864583909511600024e-01,4.862196147441900096e-01,4.725672602653500087e-01,4.723526835441599903e-01
4.862196147441900096e-01,4.859813749790199977e-01,4.723526835441599903e-01,4.721390306949599935e-01
4.859813749790199977e-01,4.857435524463700194e-01,4.721390306949599935e-01,4.719261527061500150e-01
4.857435524463700194e-01,4.855059981346099840e-01,4.719261527061500150e-01,4.717139005661000195e-01
4.855059981346099840e-01,4.852685034275099896e-01,4.717139005661000195e-01,4.715020656585700021e-01
4.852685034275099896e-01,4.850310385227200038e-01,4.715020656585700021e-01,4.712905883789100248e-01
4.850310385227200038e-01,4.847934544086500153e-01,4.712905883789100248e-01,4.710793495178199897e-01
4.847934544086500153e-01,4.845557212829599836e-01,4.710793495178199897e-01,4.708682298660299970e-01
4.845557212829599836e-01,4.843177497386900177e-01,4.708682298660299970e-01,4.706571996212000064e-01
4.843177497386900177e-01,4.840795099735299978e-01,4.706571996212000064e-01,4.704461693763700159e-01
4.840795099735299978e-01,4.838409125804900013e-01,4.704461693763700159e-01,4.702351093292200246e-01
4.838409125804900013e-01,4.836020171642300136e-01,4.702351093292200246e-01,4.700239896774299764e-01
4.836020171642300136e-01,4.833627343177799851e-01,4.700239896774299764e-01,4.698127508163499888e-01
4.833627343177799851e-01,4.831230938434600275e-01,4.698127508163499888e-01,4.696013629436500136e-01
4.831230938434600275e-01,4.828830957412699743e-01,4.696013629436500136e-01,4.693898856639899808e-01
4.828830957412699743e-01,4.826427102088899912e-01,4.693898856639899808e-01,4.691782295703900152e-01
4.826427102088899912e-01,4.824019968509700163e-01,4.691782295703900152e-01,4.689664542674999992e-01
4.824019968509700163e-01,4.821609556675000019e-01,4.689664542674999992e-01,4.687545597553299803e-01
4.821609556675000019e-01,4.819196164608000044e-01,4.687545597553299803e-01,4.685425162315399739e-01
4.819196164608000044e-01,4.816780090332000164e-01,4.685425162315399739e-01,4.683303833007799732e-01
4.816780090332000164e-01,4.814361631870299751e-01,4.683303833007799732e-01,4.681181609630600260e-01
4.814361631870299751e-01,4.811940789222700077e-01,4.681181609630600260e-01,4.679058790206899743e-01
4.811940789222700077e-01,4.809518456458999891e-01,4.679058790206899743e-01,4.676935672759999774e-01
4.809518456458999891e-01,4.807094633579300225e-01,4.676935672759999774e-01,4.674812257289899797e-01
4.807094633579300225e-01,4.804669916629800142e-01,4.674812257289899797e-01,4.672689139842999828e-01
4.804669916629800142e-01,4.802244603633900044e-01,4.672689139842999828e-01,4.670566618442499873e-01
4.802244603633900044e-01,4.799818992614700019e-01,4.670566618442499873e-01,4.668444693088499853e-01
4.799818992614700019e-01,4.797393679618799922e-01,4.668444693088499853e-01,4.666323661804199774e-01
4.797393679618799922e-01,4.794968664646099832e-01,4.666323661804199774e-01,4.664203524589500272e-01
4.794968664646099832e-01,4.792544245719900231e-01,4.664203524589500272e-01,4.662085175514200097e-01
4.792544245719900231e-01,4.790120720863300097e-01,4.662085175514200097e-01,4.659967720508599864e-01
4.790120720863300097e-01,4.787698090076399904e-01,4.659967720508599864e-01,4.657852053642300150e-01
4.787698090076399904e-01,4.785276353359200208e-01,4.657852053642300150e-01,4.655737578868899829e-01
4.785276353359200208e-01,4.782855212688399971e-01,4.655737578868899829e-01,4.653623998165100084e-01
4.782855212688399971e-01,4.780434370040900216e-01,4.653623998165100084e-01,4.651511013507800274e-01
4.780434370040900216e-01,4.778012633323699965e-01,4.651511013507800274e-01,4.649397730827299902e-01
4.778012633323699965e-01,4.775589108467099830e-01,4.649397730827299902e-01,4.647283256053900136e-01
4.775589108467099830e-01,4.773162305355099777e-01,4.647283256053900136e-01,4.645166099071499910e-01
4.773162305355099777e-01,4.770730137824999995e-01,4.645166099071499910e-01,4.643044173717499890e-01
4.770730137824999995e-01,4.768289327621499929e-01,4.643044173717499890e-01,4.640915393829300184e-01
4.768289327621499929e-01,4.765836596488999821e-01,4.640915393829300184e-01,4.638776779174800247e-01
4.765836596488999821e-01,4.763367176055899876e-01,4.638776779174800247e-01,4.636624157428699822e-01
4.763367176055899876e-01,4.760876595974000147e-01,4.636624157428699822e-01,4.634453952312500014e-01
4.760876595974000147e-01,4.758360683917999823e-01,4.634453952312500014e-01,4.632263183593799960e-01
4.758360683917999823e-01,4.755823314189899786e-01,4.632263183593799960e-01,4.630055725574500070e-01
4.755823314189899786e-01,4.753305315971400047e-01,4.630055725574500070e-01,4.627867937087999928e-01
4.753305315971400047e-01,4.751023054122899825e-01,4.627867937087999928e-01,4.625887274742099819e-01
4.751023054122899825e-01,4.749999940395400189e-01,4.625887274742099819e-01,4.625000059604599811e-01
0.000000000000000000e+00,2.164392033591899887e-03,0.000000000000000000e+00,2.072493545711000165e-03
2.164392033591899887e-03,4.786194767802999690e-03,2.072493545711000165e-03,4.582620691508099836e-03
4.786194767802999690e-03,8.013269864022700556e-03,4.582620691508099836e-03,7.672856561839599618e-03
8.013269864022700556e-03,1.197339594364199913e-02,7.672856561839599618e-03,1.146375760436100025e-02
1.197339594364199913e-02,1.680150255560899919e-02,1.146375760436100025e-02,1.608235575258699923e-02
1.680150255560899919e-02,2.265502698719500108e-02,1.608235575258699923e-02,2.168233506381499892e-02
2.265502698719500108e-02,2.974506840109800154e-02,2.168233506381499892e-02,2.847830392420299880e-02
2.974506840109800154e-02,3.834204003214800038e-02,2.847830392420299880e-02,3.674989938736000078e-02
3.834204003214800038e-02,4.875195771455800159e-02,3.674989938736000078e-02,4.681335389614099673e-02
4.875195771455800159e-02,6.126507744193099986e-02,4.681335389614099673e-02,5.896934121847199894e-02
6.126507744193099986e-02,7.609438151121100669e-02,5.896934121847199894e-02,7.344227284193000083e-02
7.609438151121100669e-02,9.331521391868599635e-02,7.344227284193000083e-02,9.031866490840899375e-02
9.331521391868599635e-02,1.128177940845500049e-01,9.031866490840899375e-02,1.094959676265700038e-01
1.128177940845500049e-01,1.342782229185099929e-01,1.094959676265700038e-01,1.306501328945199880e-01
1.342782229185099929e-01,1.571602225303599942e-01,1.306501328945199880e-01,1.532355993986100062e-01
1.571602225303599942e-01,1.807507425546600044e-01,1.532355993986100062e-01,1.765225678682300070e-01
1.807507425546600044e-01,2.042310386896100116e-01,1.765225678682300070e-01,1.996735483408000056e-01
2.042310386896100116e-01,2.267858982086199959e-01,1.996735483408000056e-01,2.218564152717600046e-01
2.267858982086199959e-01,2.477140426635699999e-01,2.218564152717600046e-01,2.423610240220999967e-01
2.477140426635699999e-01,2.665230333805099772e-01,2.423610240220999967e-01,2.606966495513899917e-01
2.665230333805099772e-01,2.829776108264899781e-01,2.606966495513899917e-01,2.766396105289499752e-01
2.829776108264899781e-01,2.970799803733800148e-01,2.766396105289499752e-01,2.902106940746300157e-01
2.970799803733800148e-01,3.089950084686299836e-01,2.902106940746300157e-01,3.015953600406600099e-01
3.089950084686299836e-01,3.189648389816299723e-01,3.015953600406600099e-01,3.110536932945299760e-01
3.189648389816299723e-01,3.285471498966199833e-01,3.110536932945299760e-01,3.201109468936900182e-01
3.285471498966199833e-01,3.388265967369100129e-01,3.201109468936900182e-01,3.298208713531500247e-01
3.388265967369100129e-01,3.497903943061799747e-01,3.298208713531500247e-01,3.401779532432600006e-01
3.497903943061799747e-01,3.614142835140199961e-01,3.401779532432600006e-01,3.511695563793200137e-01
3.614142835140199961e-01,3.736589550971999851e-01,3.511695563793200137e-01,3.627724647521999857e-01
3.736589550971999851e-01,3.864648044109300074e-01,3.627724647521999857e-01,3.749473094940199980e-01
3.864648044109300074e-01,3.997456729412099952e-01,3.749473094940199980e-01,3.876320123672499784e-01
3.997456729412099952e-01,4.133841991424599960e-01,3.876320123672499784e-01,4.007349610328699852e-01
4.133841991424599960e-01,4.272299706935899777e-01,4.007349610328699852e-01,4.141305387020099982e-01
4.272299706935899777e-01,4.411033391952500216e-01,4.141305387020099982e-01,4.276582896709399950e-01
4.411033391952500216e-01,4.548039138317099828e-01,4.276582896709399950e-01,4.411268532276200194e-01
4.548039138317099828e-01,4.681167304515799765e-01,4.411268532276200194e-01,4.543165564537000045e-01
4.681167304515799765e-01,4.807874858379400096e-01,4.543165564537000045e-01,4.669543504715000237e-01
4.807874858379400096e-01,4.923723936080899866e-01,4.669543504715000237e-01,4.785664379596700213e-01
4.923723936080899866e-01,5.016929507255599718e-01,4.785664379596700213e-01,4.879350066184999779e-01
5.016929507255599718e-01,5.052539110183700277e-01,4.879350066184999779e-01,4.915195405483199775e-01
5.052539110183700277e-01,5.042408108711200487e-01,4.915195405483199775e-01,4.905110299587199796e-01
5.042408108711200487e-01,5.037963986396799543e-01,4.905110299587199796e-01,4.900762736797300012e-01
5.037963986396799543e-01,5.034706592559800020e-01,4.900762736797300012e-01,4.897622466087300230e-01
5.034706592559800020e-01,5.031749606132499553e-01,4.897622466087300230e-01,4.894788265228299795e-01
5.031749606132499553e-01,5.028898715972900391e-01,4.894788265228299795e-01,4.892062544822700088e-01
5.028898715972900391e-01,5.026108622550999883e-01,4.892062544822700088e-01,4.889398813247700093e-01
5.026108622550999883e-01,5.023365020751999754e-01,4.889398813247700093e-01,4.886783659458199813e-01
5.023365020751999754e-01,5.020661950111400262e-01,4.886783659458199813e-01,4.884210526943200126e-01
5.020661950111400262e-01,5.017992854118300539e-01,4.884210526943200126e-01,4.881674051284800031e-01
5.017992854118300539e-01,5.015352964401199598e-01,4.881674051284800031e-01,4.879169464111299814e-01
5.015352964401199598e-01,5.012736916542099852e-01,4.879169464111299814e-01,4.876692295074500083e-01
5.012736916542099852e-01,5.010140538215599459e-01,4.876692295074500083e-01,4.874238371849100027e-01
5.010140538215599459e-01,5.007559657096900541e-01,4.874238371849100027e-01,4.871803820133199792e-01
5.007559657096900541e-01,5.004990696907000158e-01,4.871803820133199792e-01,4.869385361671400014e-01
5.004990696907000158e-01,5.002430677413900462e-01,4.869385361671400014e-01,4.866979420185100214e-01
5.002430677413900462e-01,4.999876618385299953e-01,4.866979420185100214e-01,4.864583909511600024e-01
4.999876618385299953e-01,4.997326433658599854e-01,4.864583909511600024e-01,4.862196147441900096e-01
4.997326433658599854e-01,4.994778335094500199e-01,4.862196147441900096e-01,4.859813749790199977e-01
4.994778335094500199e-01,4.992230236530300069e-01,4.859813749790199977e-01,4.857435524463700194e-01
4.992230236530300069e-01,4.989680647849999984e-01,4.857435524463700194e-01,4.855059981346099840e-01
4.989680647849999984e-01,4.987128973007199928e-01,4.855059981346099840e-01,4.852685034275099896e-01
4.987128973007199928e-01,4.984573721885700026e-01,4.852685034275099896e-01,4.850310385227200038e-01
4.984573721885700026e-01,4.982014000415799782e-01,4.850310385227200038e-01,4.847934544086500153e-01
4.982014000415799782e-01,4.979449510574299742e-01,4.847934544086500153e-01,4.845557212829599836e-01
4.979449510574299742e-01,4.976879656314799893e-01,4.845557212829599836e-01,4.843177497386900177e-01
4.976879656314799893e-01,4.974303841590900221e-01,4.843177497386900177e-01,4.840795099735299978e-01
4.974303841590900221e-01,4.971722066402399776e-01,4.840795099735299978e-01,4.838409125804900013e-01
4.971722066402399776e-01,4.969134032726300054e-01,4.838409125804900013e-01,4.836020171642300136e-01
4.969134032726300054e-01,4.966539740562400107e-01,4.836020171642300136e-01,4.833627343177799851e-01
4.966539740562400107e-01,4.963939189910899774e-01,4.833627343177799851e-01,4.831230938434600275e-01
4.963939189910899774e-01,4.961332678794900253e-01,4.831230938434600275e-01,4.828830957412699743e-01
4.961332678794900253e-01,4.958719909191099950e-01,4.828830957412699743e-01,4.826427102088899912e-01
4.958719909191099950e-01,4.956101775169399759e-01,4.826427102088899912e-01,4.824019968509700163e-01
4.956101775169399759e-01,4.953478276729599838e-01,4.824019968509700163e-01,4.821609556675000019e-01
4.953478276729599838e-01,4.950849711895000116e-01,4.821609556675000019e-01,4.819196164608000044e-01
4.950849711895000116e-01,4.948216378688800043e-01,4.819196164608000044e-01,4.816780090332000164e-01
4.948216378688800043e-01,4.945578873157500110e-01,4.816780090332000164e-01,4.814361631870299751e-01
4.945578873157500110e-01,4.942937791347499776e-01,4.814361631870299751e-01,4.811940789222700077e-01
4.942937791347499776e-01,4.940293133258800151e-01,4.811940789222700077e-01,4.809518456458999891e-01
4.940293133258800151e-01,4.937645494937900059e-01,4.809518456458999891e-01,4.807094633579300225e-01
4.937645494937900059e-01,4.934995770454400077e-01,4.807094633579300225e-01,4.804669916629800142e-01
4.934995770454400077e-01,4.932344257831600132e-01,4.804669916629800142e-01,4.802244603633900044e-01
4.932344257831600132e-01,4.929690957069399748e-01,4.802244603633900044e-01,4.799818992614700019e-01
4.929690957069399748e-01,4.927037060260799906e-01,4.799818992614700019e-01,4.797393679618799922e-01
4.927037060260799906e-01,4.924382269382500121e-01,4.797393679618799922e-01,4.794968664646099832e-01
4.924382269382500121e-01,4.921727478504199782e-01,4.794968664646099832e-01,4.792544245719900231e-01
4.921727478504199782e-01,4.919072687625899998e-01,4.792544245719900231e-01,4.790120720863300097e-01
4.919072687625899998e-01,4.916417896747600214e-01,4.790120720863300097e-01,4.787698090076399904e-01
4.916417896747600214e-01,4.913763403892499881e-01,4.787698090076399904e-01,4.785276353359200208e-01
4.913763403892499881e-01,4.911108911037400104e-01,4.785276353359200208e-01,4.782855212688399971e-01
4.911108911037400104e-01,4.908454120159099765e-01,4.782855212688399971e-01,4.780434370040900216e-01
4.908454120159099765e-01,4.905797839164700025e-01,4.780434370040900216e-01,4.778012633323699965e-01
4.905797839164700025e-01,4.903139472007799760e-01,4.778012633323699965e-01,4.775589108467099830e-01
4.903139472007799760e-01,4.900476634502399786e-01,4.775589108467099830e-01,4.773162305355099777e-01
4.900476634502399786e-01,4.897807538509399983e-01,4.773162305355099777e-01,4.770730137824999995e-01
4.897807538509399983e-01,4.895128905773200034e-01,4.770730137824999995e-01,4.768289327621499929e-01
4.895128905773200034e-01,4.892436265945400153e-01,4.768289327621499929e-01,4.765836596488999821e-01
4.892436265945400153e-01,4.889724552631399823e-01,4.765836596488999821e-01,4.763367176055899876e-01
4.889724552631399823e-01,4.886988103389700022e-01,4.763367176055899876e-01,4.760876595974000147e-01
4.886988103389700022e-01,4.884221553802500226e-01,4.760876595974000147e-01,4.758360683917999823e-01
4.884221553802500226e-01,4.881427586078599945e-01,4.758360683917999823e-01,4.755823314189899786e-01
4.881427586078599945e-01,4.878651201724999997e-01,4.755823314189899786e-01,4.753305315971400047e-01
4.878651201724999997e-01,4.876131117343899812e-01,4.753305315971400047e-01,4.751023054122899825e-01
4.876131117343899812e-01,4.875000119209300098e-01,4.751023054122899825e-01,4.749999940395400189e-01
0.000000000000000000e+00,2.264260314405000009e-03,0.000000000000000000e+00,2.164392033591899887e-03
2.264260314405000009e-03,5.007802043110100125e-03,2.164392033591899887e-03,4.786194767802999690e-03
5.007802043110100125e-03,8.383410982787600427e-03,4.786194767802999690e-03,8.013269864022700556e-03
8.383410982787600427e-03,1.252595894038699940e-02,8.013269864022700556e-03,1.197339594364199913e-02
1.252595894038699940e-02,1.757832802832099903e-02,1.197339594364199913e-02,1.680150255560899919e-02
1.757832802832099903e-02,2.370228432118899956e-02,1.680150255560899919e-02,2.265502698719500108e-02
2.370228432118899956e-02,3.110632114112400065e-02,2.265502698719500108e-02,2.974506840109800154e-02
3.110632114112400065e-02,4.005113244056700272e-02,2.974506840109800154e-02,3.834204003214800038e-02
4.005113244056700272e-02,5.083030834794000086e-02,3.834204003214800038e-02,4.875195771455800159e-02
5.083030834794000086e-02,6.372087448835400680e-02,4.875195771455800159e-02,6.126507744193099986e-02
6.372087448835400680e-02,7.892185449600200298e-02,6.126507744193099986e-02,7.609438151121100669e-02
7.892185449600200298e-02,9.649574756622300575e-02,7.609438151121100669e-02,9.331521391868599635e-02
9.649574756622300575e-02,1.163250952959099943e-01,9.331521391868599635e-02,1.128177940845500049e-01
1.163250952959099943e-01,1.380869150161699865e-01,1.128177940845500049e-01,1.342782229185099929e-01
1.380869150161699865e-01,1.612558364868199867e-01,1.342782229185099929e-01,1.571602225303599942e-01
1.612558364868199867e-01,1.851381361484500110e-01,1.571602225303599942e-01,1.807507425546600044e-01
1.851381361484500110e-01,2.089360952377299907e-01,1.807507425546600044e-01,2.042310386896100116e-01
2.089360952377299907e-01,2.318542450666400134e-01,2.042310386896100116e-01,2.267858982086199959e-01
2.318542450666400134e-01,2.532023489475300204e-01,2.267858982086199959e-01,2.477140426635699999e-01
2.532023489475300204e-01,2.724867463111900201e-01,2.477140426635699999e-01,2.665230333805099772e-01
2.724867463111900201e-01,2.894594967365299865e-01,2.665230333805099772e-01,2.829776108264899781e-01
2.894594967365299865e-01,3.041025698184999793e-01,2.829776108264899781e-01,2.970799803733800148e-01
3.041025698184999793e-01,3.165588974952699974e-01,2.970799803733800148e-01,3.089950084686299836e-01
3.165588974952699974e-01,3.270519673824299756e-01,3.089950084686299836e-01,3.189648389816299723e-01
3.270519673824299756e-01,3.371693789958999932e-01,3.189648389816299723e-01,3.285471498966199833e-01
3.371693789958999932e-01,3.480228185653699846e-01,3.285471498966199833e-01,3.388265967369100129e-01
3.480228185653699846e-01,3.595887720584899916e-01,3.388265967369100129e-01,3.497903943061799747e-01
3.595887720584899916e-01,3.718278408050499917e-01,3.497903943061799747e-01,3.614142835140199961e-01
3.718278408050499917e-01,3.846816718578299765e-01,3.614142835140199961e-01,3.736589550971999851e-01
3.846816718578299765e-01,3.980679214000700239e-01,3.736589550971999851e-01,3.864648044109300074e-01
3.980679214000700239e-01,4.118756949901600239e-01,3.864648044109300074e-01,3.997456729412099952e-01
4.118756949901600239e-01,4.259630739688899936e-01,3.997456729412099952e-01,4.133841991424599960e-01
4.259630739688899936e-01,4.401593208312999939e-01,4.133841991424599960e-01,4.272299706935899777e-01
4.401593208312999939e-01,4.542730152607000194e-01,4.272299706935899777e-01,4.411033391952500216e-01
4.542730152607000194e-01,4.681044816970800215e-01,4.411033391952500216e-01,4.548039138317099828e-01
4.681044816970800215e-01,4.814537167549099994e-01,4.548039138317099828e-01,4.681167304515799765e-01
4.814537167549099994e-01,4.940944015979800152e-01,4.681167304515799765e-01,4.807874858379400096e-01
4.940944015979800152e-01,5.056191086769099563e-01,4.807874858379400096e-01,4.923723936080899866e-01
5.056191086769099563e-01,5.148870944976799979e-01,4.923723936080899866e-01,5.016929507255599718e-01
5.148870944976799979e-01,5.184323787689200103e-01,5.016929507255599718e-01,5.052539110183700277e-01
5.184323787689200103e-01,5.174322724342299562e-01,5.052539110183700277e-01,5.042408108711200487e-01
5.174322724342299562e-01,5.169872641563399984e-01,5.042408108711200487e-01,5.037963986396799543e-01
5.169872641563399984e-01,5.166578888893099686e-01,5.037963986396799543e-01,5.034706592559800020e-01
5.166578888893099686e-01,5.163579583167999809e-01,5.034706592559800020e-01,5.031749606132499553e-01
5.163579583167999809e-01,5.160686373710600128e-01,5.031749606132499553e-01,5.028898715972900391e-01
5.160686373710600128e-01,5.157854557037400145e-01,5.028898715972900391e-01,5.026108622550999883e-01
5.157854557037400145e-01,5.155069231986999512e-01,5.026108622550999883e-01,5.023365020751999754e-01
5.155069231986999512e-01,5.152322649955699552e-01,5.023365020751999754e-01,5.020661950111400262e-01
5.152322649955699552e-01,5.149607658386200493e-01,5.020661950111400262e-01,5.017992854118300539e-01
5.149607658386200493e-01,5.146918892860400385e-01,5.017992854118300539e-01,5.015352964401199598e-01
5.146918892860400385e-01,5.144250988960300530e-01,5.015352964401199598e-01,5.012736916542099852e-01
5.144250988960300530e-01,5.141598582267800088e-01,5.012736916542099852e-01,5.010140538215599459e-01
5.141598582267800088e-01,5.138957500457800309e-01,5.010140538215599459e-01,5.007559657096900541e-01
5.138957500457800309e-01,5.136324763298000251e-01,5.007559657096900541e-01,5.004990696907000158e-01
5.136324763298000251e-01,5.133696794509899908e-01,5.004990696907000158e-01,5.002430677413900462e-01
5.133696794509899908e-01,5.131071209907499542e-01,5.002430677413900462e-01,4.999876618385299953e-01
5.131071209907499542e-01,5.128445029258700272e-01,4.999876618385299953e-01,4.997326433658599854e-01
5.128445029258700272e-01,5.125817656516999943e-01,4.997326433658599854e-01,4.994778335094500199e-01
5.125817656516999943e-01,5.123186707496599768e-01,4.994778335094500199e-01,4.992230236530300069e-01
5.123186707496599768e-01,5.120550394058199783e-01,4.992230236530300069e-01,4.989680647849999984e-01
5.120550394058199783e-01,5.117908716201799990e-01,4.989680647849999984e-01,4.987128973007199928e-01
5.117908716201799990e-01,5.115259885788000505e-01,4.987128973007199928e-01,4.984573721885700026e-01
5.115259885788000505e-01,5.112603902816800217e-01,4.984573721885700026e-01,4.982014000415799782e-01
5.112603902816800217e-01,5.109939575195300288e-01,4.982014000415799782e-01,4.979449510574299742e-01
5.109939575195300288e-01,5.107266902923599527e-01,4.979449510574299742e-01,4.976879656314799893e-01
5.107266902923599527e-01,5.104585886001600237e-01,4.976879656314799893e-01,4.974303841590900221e-01
5.104585886001600237e-01,5.101895332336400246e-01,4.974303841590900221e-01,4.971722066402399776e-01
5.101895332336400246e-01,5.099196434021000535e-01,4.971722066402399776e-01,4.969134032726300054e-01
5.099196434021000535e-01,5.096488595008900058e-01,4.969134032726300054e-01,4.966539740562400107e-01
5.096488595008900058e-01,5.093771815300000005e-01,4.966539740562400107e-01,4.963939189910899774e-01
5.093771815300000005e-01,5.091046690940900232e-01,4.963939189910899774e-01,4.961332678794900253e-01
5.091046690940900232e-01,5.088313221931499708e-01,4.961332678794900253e-01,4.958719909191099950e-01
5.088313221931499708e-01,5.085572004318199557e-01,4.958719909191099950e-01,4.956101775169399759e-01
5.085572004318199557e-01,5.082823634147599634e-01,4.956101775169399759e-01,4.953478276729599838e-01
5.082823634147599634e-01,5.080067515373200004e-01,4.953478276729599838e-01,4.950849711895000116e-01
5.080067515373200004e-01,5.077304840087899507e-01,4.950849711895000116e-01,4.948216378688800043e-01
5.077304840087899507e-01,5.074536204338100376e-01,4.948216378688800043e-01,4.945578873157500110e-01
5.074536204338100376e-01,5.071762204170200405e-01,4.945578873157500110e-01,4.942937791347499776e-01
5.071762204170200405e-01,5.068982839584400546e-01,4.942937791347499776e-01,4.940293133258800151e-01
5.068982839584400546e-01,5.066199302673299876e-01,4.940293133258800151e-01,4.937645494937900059e-01
5.066199302673299876e-01,5.063411593437200375e-01,4.937645494937900059e-01,4.934995770454400077e-01
5.063411593437200375e-01,5.060620307922399919e-01,4.934995770454400077e-01,4.932344257831600132e-01
5.060620307922399919e-01,5.057826638221699644e-01,4.932344257831600132e-01,4.929690957069399748e-01
5.057826638221699644e-01,5.055030584335300503e-01,4.929690957069399748e-01,4.927037060260799906e-01
5.055030584335300503e-01,5.052232742309600289e-01,4.927037060260799906e-01,4.924382269382500121e-01
5.052232742309600289e-01,5.049433708190900205e-01,4.924382269382500121e-01,4.921727478504199782e-01
5.049433708190900205e-01,5.046633481979400093e-01,4.921727478504199782e-01,4.919072687625899998e-01
5.046633481979400093e-01,5.043832659721400047e-01,4.919072687625899998e-01,4.916417896747600214e-01
5.043832659721400047e-01,5.041030645370500052e-01,4.916417896747600214e-01,4.913763403892499881e-01
5.041030645370500052e-01,5.038228631019600057e-01,4.913763403892499881e-01,4.911108911037400104e-01
5.038228631019600057e-01,5.035424828529400099e-01,4.911108911037400104e-01,4.908454120159099765e-01
5.035424828529400099e-01,5.032619237899800257e-01,4.908454120159099765e-01,4.905797839164700025e-01
5.032619237899800257e-01,5.029810667038000505e-01,4.905797839164700025e-01,4.903139472007799760e-01
5.029810667038000505e-01,5.026997327804599847e-01,4.903139472007799760e-01,4.900476634502399786e-01
5.026997327804599847e-01,5.024176836013799496e-01,4.900476634502399786e-01,4.897807538509399983e-01
5.024176836013799496e-01,5.021345615386999528e-01,4.897807538509399983e-01,4.895128905773200034e-01
5.021345615386999528e-01,5.018498897552500226e-01,4.895128905773200034e-01,4.892436265945400153e-01
5.018498897552500226e-01,5.015630722045899548e-01,4.892436265945400153e-01,4.889724552631399823e-01
5.015630722045899548e-01,5.012735128402699969e-01,4.889724552631399823e-01,4.886988103389700022e-01
5.012735128402699969e-01,5.009804368019099563e-01,4.886988103389700022e-01,4.884221553802500226e-01
5.009804368019099563e-01,5.006840825080900448e-01,4.884221553802500226e-01,4.881427586078599945e-01
5.006840825080900448e-01,5.003889799117999804e-01,4.881427586078599945e-01,4.878651201724999997e-01
5.003889799117999804e-01,5.001205801963799491e-01,4.878651201724999997e-01,4.876131117343899812e-01
5.001205801963799491e-01,5.000000000000000000e-01,4.876131117343899812e-01,4.875000119209300098e-01
0.000000000000000000e+00,2.372945658862599897e-03,0.000000000000000000e+00,2.264260314405000009e-03
2.372945658862599897e-03,5.249581765383500194e-03,2.264260314405000009e-03,5.007802043110100125e-03
5.249581765383500194e-03,8.787111379206199654e-03,5.007802043110100125e-03,8.383410982787600427e-03
8.787111379206199654e-03,1.312742289155699980e-02,8.383410982787600427e-03,1.252595894038699940e-02
1.312742289155699980e-02,1.842129603028299853e-02,1.252595894038699940e-02,1.757832802832099903e-02
1.842129603028299853e-02,2.483492530882399837e-02,1.757832802832099903e-02,2.370228432118899956e-02
2.483492530882399837e-02,3.257482871413199671e-02,2.370228432118899956e-02,3.110632114112400065e-02
3.257482871413199671e-02,4.189137369394300286e-02,3.110632114112400065e-02,4.005113244056700272e-02
4.189137369394300286e-02,5.306354910135299696e-02,4.005113244056700272e-02,5.083030834794000086e-02
5.306354910135299696e-02,6.635215878486599994e-02,5.083030834794000086e-02,6.372087448835400680e-02
6.635215878486599994e-02,8.193948864936799470e-02,6.372087448835400680e-02,7.892185449600200298e-02
8.193948864936799470e-02,9.987347573041900628e-02,7.892185449600200298e-02,9.649574756622300575e-02
9.987347573041900628e-02,1.200287938117999970e-01,9.649574756622300575e-02,1.163250952959099943e-01
1.200287938117999970e-01,1.420843601226799979e-01,1.163250952959099943e-01,1.380869150161699865e-01
1.420843601226799979e-01,1.655276864767100120e-01,1.380869150161699865e-01,1.612558364868199867e-01
1.655276864767100120e-01,1.896871924400299891e-01,1.612558364868199867e-01,1.851381361484500110e-01
1.896871924400299891e-01,2.137882113456699984e-01,1.851381361484500110e-01,2.089360952377299907e-01
2.137882113456699984e-01,2.370581924915300120e-01,2.089360952377299907e-01,2.318542450666400134e-01
2.370581924915300120e-01,2.588199675083199813e-01,2.318542450666400134e-01,2.532023489475300204e-01
2.588199675083199813e-01,2.785793840885200101e-01,2.532023489475300204e-01,2.724867463111900201e-01
2.785793840885200101e-01,2.960748672485399857e-01,2.724867463111900201e-01,2.894594967365299865e-01
2.960748672485399857e-01,3.112664222717300144e-01,2.894594967365299865e-01,3.041025698184999793e-01
3.112664222717300144e-01,3.242733180522899827e-01,3.041025698184999793e-01,3.165588974952699974e-01
3.242733180522899827e-01,3.352996110916099948e-01,3.165588974952699974e-01,3.270519673824299756e-01
3.352996110916099948e-01,3.459592461586000200e-01,3.270519673824299756e-01,3.371693789958999932e-01
3.459592461586000200e-01,3.573859333991999954e-01,3.371693789958999932e-01,3.480228185653699846e-01
3.573859333991999954e-01,3.695413172245000100e-01,3.480228185653699846e-01,3.595887720584899916e-01
3.695413172245000100e-01,3.823675811290699889e-01,3.595887720584899916e-01,3.718278408050499917e-01
3.823675811290699889e-01,3.957846164703400227e-01,3.718278408050499917e-01,3.846816718578299765e-01
3.957846164703400227e-01,4.096863567829099884e-01,3.846816718578299765e-01,3.980679214000700239e-01
4.096863567829099884e-01,4.239379167556799888e-01,3.980679214000700239e-01,4.118756949901600239e-01
4.239379167556799888e-01,4.383764266967800083e-01,4.118756949901600239e-01,4.259630739688899936e-01
4.383764266967800083e-01,4.528170526027699982e-01,4.259630739688899936e-01,4.401593208312999939e-01
4.528170526027699982e-01,4.670650959014899795e-01,4.401593208312999939e-01,4.542730152607000194e-01
4.670650959014899795e-01,4.809307456016500004e-01,4.542730152607000194e-01,4.681044816970800215e-01
4.809307456016500004e-01,4.942376315593700054e-01,4.681044816970800215e-01,4.814537167549099994e-01
4.942376315593700054e-01,5.067952871322599639e-01,4.814537167549099994e-01,4.940944015979800152e-01
5.067952871322599639e-01,5.182389020919799805e-01,4.940944015979800152e-01,5.056191086769099563e-01
5.182389020919799805e-01,5.274637341499299747e-01,5.056191086769099563e-01,5.148870944976799979e-01
5.274637341499299747e-01,5.310081243515000216e-01,5.148870944976799979e-01,5.184323787689200103e-01
5.310081243515000216e-01,5.300409197807299799e-01,5.184323787689200103e-01,5.174322724342299562e-01
5.300409197807299799e-01,5.296041965484600267e-01,5.174322724342299562e-01,5.169872641563399984e-01
5.296041965484600267e-01,5.292787551879899466e-01,5.169872641563399984e-01,5.166578888893099686e-01
5.292787551879899466e-01,5.289825797081000314e-01,5.166578888893099686e-01,5.163579583167999809e-01
5.289825797081000314e-01,5.286974906921400041e-01,5.163579583167999809e-01,5.160686373710600128e-01
5.286974906921400041e-01,5.284188389778099459e-01,5.160686373710600128e-01,5.157854557037400145e-01
5.284188389778099459e-01,5.281450152397200171e-01,5.157854557037400145e-01,5.155069231986999512e-01
5.281450152397200171e-01,5.278750061988799480e-01,5.155069231986999512e-01,5.152322649955699552e-01
5.278750061988799480e-01,5.276079177856399793e-01,5.152322649955699552e-01,5.149607658386200493e-01
5.276079177856399793e-01,5.273432135582000191e-01,5.149607658386200493e-01,5.146918892860400385e-01
5.273432135582000191e-01,5.270801782608000030e-01,5.146918892860400385e-01,5.144250988960300530e-01
5.270801782608000030e-01,5.268183350563000467e-01,5.144250988960300530e-01,5.141598582267800088e-01
5.268183350563000467e-01,5.265572667121900530e-01,5.141598582267800088e-01,5.138957500457800309e-01
5.265572667121900530e-01,5.262966156005900453e-01,5.138957500457800309e-01,5.136324763298000251e-01
5.262966156005900453e-01,5.260360836982700405e-01,5.136324763298000251e-01,5.133696794509899908e-01
5.260360836982700405e-01,5.257753729820300315e-01,5.133696794509899908e-01,5.131071209907499542e-01
5.257753729820300315e-01,5.255143642425500472e-01,5.131071209907499542e-01,5.128445029258700272e-01
5.255143642425500472e-01,5.252528190612799630e-01,5.128445029258700272e-01,5.125817656516999943e-01
5.252528190612799630e-01,5.249905586242700206e-01,5.125817656516999943e-01,5.123186707496599768e-01
5.249905586242700206e-01,5.247274637222300031e-01,5.123186707496599768e-01,5.120550394058199783e-01
5.247274637222300031e-01,5.244635343551600215e-01,5.120550394058199783e-01,5.117908716201799990e-01
5.244635343551600215e-01,5.241985917091399605e-01,5.117908716201799990e-01,5.115259885788000505e-01
5.241985917091399605e-01,5.239326357841499471e-01,5.115259885788000505e-01,5.112603902816800217e-01
5.239326357841499471e-01,5.236656069755599718e-01,5.112603902816800217e-01,5.109939575195300288e-01
5.236656069755599718e-01,5.233974456787100493e-01,5.109939575195300288e-01,5.107266902923599527e-01
5.233974456787100493e-01,5.231282114982600540e-01,5.107266902923599527e-01,5.104585886001600237e-01
5.231282114982600540e-01,5.228577852249099989e-01,5.104585886001600237e-01,5.101895332336400246e-01
5.228577852249099989e-01,5.225862860679599819e-01,5.101895332336400246e-01,5.099196434021000535e-01
5.225862860679599819e-01,5.223136544227600098e-01,5.099196434021000535e-01,5.096488595008900058e-01
5.223136544227600098e-01,5.220398902893099713e-01,5.096488595008900058e-01,5.093771815300000005e-01
5.220398902893099713e-01,5.217650532722499790e-01,5.093771815300000005e-01,5.091046690940900232e-01
5.217650532722499790e-01,5.214892625808700277e-01,5.091046690940900232e-01,5.088313221931499708e-01
5.214892625808700277e-01,5.212123990058900036e-01,5.088313221931499708e-01,5.085572004318199557e-01
5.212123990058900036e-01,5.209345817565900205e-01,5.085572004318199557e-01,5.082823634147599634e-01
5.209345817565900205e-01,5.206559300422699543e-01,5.082823634147599634e-01,5.080067515373200004e-01
5.206559300422699543e-01,5.203763842582700416e-01,5.080067515373200004e-01,5.077304840087899507e-01
5.203763842582700416e-01,5.200960636138900473e-01,5.077304840087899507e-01,5.074536204338100376e-01
5.200960636138900473e-01,5.198149681091299712e-01,5.074536204338100376e-01,5.071762204170200405e-01
5.198149681091299712e-01,5.195332169532800304e-01,5.071762204170200405e-01,5.068982839584400546e-01
5.195332169532800304e-01,5.192508697509800042e-01,5.068982839584400546e-01,5.066199302673299876e-01
5.192508697509800042e-01,5.189679861068700051e-01,5.066199302673299876e-01,5.063411593437200375e-01
5.189679861068700051e-01,5.186845660209700171e-01,5.063411593437200375e-01,5.060620307922399919e-01
5.186845660209700171e-01,5.184007883071900524e-01,5.060620307922399919e-01,5.057826638221699644e-01
5.184007883071900524e-01,5.181165933608999907e-01,5.057826638221699644e-01,5.055030584335300503e-01
5.181165933608999907e-01,5.178321003913900489e-01,5.055030584335300503e-01,5.052232742309600289e-01
5.178321003913900489e-01,5.175473690033000063e-01,5.052232742309600289e-01,5.049433708190900205e-01
5.175473690033000063e-01,5.172623991966199819e-01,5.049433708190900205e-01,5.046633481979400093e-01
5.172623991966199819e-01,5.169773101806599547e-01,5.046633481979400093e-01,5.043832659721400047e-01
5.169773101806599547e-01,5.166919827461200487e-01,5.043832659721400047e-01,5.041030645370500052e-01
5.166919827461200487e-01,5.164064764976500355e-01,5.041030645370500052e-01,5.038228631019600057e-01
5.164064764976500355e-01,5.161208510398900273e-01,5.038228631019600057e-01,5.035424828529400099e-01
5.161208510398900273e-01,5.158348679542500426e-01,5.035424828529400099e-01,5.032619237899800257e-01
5.158348679542500426e-01,5.155485868453999476e-01,5.032619237899800257e-01,5.029810667038000505e-01
5.155485868453999476e-01,5.152617096900899973e-01,5.029810667038000505e-01,5.026997327804599847e-01
5.152617096900899973e-01,5.149740576744099574e-01,5.026997327804599847e-01,5.024176836013799496e-01
5.149740576744099574e-01,5.146852731704699702e-01,5.024176836013799496e-01,5.021345615386999528e-01
5.146852731704699702e-01,5.143948793411300402e-01,5.021345615386999528e-01,5.018498897552500226e-01
5.143948793411300402e-01,5.141022205352799856e-01,5.018498897552500226e-01,5.015630722045899548e-01
5.141022205352799856e-01,5.138065218925500499e-01,5.015630722045899548e-01,5.012735128402699969e-01
5.138065218925500499e-01,5.135069489479100469e-01,5.012735128402699969e-01,5.009804368019099563e-01
5.135069489479100469e-01,5.132034420967099830e-01,5.009804368019099563e-01,5.006840825080900448e-01
5.132034420967099830e-01,5.129005908966099980e-01,5.006840825080900448e-01,5.003889799117999804e-01
5.129005908966099980e-01,5.126243233680699563e-01,5.003889799117999804e-01,5.001205801963799491e-01
5.126243233680699563e-01,5.124999880790700457e-01,5.001205801963799491e-01,5.000000000000000000e-01
0.000000000000000000e+00,2.491384278982899849e-03,0.000000000000000000e+00,2.372945658862599897e-03
2.491384278982899849e-03,5.513918120414000416e-03,2.372945658862599897e-03,5.249581765383500194e-03
5.513918120414000416e-03,9.228684008121499152e-03,5.249581765383500194e-03,8.787111379206199654e-03
9.228684008121499152e-03,1.378462743014099989e-02,8.787111379206199654e-03,1.312742289155699980e-02
1.378462743014099989e-02,1.934026926755899947e-02,1.312742289155699980e-02,1.842129603028299853e-02
1.934026926755899947e-02,2.606560662388799840e-02,1.842129603028299853e-02,2.483492530882399837e-02
2.606560662388799840e-02,3.416568413376799840e-02,2.483492530882399837e-02,3.257482871413199671e-02
3.416568413376799840e-02,4.387947544455499810e-02,3.257482871413199671e-02,4.189137369394300286e-02
4.387947544455499810e-02,5.546922236680999763e-02,4.189137369394300286e-02,5.306354910135299696e-02
5.546922236680999763e-02,6.917647272348399767e-02,5.306354910135299696e-02,6.635215878486599994e-02
6.917647272348399767e-02,8.516378700733200080e-02,6.635215878486599994e-02,8.193948864936799470e-02
8.516378700733200080e-02,1.034628376364700036e-01,8.193948864936799470e-02,9.987347573041900628e-02
1.034628376364700036e-01,1.239405646920199999e-01,9.987347573041900628e-02,1.200287938117999970e-01
1.239405646920199999e-01,1.462791562080399954e-01,1.200287938117999970e-01,1.420843601226799979e-01
1.462791562080399954e-01,1.699811518192299864e-01,1.420843601226799979e-01,1.655276864767100120e-01
1.699811518192299864e-01,1.944003701210000046e-01,1.655276864767100120e-01,1.896871924400299891e-01
1.944003701210000046e-01,2.187867760658299965e-01,1.896871924400299891e-01,2.137882113456699984e-01
2.187867760658299965e-01,2.423941791057599993e-01,2.137882113456699984e-01,2.370581924915300120e-01
2.423941791057599993e-01,2.645606398582500129e-01,2.370581924915300120e-01,2.588199675083199813e-01
2.645606398582500129e-01,2.847923040390000216e-01,2.588199675083199813e-01,2.785793840885200101e-01
2.847923040390000216e-01,3.028132319450400067e-01,2.785793840885200101e-01,2.960748672485399857e-01
3.028132319450400067e-01,3.185595273971599806e-01,2.960748672485399857e-01,3.112664222717300144e-01
3.185595273971599806e-01,3.321248888969399737e-01,3.112664222717300144e-01,3.242733180522899827e-01
3.321248888969399737e-01,3.436924219131500258e-01,3.242733180522899827e-01,3.352996110916099948e-01
3.436924219131500258e-01,3.548979461193100260e-01,3.352996110916099948e-01,3.459592461586000200e-01
3.548979461193100260e-01,3.668905794620500038e-01,3.459592461586000200e-01,3.573859333991999954e-01
3.668905794620500038e-01,3.796129226684599733e-01,3.573859333991999954e-01,3.695413172245000100e-01
3.796129226684599733e-01,3.929857611656200067e-01,3.695413172245000100e-01,3.823675811290699889e-01
3.929857611656200067e-01,4.069061279296899980e-01,3.823675811290699889e-01,3.957846164703400227e-01
4.069061279296899980e-01,4.212447106838200228e-01,3.957846164703400227e-01,4.096863567829099884e-01
4.212447106838200228e-01,4.358455538749699820e-01,4.096863567829099884e-01,4.239379167556799888e-01
4.358455538749699820e-01,4.505302608013200261e-01,4.239379167556799888e-01,4.383764266967800083e-01
4.505302608013200261e-01,4.651074111461599991e-01,4.383764266967800083e-01,4.528170526027699982e-01
4.651074111461599991e-01,4.793871343135799878e-01,4.528170526027699982e-01,4.670650959014899795e-01
4.793871343135799878e-01,4.931969046592700190e-01,4.670650959014899795e-01,4.809307456016500004e-01
4.931969046592700190e-01,5.063902139663699620e-01,4.809307456016500004e-01,4.942376315593700054e-01
5.063902139663699620e-01,5.188187956809999779e-01,4.942376315593700054e-01,5.067952871322599639e-01
5.188187956809999779e-01,5.301694869995100534e-01,5.067952871322599639e-01,5.182389020919799805e-01
5.301694869995100534e-01,5.393745899200399485e-01,5.182389020919799805e-01,5.274637341499299747e-01
5.393745899200399485e-01,5.429424047470100545e-01,5.274637341499299747e-01,5.310081243515000216e-01
5.429424047470100545e-01,5.420306324958800159e-01,5.310081243515000216e-01,5.300409197807299799e-01
5.420306324958800159e-01,5.416113734245300293e-01,5.300409197807299799e-01,5.296041965484600267e-01
5.416113734245300293e-01,5.412973165512100504e-01,5.296041965484600267e-01,5.292787551879899466e-01
5.412973165512100504e-01,5.410128831863399990e-01,5.292787551879899466e-01,5.289825797081000314e-01
5.410128831863399990e-01,5.407406091690100114e-01,5.289825797081000314e-01,5.286974906921400041e-01
5.407406091690100114e-01,5.404754281043999686e-01,5.286974906921400041e-01,5.284188389778099459e-01
5.404754281043999686e-01,5.402153730392500464e-01,5.284188389778099459e-01,5.281450152397200171e-01
5.402153730392500464e-01,5.399590730667099825e-01,5.281450152397200171e-01,5.278750061988799480e-01
5.399590730667099825e-01,5.397055745124800241e-01,5.278750061988799480e-01,5.276079177856399793e-01
5.397055745124800241e-01,5.394540429115299851e-01,5.276079177856399793e-01,5.273432135582000191e-01
5.394540429115299851e-01,5.392038822174100021e-01,5.273432135582000191e-01,5.270801782608000030e-01
5.392038822174100021e-01,5.389546155929599847e-01,5.270801782608000030e-01,5.268183350563000467e-01
5.389546155929599847e-01,5.387057065963699598e-01,5.268183350563000467e-01,5.265572667121900530e-01
5.387057065963699598e-01,5.384568572044400314e-01,5.265572667121900530e-01,5.262966156005900453e-01
5.384568572044400314e-01,5.382077693939200103e-01,5.262966156005900453e-01,5.260360836982700405e-01
5.382077693939200103e-01,5.379582643508900031e-01,5.260360836982700405e-01,5.257753729820300315e-01
5.379582643508900031e-01,5.377080440521200266e-01,5.257753729820300315e-01,5.255143642425500472e-01
5.377080440521200266e-01,5.374570488929699685e-01,5.255143642425500472e-01,5.252528190612799630e-01
5.374570488929699685e-01,5.372051000595100545e-01,5.252528190612799630e-01,5.249905586242700206e-01
5.372051000595100545e-01,5.369520783424399646e-01,5.249905586242700206e-01,5.247274637222300031e-01
5.369520783424399646e-01,5.366979241371200304e-01,5.247274637222300031e-01,5.244635343551600215e-01
5.366979241371200304e-01,5.364425778389000365e-01,5.244635343551600215e-01,5.241985917091399605e-01
5.364425778389000365e-01,5.361859202384899881e-01,5.241985917091399605e-01,5.239326357841499471e-01
5.361859202384899881e-01,5.359280109405499815e-01,5.239326357841499471e-01,5.236656069755599718e-01
5.359280109405499815e-01,5.356687903404200313e-01,5.236656069755599718e-01,5.233974456787100493e-01
5.356687903404200313e-01,5.354082584381100185e-01,5.233974456787100493e-01,5.231282114982600540e-01
5.354082584381100185e-01,5.351463556289699497e-01,5.231282114982600540e-01,5.228577852249099989e-01
5.351463556289699497e-01,5.348832011222800498e-01,5.228577852249099989e-01,5.225862860679599819e-01
5.348832011222800498e-01,5.346187353134199682e-01,5.225862860679599819e-01,5.223136544227600098e-01
5.346187353134199682e-01,5.343529582023599511e-01,5.223136544227600098e-01,5.220398902893099713e-01
5.343529582023599511e-01,5.340859889984099773e-01,5.220398902893099713e-01,5.217650532722499790e-01
5.340859889984099773e-01,5.338178277015700468e-01,5.217650532722499790e-01,5.214892625808700277e-01
5.338178277015700468e-01,5.335484743118299455e-01,5.214892625808700277e-01,5.212123990058900036e-01
5.335484743118299455e-01,5.332779884338400000e-01,5.212123990058900036e-01,5.209345817565900205e-01
5.332779884338400000e-01,5.330064892768899831e-01,5.209345817565900205e-01,5.206559300422699543e-01
5.330064892768899831e-01,5.327339172363300124e-01,5.206559300422699543e-01,5.203763842582700416e-01
5.327339172363300124e-01,5.324604511260999651e-01,5.203763842582700416e-01,5.200960636138900473e-01
5.324604511260999651e-01,5.321861505508399537e-01,5.200960636138900473e-01,5.198149681091299712e-01
5.321861505508399537e-01,5.319109559059099768e-01,5.198149681091299712e-01,5.195332169532800304e-01
5.319109559059099768e-01,5.316350460052500226e-01,5.195332169532800304e-01,5.192508697509800042e-01
5.316350460052500226e-01,5.313584208488499883e-01,5.192508697509800042e-01,5.189679861068700051e-01
5.313584208488499883e-01,5.310811400413499861e-01,5.189679861068700051e-01,5.186845660209700171e-01
5.310811400413499861e-01,5.308033823966999964e-01,5.186845660209700171e-01,5.184007883071900524e-01
5.308033823966999964e-01,5.305250883102400339e-01,5.184007883071900524e-01,5.181165933608999907e-01
5.305250883102400339e-01,5.302463769912699743e-01,5.181165933608999907e-01,5.178321003913900489e-01
5.302463769912699743e-01,5.299672484397900396e-01,5.178321003913900489e-01,5.175473690033000063e-01
5.299672484397900396e-01,5.296878218650800108e-01,5.175473690033000063e-01,5.172623991966199819e-01
5.296878218650800108e-01,5.294081568717999842e-01,5.172623991966199819e-01,5.169773101806599547e-01
5.294081568717999842e-01,5.291281342506399810e-01,5.169773101806599547e-01,5.166919827461200487e-01
5.291281342506399810e-01,5.288478732109099800e-01,5.166919827461200487e-01,5.164064764976500355e-01
5.288478732109099800e-01,5.285673737525899973e-01,5.164064764976500355e-01,5.161208510398900273e-01
5.285673737525899973e-01,5.282865166664100220e-01,5.161208510398900273e-01,5.158348679542500426e-01
5.282865166664100220e-01,5.280052423477199497e-01,5.158348679542500426e-01,5.155485868453999476e-01
5.280052423477199497e-01,5.277233719825700220e-01,5.155485868453999476e-01,5.152617096900899973e-01
5.277233719825700220e-01,5.274407267570500046e-01,5.152617096900899973e-01,5.149740576744099574e-01
5.274407267570500046e-01,5.271568894386300386e-01,5.149740576744099574e-01,5.146852731704699702e-01
5.271568894386300386e-01,5.268714427948000267e-01,5.146852731704699702e-01,5.143948793411300402e-01
5.268714427948000267e-01,5.265836715698199999e-01,5.143948793411300402e-01,5.141022205352799856e-01
5.265836715698199999e-01,5.262927412986799780e-01,5.141022205352799856e-01,5.138065218925500499e-01
5.262927412986799780e-01,5.259976387023900246e-01,5.138065218925500499e-01,5.135069489479100469e-01
5.259976387023900246e-01,5.256981253624000150e-01,5.135069489479100469e-01,5.132034420967099830e-01
5.256981253624000150e-01,5.253982543945300288e-01,5.132034420967099830e-01,5.129005908966099980e-01
5.253982543945300288e-01,5.251238346099900145e-01,5.129005908966099980e-01,5.126243233680699563e-01
5.251238346099900145e-01,5.249999761581399804e-01,5.126243233680699563e-01,5.124999880790700457e-01
0.000000000000000000e+00,2.620635554194499818e-03,0.000000000000000000e+00,2.491384278982899849e-03
2.620635554194499818e-03,5.803485400974799958e-03,2.491384278982899849e-03,5.513918120414000416e-03
5.803485400974799958e-03,9.712983854115000634e-03,5.513918120414000416e-03,9.228684008121499152e-03
9.712983854115000634e-03,1.450540311634499965e-02,9.228684008121499152e-03,1.378462743014099989e-02
1.450540311634499965e-02,2.034692652523499914e-02,1.378462743014099989e-02,1.934026926755899947e-02
2.034692652523499914e-02,2.740913257002799974e-02,1.934026926755899947e-02,2.606560662388799840e-02
2.740913257002799974e-02,3.589672595262499710e-02,2.606560662388799840e-02,3.416568413376799840e-02
3.589672595262499710e-02,4.603501409292200253e-02,3.416568413376799840e-02,4.387947544455499810e-02
4.603501409292200253e-02,5.806749686598799975e-02,4.387947544455499810e-02,5.546922236680999763e-02
5.806749686598799975e-02,7.221362739801399921e-02,5.546922236680999763e-02,6.917647272348399767e-02
7.221362739801399921e-02,8.861306309699999717e-02,6.917647272348399767e-02,8.516378700733200080e-02
8.861306309699999717e-02,1.072794049978299941e-01,8.516378700733200080e-02,1.034628376364700036e-01
1.072794049978299941e-01,1.280726343393299993e-01,1.034628376364700036e-01,1.239405646920199999e-01
1.280726343393299993e-01,1.506799906492199970e-01,1.239405646920199999e-01,1.462791562080399954e-01
1.506799906492199970e-01,1.746214032173200037e-01,1.462791562080399954e-01,1.699811518192299864e-01
1.746214032173200037e-01,1.992799788713499887e-01,1.699811518192299864e-01,1.944003701210000046e-01
1.992799788713499887e-01,2.239308357238800062e-01,1.944003701210000046e-01,2.187867760658299965e-01
2.239308357238800062e-01,2.478581815958000034e-01,2.187867760658299965e-01,2.423941791057599993e-01
2.478581815958000034e-01,2.704175114631700017e-01,2.423941791057599993e-01,2.645606398582500129e-01
2.704175114631700017e-01,2.911162376403800267e-01,2.645606398582500129e-01,2.847923040390000216e-01
2.911162376403800267e-01,3.096635043621099870e-01,2.847923040390000216e-01,3.028132319450400067e-01
3.096635043621099870e-01,3.259696364402799862e-01,3.028132319450400067e-01,3.185595273971599806e-01
3.259696364402799862e-01,3.401001691818200112e-01,3.185595273971599806e-01,3.321248888969399737e-01
3.401001691818200112e-01,3.522150218486799766e-01,3.321248888969399737e-01,3.436924219131500258e-01
3.522150218486799766e-01,3.639656007289899797e-01,3.436924219131500258e-01,3.548979461193100260e-01
3.639656007289899797e-01,3.765084445476499786e-01,3.548979461193100260e-01,3.668905794620500038e-01
3.765084445476499786e-01,3.897634446620900084e-01,3.668905794620500038e-01,3.796129226684599733e-01
3.897634446620900084e-01,4.036287069320699805e-01,3.796129226684599733e-01,3.929857611656200067e-01
4.036287069320699805e-01,4.179788231849699831e-01,3.929857611656200067e-01,4.069061279296899980e-01
4.179788231849699831e-01,4.326638281345400183e-01,4.069061279296899980e-01,4.212447106838200228e-01
4.326638281345400183e-01,4.475116729736299814e-01,4.212447106838200228e-01,4.358455538749699820e-01
4.475116729736299814e-01,4.623351693153400221e-01,4.358455538749699820e-01,4.505302608013200261e-01
4.623351693153400221e-01,4.769438803195999999e-01,4.505302608013200261e-01,4.651074111461599991e-01
4.769438803195999999e-01,4.911593794822700088e-01,4.651074111461599991e-01,4.793871343135799878e-01
4.911593794822700088e-01,5.048309564590499621e-01,4.793871343135799878e-01,4.931969046592700190e-01
5.048309564590499621e-01,5.178448557853699841e-01,4.931969046592700190e-01,5.063902139663699620e-01
5.178448557853699841e-01,5.300998091697699532e-01,5.063902139663699620e-01,5.188187956809999779e-01
5.300998091697699532e-01,5.413481593132000169e-01,5.188187956809999779e-01,5.301694869995100534e-01
5.413481593132000169e-01,5.505731105804400061e-01,5.301694869995100534e-01,5.393745899200399485e-01
5.505731105804400061e-01,5.542045235633900058e-01,5.393745899200399485e-01,5.429424047470100545e-01
5.542045235633900058e-01,5.533780455589299985e-01,5.429424047470100545e-01,5.420306324958800159e-01
5.533780455589299985e-01,5.529822707176199614e-01,5.420306324958800159e-01,5.416113734245300293e-01
5.529822707176199614e-01,5.526865124702500243e-01,5.416113734245300293e-01,5.412973165512100504e-01
5.526865124702500243e-01,5.524219870567299573e-01,5.412973165512100504e-01,5.410128831863399990e-01
5.524219870567299573e-01,5.521712899208099934e-01,5.410128831863399990e-01,5.407406091690100114e-01
5.521712899208099934e-01,5.519286990165700457e-01,5.407406091690100114e-01,5.404754281043999686e-01
5.519286990165700457e-01,5.516914725303599942e-01,5.404754281043999686e-01,5.402153730392500464e-01
5.516914725303599942e-01,5.514580011367800072e-01,5.402153730392500464e-01,5.399590730667099825e-01
5.514580011367800072e-01,5.512270331382800315e-01,5.399590730667099825e-01,5.397055745124800241e-01
5.512270331382800315e-01,5.509977340698199999e-01,5.397055745124800241e-01,5.394540429115299851e-01
5.509977340698199999e-01,5.507695078849800252e-01,5.394540429115299851e-01,5.392038822174100021e-01
5.507695078849800252e-01,5.505416989326500365e-01,5.392038822174100021e-01,5.389546155929599847e-01
5.505416989326500365e-01,5.503140091896100428e-01,5.389546155929599847e-01,5.387057065963699598e-01
5.503140091896100428e-01,5.500860810279799562e-01,5.387057065963699598e-01,5.384568572044400314e-01
5.500860810279799562e-01,5.498576164245599918e-01,5.384568572044400314e-01,5.382077693939200103e-01
5.498576164245599918e-01,5.496284961700399485e-01,5.382077693939200103e-01,5.379582643508900031e-01
5.496284961700399485e-01,5.493984818458600428e-01,5.379582643508900031e-01,5.377080440521200266e-01
5.493984818458600428e-01,5.491673946380599691e-01,5.377080440521200266e-01,5.374570488929699685e-01
5.491673946380599691e-01,5.489352345466600447e-01,5.374570488929699685e-01,5.372051000595100545e-01
5.489352345466600447e-01,5.487017631530799466e-01,5.372051000595100545e-01,5.369520783424399646e-01
5.487017631530799466e-01,5.484670996666000109e-01,5.369520783424399646e-01,5.366979241371200304e-01
5.484670996666000109e-01,5.482310056686400257e-01,5.366979241371200304e-01,5.364425778389000365e-01
5.482310056686400257e-01,5.479935407638499845e-01,5.364425778389000365e-01,5.361859202384899881e-01
5.479935407638499845e-01,5.477546453475999888e-01,5.361859202384899881e-01,5.359280109405499815e-01
5.477546453475999888e-01,5.475143790245099451e-01,5.359280109405499815e-01,5.356687903404200313e-01
5.475143790245099451e-01,5.472726225852999615e-01,5.356687903404200313e-01,5.354082584381100185e-01
5.472726225852999615e-01,5.470294356346100395e-01,5.354082584381100185e-01,5.351463556289699497e-01
5.470294356346100395e-01,5.467848777771000535e-01,5.351463556289699497e-01,5.348832011222800498e-01
5.467848777771000535e-01,5.465388894081100180e-01,5.348832011222800498e-01,5.346187353134199682e-01
5.465388894081100180e-01,5.462915301322900374e-01,5.346187353134199682e-01,5.343529582023599511e-01
5.462915301322900374e-01,5.460428595542899943e-01,5.343529582023599511e-01,5.340859889984099773e-01
5.460428595542899943e-01,5.457928776741000076e-01,5.340859889984099773e-01,5.338178277015700468e-01
5.457928776741000076e-01,5.455416440963699598e-01,5.338178277015700468e-01,5.335484743118299455e-01
5.455416440963699598e-01,5.452892184257499553e-01,5.335484743118299455e-01,5.332779884338400000e-01
5.452892184257499553e-01,5.450356006622300020e-01,5.332779884338400000e-01,5.330064892768899831e-01
5.450356006622300020e-01,5.447809100151099759e-01,5.330064892768899831e-01,5.327339172363300124e-01
5.447809100151099759e-01,5.445251464843799960e-01,5.327339172363300124e-01,5.324604511260999651e-01
5.445251464843799960e-01,5.442684292793299461e-01,5.324604511260999651e-01,5.321861505508399537e-01
5.442684292793299461e-01,5.440107583999600482e-01,5.321861505508399537e-01,5.319109559059099768e-01
5.440107583999600482e-01,5.437522530555699563e-01,5.319109559059099768e-01,5.316350460052500226e-01
5.437522530555699563e-01,5.434929728508000046e-01,5.316350460052500226e-01,5.313584208488499883e-01
5.434929728508000046e-01,5.432329773902899728e-01,5.313584208488499883e-01,5.310811400413499861e-01
5.432329773902899728e-01,5.429723262786899651e-01,5.310811400413499861e-01,5.308033823966999964e-01
5.429723262786899651e-01,5.427110195159899897e-01,5.308033823966999964e-01,5.305250883102400339e-01
5.427110195159899897e-01,5.424492359161400268e-01,5.305250883102400339e-01,5.302463769912699743e-01
5.424492359161400268e-01,5.421869754791299734e-01,5.302463769912699743e-01,5.299672484397900396e-01
5.421869754791299734e-01,5.419242978096000529e-01,5.299672484397900396e-01,5.296878218650800108e-01
5.419242978096000529e-01,5.416612625122100289e-01,5.296878218650800108e-01,5.294081568717999842e-01
5.416612625122100289e-01,5.413978099823000267e-01,5.294081568717999842e-01,5.291281342506399810e-01
5.413978099823000267e-01,5.411340594291700334e-01,5.291281342506399810e-01,5.288478732109099800e-01
5.411340594291700334e-01,5.408700108528099459e-01,5.288478732109099800e-01,5.285673737525899973e-01
5.408700108528099459e-01,5.406055450439499754e-01,5.285673737525899973e-01,5.282865166664100220e-01
5.406055450439499754e-01,5.403406023979200334e-01,5.282865166664100220e-01,5.280052423477199497e-01
5.403406023979200334e-01,5.400751233100899995e-01,5.280052423477199497e-01,5.277233719825700220e-01
5.400751233100899995e-01,5.398088097572300015e-01,5.277233719825700220e-01,5.274407267570500046e-01
5.398088097572300015e-01,5.395414829254200351e-01,5.274407267570500046e-01,5.271568894386300386e-01
5.395414829254200351e-01,5.392725467681900309e-01,5.271568894386300386e-01,5.268714427948000267e-01
5.392725467681900309e-01,5.390014052391099986e-01,5.268714427948000267e-01,5.265836715698199999e-01
5.390014052391099986e-01,5.387271046638499872e-01,5.265836715698199999e-01,5.262927412986799780e-01
5.387271046638499872e-01,5.384486317634600283e-01,5.262927412986799780e-01,5.259976387023900246e-01
5.384486317634600283e-01,5.381652712822000417e-01,5.259976387023900246e-01,5.256981253624000150e-01
5.381652712822000417e-01,5.378805398941000071e-01,5.256981253624000150e-01,5.253982543945300288e-01
5.378805398941000071e-01,5.376186370849600493e-01,5.253982543945300288e-01,5.251238346099900145e-01
5.376186370849600493e-01,5.375000238418600196e-01,5.251238346099900145e-01,5.249999761581399804e-01
0.000000000000000000e+00,2.762003336101799891e-03,0.000000000000000000e+00,2.620635554194499818e-03
2.762003336101799891e-03,6.121343467384600216e-03,2.620635554194499818e-03,5.803485400974799958e-03
6.121343467384600216e-03,1.024546939879700073e-02,5.803485400974799958e-03,9.712983854115000634e-03
1.024546939879700073e-02,1.529851183295199979e-02,9.712983854115000634e-03,1.450540311634499965e-02
1.529851183295199979e-02,2.145539969205900038e-02,1.450540311634499965e-02,2.034692652523499914e-02
2.145539969205900038e-02,2.888244204223200037e-02,2.034692652523499914e-02,2.740913257002799974e-02
2.888244204223200037e-02,3.778888657689100095e-02,2.740913257002799974e-02,3.589672595262499710e-02
3.778888657689100095e-02,4.838040843606000035e-02,3.589672595262499710e-02,4.603501409292200253e-02
4.838040843606000035e-02,6.088059768080700263e-02,4.603501409292200253e-02,5.806749686598799975e-02
6.088059768080700263e-02,7.548501342534999492e-02,5.806749686598799975e-02,7.221362739801399921e-02
7.548501342534999492e-02,9.230670332908599840e-02,7.221362739801399921e-02,8.861306309699999717e-02
9.230670332908599840e-02,1.113388836383800012e-01,8.861306309699999717e-02,1.072794049978299941e-01
1.113388836383800012e-01,1.324365735054000015e-01,1.072794049978299941e-01,1.280726343393299993e-01
1.324365735054000015e-01,1.552943736314799927e-01,1.280726343393299993e-01,1.506799906492199970e-01
1.552943736314799927e-01,1.794520914554600111e-01,1.506799906492199970e-01,1.746214032173200037e-01
1.794520914554600111e-01,2.043270468711899934e-01,1.746214032173200037e-01,1.992799788713499887e-01
2.043270468711899934e-01,2.292179614305500102e-01,1.992799788713499887e-01,2.239308357238800062e-01
2.292179614305500102e-01,2.534446418285399849e-01,2.239308357238800062e-01,2.478581815958000034e-01
2.534446418285399849e-01,2.763819992542300152e-01,2.478581815958000034e-01,2.704175114631700017e-01
2.763819992542300152e-01,2.975399792194399762e-01,2.704175114631700017e-01,2.911162376403800267e-01
2.975399792194399762e-01,3.166126608848600088e-01,2.911162376403800267e-01,3.096635043621099870e-01
3.166126608848600088e-01,3.334824144840199955e-01,3.096635043621099870e-01,3.259696364402799862e-01
3.334824144840199955e-01,3.481834828853599961e-01,3.259696364402799862e-01,3.401001691818200112e-01
3.481834828853599961e-01,3.608491420745800204e-01,3.401001691818200112e-01,3.522150218486799766e-01
3.608491420745800204e-01,3.731375932693499764e-01,3.522150218486799766e-01,3.639656007289899797e-01
3.731375932693499764e-01,3.862039744854000034e-01,3.639656007289899797e-01,3.765084445476499786e-01
3.862039744854000034e-01,3.999437093734700133e-01,3.765084445476499786e-01,3.897634446620900084e-01
3.999437093734700133e-01,4.142332375049599946e-01,3.897634446620900084e-01,4.036287069320699805e-01
4.142332375049599946e-01,4.289273321628599978e-01,4.036287069320699805e-01,4.179788231849699831e-01
4.289273321628599978e-01,4.438600838184399988e-01,4.179788231849699831e-01,4.326638281345400183e-01
4.438600838184399988e-01,4.588496685028100042e-01,4.326638281345400183e-01,4.475116729736299814e-01
4.588496685028100042e-01,4.737073779106100169e-01,4.475116729736299814e-01,4.623351693153400221e-01
4.737073779106100169e-01,4.882501959800700231e-01,4.623351693153400221e-01,4.769438803195999999e-01
4.882501959800700231e-01,5.023154020309400503e-01,4.769438803195999999e-01,4.911593794822700088e-01
5.023154020309400503e-01,5.157747268676800001e-01,4.911593794822700088e-01,5.048309564590499621e-01
5.157747268676800001e-01,5.285457372665399722e-01,5.048309564590499621e-01,5.178448557853699841e-01
5.285457372665399722e-01,5.405757427215599487e-01,5.178448557853699841e-01,5.300998091697699532e-01
5.405757427215599487e-01,5.517025589942899932e-01,5.300998091697699532e-01,5.413481593132000169e-01
5.517025589942899932e-01,5.610066652298000278e-01,5.413481593132000169e-01,5.505731105804400061e-01
5.610066652298000278e-01,5.647762417793299461e-01,5.505731105804400061e-01,5.542045235633900058e-01
5.647762417793299461e-01,5.640512704849199865e-01,5.542045235633900058e-01,5.533780455589299985e-01
5.640512704849199865e-01,5.636944174766499449e-01,5.533780455589299985e-01,5.529822707176199614e-01
5.636944174766499449e-01,5.634267330169699939e-01,5.529822707176199614e-01,5.526865124702500243e-01
5.634267330169699939e-01,5.631915926933299676e-01,5.526865124702500243e-01,5.524219870567299573e-01
5.631915926933299676e-01,5.629720091819799821e-01,5.524219870567299573e-01,5.521712899208099934e-01
5.629720091819799821e-01,5.627612471580499820e-01,5.521712899208099934e-01,5.519286990165700457e-01
5.627612471580499820e-01,5.625560283660899774e-01,5.519286990165700457e-01,5.516914725303599942e-01
5.625560283660899774e-01,5.623542070388799496e-01,5.516914725303599942e-01,5.514580011367800072e-01
5.623542070388799496e-01,5.621545314788799486e-01,5.514580011367800072e-01,5.512270331382800315e-01
5.621545314788799486e-01,5.619561672210700021e-01,5.512270331382800315e-01,5.509977340698199999e-01
5.619561672210700021e-01,5.617584586143500314e-01,5.509977340698199999e-01,5.507695078849800252e-01
5.617584586143500314e-01,5.615609288215599459e-01,5.507695078849800252e-01,5.505416989326500365e-01
5.615609288215599459e-01,5.613631606101999738e-01,5.505416989326500365e-01,5.503140091896100428e-01
5.613631606101999738e-01,5.611649751663200236e-01,5.503140091896100428e-01,5.500860810279799562e-01
5.611649751663200236e-01,5.609660744667099852e-01,5.500860810279799562e-01,5.498576164245599918e-01
5.609660744667099852e-01,5.607663393020599907e-01,5.498576164245599918e-01,5.496284961700399485e-01
5.607663393020599907e-01,5.605655312538100343e-01,5.496284961700399485e-01,5.493984818458600428e-01
5.605655312538100343e-01,5.603636503219600051e-01,5.493984818458600428e-01,5.491673946380599691e-01
5.603636503219600051e-01,5.601605176925700258e-01,5.491673946380599691e-01,5.489352345466600447e-01
5.601605176925700258e-01,5.599561333656299933e-01,5.489352345466600447e-01,5.487017631530799466e-01
5.599561333656299933e-01,5.597503781318700078e-01,5.487017631530799466e-01,5.484670996666000109e-01
5.597503781318700078e-01,5.595433115959199677e-01,5.484670996666000109e-01,5.482310056686400257e-01
5.595433115959199677e-01,5.593347549438499877e-01,5.482310056686400257e-01,5.479935407638499845e-01
5.593347549438499877e-01,5.591248273849499517e-01,5.479935407638499845e-01,5.477546453475999888e-01
5.591248273849499517e-01,5.589134693145799693e-01,5.477546453475999888e-01,5.475143790245099451e-01
5.589134693145799693e-01,5.587006211280800549e-01,5.475143790245099451e-01,5.472726225852999615e-01
5.587006211280800549e-01,5.584864020347599656e-01,5.472726225852999615e-01,5.470294356346100395e-01
5.584864020347599656e-01,5.582707524299600488e-01,5.470294356346100395e-01,5.467848777771000535e-01
5.582707524299600488e-01,5.580536723136899635e-01,5.467848777771000535e-01,5.465388894081100180e-01
5.580536723136899635e-01,5.578352808952300457e-01,5.465388894081100180e-01,5.462915301322900374e-01
5.578352808952300457e-01,5.576155781745899542e-01,5.462915301322900374e-01,5.460428595542899943e-01
5.576155781745899542e-01,5.573945045471200288e-01,5.460428595542899943e-01,5.457928776741000076e-01
5.573945045471200288e-01,5.571722388267500436e-01,5.457928776741000076e-01,5.455416440963699598e-01
5.571722388267500436e-01,5.569487214088399973e-01,5.455416440963699598e-01,5.452892184257499553e-01
5.569487214088399973e-01,5.567240715026899878e-01,5.452892184257499553e-01,5.450356006622300020e-01
5.567240715026899878e-01,5.564982891082800309e-01,5.450356006622300020e-01,5.447809100151099759e-01
5.564982891082800309e-01,5.562714934349100027e-01,5.447809100151099759e-01,5.445251464843799960e-01
5.562714934349100027e-01,5.560436844825700220e-01,5.445251464843799960e-01,5.442684292793299461e-01
5.560436844825700220e-01,5.558148622512799619e-01,5.442684292793299461e-01,5.440107583999600482e-01
5.558148622512799619e-01,5.555852651596100422e-01,5.440107583999600482e-01,5.437522530555699563e-01
5.555852651596100422e-01,5.553547739982600540e-01,5.437522530555699563e-01,5.434929728508000046e-01
5.553547739982600540e-01,5.551235079765299840e-01,5.434929728508000046e-01,5.432329773902899728e-01
5.551235079765299840e-01,5.548915863037100493e-01,5.432329773902899728e-01,5.429723262786899651e-01
5.548915863037100493e-01,5.546590685844400292e-01,5.429723262786899651e-01,5.427110195159899897e-01
5.546590685844400292e-01,5.544258952140800334e-01,5.427110195159899897e-01,5.424492359161400268e-01
5.544258952140800334e-01,5.541922450065599470e-01,5.424492359161400268e-01,5.421869754791299734e-01
5.541922450065599470e-01,5.539581179618799922e-01,5.421869754791299734e-01,5.419242978096000529e-01
5.539581179618799922e-01,5.537235736846900513e-01,5.419242978096000529e-01,5.416612625122100289e-01
5.537235736846900513e-01,5.534886121749900134e-01,5.416612625122100289e-01,5.413978099823000267e-01
5.534886121749900134e-01,5.532532930374099989e-01,5.413978099823000267e-01,5.411340594291700334e-01
5.532532930374099989e-01,5.530176162719699917e-01,5.411340594291700334e-01,5.408700108528099459e-01
5.530176162719699917e-01,5.527815222740199985e-01,5.408700108528099459e-01,5.406055450439499754e-01
5.527815222740199985e-01,5.525450706481900287e-01,5.406055450439499754e-01,5.403406023979200334e-01
5.525450706481900287e-01,5.523080229759199655e-01,5.403406023979200334e-01,5.400751233100899995e-01
5.523080229759199655e-01,5.520702600479100441e-01,5.400751233100899995e-01,5.398088097572300015e-01
5.520702600479100441e-01,5.518316030502300462e-01,5.398088097572300015e-01,5.395414829254200351e-01
5.518316030502300462e-01,5.515915751457199923e-01,5.395414829254200351e-01,5.392725467681900309e-01
5.515915751457199923e-01,5.513495802879300189e-01,5.392725467681900309e-01,5.390014052391099986e-01
5.513495802879300189e-01,5.511047840118400432e-01,5.390014052391099986e-01,5.387271046638499872e-01
5.511047840118400432e-01,5.508559942245500052e-01,5.387271046638499872e-01,5.384486317634600283e-01
5.508559942245500052e-01,5.506022572517399460e-01,5.384486317634600283e-01,5.381652712822000417e-01
5.506022572517399460e-01,5.503459572792099852e-01,5.381652712822000417e-01,5.378805398941000071e-01
5.503459572792099852e-01,5.501084327697800536e-01,5.378805398941000071e-01,5.376186370849600493e-01
5.501084327697800536e-01,5.500000119209299543e-01,5.376186370849600493e-01,5.375000238418600196e-01
0.000000000000000000e+00,2.917449222877599967e-03,0.000000000000000000e+00,2.762003336101799891e-03
2.917449222877599967e-03,6.471072323620300284e-03,2.762003336101799891e-03,6.121343467384600216e-03
6.471072323620300284e-03,1.083241309970599947e-02,6.121343467384600216e-03,1.024546939879700073e-02
1.083241309970599947e-02,1.617277227342099957e-02,1.024546939879700073e-02,1.529851183295199979e-02
1.617277227342099957e-02,2.268310450017500118e-02,1.529851183295199979e-02,2.145539969205900038e-02
2.268310450017500118e-02,3.050280362367600168e-02,2.145539969205900038e-02,2.888244204223200037e-02
3.050280362367600168e-02,3.986497595906299957e-02,2.888244204223200037e-02,3.778888657689100095e-02
3.986497595906299957e-02,5.093816667795200009e-02,3.778888657689100095e-02,4.838040843606000035e-02
5.093816667795200009e-02,6.392814218997999731e-02,4.838040843606000035e-02,6.088059768080700263e-02
6.392814218997999731e-02,7.900815457105600514e-02,6.088059768080700263e-02,7.548501342534999492e-02
7.900815457105600514e-02,9.625977277755699835e-02,7.548501342534999492e-02,9.230670332908599840e-02
9.625977277755699835e-02,1.156508773565299991e-01,9.230670332908599840e-02,1.113388836383800012e-01
1.156508773565299991e-01,1.370365470647799955e-01,1.113388836383800012e-01,1.324365735054000015e-01
1.370365470647799955e-01,1.601217389106799893e-01,1.324365735054000015e-01,1.552943736314799927e-01
1.601217389106799893e-01,1.844687163829800136e-01,1.552943736314799927e-01,1.794520914554600111e-01
1.844687163829800136e-01,2.095352858304999899e-01,1.794520914554600111e-01,2.043270468711899934e-01
2.095352858304999899e-01,2.346386015415199977e-01,2.043270468711899934e-01,2.292179614305500102e-01
2.346386015415199977e-01,2.591405510902399789e-01,2.292179614305500102e-01,2.534446418285399849e-01
2.591405510902399789e-01,2.824375629424999978e-01,2.534446418285399849e-01,2.763819992542300152e-01
2.824375629424999978e-01,3.040429651737199812e-01,2.763819992542300152e-01,2.975399792194399762e-01
3.040429651737199812e-01,3.236367106437699759e-01,2.975399792194399762e-01,3.166126608848600088e-01
3.236367106437699759e-01,3.410708308219900231e-01,3.166126608848600088e-01,3.334824144840199955e-01
3.410708308219900231e-01,3.563443720340699894e-01,3.334824144840199955e-01,3.481834828853599961e-01
3.563443720340699894e-01,3.695593774318700064e-01,3.481834828853599961e-01,3.608491420745800204e-01
3.695593774318700064e-01,3.823676407337199823e-01,3.608491420745800204e-01,3.731375932693499764e-01
3.823676407337199823e-01,3.959155678749100016e-01,3.731375932693499764e-01,3.862039744854000034e-01
3.959155678749100016e-01,4.100767970085100189e-01,3.862039744854000034e-01,3.999437093734700133e-01
4.100767970085100189e-01,4.247095286846199746e-01,3.999437093734700133e-01,4.142332375049599946e-01
4.247095286846199746e-01,4.396528303623200018e-01,4.142332375049599946e-01,4.289273321628599978e-01
4.396528303623200018e-01,4.547316730022399889e-01,4.289273321628599978e-01,4.438600838184399988e-01
4.547316730022399889e-01,4.697616696357699850e-01,4.438600838184399988e-01,4.588496685028100042e-01
4.697616696357699850e-01,4.845586121082299802e-01,4.588496685028100042e-01,4.737073779106100169e-01
4.845586121082299802e-01,4.989509880542800091e-01,4.737073779106100169e-01,4.882501959800700231e-01
4.989509880542800091e-01,5.127940773963900467e-01,4.882501959800700231e-01,5.023154020309400503e-01
5.127940773963900467e-01,5.259774923324600504e-01,5.023154020309400503e-01,5.157747268676800001e-01
5.259774923324600504e-01,5.384435057640100109e-01,5.157747268676800001e-01,5.285457372665399722e-01
5.384435057640100109e-01,5.501809120178200452e-01,5.285457372665399722e-01,5.405757427215599487e-01
5.501809120178200452e-01,5.611319541931200083e-01,5.405757427215599487e-01,5.517025589942899932e-01
5.611319541931200083e-01,5.705813169479400093e-01,5.517025589942899932e-01,5.610066652298000278e-01
5.705813169479400093e-01,5.746452808380100308e-01,5.610066652298000278e-01,5.647762417793299461e-01
5.746452808380100308e-01,5.740554928779599830e-01,5.647762417793299461e-01,5.640512704849199865e-01
5.740554928779599830e-01,5.737388134002699980e-01,5.640512704849199865e-01,5.636944174766499449e-01
5.737388134002699980e-01,5.735082030296300148e-01,5.636944174766499449e-01,5.634267330169699939e-01
5.735082030296300148e-01,5.733129382133500540e-01,5.634267330169699939e-01,5.631915926933299676e-01
5.733129382133500540e-01,5.731346011161799758e-01,5.631915926933299676e-01,5.629720091819799821e-01
5.731346011161799758e-01,5.729651451110799876e-01,5.629720091819799821e-01,5.627612471580499820e-01
5.729651451110799876e-01,5.728006362915000205e-01,5.627612471580499820e-01,5.625560283660899774e-01
5.728006362915000205e-01,5.726389884948700493e-01,5.625560283660899774e-01,5.623542070388799496e-01
5.726389884948700493e-01,5.724789500236500128e-01,5.623542070388799496e-01,5.621545314788799486e-01
5.724789500236500128e-01,5.723196864128099470e-01,5.621545314788799486e-01,5.619561672210700021e-01
5.723196864128099470e-01,5.721607208251999754e-01,5.619561672210700021e-01,5.617584586143500314e-01
5.721607208251999754e-01,5.720016360282900170e-01,5.617584586143500314e-01,5.615609288215599459e-01
5.720016360282900170e-01,5.718421339988699614e-01,5.615609288215599459e-01,5.613631606101999738e-01
5.718421339988699614e-01,5.716820359230000426e-01,5.613631606101999738e-01,5.611649751663200236e-01
5.716820359230000426e-01,5.715211629867600340e-01,5.611649751663200236e-01,5.609660744667099852e-01
5.715211629867600340e-01,5.713593959808299649e-01,5.609660744667099852e-01,5.607663393020599907e-01
5.713593959808299649e-01,5.711966156959500385e-01,5.607663393020599907e-01,5.605655312538100343e-01
5.711966156959500385e-01,5.710327625274700392e-01,5.605655312538100343e-01,5.603636503219600051e-01
5.710327625274700392e-01,5.708677172660799881e-01,5.603636503219600051e-01,5.601605176925700258e-01
5.708677172660799881e-01,5.707014799117999804e-01,5.601605176925700258e-01,5.599561333656299933e-01
5.707014799117999804e-01,5.705339908599900145e-01,5.599561333656299933e-01,5.597503781318700078e-01
5.705339908599900145e-01,5.703651905059800020e-01,5.597503781318700078e-01,5.595433115959199677e-01
5.703651905059800020e-01,5.701951980590800328e-01,5.595433115959199677e-01,5.593347549438499877e-01
5.701951980590800328e-01,5.700238347053500076e-01,5.593347549438499877e-01,5.591248273849499517e-01
5.700238347053500076e-01,5.698512196540800323e-01,5.591248273849499517e-01,5.589134693145799693e-01
5.698512196540800323e-01,5.696772336959800009e-01,5.589134693145799693e-01,5.587006211280800549e-01
5.696772336959800009e-01,5.695020556449900129e-01,5.587006211280800549e-01,5.584864020347599656e-01
5.695020556449900129e-01,5.693255662918099702e-01,5.584864020347599656e-01,5.582707524299600488e-01
5.693255662918099702e-01,5.691478252410899774e-01,5.582707524299600488e-01,5.580536723136899635e-01
5.691478252410899774e-01,5.689688324928300345e-01,5.580536723136899635e-01,5.578352808952300457e-01
5.689688324928300345e-01,5.687887072563200253e-01,5.578352808952300457e-01,5.576155781745899542e-01
5.687887072563200253e-01,5.686073899269099563e-01,5.576155781745899542e-01,5.573945045471200288e-01
5.686073899269099563e-01,5.684249401092500431e-01,5.573945045471200288e-01,5.571722388267500436e-01
5.684249401092500431e-01,5.682414174079899460e-01,5.571722388267500436e-01,5.569487214088399973e-01
5.682414174079899460e-01,5.680568218231200062e-01,5.569487214088399973e-01,5.567240715026899878e-01
5.680568218231200062e-01,5.678712129592899949e-01,5.567240715026899878e-01,5.564982891082800309e-01
5.678712129592899949e-01,5.676846504211400246e-01,5.564982891082800309e-01,5.562714934349100027e-01
5.676846504211400246e-01,5.674971938133199778e-01,5.562714934349100027e-01,5.560436844825700220e-01
5.674971938133199778e-01,5.673088431358299655e-01,5.560436844825700220e-01,5.558148622512799619e-01
5.673088431358299655e-01,5.671197175979599825e-01,5.558148622512799619e-01,5.555852651596100422e-01
5.671197175979599825e-01,5.669298768043500303e-01,5.555852651596100422e-01,5.553547739982600540e-01
5.669298768043500303e-01,5.667392611503599964e-01,5.553547739982600540e-01,5.551235079765299840e-01
5.667392611503599964e-01,5.665480494499199882e-01,5.551235079765299840e-01,5.548915863037100493e-01
5.665480494499199882e-01,5.663561820983900041e-01,5.548915863037100493e-01,5.546590685844400292e-01
5.663561820983900041e-01,5.661638379097000406e-01,5.546590685844400292e-01,5.544258952140800334e-01
5.661638379097000406e-01,5.659709572792099852e-01,5.544258952140800334e-01,5.541922450065599470e-01
5.659709572792099852e-01,5.657775998115499583e-01,5.541922450065599470e-01,5.539581179618799922e-01
5.657775998115499583e-01,5.655838847160300498e-01,5.539581179618799922e-01,5.537235736846900513e-01
5.655838847160300498e-01,5.653898119926500376e-01,5.537235736846900513e-01,5.534886121749900134e-01
5.653898119926500376e-01,5.651953816413900489e-01,5.534886121749900134e-01,5.532532930374099989e-01
5.651953816413900489e-01,5.650006532669099579e-01,5.532532930374099989e-01,5.530176162719699917e-01
5.650006532669099579e-01,5.648055672645599934e-01,5.530176162719699917e-01,5.527815222740199985e-01
5.648055672645599934e-01,5.646101236343400442e-01,5.527815222740199985e-01,5.525450706481900287e-01
5.646101236343400442e-01,5.644142627716099980e-01,5.525450706481900287e-01,5.523080229759199655e-01
5.644142627716099980e-01,5.642178654670699789e-01,5.523080229759199655e-01,5.520702600479100441e-01
5.642178654670699789e-01,5.640207529067999825e-01,5.520702600479100441e-01,5.518316030502300462e-01
5.640207529067999825e-01,5.638225674629200324e-01,5.518316030502300462e-01,5.515915751457199923e-01
5.638225674629200324e-01,5.636229515075700247e-01,5.515915751457199923e-01,5.513495802879300189e-01
5.636229515075700247e-01,5.634211301803599969e-01,5.513495802879300189e-01,5.511047840118400432e-01
5.634211301803599969e-01,5.632159709930399938e-01,5.511047840118400432e-01,5.508559942245500052e-01
5.632159709930399938e-01,5.630063414573700520e-01,5.508559942245500052e-01,5.506022572517399460e-01
5.630063414573700520e-01,5.627931952476500355e-01,5.506022572517399460e-01,5.503459572792099852e-01
5.627931952476500355e-01,5.625928640365599476e-01,5.503459572792099852e-01,5.501084327697800536e-01
5.625928640365599476e-01,5.625000000000000000e-01,5.501084327697800536e-01,5.500000119209299543e-01
0.000000000000000000e+00,3.090729005634799877e-03,0.000000000000000000e+00,2.917449222877599967e-03
3.090729005634799877e-03,6.856158841401300413e-03,2.917449222877599967e-03,6.471072323620300284e-03
6.856158841401300413e-03,1.148200314492000065e-02,6.471072323620300284e-03,1.083241309970599947e-02
1.148200314492000065e-02,1.713320985436399962e-02,1.083241309970599947e-02,1.617277227342099957e-02
1.713320985436399962e-02,2.404939010739300109e-02,1.617277227342099957e-02,2.268310450017500118e-02
2.404939010739300109e-02,3.227771073579800004e-02,2.268310450017500118e-02,3.050280362367600168e-02
3.227771073579800004e-02,4.213885590434100076e-02,3.050280362367600168e-02,3.986497595906299957e-02
4.213885590434100076e-02,5.371324717998499781e-02,3.986497595906299957e-02,5.093816667795200009e-02
5.371324717998499781e-02,6.720279157161700156e-02,5.093816667795200009e-02,6.392814218997999731e-02
6.720279157161700156e-02,8.276819437742199970e-02,6.392814218997999731e-02,7.900815457105600514e-02
8.276819437742199970e-02,1.004533022642099954e-01,7.900815457105600514e-02,9.625977277755699835e-02
1.004533022642099954e-01,1.201864778995500038e-01,9.625977277755699835e-02,1.156508773565299991e-01
1.201864778995500038e-01,1.418361365795099971e-01,1.156508773565299991e-01,1.370365470647799955e-01
1.418361365795099971e-01,1.651211529970199876e-01,1.370365470647799955e-01,1.601217389106799893e-01
1.651211529970199876e-01,1.896283626556400093e-01,1.601217389106799893e-01,1.844687163829800136e-01
1.896283626556400093e-01,2.148627042770399898e-01,1.844687163829800136e-01,2.095352858304999899e-01
2.148627042770399898e-01,2.401490956544899968e-01,2.095352858304999899e-01,2.346386015415199977e-01
2.401490956544899968e-01,2.648985087871599808e-01,2.346386015415199977e-01,2.591405510902399789e-01
2.648985087871599808e-01,2.885309159755700126e-01,2.591405510902399789e-01,2.824375629424999978e-01
2.885309159755700126e-01,3.105618953704800123e-01,2.824375629424999978e-01,3.040429651737199812e-01
3.105618953704800123e-01,3.306612670421599787e-01,3.040429651737199812e-01,3.236367106437699759e-01
3.306612670421599787e-01,3.486474156379700262e-01,3.236367106437699759e-01,3.410708308219900231e-01
3.486474156379700262e-01,3.644808530807500113e-01,3.410708308219900231e-01,3.563443720340699894e-01
3.644808530807500113e-01,3.782282173633599864e-01,3.563443720340699894e-01,3.695593774318700064e-01
3.782282173633599864e-01,3.915150463581100193e-01,3.695593774318700064e-01,3.823676407337199823e-01
3.915150463581100193e-01,4.054792225360899782e-01,3.823676407337199823e-01,3.959155678749100016e-01
4.054792225360899782e-01,4.199815094470999988e-01,3.959155678749100016e-01,4.100767970085100189e-01
4.199815094470999988e-01,4.348673224449199903e-01,4.100767970085100189e-01,4.247095286846199746e-01
4.348673224449199903e-01,4.499634802341500039e-01,4.247095286846199746e-01,4.396528303623200018e-01
4.499634802341500039e-01,4.650943875312800180e-01,4.396528303623200018e-01,4.547316730022399889e-01
4.650943875312800180e-01,4.800806045532199917e-01,4.547316730022399889e-01,4.697616696357699850e-01
4.800806045532199917e-01,4.947459101676899840e-01,4.697616696357699850e-01,4.845586121082299802e-01
4.947459101676899840e-01,5.089289546012899512e-01,4.845586121082299802e-01,4.989509880542800091e-01
5.089289546012899512e-01,5.225045680999800268e-01,4.989509880542800091e-01,5.127940773963900467e-01
5.225045680999800268e-01,5.353713631629900549e-01,5.127940773963900467e-01,5.259774923324600504e-01
5.353713631629900549e-01,5.474801659583999891e-01,5.259774923324600504e-01,5.384435057640100109e-01
5.474801659583999891e-01,5.588416457176199614e-01,5.384435057640100109e-01,5.501809120178200452e-01
5.588416457176199614e-01,5.694871544838000510e-01,5.501809120178200452e-01,5.611319541931200083e-01
5.694871544838000510e-01,5.790671706199600477e-01,5.611319541931200083e-01,5.705813169479400093e-01
5.790671706199600477e-01,5.837956070900000016e-01,5.705813169479400093e-01,5.746452808380100308e-01
5.837956070900000016e-01,5.833689570426899840e-01,5.746452808380100308e-01,5.740554928779599830e-01
5.833689570426899840e-01,5.831081867217999815e-01,5.740554928779599830e-01,5.737388134002699980e-01
5.831081867217999815e-01,5.829309225082399681e-01,5.737388134002699980e-01,5.735082030296300148e-01
5.829309225082399681e-01,5.827891826629599814e-01,5.735082030296300148e-01,5.733129382133500540e-01
5.827891826629599814e-01,5.826629996299700354e-01,5.733129382133500540e-01,5.731346011161799758e-01
5.826629996299700354e-01,5.825440287590000210e-01,5.731346011161799758e-01,5.729651451110799876e-01
5.825440287590000210e-01,5.824285745620699783e-01,5.729651451110799876e-01,5.728006362915000205e-01
5.824285745620699783e-01,5.823149085044899698e-01,5.728006362915000205e-01,5.726389884948700493e-01
5.823149085044899698e-01,5.822020173072800509e-01,5.726389884948700493e-01,5.724789500236500128e-01
5.822020173072800509e-01,5.820894241333000041e-01,5.724789500236500128e-01,5.723196864128099470e-01
5.820894241333000041e-01,5.819767117500299625e-01,5.723196864128099470e-01,5.721607208251999754e-01
5.819767117500299625e-01,5.818637013435400407e-01,5.721607208251999754e-01,5.720016360282900170e-01
5.818637013435400407e-01,5.817502140998800364e-01,5.720016360282900170e-01,5.718421339988699614e-01
5.817502140998800364e-01,5.816360712051400483e-01,5.718421339988699614e-01,5.716820359230000426e-01
5.816360712051400483e-01,5.815211534500099866e-01,5.716820359230000426e-01,5.715211629867600340e-01
5.815211534500099866e-01,5.814054608344999542e-01,5.715211629867600340e-01,5.713593959808299649e-01
5.814054608344999542e-01,5.812889337539699497e-01,5.713593959808299649e-01,5.711966156959500385e-01
5.812889337539699497e-01,5.811714529991099942e-01,5.711966156959500385e-01,5.710327625274700392e-01
5.811714529991099942e-01,5.810530185699499528e-01,5.710327625274700392e-01,5.708677172660799881e-01
5.810530185699499528e-01,5.809336304664599604e-01,5.708677172660799881e-01,5.707014799117999804e-01
5.809336304664599604e-01,5.808132290840100076e-01,5.707014799117999804e-01,5.705339908599900145e-01
5.808132290840100076e-01,5.806918740272499768e-01,5.705339908599900145e-01,5.703651905059800020e-01
5.806918740272499768e-01,5.805695056915299856e-01,5.703651905059800020e-01,5.701951980590800328e-01
5.805695056915299856e-01,5.804460644722000406e-01,5.701951980590800328e-01,5.700238347053500076e-01
5.804460644722000406e-01,5.803216695785500256e-01,5.700238347053500076e-01,5.698512196540800323e-01
5.803216695785500256e-01,5.801962614059400503e-01,5.698512196540800323e-01,5.696772336959800009e-01
5.801962614059400503e-01,5.800698995590199969e-01,5.696772336959800009e-01,5.695020556449900129e-01
5.800698995590199969e-01,5.799425840377799846e-01,5.695020556449900129e-01,5.693255662918099702e-01
5.799425840377799846e-01,5.798142552375800118e-01,5.693255662918099702e-01,5.691478252410899774e-01
5.798142552375800118e-01,5.796850323677099626e-01,5.691478252410899774e-01,5.689688324928300345e-01
5.796850323677099626e-01,5.795549154281599558e-01,5.689688324928300345e-01,5.687887072563200253e-01
5.795549154281599558e-01,5.794238448142999820e-01,5.687887072563200253e-01,5.686073899269099563e-01
5.794238448142999820e-01,5.792919993400600376e-01,5.686073899269099563e-01,5.684249401092500431e-01
5.792919993400600376e-01,5.791593194007900181e-01,5.684249401092500431e-01,5.682414174079899460e-01
5.791593194007900181e-01,5.790258049964900344e-01,5.682414174079899460e-01,5.680568218231200062e-01
5.790258049964900344e-01,5.788915753364599626e-01,5.680568218231200062e-01,5.678712129592899949e-01
5.788915753364599626e-01,5.787565708160400391e-01,5.678712129592899949e-01,5.676846504211400246e-01
5.787565708160400391e-01,5.786209106445300288e-01,5.676846504211400246e-01,5.674971938133199778e-01
5.786209106445300288e-01,5.784846544265700441e-01,5.674971938133199778e-01,5.673088431358299655e-01
5.784846544265700441e-01,5.783477425575299646e-01,5.673088431358299655e-01,5.671197175979599825e-01
5.783477425575299646e-01,5.782102346420300298e-01,5.671197175979599825e-01,5.669298768043500303e-01
5.782102346420300298e-01,5.780722498893700045e-01,5.669298768043500303e-01,5.667392611503599964e-01
5.780722498893700045e-01,5.779337286949199903e-01,5.667392611503599964e-01,5.665480494499199882e-01
5.779337286949199903e-01,5.777948498725899995e-01,5.665480494499199882e-01,5.663561820983900041e-01
5.777948498725899995e-01,5.776554942131000292e-01,5.663561820983900041e-01,5.661638379097000406e-01
5.776554942131000292e-01,5.775157809257499553e-01,5.661638379097000406e-01,5.659709572792099852e-01
5.775157809257499553e-01,5.773757696151700092e-01,5.659709572792099852e-01,5.657775998115499583e-01
5.773757696151700092e-01,5.772354006767299595e-01,5.657775998115499583e-01,5.655838847160300498e-01
5.772354006767299595e-01,5.770948529243500325e-01,5.655838847160300498e-01,5.653898119926500376e-01
5.770948529243500325e-01,5.769540667533900047e-01,5.653898119926500376e-01,5.651953816413900489e-01
5.769540667533900047e-01,5.768130421638499872e-01,5.651953816413900489e-01,5.650006532669099579e-01
5.768130421638499872e-01,5.766717791557299799e-01,5.650006532669099579e-01,5.648055672645599934e-01
5.766717791557299799e-01,5.765303373336799764e-01,5.648055672645599934e-01,5.646101236343400442e-01
5.765303373336799764e-01,5.763886570930499831e-01,5.646101236343400442e-01,5.644142627716099980e-01
5.763886570930499831e-01,5.762466788291900066e-01,5.644142627716099980e-01,5.642178654670699789e-01
5.762466788291900066e-01,5.761043429374700375e-01,5.642178654670699789e-01,5.640207529067999825e-01
5.761043429374700375e-01,5.759614109992999831e-01,5.640207529067999825e-01,5.638225674629200324e-01
5.759614109992999831e-01,5.758176445960999645e-01,5.638225674629200324e-01,5.636229515075700247e-01
5.758176445960999645e-01,5.756725668907199944e-01,5.636229515075700247e-01,5.634211301803599969e-01
5.756725668907199944e-01,5.755253434181200056e-01,5.634211301803599969e-01,5.632159709930399938e-01
5.755253434181200056e-01,5.753749608993500297e-01,5.632159709930399938e-01,5.630063414573700520e-01
5.753749608993500297e-01,5.752208828926099748e-01,5.630063414573700520e-01,5.627931952476500355e-01
5.752208828926099748e-01,5.750722885131800410e-01,5.627931952476500355e-01,5.625928640365599476e-01
5.750722885131800410e-01,5.749999880790700457e-01,5.625928640365599476e-01,5.625000000000000000e-01
0.000000000000000000e+00,3.286890452727700158e-03,0.000000000000000000e+00,3.090729005634799877e-03
3.286890452727700158e-03,7.273128721863000162e-03,3.090729005634799877e-03,6.856158841401300413e-03
7.273128721863000162e-03,1.220794767141300009e-02,6.856158841401300413e-03,1.148200314492000065e-02
1.220794767141300009e-02,1.817031204700500155e-02,1.148200314492000065e-02,1.713320985436399962e-02
1.817031204700500155e-02,2.554717473685700138e-02,1.713320985436399962e-02,2.404939010739300109e-02
2.554717473685700138e-02,3.416171297430999759e-02,2.404939010739300109e-02,3.227771073579800004e-02
3.416171297430999759e-02,4.455016553401899837e-02,3.227771073579800004e-02,4.213885590434100076e-02
4.455016553401899837e-02,5.659952759742700040e-02,4.213885590434100076e-02,5.371324717998499781e-02
5.659952759742700040e-02,7.055910676717799812e-02,5.371324717998499781e-02,6.720279157161700156e-02
7.055910676717799812e-02,8.658579736947999428e-02,6.720279157161700156e-02,8.276819437742199970e-02
8.658579736947999428e-02,1.046874895691899954e-01,8.276819437742199970e-02,1.004533022642099954e-01
1.046874895691899954e-01,1.247227042913399975e-01,1.004533022642099954e-01,1.201864778995500038e-01
1.247227042913399975e-01,1.466047465801199878e-01,1.201864778995500038e-01,1.418361365795099971e-01
1.466047465801199878e-01,1.700660288333900039e-01,1.418361365795099971e-01,1.651211529970199876e-01
1.700660288333900039e-01,1.947157680988300110e-01,1.651211529970199876e-01,1.896283626556400093e-01
1.947157680988300110e-01,2.201033532619499911e-01,1.896283626556400093e-01,2.148627042770399898e-01
2.201033532619499911e-01,2.455507665872599943e-01,2.148627042770399898e-01,2.401490956544899968e-01
2.455507665872599943e-01,2.705151736736299828e-01,2.401490956544899968e-01,2.648985087871599808e-01
2.705151736736299828e-01,2.944433689117399999e-01,2.648985087871599808e-01,2.885309159755700126e-01
2.944433689117399999e-01,3.168455660343200142e-01,2.885309159755700126e-01,3.105618953704800123e-01
3.168455660343200142e-01,3.373919129371599768e-01,3.105618953704800123e-01,3.306612670421599787e-01
3.373919129371599768e-01,3.558644950389899808e-01,3.306612670421599787e-01,3.486474156379700262e-01
3.558644950389899808e-01,3.721857070922899857e-01,3.486474156379700262e-01,3.644808530807500113e-01
3.721857070922899857e-01,3.863919079303699822e-01,3.644808530807500113e-01,3.782282173633599864e-01
3.863919079303699822e-01,4.000603854656200054e-01,3.782282173633599864e-01,3.915150463581100193e-01
4.000603854656200054e-01,4.143362343311299822e-01,3.915150463581100193e-01,4.054792225360899782e-01
4.143362343311299822e-01,4.290801286697399908e-01,4.054792225360899782e-01,4.199815094470999988e-01
4.290801286697399908e-01,4.441334009170500030e-01,4.199815094470999988e-01,4.348673224449199903e-01
4.441334009170500030e-01,4.593081474304199774e-01,4.348673224449199903e-01,4.499634802341500039e-01
4.593081474304199774e-01,4.744368493557000188e-01,4.499634802341500039e-01,4.650943875312800180e-01
4.744368493557000188e-01,4.893495738506299930e-01,4.650943875312800180e-01,4.800806045532199917e-01
4.893495738506299930e-01,5.038793087005599691e-01,4.800806045532199917e-01,4.947459101676899840e-01
5.038793087005599691e-01,5.178628563880900426e-01,4.947459101676899840e-01,5.089289546012899512e-01
5.178628563880900426e-01,5.311954617500299625e-01,5.089289546012899512e-01,5.225045680999800268e-01
5.311954617500299625e-01,5.437758564949000117e-01,5.225045680999800268e-01,5.353713631629900549e-01
5.437758564949000117e-01,5.555380582809400503e-01,5.353713631629900549e-01,5.474801659583999891e-01
5.555380582809400503e-01,5.664808154106100169e-01,5.474801659583999891e-01,5.588416457176199614e-01
5.664808154106100169e-01,5.766327381133999896e-01,5.588416457176199614e-01,5.694871544838000510e-01
5.766327381133999896e-01,5.860289335250900011e-01,5.694871544838000510e-01,5.790671706199600477e-01
5.860289335250900011e-01,5.922418236732499564e-01,5.790671706199600477e-01,5.837956070900000016e-01
5.922418236732499564e-01,5.919756293296799532e-01,5.837956070900000016e-01,5.833689570426899840e-01
5.919756293296799532e-01,5.918164253234899919e-01,5.833689570426899840e-01,5.831081867217999815e-01
5.918164253234899919e-01,5.917202234268199579e-01,5.831081867217999815e-01,5.829309225082399681e-01
5.917202234268199579e-01,5.916476249694799794e-01,5.829309225082399681e-01,5.827891826629599814e-01
5.916476249694799794e-01,5.915837287902799835e-01,5.827891826629599814e-01,5.826629996299700354e-01
5.915837287902799835e-01,5.915230512618999681e-01,5.826629996299700354e-01,5.825440287590000210e-01
5.915230512618999681e-01,5.914636254310600139e-01,5.825440287590000210e-01,5.824285745620699783e-01
5.914636254310600139e-01,5.914046168327300457e-01,5.824285745620699783e-01,5.823149085044899698e-01
5.914046168327300457e-01,5.913455486297599650e-01,5.823149085044899698e-01,5.822020173072800509e-01
5.913455486297599650e-01,5.912863612175000005e-01,5.822020173072800509e-01,5.820894241333000041e-01
5.912863612175000005e-01,5.912268161773700514e-01,5.820894241333000041e-01,5.819767117500299625e-01
5.912268161773700514e-01,5.911668539047200133e-01,5.819767117500299625e-01,5.818637013435400407e-01
5.911668539047200133e-01,5.911064743995699811e-01,5.818637013435400407e-01,5.817502140998800364e-01
5.911064743995699811e-01,5.910456180572499774e-01,5.817502140998800364e-01,5.816360712051400483e-01
5.910456180572499774e-01,5.909842252731299928e-01,5.816360712051400483e-01,5.815211534500099866e-01
5.909842252731299928e-01,5.909222960472100272e-01,5.815211534500099866e-01,5.814054608344999542e-01
5.909222960472100272e-01,5.908598303794899698e-01,5.814054608344999542e-01,5.812889337539699497e-01
5.908598303794899698e-01,5.907967686653099459e-01,5.812889337539699497e-01,5.811714529991099942e-01
5.907967686653099459e-01,5.907331705093400442e-01,5.811714529991099942e-01,5.810530185699499528e-01
5.907331705093400442e-01,5.906690359115599476e-01,5.810530185699499528e-01,5.809336304664599604e-01
5.906690359115599476e-01,5.906042456626899861e-01,5.809336304664599604e-01,5.808132290840100076e-01
5.906042456626899861e-01,5.905389785766600452e-01,5.808132290840100076e-01,5.806918740272499768e-01
5.905389785766600452e-01,5.904731154441800189e-01,5.806918740272499768e-01,5.805695056915299856e-01
5.904731154441800189e-01,5.904066562652600103e-01,5.805695056915299856e-01,5.804460644722000406e-01
5.904066562652600103e-01,5.903397202491800222e-01,5.804460644722000406e-01,5.803216695785500256e-01
5.903397202491800222e-01,5.902721881866499487e-01,5.803216695785500256e-01,5.801962614059400503e-01
5.902721881866499487e-01,5.902041792869600068e-01,5.801962614059400503e-01,5.800698995590199969e-01
5.902041792869600068e-01,5.901356339454699729e-01,5.800698995590199969e-01,5.799425840377799846e-01
5.901356339454699729e-01,5.900665521621699661e-01,5.799425840377799846e-01,5.798142552375800118e-01
5.900665521621699661e-01,5.899970531463599732e-01,5.798142552375800118e-01,5.796850323677099626e-01
5.899970531463599732e-01,5.899270772933999929e-01,5.796850323677099626e-01,5.795549154281599558e-01
5.899270772933999929e-01,5.898566246032700411e-01,5.795549154281599558e-01,5.794238448142999820e-01
5.898566246032700411e-01,5.897857546806299922e-01,5.794238448142999820e-01,5.792919993400600376e-01
5.897857546806299922e-01,5.897144675254799573e-01,5.792919993400600376e-01,5.791593194007900181e-01
5.897144675254799573e-01,5.896427631378200473e-01,5.791593194007900181e-01,5.790258049964900344e-01
5.896427631378200473e-01,5.895707011222800498e-01,5.790258049964900344e-01,5.788915753364599626e-01
5.895707011222800498e-01,5.894982814788799486e-01,5.788915753364599626e-01,5.787565708160400391e-01
5.894982814788799486e-01,5.894255638122599672e-01,5.787565708160400391e-01,5.786209106445300288e-01
5.894255638122599672e-01,5.893524885177600092e-01,5.786209106445300288e-01,5.784846544265700441e-01
5.893524885177600092e-01,5.892791748046900535e-01,5.784846544265700441e-01,5.783477425575299646e-01
5.892791748046900535e-01,5.892055630683900036e-01,5.783477425575299646e-01,5.782102346420300298e-01
5.892055630683900036e-01,5.891317129135099639e-01,5.782102346420300298e-01,5.780722498893700045e-01
5.891317129135099639e-01,5.890576839447000390e-01,5.780722498893700045e-01,5.779337286949199903e-01
5.890576839447000390e-01,5.889834165573100133e-01,5.779337286949199903e-01,5.777948498725899995e-01
5.889834165573100133e-01,5.889090299606299928e-01,5.777948498725899995e-01,5.776554942131000292e-01
5.889090299606299928e-01,5.888344645500199759e-01,5.776554942131000292e-01,5.775157809257499553e-01
5.888344645500199759e-01,5.887597799301099721e-01,5.775157809257499553e-01,5.773757696151700092e-01
5.887597799301099721e-01,5.886850357055699590e-01,5.773757696151700092e-01,5.772354006767299595e-01
5.886850357055699590e-01,5.886101722717299589e-01,5.772354006767299595e-01,5.770948529243500325e-01
5.886101722717299589e-01,5.885353088378899589e-01,5.770948529243500325e-01,5.769540667533900047e-01
5.885353088378899589e-01,5.884603261947599639e-01,5.769540667533900047e-01,5.768130421638499872e-01
5.884603261947599639e-01,5.883854031562799625e-01,5.768130421638499872e-01,5.766717791557299799e-01
5.883854031562799625e-01,5.883104205131499675e-01,5.766717791557299799e-01,5.765303373336799764e-01
5.883104205131499675e-01,5.882354378700299646e-01,5.765303373336799764e-01,5.763886570930499831e-01
5.882354378700299646e-01,5.881603956222499763e-01,5.763886570930499831e-01,5.762466788291900066e-01
5.881603956222499763e-01,5.880853533744799799e-01,5.762466788291900066e-01,5.761043429374700375e-01
5.880853533744799799e-01,5.880102515220599901e-01,5.761043429374700375e-01,5.759614109992999831e-01
5.880102515220599901e-01,5.879349708557100040e-01,5.759614109992999831e-01,5.758176445960999645e-01
5.879349708557100040e-01,5.878593325614900333e-01,5.758176445960999645e-01,5.756725668907199944e-01
5.878593325614900333e-01,5.877830982208299693e-01,5.756725668907199944e-01,5.755253434181200056e-01
5.877830982208299693e-01,5.877057909965499594e-01,5.755253434181200056e-01,5.753749608993500297e-01
5.877057909965499594e-01,5.876264572143600207e-01,5.753749608993500297e-01,5.752208828926099748e-01
5.876264572143600207e-01,5.875465273857100046e-01,5.752208828926099748e-01,5.750722885131800410e-01
5.875465273857100046e-01,5.874999761581399804e-01,5.750722885131800410e-01,5.749999880790700457e-01
0.000000000000000000e+00,3.467059461399899824e-03,0.000000000000000000e+00,3.286890452727700158e-03
3.467059461399899824e-03,7.740418892353800005e-03,3.286890452727700158e-03,7.273128721863000162e-03
7.740418892353800005e-03,1.296659465879199981e-02,7.273128721863000162e-03,1.220794767141300009e-02
1.296659465879199981e-02,1.924772933125500074e-02,1.220794767141300009e-02,1.817031204700500155e-02
1.924772933125500074e-02,2.689356729388199876e-02,1.817031204700500155e-02,2.554717473685700138e-02
2.689356729388199876e-02,3.591239452362100099e-02,2.554717473685700138e-02,3.416171297430999759e-02
3.591239452362100099e-02,4.667023941874499926e-02,3.416171297430999759e-02,4.455016553401899837e-02
4.667023941874499926e-02,5.902398005127899860e-02,4.455016553401899837e-02,5.659952759742700040e-02
5.902398005127899860e-02,7.334772497415499581e-02,5.659952759742700040e-02,7.055910676717799812e-02
7.334772497415499581e-02,8.970045298337900319e-02,7.055910676717799812e-02,8.658579736947999428e-02
8.970045298337900319e-02,1.080728098750100008e-01,8.658579736947999428e-02,1.046874895691899954e-01
1.080728098750100008e-01,1.283252984285400133e-01,1.046874895691899954e-01,1.247227042913399975e-01
1.283252984285400133e-01,1.504163295030599978e-01,1.247227042913399975e-01,1.466047465801199878e-01
1.504163295030599978e-01,1.740690469741799917e-01,1.466047465801199878e-01,1.700660288333900039e-01
1.740690469741799917e-01,1.988940387964200085e-01,1.700660288333900039e-01,1.947157680988300110e-01
1.988940387964200085e-01,2.244472652673699942e-01,1.947157680988300110e-01,2.201033532619499911e-01
2.244472652673699942e-01,2.500654757022899854e-01,2.201033532619499911e-01,2.455507665872599943e-01
2.500654757022899854e-01,2.752077877521499905e-01,2.455507665872599943e-01,2.705151736736299828e-01
2.752077877521499905e-01,2.993481159210200082e-01,2.705151736736299828e-01,2.944433689117399999e-01
2.993481159210200082e-01,3.219811320304900026e-01,2.944433689117399999e-01,3.168455660343200142e-01
3.219811320304900026e-01,3.427798449993100238e-01,3.168455660343200142e-01,3.373919129371599768e-01
3.427798449993100238e-01,3.615127205848699954e-01,3.373919129371599768e-01,3.558644950389899808e-01
3.615127205848699954e-01,3.780843317508699730e-01,3.558644950389899808e-01,3.721857070922899857e-01
3.780843317508699730e-01,3.925168216228500095e-01,3.721857070922899857e-01,3.863919079303699822e-01
3.925168216228500095e-01,4.063687026500700239e-01,3.863919079303699822e-01,4.000603854656200054e-01
4.063687026500700239e-01,4.208065867424000128e-01,4.000603854656200054e-01,4.143362343311299822e-01
4.208065867424000128e-01,4.356877207755999737e-01,4.143362343311299822e-01,4.290801286697399908e-01
4.356877207755999737e-01,4.508514106273699973e-01,4.290801286697399908e-01,4.441334009170500030e-01
4.508514106273699973e-01,4.661026597023000262e-01,4.441334009170500030e-01,4.593081474304199774e-01
4.661026597023000262e-01,4.812853336334200205e-01,4.593081474304199774e-01,4.744368493557000188e-01
4.812853336334200205e-01,4.962271749973299895e-01,4.744368493557000188e-01,4.893495738506299930e-01
4.962271749973299895e-01,5.107598304748499629e-01,4.893495738506299930e-01,5.038793087005599691e-01
5.107598304748499629e-01,5.247218608856200062e-01,5.038793087005599691e-01,5.178628563880900426e-01
5.247218608856200062e-01,5.380166769027699969e-01,5.178628563880900426e-01,5.311954617500299625e-01
5.380166769027699969e-01,5.505321025848399774e-01,5.311954617500299625e-01,5.437758564949000117e-01
5.505321025848399774e-01,5.622025132179300222e-01,5.437758564949000117e-01,5.555380582809400503e-01
5.622025132179300222e-01,5.729925632476799979e-01,5.555380582809400503e-01,5.664808154106100169e-01
5.729925632476799979e-01,5.828785896301299507e-01,5.664808154106100169e-01,5.766327381133999896e-01
5.828785896301299507e-01,5.918686389923100144e-01,5.766327381133999896e-01,5.860289335250900011e-01
5.918686389923100144e-01,6.000000238418600196e-01,5.860289335250900011e-01,5.922418236732499564e-01
6.000000238418600196e-01,6.000000238418600196e-01,5.922418236732499564e-01,5.919756293296799532e-01
6.000000238418600196e-01,6.000000238418600196e-01,5.919756293296799532e-01,5.918164253234899919e-01
6.000000238418600196e-01,6.000000238418600196e-01,5.918164253234899919e-01,5.917202234268199579e-01
6.000000238418600196e-01,6.000000238418600196e-01,5.917202234268199579e-01,5.916476249694799794e-01
6.000000238418600196e-01,6.000000238418600196e-01,5.916476249694799794e-01,5.915837287902799835e-01
6.000000238418600196e-01,6.000000238418600196e-01,5.915837287902799835e-01,5.915230512618999681e-01
6.000000238418600196e-01,6.000000238418600196e-01,5.915230512618999681e-01,5.914636254310600139e-01
6.000000238418600196e-01,6.000000238418600196e-01,5.914636254310600139e-01,5.914046168327300457e-01
6.000000238418600196e-01,6.000000238418600196e-01,5.914046168327300457e-01,5.913455486297599650e-01
6.000000238418600196e-01,6.000000238418600196e-01,5.913455486297599650e-01,5.912863612175000005e-01
6.000000238418600196e-01,6.000000238418600196e-01,5.912863612175000005e-01,5.912268161773700514e-01
6.000000238418600196e-01,6.000000238418600196e-01,5.912268161773700514e-01,5.911668539047200133e-01
6.000000238418600196e-01,6.000000238418600196e-01,5.911668539047200133e-01,5.911064743995699811e-01
6.000000238418600196e-01,6.000000238418600196e-01,5.911064743995699811e-01,5.910456180572499774e-01
6.000000238418600196e-01,6.000000238418600196e-01,5.910456180572499774e-01,5.909842252731299928e-01
6.000000238418600196e-01,6.000000238418600196e-01,5.909842252731299928e-01,5.909222960472100272e-01
6.000000238418600196e-01,6.000000238418600196e-01,5.909222960472100272e-01,5.908598303794899698e-01
6.000000238418600196e-01,6.000000238418600196e-01,5.908598303794899698e-01,5.907967686653099459e-01
6.000000238418600196e-01,6.000000238418600196e-01,5.907967686653099459e-01,5.907331705093400442e-01
6.000000238418600196e-01,6.000000238418600196e-01,5.907331705093400442e-01,5.906690359115599476e-01
6.000000238418600196e-01,6.000000238418600196e-01,5.906690359115599476e-01,5.906042456626899861e-01
6.000000238418600196e-01,6.000000238418600196e-01,5.906042456626899861e-01,5.905389785766600452e-01
6.000000238418600196e-01,6.000000238418600196e-01,5.905389785766600452e-01,5.904731154441800189e-01
6.000000238418600196e-01,6.000000238418600196e-01,5.904731154441800189e-01,5.904066562652600103e-01
6.000000238418600196e-01,6.000000238418600196e-01,5.904066562652600103e-01,5.903397202491800222e-01
6.000000238418600196e-01,6.000000238418600196e-01,5.903397202491800222e-01,5.902721881866499487e-01
6.000000238418600196e-01,6.000000238418600196e-01,5.902721881866499487e-01,5.902041792869600068e-01
6.000000238418600196e-01,6.000000238418600196e-01,5.902041792869600068e-01,5.901356339454699729e-01
6.000000238418600196e-01,6.000000238418600196e-01,5.901356339454699729e-01,5.900665521621699661e-01
6.000000238418600196e-01,6.000000238418600196e-01,5.900665521621699661e-01,5.899970531463599732e-01
6.000000238418600196e-01,6.000000238418600196e-01,5.899970531463599732e-01,5.899270772933999929e-01
6.000000238418600196e-01,6.000000238418600196e-01,5.899270772933999929e-01,5.898566246032700411e-01
6.000000238418600196e-01,6.000000238418600196e-01,5.898566246032700411e-01,5.897857546806299922e-01
6.000000238418600196e-01,6.000000238418600196e-01,5.897857546806299922e-01,5.897144675254799573e-01
6.000000238418600196e-01,6.000000238418600196e-01,5.897144675254799573e-01,5.896427631378200473e-01
6.000000238418600196e-01,6.000000238418600196e-01,5.896427631378200473e-01,5.895707011222800498e-01
6.000000238418600196e-01,6.000000238418600196e-01,5.895707011222800498e-01,5.894982814788799486e-01
6.000000238418600196e-01,6.000000238418600196e-01,5.894982814788799486e-01,5.894255638122599672e-01
6.000000238418600196e-01,6.000000238418600196e-01,5.894255638122599672e-01,5.893524885177600092e-01
6.000000238418600196e-01,6.000000238418600196e-01,5.893524885177600092e-01,5.892791748046900535e-01
6.000000238418600196e-01,6.000000238418600196e-01,5.892791748046900535e-01,5.892055630683900036e-01
6.000000238418600196e-01,6.000000238418600196e-01,5.892055630683900036e-01,5.891317129135099639e-01
6.000000238418600196e-01,6.000000238418600196e-01,5.891317129135099639e-01,5.890576839447000390e-01
6.000000238418600196e-01,6.000000238418600196e-01,5.890576839447000390e-01,5.889834165573100133e-01
6.000000238418600196e-01,6.000000238418600196e-01,5.889834165573100133e-01,5.889090299606299928e-01
6.000000238418600196e-01,6.000000238418600196e-01,5.889090299606299928e-01,5.888344645500199759e-01
6.000000238418600196e-01,6.000000238418600196e-01,5.888344645500199759e-01,5.887597799301099721e-01
6.000000238418600196e-01,6.000000238418600196e-01,5.887597799301099721e-01,5.886850357055699590e-01
6.000000238418600196e-01,6.000000238418600196e-01,5.886850357055699590e-01,5.886101722717299589e-01
6.000000238418600196e-01,6.000000238418600196e-01,5.886101722717299589e-01,5.885353088378899589e-01
6.000000238418600196e-01,6.000000238418600196e-01,5.885353088378899589e-01,5.884603261947599639e-01
6.000000238418600196e-01,6.000000238418600196e-01,5.884603261947599639e-01,5.883854031562799625e-01
6.000000238418600196e-01,6.000000238418600196e-01,5.883854031562799625e-01,5.883104205131499675e-01
6.000000238418600196e-01,6.000000238418600196e-01,5.883104205131499675e-01,5.882354378700299646e-01
6.000000238418600196e-01,6.000000238418600196e-01,5.882354378700299646e-01,5.881603956222499763e-01
6.000000238418600196e-01,6.000000238418600196e-01,5.881603956222499763e-01,5.880853533744799799e-01
6.000000238418600196e-01,6.000000238418600196e-01,5.880853533744799799e-01,5.880102515220599901e-01
6.000000238418600196e-01,6.000000238418600196e-01,5.880102515220599901e-01,5.879349708557100040e-01
6.000000238418600196e-01,6.000000238418600196e-01,5.879349708557100040e-01,5.878593325614900333e-01
6.000000238418600196e-01,6.000000238418600196e-01,5.878593325614900333e-01,5.877830982208299693e-01
6.000000238418600196e-01,6.000000238418600196e-01,5.877830982208299693e-01,5.877057909965499594e-01
6.000000238418600196e-01,6.000000238418600196e-01,5.877057909965499594e-01,5.876264572143600207e-01
6.000000238418600196e-01,6.000000238418600196e-01,5.876264572143600207e-01,5.875465273857100046e-01
6.000000238418600196e-01,6.000000238418600196e-01,5.875465273857100046e-01,5.874999761581399804e-01
