-6.006277399137599894e-04,2.739974879659699846e-04,0.000000000000000000e+00,9.787802118808000724e-04
2.739974879659699846e-04,1.770695205777900010e-03,9.787802118808000724e-04,2.319769700989099837e-03
1.770695205777900010e-03,3.656371030956499790e-03,2.319769700989099837e-03,4.152681678533600047e-03
3.656371030956499790e-03,6.162302102893599601e-03,4.152681678533600047e-03,6.649911403655999788e-03
6.162302102893599601e-03,9.538454934954599881e-03,6.649911403655999788e-03,1.003734208643400003e-02
9.538454934954599881e-03,1.408184692263599914e-02,1.003734208643400003e-02,1.460506580769999931e-02
1.408184692263599914e-02,2.015550807118399873e-02,1.460506580769999931e-02,2.071520313620599935e-02
2.015550807118399873e-02,2.819173969328400003e-02,2.071520313620599935e-02,2.880160138010999862e-02
2.819173969328400003e-02,3.867672383785199924e-02,2.880160138010999862e-02,3.935324773192400150e-02
3.867672383785199924e-02,5.210740864276899864e-02,3.935324773192400150e-02,5.287060514092400271e-02
5.210740864276899864e-02,6.891124695539499467e-02,5.287060514092400271e-02,6.978470832109499866e-02
6.891124695539499467e-02,8.932726085186000475e-02,6.978470832109499866e-02,9.033711999654800429e-02
8.932726085186000475e-02,1.132664382457699986e-01,9.033711999654800429e-02,1.144383922219300020e-01
1.132664382457699986e-01,1.401965916156799885e-01,1.144383922219300020e-01,1.415509134531000024e-01
1.401965916156799885e-01,1.691157519817400035e-01,1.415509134531000024e-01,1.706614047288899927e-01
1.691157519817400035e-01,1.986628323793399875e-01,1.706614047288899927e-01,2.003933340311100098e-01
1.986628323793399875e-01,2.273564338684100072e-01,2.003933340311100098e-01,2.292495071887999947e-01
2.273564338684100072e-01,2.538805603980999748e-01,2.292495071887999947e-01,2.559017539024400212e-01
2.538805603980999748e-01,2.773068845272099736e-01,2.559017539024400212e-01,2.794151008129099889e-01
2.773068845272099736e-01,2.971821427345299749e-01,2.794151008129099889e-01,2.993346154689799921e-01
2.971821427345299749e-01,3.134830296039600173e-01,2.993346154689799921e-01,3.156378865241999954e-01
3.134830296039600173e-01,3.264951407909399972e-01,3.156378865241999954e-01,3.286090791225400043e-01
3.264951407909399972e-01,3.366906344890600034e-01,3.286090791225400043e-01,3.386988043785100211e-01
3.366906344890600034e-01,3.450400233268700045e-01,3.386988043785100211e-01,3.464102149009700149e-01
3.450400233268700045e-01,3.539526164531699992e-01,3.464102149009700149e-01,3.546705543994900234e-01
3.539526164531699992e-01,3.630328178405800021e-01,3.546705543994900234e-01,3.636375069618200118e-01
3.630328178405800021e-01,3.727971613407100038e-01,3.636375069618200118e-01,3.733265399932900186e-01
3.727971613407100038e-01,3.832774162292499898e-01,3.733265399932900186e-01,3.837435841560399852e-01
3.832774162292499898e-01,3.944735527038599754e-01,3.837435841560399852e-01,3.948833346366900088e-01
3.944735527038599754e-01,4.063689708709700144e-01,3.948833346366900088e-01,4.067276418209099798e-01
4.063689708709700144e-01,4.189315140247300007e-01,4.067276418209099798e-01,4.192443788051600229e-01
4.189315140247300007e-01,4.321137070655799994e-01,4.192443788051600229e-01,4.323865771293600169e-01
4.321137070655799994e-01,4.458526670932799751e-01,4.323865771293600169e-01,4.460923373699199890e-01
4.458526670932799751e-01,4.600706994533499961e-01,4.460923373699199890e-01,4.602851867675800124e-01
4.600706994533499961e-01,4.746765792369799786e-01,4.602851867675800124e-01,4.748752415180200193e-01
4.746765792369799786e-01,4.895672500133499971e-01,4.748752415180200193e-01,4.897613227367400013e-01
4.895672500133499971e-01,5.046301484108000057e-01,4.897613227367400013e-01,5.048332810401899851e-01
5.046301484108000057e-01,5.197448134422300026e-01,5.048332810401899851e-01,5.199754238128699857e-01
5.197448134422300026e-01,5.347838997840900221e-01,5.199754238128699857e-01,5.350698232650800135e-01
5.347838997840900221e-01,5.496351122856100169e-01,5.350698232650800135e-01,5.500000119209299543e-01
5.496351122856100169e-01,5.644683837890599465e-01,5.500000119209299543e-01,5.648437738418600196e-01
5.644683837890599465e-01,5.793089270591700313e-01,5.648437738418600196e-01,5.796874761581399804e-01
5.793089270591700313e-01,5.941312313079799567e-01,5.796874761581399804e-01,5.945312380790700457e-01
5.941312313079799567e-01,6.089478135108900014e-01,5.945312380790700457e-01,6.093750000000000000e-01
6.089478135108900014e-01,6.237635612487799630e-01,6.093750000000000000e-01,6.242187619209299543e-01
6.237635612487799630e-01,6.385805010795599923e-01,6.242187619209299543e-01,6.390625238418600196e-01
6.385805010795599923e-01,6.533991098403899578e-01,6.390625238418600196e-01,6.539062261581399804e-01
6.533991098403899578e-01,6.682198643684400530e-01,6.539062261581399804e-01,6.687499880790700457e-01
6.682198643684400530e-01,6.830427050590499594e-01,6.687499880790700457e-01,6.835937500000000000e-01
6.830427050590499594e-01,6.978676915168799955e-01,6.835937500000000000e-01,6.984375119209299543e-01
6.978676915168799955e-01,7.126947641372699538e-01,6.984375119209299543e-01,7.132812738418600196e-01
7.126947641372699538e-01,7.275239229202300484e-01,7.132812738418600196e-01,7.281249761581399804e-01
7.275239229202300484e-01,7.423550486564599593e-01,7.281249761581399804e-01,7.429687380790700457e-01
7.423550486564599593e-01,7.571880817413300102e-01,7.429687380790700457e-01,7.578125000000000000e-01
7.571880817413300102e-01,7.720229625701899856e-01,7.578125000000000000e-01,7.726562619209299543e-01
7.720229625701899856e-01,7.868596315383900031e-01,7.726562619209299543e-01,7.875000238418600196e-01
7.868596315383900031e-01,8.016979694366499487e-01,7.875000238418600196e-01,8.023437261581399804e-01
8.016979694366499487e-01,8.165378570556599547e-01,8.023437261581399804e-01,8.171874880790700457e-01
8.165378570556599547e-01,8.313793540000899984e-01,8.171874880790700457e-01,8.320312500000000000e-01
8.313793540000899984e-01,8.462223410606399820e-01,8.320312500000000000e-01,8.468750119209299543e-01
8.462223410606399820e-01,8.610666990280200217e-01,8.468750119209299543e-01,8.617187738418600196e-01
8.610666990280200217e-01,8.759124279022200144e-01,8.617187738418600196e-01,8.765624761581399804e-01
8.759124279022200144e-01,8.907594084739699491e-01,8.765624761581399804e-01,8.914062380790700457e-01
8.907594084739699491e-01,9.056077003478999465e-01,8.914062380790700457e-01,9.062500000000000000e-01
9.056077003478999465e-01,9.204571247100800102e-01,9.062500000000000000e-01,9.210937619209299543e-01
9.204571247100800102e-01,9.353076815605200212e-01,9.210937619209299543e-01,9.359375238418600196e-01
9.353076815605200212e-01,9.501593112945599939e-01,9.359375238418600196e-01,9.507812261581399804e-01
9.501593112945599939e-01,9.650120139122000396e-01,9.507812261581399804e-01,9.656249880790700457e-01
9.650120139122000396e-01,9.798656702041600441e-01,9.656249880790700457e-01,9.804687500000000000e-01
9.798656702041600441e-01,9.947202205658000063e-01,9.804687500000000000e-01,9.953125119209299543e-01
9.947202205658000063e-01,1.009575724601700086e+00,9.953125119209299543e-01,1.010156273841900099e+00
1.009575724601700086e+00,1.024432063102699964e+00,1.010156273841900099e+00,1.024999976158099901e+00
1.024432063102699964e+00,1.039289116859400064e+00,1.024999976158099901e+00,1.039843797683700055e+00
1.039289116859400064e+00,1.054147005081200072e+00,1.039843797683700055e+00,1.054687500000000000e+00
1.054147005081200072e+00,1.069005608558700082e+00,1.054687500000000000e+00,1.069531202316299945e+00
1.069005608558700082e+00,1.083864927291900093e+00,1.069531202316299945e+00,1.084375023841900099e+00
1.083864927291900093e+00,1.098724842071499896e+00,1.084375023841900099e+00,1.099218726158099901e+00
1.098724842071499896e+00,1.113585352897600078e+00,1.099218726158099901e+00,1.114062547683700055e+00
1.113585352897600078e+00,1.128446340560899985e+00,1.114062547683700055e+00,1.128906250000000000e+00
1.128446340560899985e+00,1.143307924270599907e+00,1.128906250000000000e+00,1.143749952316299945e+00
1.143307924270599907e+00,1.158169865608200011e+00,1.143749952316299945e+00,1.158593773841900099e+00
1.158169865608200011e+00,1.173032283783000063e+00,1.158593773841900099e+00,1.173437476158099901e+00
1.173032283783000063e+00,1.187895059585599933e+00,1.173437476158099901e+00,1.188281297683700055e+00
1.187895059585599933e+00,1.202758073806799999e+00,1.188281297683700055e+00,1.203125000000000000e+00
1.202758073806799999e+00,1.217621445655800105e+00,1.203125000000000000e+00,1.217968702316299945e+00
1.217621445655800105e+00,1.232484936714199897e+00,1.217968702316299945e+00,1.232812523841900099e+00
1.232484936714199897e+00,1.247348666191099964e+00,1.232812523841900099e+00,1.247656226158099901e+00
1.247348666191099964e+00,1.262212514877300018e+00,1.247656226158099901e+00,1.262500047683700055e+00
1.262212514877300018e+00,1.277076482772800059e+00,1.262500047683700055e+00,1.277343750000000000e+00
1.277076482772800059e+00,1.291940450668300100e+00,1.277343750000000000e+00,1.292187452316299945e+00
1.291940450668300100e+00,1.306804299354600074e+00,1.292187452316299945e+00,1.307031273841900099e+00
1.306804299354600074e+00,1.321668028831499919e+00,1.307031273841900099e+00,1.321874976158099901e+00
1.321668028831499919e+00,1.336531639099100000e+00,1.321874976158099901e+00,1.336718797683700055e+00
1.336531639099100000e+00,1.351394891738900039e+00,1.336718797683700055e+00,1.351562500000000000e+00
1.351394891738900039e+00,1.366258025169400092e+00,1.351562500000000000e+00,1.366406202316299945e+00
1.366258025169400092e+00,1.381120562553399989e+00,1.366406202316299945e+00,1.381250023841900099e+00
1.381120562553399989e+00,1.395982742309600066e+00,1.381250023841900099e+00,1.396093726158099901e+00
1.395982742309600066e+00,1.410844326019299988e+00,1.396093726158099901e+00,1.410937547683700055e+00
1.410844326019299988e+00,1.425705313682599895e+00,1.410937547683700055e+00,1.425781250000000000e+00
1.425705313682599895e+00,1.440565347671499907e+00,1.425781250000000000e+00,1.440624952316299945e+00
1.440565347671499907e+00,1.455424189567599891e+00,1.440624952316299945e+00,1.455468773841900099e+00
1.455424189567599891e+00,1.470281362533599978e+00,1.455468773841900099e+00,1.470312476158099901e+00
1.470281362533599978e+00,1.485136389732399920e+00,1.470312476158099901e+00,1.485156297683700055e+00
1.485136389732399920e+00,1.500000000000000000e+00,1.485156297683700055e+00,1.500000000000000000e+00
-1.205278211273300018e-03,-5.710944533348099759e-04,-6.006277399137599894e-04,2.739974879659699846e-04
-5.710944533348099759e-04,1.004420570097900103e-03,2.739974879659699846e-04,1.770695205777900010e-03
1.004420570097900103e-03,2.971170935779799977e-03,1.770695205777900010e-03,3.656371030956499790e-03
2.971170935779799977e-03,5.502456333488199916e-03,3.656371030956499790e-03,6.162302102893599601e-03
5.502456333488199916e-03,8.878111839294400634e-03,6.162302102893599601e-03,9.538454934954599881e-03
8.878111839294400634e-03,1.340643316507299926e-02,9.538454934954599881e-03,1.408184692263599914e-02
1.340643316507299926e-02,1.945333369076299862e-02,1.408184692263599914e-02,2.015550807118399873e-02
1.945333369076299862e-02,2.745051309466400163e-02,2.015550807118399873e-02,2.819173969328400003e-02
2.745051309466400163e-02,3.788170218467699912e-02,2.819173969328400003e-02,3.867672383785199924e-02
3.788170218467699912e-02,5.124012753367399725e-02,3.867672383785199924e-02,5.210740864276899864e-02
5.124012753367399725e-02,6.794890761375399491e-02,5.210740864276899864e-02,6.891124695539499467e-02
6.794890761375399491e-02,8.824363350868200118e-02,6.891124695539499467e-02,8.932726085186000475e-02
8.824363350868200118e-02,1.120355650782599993e-01,8.932726085186000475e-02,1.132664382457699986e-01
1.120355650782599993e-01,1.387995630502699973e-01,1.132664382457699986e-01,1.401965916156799885e-01
1.387995630502699973e-01,1.675486862659499865e-01,1.401965916156799885e-01,1.691157519817400035e-01
1.675486862659499865e-01,1.969423145055800017e-01,1.691157519817400035e-01,1.986628323793399875e-01
1.969423145055800017e-01,2.255190610885600133e-01,1.986628323793399875e-01,2.273564338684100072e-01
2.255190610885600133e-01,2.519769966602299904e-01,2.273564338684100072e-01,2.538805603980999748e-01
2.519769966602299904e-01,2.753938436508199805e-01,2.538805603980999748e-01,2.773068845272099736e-01
2.753938436508199805e-01,2.953158020973200015e-01,2.773068845272099736e-01,2.971821427345299749e-01
2.953158020973200015e-01,3.117165267467499890e-01,2.971821427345299749e-01,3.134830296039600173e-01
3.117165267467499890e-01,3.248830437660200077e-01,3.134830296039600173e-01,3.264951407909399972e-01
3.248830437660200077e-01,3.353129029274000139e-01,3.264951407909399972e-01,3.366906344890600034e-01
3.353129029274000139e-01,3.438866436481500255e-01,3.366906344890600034e-01,3.450400233268700045e-01
3.438866436481500255e-01,3.527010381221800106e-01,3.450400233268700045e-01,3.539526164531699992e-01
3.527010381221800106e-01,3.619111776351899845e-01,3.539526164531699992e-01,3.630328178405800021e-01
3.619111776351899845e-01,3.717800080776200167e-01,3.630328178405800021e-01,3.727971613407100038e-01
3.717800080776200167e-01,3.823567926883699730e-01,3.727971613407100038e-01,3.832774162292499898e-01
3.823567926883699730e-01,3.936451375484499859e-01,3.832774162292499898e-01,3.944735527038599754e-01
3.936451375484499859e-01,4.056281745433800157e-01,3.944735527038599754e-01,4.063689708709700144e-01
4.056281745433800157e-01,4.182722866535200090e-01,4.063689708709700144e-01,4.189315140247300007e-01
4.182722866535200090e-01,4.315275549888599738e-01,4.189315140247300007e-01,4.321137070655799994e-01
4.315275549888599738e-01,4.453279972076399917e-01,4.321137070655799994e-01,4.458526670932799751e-01
4.453279972076399917e-01,4.595923721790299843e-01,4.458526670932799751e-01,4.600706994533499961e-01
4.595923721790299843e-01,4.742253720760299940e-01,4.600706994533499961e-01,4.746765792369799786e-01
4.742253720760299940e-01,4.891194105148299887e-01,4.746765792369799786e-01,4.895672500133499971e-01
4.891194105148299887e-01,5.041567683219899676e-01,4.895672500133499971e-01,5.046301484108000057e-01
5.041567683219899676e-01,5.192117094993600190e-01,5.046301484108000057e-01,5.197448134422300026e-01
5.192117094993600190e-01,5.341573953628500071e-01,5.197448134422300026e-01,5.347838997840900221e-01
5.341573953628500071e-01,5.489192605018600180e-01,5.347838997840900221e-01,5.496351122856100169e-01
5.489192605018600180e-01,5.636695027351400489e-01,5.496351122856100169e-01,5.644683837890599465e-01
5.636695027351400489e-01,5.784361958503699830e-01,5.644683837890599465e-01,5.793089270591700313e-01
5.784361958503699830e-01,5.931847095489499733e-01,5.793089270591700313e-01,5.941312313079799567e-01
5.931847095489499733e-01,6.079278588294999564e-01,5.941312313079799567e-01,6.089478135108900014e-01
6.079278588294999564e-01,6.226735711097699522e-01,6.089478135108900014e-01,6.237635612487799630e-01
6.226735711097699522e-01,6.374252438545200405e-01,6.237635612487799630e-01,6.385805010795599923e-01
6.374252438545200405e-01,6.521840095519999547e-01,6.385805010795599923e-01,6.533991098403899578e-01
6.521840095519999547e-01,6.669504046440100087e-01,6.533991098403899578e-01,6.682198643684400530e-01
6.669504046440100087e-01,6.817244291305499804e-01,6.682198643684400530e-01,6.830427050590499594e-01
6.817244291305499804e-01,6.965060234069799794e-01,6.830427050590499594e-01,6.978676915168799955e-01
6.965060234069799794e-01,7.112948894500700225e-01,6.978676915168799955e-01,7.126947641372699538e-01
7.112948894500700225e-01,7.260908484458900025e-01,7.126947641372699538e-01,7.275239229202300484e-01
7.260908484458900025e-01,7.408936023712200392e-01,7.275239229202300484e-01,7.423550486564599593e-01
7.408936023712200392e-01,7.557029128074600477e-01,7.423550486564599593e-01,7.571880817413300102e-01
7.557029128074600477e-01,7.705184817314100210e-01,7.571880817413300102e-01,7.720229625701899856e-01
7.705184817314100210e-01,7.853400707244899692e-01,7.720229625701899856e-01,7.868596315383900031e-01
7.853400707244899692e-01,8.001673221588100349e-01,7.868596315383900031e-01,8.016979694366499487e-01
8.001673221588100349e-01,8.150001168250999850e-01,8.016979694366499487e-01,8.165378570556599547e-01
8.150001168250999850e-01,8.298380970954899460e-01,8.165378570556599547e-01,8.313793540000899984e-01
8.298380970954899460e-01,8.446810841560400407e-01,8.313793540000899984e-01,8.462223410606399820e-01
8.446810841560400407e-01,8.595287799835199527e-01,8.462223410606399820e-01,8.610666990280200217e-01
8.595287799835199527e-01,8.743810653686500123e-01,8.610666990280200217e-01,8.759124279022200144e-01
8.743810653686500123e-01,8.892376422882100062e-01,8.759124279022200144e-01,8.907594084739699491e-01
8.892376422882100062e-01,9.040983319282499542e-01,8.907594084739699491e-01,9.056077003478999465e-01
9.040983319282499542e-01,9.189629554748499629e-01,9.056077003478999465e-01,9.204571247100800102e-01
9.189629554748499629e-01,9.338312745094300427e-01,9.204571247100800102e-01,9.353076815605200212e-01
9.338312745094300427e-01,9.487031698226899845e-01,9.353076815605200212e-01,9.501593112945599939e-01
9.487031698226899845e-01,9.635784626007100062e-01,9.501593112945599939e-01,9.650120139122000396e-01
9.635784626007100062e-01,9.784569144249000150e-01,9.650120139122000396e-01,9.798656702041600441e-01
9.784569144249000150e-01,9.933384656906100174e-01,9.798656702041600441e-01,9.947202205658000063e-01
9.933384656906100174e-01,1.008222818374600038e+00,9.947202205658000063e-01,1.009575724601700086e+00
1.008222818374600038e+00,1.023110032081600007e+00,1.009575724601700086e+00,1.024432063102699964e+00
1.023110032081600007e+00,1.037999749183700082e+00,1.024432063102699964e+00,1.039289116859400064e+00
1.037999749183700082e+00,1.052891850471499913e+00,1.039289116859400064e+00,1.054147005081200072e+00
1.052891850471499913e+00,1.067786335945100085e+00,1.054147005081200072e+00,1.069005608558700082e+00
1.067786335945100085e+00,1.082682847976699891e+00,1.069005608558700082e+00,1.083864927291900093e+00
1.082682847976699891e+00,1.097581505775500066e+00,1.083864927291900093e+00,1.098724842071499896e+00
1.097581505775500066e+00,1.112481832504299994e+00,1.098724842071499896e+00,1.113585352897600078e+00
1.112481832504299994e+00,1.127383947372400108e+00,1.113585352897600078e+00,1.128446340560899985e+00
1.127383947372400108e+00,1.142287611961400051e+00,1.128446340560899985e+00,1.143307924270599907e+00
1.142287611961400051e+00,1.157192587852500010e+00,1.143307924270599907e+00,1.158169865608200011e+00
1.157192587852500010e+00,1.172098875045799904e+00,1.158169865608200011e+00,1.173032283783000063e+00
1.172098875045799904e+00,1.187006354331999969e+00,1.173032283783000063e+00,1.187895059585599933e+00
1.187006354331999969e+00,1.201914668083200022e+00,1.187895059585599933e+00,1.202758073806799999e+00
1.201914668083200022e+00,1.216823697090100076e+00,1.202758073806799999e+00,1.217621445655800105e+00
1.216823697090100076e+00,1.231733441352800051e+00,1.217621445655800105e+00,1.232484936714199897e+00
1.231733441352800051e+00,1.246643662452699974e+00,1.232484936714199897e+00,1.247348666191099964e+00
1.246643662452699974e+00,1.261554121971099951e+00,1.247348666191099964e+00,1.262212514877300018e+00
1.261554121971099951e+00,1.276464700698900057e+00,1.262212514877300018e+00,1.277076482772800059e+00
1.276464700698900057e+00,1.291375279426600020e+00,1.277076482772800059e+00,1.291940450668300100e+00
1.291375279426600020e+00,1.306285500526400023e+00,1.291940450668300100e+00,1.306804299354600074e+00
1.306285500526400023e+00,1.321195363998399985e+00,1.306804299354600074e+00,1.321668028831499919e+00
1.321195363998399985e+00,1.336104512214699946e+00,1.321668028831499919e+00,1.336531639099100000e+00
1.336104512214699946e+00,1.351012825965899999e+00,1.336531639099100000e+00,1.351394891738900039e+00
1.351012825965899999e+00,1.365919947624200104e+00,1.351394891738900039e+00,1.366258025169400092e+00
1.365919947624200104e+00,1.380825757980300050e+00,1.366258025169400092e+00,1.381120562553399989e+00
1.380825757980300050e+00,1.395730018615700008e+00,1.381120562553399989e+00,1.395982742309600066e+00
1.395730018615700008e+00,1.410632371902500015e+00,1.395982742309600066e+00,1.410844326019299988e+00
1.410632371902500015e+00,1.425532341003399983e+00,1.410844326019299988e+00,1.425705313682599895e+00
1.425532341003399983e+00,1.440429568290700013e+00,1.425705313682599895e+00,1.440565347671499907e+00
1.440429568290700013e+00,1.455323457717899949e+00,1.440565347671499907e+00,1.455424189567599891e+00
1.455323457717899949e+00,1.470213174819900104e+00,1.455424189567599891e+00,1.470281362533599978e+00
1.470213174819900104e+00,1.485099911689800045e+00,1.470281362533599978e+00,1.485136389732399920e+00
1.485099911689800045e+00,1.500000000000000000e+00,1.485136389732399920e+00,1.500000000000000000e+00
-1.818001270294200078e-03,-1.315611531026699994e-03,-1.205278211273300018e-03,-5.710944533348099759e-04
-1.315611531026699994e-03,1.995469210669399934e-04,-5.710944533348099759e-04,1.004420570097900103e-03
1.995469210669399934e-04,2.230730373412400172e-03,1.004420570097900103e-03,2.971170935779799977e-03
2.230730373412400172e-03,4.793486092239600087e-03,2.971170935779799977e-03,5.502456333488199916e-03
4.793486092239600087e-03,8.173049427568900363e-03,5.502456333488199916e-03,8.878111839294400634e-03
8.173049427568900363e-03,1.268933527171599990e-02,8.878111839294400634e-03,1.340643316507299926e-02
1.268933527171599990e-02,1.871203817427199989e-02,1.340643316507299926e-02,1.945333369076299862e-02
1.871203817427199989e-02,2.667265571653799905e-02,1.945333369076299862e-02,2.745051309466400163e-02
2.667265571653799905e-02,3.705253452062599873e-02,2.745051309466400163e-02,3.788170218467699912e-02
3.705253452062599873e-02,5.034102126955999901e-02,3.788170218467699912e-02,5.124012753367399725e-02
5.034102126955999901e-02,6.695658713579200061e-02,5.124012753367399725e-02,6.794890761375399491e-02
6.695658713579200061e-02,8.713102340698200554e-02,6.794890761375399491e-02,8.824363350868200118e-02
8.713102340698200554e-02,1.107756271958399985e-01,8.824363350868200118e-02,1.120355650782599993e-01
1.107756271958399985e-01,1.373723894357699871e-01,1.120355650782599993e-01,1.387995630502699973e-01
1.373723894357699871e-01,1.659500002860999912e-01,1.387995630502699973e-01,1.675486862659499865e-01
1.659500002860999912e-01,1.951893270015699899e-01,1.675486862659499865e-01,1.969423145055800017e-01
1.951893270015699899e-01,2.236502766609199944e-01,1.969423145055800017e-01,2.255190610885600133e-01
2.236502766609199944e-01,2.500461041927299899e-01,2.255190610885600133e-01,2.519769966602299904e-01
2.500461041927299899e-01,2.734611332416500007e-01,2.519769966602299904e-01,2.753938436508199805e-01
2.734611332416500007e-01,2.934411466121700229e-01,2.753938436508199805e-01,2.953158020973200015e-01
2.934411466121700229e-01,3.099561333656299933e-01,2.953158020973200015e-01,3.117165267467499890e-01
3.099561333656299933e-01,3.232921361923200010e-01,3.117165267467499890e-01,3.248830437660200077e-01
3.232921361923200010e-01,3.339538276195500033e-01,3.248830437660200077e-01,3.353129029274000139e-01
3.339538276195500033e-01,3.426793515682199920e-01,3.353129029274000139e-01,3.438866436481500255e-01
3.426793515682199920e-01,3.513751626014700036e-01,3.438866436481500255e-01,3.527010381221800106e-01
3.513751626014700036e-01,3.606761693954499970e-01,3.527010381221800106e-01,3.619111776351899845e-01
3.606761693954499970e-01,3.706431090831799890e-01,3.619111776351899845e-01,3.717800080776200167e-01
3.706431090831799890e-01,3.813173472881299930e-01,3.717800080776200167e-01,3.823567926883699730e-01
3.813173472881299930e-01,3.927019536495199858e-01,3.823567926883699730e-01,3.936451375484499859e-01
3.927019536495199858e-01,4.047785997390699886e-01,3.936451375484499859e-01,4.056281745433800157e-01
4.047785997390699886e-01,4.175110757350899982e-01,4.056281745433800157e-01,4.182722866535200090e-01
4.175110757350899982e-01,4.308462440967599782e-01,4.182722866535200090e-01,4.315275549888599738e-01
4.308462440967599782e-01,4.447142481803900149e-01,4.315275549888599738e-01,4.453279972076399917e-01
4.447142481803900149e-01,4.590292870998399777e-01,4.453279972076399917e-01,4.595923721790299843e-01
4.590292870998399777e-01,4.736910760402699982e-01,4.595923721790299843e-01,4.742253720760299940e-01
4.736910760402699982e-01,4.885866343975099890e-01,4.742253720760299940e-01,4.891194105148299887e-01
4.885866343975099890e-01,5.035930275917099852e-01,4.891194105148299887e-01,5.041567683219899676e-01
5.035930275917099852e-01,5.185818076133700272e-01,5.041567683219899676e-01,5.192117094993600190e-01
5.185818076133700272e-01,5.334349274635300509e-01,5.192117094993600190e-01,5.341573953628500071e-01
5.334349274635300509e-01,5.481120944023100128e-01,5.341573953628500071e-01,5.489192605018600180e-01
5.481120944023100128e-01,5.627617239952099615e-01,5.489192605018600180e-01,5.636695027351400489e-01
5.627617239952099615e-01,5.774133205413799486e-01,5.636695027351400489e-01,5.784361958503699830e-01
5.774133205413799486e-01,5.920610427856399793e-01,5.784361958503699830e-01,5.931847095489499733e-01
5.920610427856399793e-01,6.067124605178799701e-01,5.931847095489499733e-01,6.079278588294999564e-01
6.067124605178799701e-01,6.213735938072200149e-01,6.079278588294999564e-01,6.226735711097699522e-01
6.213735938072200149e-01,6.360475420951799963e-01,6.226735711097699522e-01,6.374252438545200405e-01
6.360475420951799963e-01,6.507356166839599609e-01,6.374252438545200405e-01,6.521840095519999547e-01
6.507356166839599609e-01,6.654381155967700190e-01,6.521840095519999547e-01,6.669504046440100087e-01
6.654381155967700190e-01,6.801550388336200514e-01,6.669504046440100087e-01,6.817244291305499804e-01
6.801550388336200514e-01,6.948859691619899692e-01,6.817244291305499804e-01,6.965060234069799794e-01
6.948859691619899692e-01,7.096305489540100098e-01,6.965060234069799794e-01,7.112948894500700225e-01
7.096305489540100098e-01,7.243883013725299636e-01,7.112948894500700225e-01,7.260908484458900025e-01
7.243883013725299636e-01,7.391586899757399687e-01,7.260908484458900025e-01,7.408936023712200392e-01
7.391586899757399687e-01,7.539412379264800457e-01,7.408936023712200392e-01,7.557029128074600477e-01
7.539412379264800457e-01,7.687353491783099901e-01,7.557029128074600477e-01,7.705184817314100210e-01
7.687353491783099901e-01,7.835406064987200381e-01,7.705184817314100210e-01,7.853400707244899692e-01
7.835406064987200381e-01,7.983564138412500011e-01,7.853400707244899692e-01,8.001673221588100349e-01
7.983564138412500011e-01,8.131822943687400107e-01,8.001673221588100349e-01,8.150001168250999850e-01
8.131822943687400107e-01,8.280177712440499604e-01,8.150001168250999850e-01,8.298380970954899460e-01
8.280177712440499604e-01,8.428624868392899927e-01,8.298380970954899460e-01,8.446810841560400407e-01
8.428624868392899927e-01,8.577158451080300061e-01,8.446810841560400407e-01,8.595287799835199527e-01
8.577158451080300061e-01,8.725774884223900241e-01,8.595287799835199527e-01,8.743810653686500123e-01
8.725774884223900241e-01,8.874470591545100540e-01,8.743810653686500123e-01,8.892376422882100062e-01
8.874470591545100540e-01,9.023241400718700067e-01,8.892376422882100062e-01,9.040983319282499542e-01
9.023241400718700067e-01,9.172083139419600073e-01,9.040983319282499542e-01,9.189629554748499629e-01
9.172083139419600073e-01,9.320992827415499615e-01,9.189629554748499629e-01,9.338312745094300427e-01
9.320992827415499615e-01,9.469966888427699958e-01,9.338312745094300427e-01,9.487031698226899845e-01
9.469966888427699958e-01,9.619001746177699985e-01,9.487031698226899845e-01,9.635784626007100062e-01
9.619001746177699985e-01,9.768093824386600010e-01,9.635784626007100062e-01,9.784569144249000150e-01
9.768093824386600010e-01,9.917241334915199991e-01,9.784569144249000150e-01,9.933384656906100174e-01
9.917241334915199991e-01,1.006644010543799928e+00,9.933384656906100174e-01,1.008222818374600038e+00
1.006644010543799928e+00,1.021568775176999955e+00,1.008222818374600038e+00,1.023110032081600007e+00
1.021568775176999955e+00,1.036498069763200025e+00,1.023110032081600007e+00,1.037999749183700082e+00
1.036498069763200025e+00,1.051431655883799943e+00,1.037999749183700082e+00,1.052891850471499913e+00
1.051431655883799943e+00,1.066369295120199956e+00,1.052891850471499913e+00,1.067786335945100085e+00
1.066369295120199956e+00,1.081310749053999931e+00,1.067786335945100085e+00,1.082682847976699891e+00
1.081310749053999931e+00,1.096255540847800081e+00,1.082682847976699891e+00,1.097581505775500066e+00
1.096255540847800081e+00,1.111203551292399894e+00,1.097581505775500066e+00,1.112481832504299994e+00
1.111203551292399894e+00,1.126154541969299983e+00,1.112481832504299994e+00,1.127383947372400108e+00
1.126154541969299983e+00,1.141108274459800009e+00,1.127383947372400108e+00,1.142287611961400051e+00
1.141108274459800009e+00,1.156064271926900089e+00,1.142287611961400051e+00,1.157192587852500010e+00
1.156064271926900089e+00,1.171022415161099950e+00,1.157192587852500010e+00,1.172098875045799904e+00
1.171022415161099950e+00,1.185982346534699916e+00,1.172098875045799904e+00,1.187006354331999969e+00
1.185982346534699916e+00,1.200943827629100014e+00,1.187006354331999969e+00,1.201914668083200022e+00
1.200943827629100014e+00,1.215906620025599905e+00,1.201914668083200022e+00,1.216823697090100076e+00
1.215906620025599905e+00,1.230870366096499913e+00,1.216823697090100076e+00,1.231733441352800051e+00
1.230870366096499913e+00,1.245834708213799935e+00,1.231733441352800051e+00,1.246643662452699974e+00
1.245834708213799935e+00,1.260799527168299905e+00,1.246643662452699974e+00,1.261554121971099951e+00
1.260799527168299905e+00,1.275764346122699955e+00,1.261554121971099951e+00,1.276464700698900057e+00
1.275764346122699955e+00,1.290728926658599951e+00,1.276464700698900057e+00,1.291375279426600020e+00
1.290728926658599951e+00,1.305692791938799946e+00,1.291375279426600020e+00,1.306285500526400023e+00
1.305692791938799946e+00,1.320655822753900033e+00,1.306285500526400023e+00,1.321195363998399985e+00
1.320655822753900033e+00,1.335617423057599895e+00,1.321195363998399985e+00,1.336104512214699946e+00
1.335617423057599895e+00,1.350577473640399928e+00,1.336104512214699946e+00,1.351012825965899999e+00
1.350577473640399928e+00,1.365535259246799971e+00,1.351012825965899999e+00,1.365919947624200104e+00
1.365535259246799971e+00,1.380490541458099907e+00,1.365919947624200104e+00,1.380825757980300050e+00
1.380490541458099907e+00,1.395442843437199931e+00,1.380825757980300050e+00,1.395730018615700008e+00
1.395442843437199931e+00,1.410391688346900096e+00,1.395730018615700008e+00,1.410632371902500015e+00
1.410391688346900096e+00,1.425336360931400037e+00,1.410632371902500015e+00,1.425532341003399983e+00
1.425336360931400037e+00,1.440276145935099894e+00,1.425532341003399983e+00,1.440429568290700013e+00
1.440276145935099894e+00,1.455210328102100048e+00,1.440429568290700013e+00,1.455323457717899949e+00
1.455210328102100048e+00,1.470138311386099961e+00,1.455323457717899949e+00,1.470213174819900104e+00
1.470138311386099961e+00,1.485062599182100040e+00,1.470213174819900104e+00,1.485099911689800045e+00
1.485062599182100040e+00,1.500000000000000000e+00,1.485099911689800045e+00,1.500000000000000000e+00
-2.442900557071000026e-03,-2.002662513405099789e-03,-1.818001270294200078e-03,-1.315611531026699994e-03
-2.002662513405099789e-03,-5.844731931574600374e-04,-1.315611531026699994e-03,1.995469210669399934e-04
-5.844731931574600374e-04,1.469534472562400006e-03,1.995469210669399934e-04,2.230730373412400172e-03
1.469534472562400006e-03,4.061873070895699600e-03,2.230730373412400172e-03,4.793486092239600087e-03
4.061873070895699600e-03,7.446754723787299933e-03,4.793486092239600087e-03,8.173049427568900363e-03
7.446754723787299933e-03,1.195166632533099967e-02,8.173049427568900363e-03,1.268933527171599990e-02
1.195166632533099967e-02,1.795020326972000119e-02,1.268933527171599990e-02,1.871203817427199989e-02
1.795020326972000119e-02,2.587383426725900146e-02,1.871203817427199989e-02,2.667265571653799905e-02
2.587383426725900146e-02,3.620152175426499808e-02,2.667265571653799905e-02,3.705253452062599873e-02
3.620152175426499808e-02,4.941857978701599818e-02,3.705253452062599873e-02,5.034102126955999901e-02
4.941857978701599818e-02,6.593858450651199354e-02,5.034102126955999901e-02,6.695658713579200061e-02
6.593858450651199354e-02,8.598922938108399805e-02,6.695658713579200061e-02,8.713102340698200554e-02
8.598922938108399805e-02,1.094815507531199938e-01,8.713102340698200554e-02,1.107756271958399985e-01
1.094815507531199938e-01,1.359045505523699959e-01,1.107756271958399985e-01,1.373723894357699871e-01
1.359045505523699959e-01,1.643027663230899882e-01,1.373723894357699871e-01,1.659500002860999912e-01
1.643027663230899882e-01,1.933792382478700111e-01,1.659500002860999912e-01,1.951893270015699899e-01
1.933792382478700111e-01,2.217163443565400016e-01,1.951893270015699899e-01,2.236502766609199944e-01
2.217163443565400016e-01,2.480437904596299870e-01,2.236502766609199944e-01,2.500461041927299899e-01
2.480437904596299870e-01,2.714536488056200070e-01,2.500461041927299899e-01,2.734611332416500007e-01
2.714536488056200070e-01,2.914917767047899844e-01,2.734611332416500007e-01,2.934411466121700229e-01
2.914917767047899844e-01,3.081240057945299760e-01,2.934411466121700229e-01,3.099561333656299933e-01
3.081240057945299760e-01,3.216316401958499993e-01,3.099561333656299933e-01,3.232921361923200010e-01
3.216316401958499993e-01,3.325063884258300240e-01,3.232921361923200010e-01,3.339538276195500033e-01
3.325063884258300240e-01,3.413489460945099974e-01,3.339538276195500033e-01,3.426793515682199920e-01
3.413489460945099974e-01,3.499902188777900269e-01,3.426793515682199920e-01,3.513751626014700036e-01
3.499902188777900269e-01,3.593590259551999733e-01,3.513751626014700036e-01,3.606761693954499970e-01
3.593590259551999733e-01,3.694208264350899995e-01,3.606761693954499970e-01,3.706431090831799890e-01
3.694208264350899995e-01,3.801952302455899879e-01,3.706431090831799890e-01,3.813173472881299930e-01
3.801952302455899879e-01,3.916809856891599884e-01,3.813173472881299930e-01,3.927019536495199858e-01
3.916809856891599884e-01,4.038569033145900100e-01,3.927019536495199858e-01,4.047785997390699886e-01
4.038569033145900100e-01,4.166837036609600253e-01,4.047785997390699886e-01,4.175110757350899982e-01
4.166837036609600253e-01,4.301044642925300199e-01,4.175110757350899982e-01,4.308462440967599782e-01
4.301044642925300199e-01,4.440449476242099847e-01,4.308462440967599782e-01,4.447142481803900149e-01
4.440449476242099847e-01,4.584144055843399901e-01,4.447142481803900149e-01,4.590292870998399777e-01
4.584144055843399901e-01,4.731071293354000007e-01,4.590292870998399777e-01,4.736910760402699982e-01
4.731071293354000007e-01,4.880045950412800204e-01,4.736910760402699982e-01,4.885866343975099890e-01
4.880045950412800204e-01,5.029791593551600215e-01,4.885866343975099890e-01,5.035930275917099852e-01
5.029791593551600215e-01,5.179011821746799527e-01,5.035930275917099852e-01,5.185818076133700272e-01
5.179011821746799527e-01,5.326611995697000390e-01,5.185818076133700272e-01,5.334349274635300509e-01
5.326611995697000390e-01,5.472484230995200427e-01,5.334349274635300509e-01,5.481120944023100128e-01
5.472484230995200427e-01,5.617961883544899671e-01,5.481120944023100128e-01,5.627617239952099615e-01
5.617961883544899671e-01,5.763198733329799595e-01,5.627617239952099615e-01,5.774133205413799486e-01
5.763198733329799595e-01,5.908523797988900483e-01,5.774133205413799486e-01,5.920610427856399793e-01
5.908523797988900483e-01,6.054010987281800427e-01,5.920610427856399793e-01,6.067124605178799701e-01
6.054010987281800427e-01,6.199693679809600289e-01,6.067124605178799701e-01,6.213735938072200149e-01
6.199693679809600289e-01,6.345590353012100504e-01,6.213735938072200149e-01,6.360475420951799963e-01
6.345590353012100504e-01,6.491708159446699655e-01,6.360475420951799963e-01,6.507356166839599609e-01
6.491708159446699655e-01,6.638047099113499883e-01,6.507356166839599609e-01,6.654381155967700190e-01
6.638047099113499883e-01,6.784604191780100324e-01,6.654381155967700190e-01,6.801550388336200514e-01
6.784604191780100324e-01,6.931374073028599980e-01,6.801550388336200514e-01,6.948859691619899692e-01
6.931374073028599980e-01,7.078348994255100335e-01,6.948859691619899692e-01,7.096305489540100098e-01
7.078348994255100335e-01,7.225522994995100534e-01,7.096305489540100098e-01,7.243883013725299636e-01
7.225522994995100534e-01,7.372886538505599718e-01,7.243883013725299636e-01,7.391586899757399687e-01
7.372886538505599718e-01,7.520432472228999465e-01,7.391586899757399687e-01,7.539412379264800457e-01
7.520432472228999465e-01,7.668153047561599989e-01,7.539412379264800457e-01,7.687353491783099901e-01
7.668153047561599989e-01,7.816039919853200457e-01,7.687353491783099901e-01,7.835406064987200381e-01
7.816039919853200457e-01,7.964085936546300148e-01,7.835406064987200381e-01,7.983564138412500011e-01
7.964085936546300148e-01,8.112282752990700452e-01,7.983564138412500011e-01,8.131822943687400107e-01
8.112282752990700452e-01,8.260623216628999455e-01,8.131822943687400107e-01,8.280177712440499604e-01
8.260623216628999455e-01,8.409100770950299619e-01,8.280177712440499604e-01,8.428624868392899927e-01
8.409100770950299619e-01,8.557708263397200144e-01,8.428624868392899927e-01,8.577158451080300061e-01
8.557708263397200144e-01,8.706439733505200174e-01,8.577158451080300061e-01,8.725774884223900241e-01
8.706439733505200174e-01,8.855288028716999937e-01,8.725774884223900241e-01,8.874470591545100540e-01
8.855288028716999937e-01,9.004247784614599626e-01,8.874470591545100540e-01,9.023241400718700067e-01
9.004247784614599626e-01,9.153313636779799589e-01,9.023241400718700067e-01,9.172083139419600073e-01
9.153313636779799589e-01,9.302479624748200004e-01,9.172083139419600073e-01,9.320992827415499615e-01
9.302479624748200004e-01,9.451739788055399938e-01,9.320992827415499615e-01,9.469966888427699958e-01
9.451739788055399938e-01,9.601090550422699543e-01,9.469966888427699958e-01,9.619001746177699985e-01
9.601090550422699543e-01,9.750525951385500267e-01,9.619001746177699985e-01,9.768093824386600010e-01
9.750525951385500267e-01,9.900041222572300015e-01,9.768093824386600010e-01,9.917241334915199991e-01
9.900041222572300015e-01,1.004963159561200081e+00,9.917241334915199991e-01,1.006644010543799928e+00
1.004963159561200081e+00,1.019929409027100053e+00,1.006644010543799928e+00,1.021568775176999955e+00
1.019929409027100053e+00,1.034902215003999926e+00,1.021568775176999955e+00,1.036498069763200025e+00
1.034902215003999926e+00,1.049881219863900039e+00,1.036498069763200025e+00,1.051431655883799943e+00
1.049881219863900039e+00,1.064866065978999909e+00,1.051431655883799943e+00,1.066369295120199956e+00
1.064866065978999909e+00,1.079856276512100033e+00,1.066369295120199956e+00,1.081310749053999931e+00
1.079856276512100033e+00,1.094851493835399925e+00,1.081310749053999931e+00,1.096255540847800081e+00
1.094851493835399925e+00,1.109851241111800002e+00,1.096255540847800081e+00,1.111203551292399894e+00
1.109851241111800002e+00,1.124855160713200020e+00,1.111203551292399894e+00,1.126154541969299983e+00
1.124855160713200020e+00,1.139862895011900079e+00,1.126154541969299983e+00,1.141108274459800009e+00
1.139862895011900079e+00,1.154873847961400024e+00,1.141108274459800009e+00,1.156064271926900089e+00
1.154873847961400024e+00,1.169887781143200023e+00,1.156064271926900089e+00,1.171022415161099950e+00
1.169887781143200023e+00,1.184904217719999986e+00,1.171022415161099950e+00,1.185982346534699916e+00
1.184904217719999986e+00,1.199922680854800028e+00,1.185982346534699916e+00,1.200943827629100014e+00
1.199922680854800028e+00,1.214942812919600046e+00,1.200943827629100014e+00,1.215906620025599905e+00
1.214942812919600046e+00,1.229964256286600000e+00,1.215906620025599905e+00,1.230870366096499913e+00
1.229964256286600000e+00,1.244986414909400096e+00,1.230870366096499913e+00,1.245834708213799935e+00
1.244986414909400096e+00,1.260008931160000012e+00,1.245834708213799935e+00,1.260799527168299905e+00
1.260008931160000012e+00,1.275031328201299941e+00,1.260799527168299905e+00,1.275764346122699955e+00
1.275031328201299941e+00,1.290053009986900090e+00,1.275764346122699955e+00,1.290728926658599951e+00
1.290053009986900090e+00,1.305073738098099900e+00,1.290728926658599951e+00,1.305692791938799946e+00
1.305073738098099900e+00,1.320092797279400099e+00,1.305692791938799946e+00,1.320655822753900033e+00
1.320092797279400099e+00,1.335109710693400009e+00,1.320655822753900033e+00,1.335617423057599895e+00
1.335109710693400009e+00,1.350124001503000049e+00,1.335617423057599895e+00,1.350577473640399928e+00
1.350124001503000049e+00,1.365134954452499993e+00,1.350577473640399928e+00,1.365535259246799971e+00
1.365134954452499993e+00,1.380142092704800039e+00,1.365535259246799971e+00,1.380490541458099907e+00
1.380142092704800039e+00,1.395144581794699912e+00,1.380490541458099907e+00,1.395442843437199931e+00
1.395144581794699912e+00,1.410141944885300092e+00,1.395442843437199931e+00,1.410391688346900096e+00
1.410141944885300092e+00,1.425133228301999955e+00,1.410391688346900096e+00,1.425336360931400037e+00
1.425133228301999955e+00,1.440117597580000020e+00,1.425336360931400037e+00,1.440276145935099894e+00
1.440117597580000020e+00,1.455094099044800027e+00,1.440276145935099894e+00,1.455210328102100048e+00
1.455094099044800027e+00,1.470062494278000065e+00,1.455210328102100048e+00,1.470138311386099961e+00
1.470062494278000065e+00,1.485025405883799943e+00,1.470138311386099961e+00,1.485062599182100040e+00
1.485025405883799943e+00,1.500000000000000000e+00,1.485062599182100040e+00,1.500000000000000000e+00
-3.084161551669200099e-03,-2.675426658242900137e-03,-2.442900557071000026e-03,-2.002662513405099789e-03
-2.675426658242900137e-03,-1.342304283752999939e-03,-2.002662513405099789e-03,-5.844731931574600374e-04
-1.342304283752999939e-03,6.971498951315900422e-04,-5.844731931574600374e-04,1.469534472562400006e-03
6.971498951315900422e-04,3.310936037451000201e-03,1.469534472562400006e-03,4.061873070895699600e-03
3.310936037451000201e-03,6.700966041535100053e-03,4.061873070895699600e-03,7.446754723787299933e-03
6.700966041535100053e-03,1.119442563504000065e-02,7.446754723787299933e-03,1.195166632533099967e-02
1.119442563504000065e-02,1.716814190149299965e-02,1.195166632533099967e-02,1.795020326972000119e-02
1.716814190149299965e-02,2.505358122289199838e-02,1.795020326972000119e-02,2.587383426725900146e-02
2.505358122289199838e-02,3.532728180289299719e-02,2.587383426725900146e-02,3.620152175426499808e-02
3.532728180289299719e-02,4.847038909792900085e-02,3.620152175426499808e-02,4.941857978701599818e-02
4.847038909792900085e-02,6.489133834838900494e-02,4.941857978701599818e-02,6.593858450651199354e-02
6.489133834838900494e-02,8.481343090534200491e-02,6.593858450651199354e-02,8.598922938108399805e-02
8.481343090534200491e-02,1.081471964716899936e-01,8.598922938108399805e-02,1.094815507531199938e-01
1.081471964716899936e-01,1.343885064125099893e-01,1.094815507531199938e-01,1.359045505523699959e-01
1.343885064125099893e-01,1.625979393720599908e-01,1.359045505523699959e-01,1.643027663230899882e-01
1.625979393720599908e-01,1.915013492107399962e-01,1.643027663230899882e-01,1.933792382478700111e-01
1.915013492107399962e-01,2.197046875953700129e-01,1.933792382478700111e-01,2.217163443565400016e-01
2.197046875953700129e-01,2.459554374218000106e-01,2.217163443565400016e-01,2.480437904596299870e-01
2.459554374218000106e-01,2.693545222282400231e-01,2.480437904596299870e-01,2.714536488056200070e-01
2.693545222282400231e-01,2.894483506679499940e-01,2.714536488056200070e-01,2.914917767047899844e-01
2.894483506679499940e-01,3.061977624893200134e-01,2.914917767047899844e-01,3.081240057945299760e-01
3.061977624893200134e-01,3.198743462562599893e-01,3.081240057945299760e-01,3.216316401958499993e-01
3.198743462562599893e-01,3.309406638145400148e-01,3.216316401958499993e-01,3.325063884258300240e-01
3.309406638145400148e-01,3.398887217044799791e-01,3.325063884258300240e-01,3.413489460945099974e-01
3.398887217044799791e-01,3.485319316387199828e-01,3.413489460945099974e-01,3.499902188777900269e-01
3.485319316387199828e-01,3.579621613025700255e-01,3.499902188777900269e-01,3.593590259551999733e-01
3.579621613025700255e-01,3.681174814701099751e-01,3.593590259551999733e-01,3.694208264350899995e-01
3.681174814701099751e-01,3.789954781532299810e-01,3.694208264350899995e-01,3.801952302455899879e-01
3.789954781532299810e-01,3.905877172946899956e-01,3.801952302455899879e-01,3.916809856891599884e-01
3.905877172946899956e-01,4.028690457344100140e-01,3.916809856891599884e-01,4.038569033145900100e-01
4.028690457344100140e-01,4.157963991165199991e-01,4.038569033145900100e-01,4.166837036609600253e-01
4.157963991165199991e-01,4.293085932731600107e-01,4.166837036609600253e-01,4.301044642925300199e-01
4.293085932731600107e-01,4.433266520500199759e-01,4.301044642925300199e-01,4.440449476242099847e-01
4.433266520500199759e-01,4.577544629573799817e-01,4.440449476242099847e-01,4.584144055843399901e-01
4.577544629573799817e-01,4.724806547164899784e-01,4.584144055843399901e-01,4.731071293354000007e-01
4.724806547164899784e-01,4.873811900615699910e-01,4.731071293354000007e-01,4.880045950412800204e-01
4.873811900615699910e-01,5.023239850997900380e-01,4.880045950412800204e-01,5.029791593551600215e-01
5.023239850997900380e-01,5.171782970428500104e-01,5.029791593551600215e-01,5.179011821746799527e-01
5.171782970428500104e-01,5.318412780761699876e-01,5.179011821746799527e-01,5.326611995697000390e-01
5.318412780761699876e-01,5.463312864303599969e-01,5.326611995697000390e-01,5.472484230995200427e-01
5.463312864303599969e-01,5.607767105102500205e-01,5.472484230995200427e-01,5.617961883544899671e-01
5.607767105102500205e-01,5.751699209213300135e-01,5.617961883544899671e-01,5.763198733329799595e-01
5.751699209213300135e-01,5.895798206329300184e-01,5.763198733329799595e-01,5.908523797988900483e-01
5.895798206329300184e-01,6.040183305740399744e-01,5.908523797988900483e-01,6.054010987281800427e-01
6.040183305740399744e-01,6.184875369072000417e-01,6.054010987281800427e-01,6.199693679809600289e-01
6.184875369072000417e-01,6.329877376556399815e-01,6.199693679809600289e-01,6.345590353012100504e-01
6.329877376556399815e-01,6.475188732147200144e-01,6.345590353012100504e-01,6.491708159446699655e-01
6.475188732147200144e-01,6.620805263519300432e-01,6.491708159446699655e-01,6.638047099113499883e-01
6.620805263519300432e-01,6.766720414161699892e-01,6.638047099113499883e-01,6.784604191780100324e-01
6.766720414161699892e-01,6.912924647331200045e-01,6.784604191780100324e-01,6.931374073028599980e-01
6.912924647331200045e-01,7.059408426284800031e-01,6.931374073028599980e-01,7.078348994255100335e-01
7.059408426284800031e-01,7.206162214279200340e-01,7.078348994255100335e-01,7.225522994995100534e-01
7.206162214279200340e-01,7.353174090385400374e-01,7.225522994995100534e-01,7.372886538505599718e-01
7.353174090385400374e-01,7.500433325767500436e-01,7.372886538505599718e-01,7.520432472228999465e-01
7.500433325767500436e-01,7.647929191589399878e-01,7.520432472228999465e-01,7.668153047561599989e-01
7.647929191589399878e-01,7.795650959014900350e-01,7.668153047561599989e-01,7.816039919853200457e-01
7.795650959014900350e-01,7.943587303161600000e-01,7.816039919853200457e-01,7.964085936546300148e-01
7.943587303161600000e-01,8.091728687286400268e-01,7.964085936546300148e-01,8.112282752990700452e-01
8.091728687286400268e-01,8.240064382553099476e-01,8.112282752990700452e-01,8.260623216628999455e-01
8.240064382553099476e-01,8.388584852218600174e-01,8.260623216628999455e-01,8.409100770950299619e-01
8.388584852218600174e-01,8.537281155586200487e-01,8.409100770950299619e-01,8.557708263397200144e-01
8.537281155586200487e-01,8.686144351959199650e-01,8.557708263397200144e-01,8.706439733505200174e-01
8.686144351959199650e-01,8.835164904594400292e-01,8.706439733505200174e-01,8.855288028716999937e-01
8.835164904594400292e-01,8.984335660934400503e-01,8.855288028716999937e-01,9.004247784614599626e-01
8.984335660934400503e-01,9.133648276328999449e-01,9.004247784614599626e-01,9.153313636779799589e-01
9.133648276328999449e-01,9.283095002174399646e-01,9.153313636779799589e-01,9.302479624748200004e-01
9.283095002174399646e-01,9.432668685913100370e-01,9.302479624748200004e-01,9.451739788055399938e-01
9.432668685913100370e-01,9.582362174987799630e-01,9.451739788055399938e-01,9.601090550422699543e-01
9.582362174987799630e-01,9.732168316841099953e-01,9.601090550422699543e-01,9.750525951385500267e-01
9.732168316841099953e-01,9.882081151008600406e-01,9.750525951385500267e-01,9.900041222572300015e-01
9.882081151008600406e-01,1.003209471702600109e+00,9.900041222572300015e-01,1.004963159561200081e+00
1.003209471702600109e+00,1.018220067024200093e+00,1.004963159561200081e+00,1.019929409027100053e+00
1.018220067024200093e+00,1.033239603042600097e+00,1.019929409027100053e+00,1.034902215003999926e+00
1.033239603042600097e+00,1.048267245292699990e+00,1.034902215003999926e+00,1.049881219863900039e+00
1.048267245292699990e+00,1.063302397728000059e+00,1.049881219863900039e+00,1.064866065978999909e+00
1.063302397728000059e+00,1.078344702720599901e+00,1.064866065978999909e+00,1.079856276512100033e+00
1.078344702720599901e+00,1.093393445015000021e+00,1.079856276512100033e+00,1.094851493835399925e+00
1.093393445015000021e+00,1.108448147773700043e+00,1.094851493835399925e+00,1.109851241111800002e+00
1.108448147773700043e+00,1.123508095741299950e+00,1.109851241111800002e+00,1.124855160713200020e+00
1.123508095741299950e+00,1.138572812080399954e+00,1.124855160713200020e+00,1.139862895011900079e+00
1.138572812080399954e+00,1.153641819953900027e+00,1.139862895011900079e+00,1.154873847961400024e+00
1.153641819953900027e+00,1.168714523315399934e+00,1.154873847961400024e+00,1.169887781143200023e+00
1.168714523315399934e+00,1.183790326118500102e+00,1.169887781143200023e+00,1.184904217719999986e+00
1.183790326118500102e+00,1.198868632316600014e+00,1.184904217719999986e+00,1.199922680854800028e+00
1.198868632316600014e+00,1.213948965072600084e+00,1.199922680854800028e+00,1.214942812919600046e+00
1.213948965072600084e+00,1.229030609130900009e+00,1.214942812919600046e+00,1.229964256286600000e+00
1.229030609130900009e+00,1.244113087654100003e+00,1.229964256286600000e+00,1.244986414909400096e+00
1.244113087654100003e+00,1.259195804595899970e+00,1.244986414909400096e+00,1.260008931160000012e+00
1.259195804595899970e+00,1.274278044700599910e+00,1.260008931160000012e+00,1.275031328201299941e+00
1.274278044700599910e+00,1.289359211921700110e+00,1.275031328201299941e+00,1.290053009986900090e+00
1.289359211921700110e+00,1.304438710212699970e+00,1.290053009986900090e+00,1.305073738098099900e+00
1.304438710212699970e+00,1.319515824317899932e+00,1.305073738098099900e+00,1.320092797279400099e+00
1.319515824317899932e+00,1.334589958190899983e+00,1.320092797279400099e+00,1.335109710693400009e+00
1.334589958190899983e+00,1.349660158157300005e+00,1.335109710693400009e+00,1.350124001503000049e+00
1.349660158157300005e+00,1.364725947380099891e+00,1.350124001503000049e+00,1.365134954452499993e+00
1.364725947380099891e+00,1.379786252975500060e+00,1.365134954452499993e+00,1.380142092704800039e+00
1.379786252975500060e+00,1.394840478897100056e+00,1.380142092704800039e+00,1.395144581794699912e+00
1.394840478897100056e+00,1.409887552261400057e+00,1.395144581794699912e+00,1.410141944885300092e+00
1.409887552261400057e+00,1.424926638603200013e+00,1.410141944885300092e+00,1.425133228301999955e+00
1.424926638603200013e+00,1.439956665039100026e+00,1.425133228301999955e+00,1.440117597580000020e+00
1.439956665039100026e+00,1.454976677894600057e+00,1.440117597580000020e+00,1.455094099044800027e+00
1.454976677894600057e+00,1.469986319541900066e+00,1.455094099044800027e+00,1.470062494278000065e+00
1.469986319541900066e+00,1.484988451003999899e+00,1.470062494278000065e+00,1.485025405883799943e+00
1.484988451003999899e+00,1.500000000000000000e+00,1.485025405883799943e+00,1.500000000000000000e+00
-3.746079280972499856e-03,-3.355180611833900092e-03,-3.084161551669200099e-03,-2.675426658242900137e-03
-3.355180611833900092e-03,-2.086639404296900153e-03,-2.675426658242900137e-03,-1.342304283752999939e-03
-2.086639404296900153e-03,-8.408152643824000252e-05,-1.342304283752999939e-03,6.971498951315900422e-04
-8.408152643824000252e-05,2.539051463827499914e-03,6.971498951315900422e-04,3.310936037451000201e-03
2.539051463827499914e-03,5.932607222348500187e-03,3.310936037451000201e-03,6.700966041535100053e-03
5.932607222348500187e-03,1.041411887854300049e-02,6.700966041535100053e-03,1.119442563504000065e-02
1.041411887854300049e-02,1.636209338903400062e-02,1.119442563504000065e-02,1.716814190149299965e-02
1.636209338903400062e-02,2.420784905552900157e-02,1.716814190149299965e-02,2.505358122289199838e-02
2.420784905552900157e-02,3.442542627453799853e-02,2.505358122289199838e-02,3.532728180289299719e-02
3.442542627453799853e-02,4.749164357781399809e-02,3.532728180289299719e-02,4.847038909792900085e-02
4.749164357781399809e-02,6.380957365035999640e-02,4.847038909792900085e-02,6.489133834838900494e-02
6.380957365035999640e-02,8.359785377979299381e-02,6.489133834838900494e-02,8.481343090534200491e-02
8.359785377979299381e-02,1.067662835121200027e-01,8.481343090534200491e-02,1.081471964716899936e-01
1.067662835121200027e-01,1.328175216913199952e-01,1.081471964716899936e-01,1.343885064125099893e-01
1.328175216913199952e-01,1.608283966779699981e-01,1.343885064125099893e-01,1.625979393720599908e-01
1.608283966779699981e-01,1.895482540130599969e-01,1.625979393720599908e-01,1.915013492107399962e-01
1.895482540130599969e-01,2.176076322793999984e-01,1.915013492107399962e-01,2.197046875953700129e-01
2.176076322793999984e-01,2.437731176614799933e-01,2.197046875953700129e-01,2.459554374218000106e-01
2.437731176614799933e-01,2.671554684638999810e-01,2.459554374218000106e-01,2.693545222282400231e-01
2.671554684638999810e-01,2.873019278049500080e-01,2.693545222282400231e-01,2.894483506679499940e-01
2.873019278049500080e-01,3.041669428348500182e-01,2.894483506679499940e-01,3.061977624893200134e-01
3.041669428348500182e-01,3.180072307586699898e-01,3.061977624893200134e-01,3.198743462562599893e-01
3.180072307586699898e-01,3.292464315891299731e-01,3.198743462562599893e-01,3.309406638145400148e-01
3.292464315891299731e-01,3.382992148399400212e-01,3.309406638145400148e-01,3.398887217044799791e-01
3.382992148399400212e-01,3.469841778278400235e-01,3.398887217044799791e-01,3.485319316387199828e-01
3.469841778278400235e-01,3.564812839031200054e-01,3.485319316387199828e-01,3.579621613025700255e-01
3.564812839031200054e-01,3.667316138744399767e-01,3.579621613025700255e-01,3.681174814701099751e-01
3.667316138744399767e-01,3.777172863483400089e-01,3.681174814701099751e-01,3.789954781532299810e-01
3.777172863483400089e-01,3.894217610359200221e-01,3.789954781532299810e-01,3.905877172946899956e-01
3.894217610359200221e-01,4.018149375915500143e-01,3.905877172946899956e-01,4.028690457344100140e-01
4.018149375915500143e-01,4.148493707179999879e-01,4.028690457344100140e-01,4.157963991165199991e-01
4.148493707179999879e-01,4.284592270851099727e-01,4.157963991165199991e-01,4.293085932731600107e-01
4.284592270851099727e-01,4.425601959228500082e-01,4.293085932731600107e-01,4.433266520500199759e-01
4.425601959228500082e-01,4.570505321025800094e-01,4.433266520500199759e-01,4.577544629573799817e-01
4.570505321025800094e-01,4.718129634857199939e-01,4.577544629573799817e-01,4.724806547164899784e-01
4.718129634857199939e-01,4.867178797721899985e-01,4.724806547164899784e-01,4.873811900615699910e-01
4.867178797721899985e-01,5.016288161277799862e-01,4.873811900615699910e-01,5.023239850997900380e-01
5.016288161277799862e-01,5.164133310317999825e-01,5.023239850997900380e-01,5.171782970428500104e-01
5.164133310317999825e-01,5.309738516807599451e-01,5.171782970428500104e-01,5.318412780761699876e-01
5.309738516807599451e-01,5.453598499298100144e-01,5.318412780761699876e-01,5.463312864303599969e-01
5.453598499298100144e-01,5.597009658813499877e-01,5.463312864303599969e-01,5.607767105102500205e-01
5.597009658813499877e-01,5.739631056785600149e-01,5.607767105102500205e-01,5.751699209213300135e-01
5.739631056785600149e-01,5.882467031478899600e-01,5.751699209213300135e-01,5.895798206329300184e-01
5.882467031478899600e-01,6.025698184966999937e-01,5.895798206329300184e-01,6.040183305740399744e-01
6.025698184966999937e-01,6.169347167015100109e-01,6.040183305740399744e-01,6.184875369072000417e-01
6.169347167015100109e-01,6.313409805297900412e-01,6.184875369072000417e-01,6.329877376556399815e-01
6.313409805297900412e-01,6.457876563072200149e-01,6.329877376556399815e-01,6.475188732147200144e-01
6.457876563072200149e-01,6.602737307548499635e-01,6.475188732147200144e-01,6.620805263519300432e-01
6.602737307548499635e-01,6.747982501983600390e-01,6.620805263519300432e-01,6.766720414161699892e-01
6.747982501983600390e-01,6.893598437309299554e-01,6.766720414161699892e-01,6.912924647331200045e-01
6.893598437309299554e-01,7.039572596550000005e-01,6.912924647331200045e-01,7.059408426284800031e-01
7.039572596550000005e-01,7.185891866683999929e-01,7.059408426284800031e-01,7.206162214279200340e-01
7.185891866683999929e-01,7.332541346550000005e-01,7.206162214279200340e-01,7.353174090385400374e-01
7.332541346550000005e-01,7.479507327079799595e-01,7.353174090385400374e-01,7.500433325767500436e-01
7.479507327079799595e-01,7.626774907112100488e-01,7.500433325767500436e-01,7.647929191589399878e-01
7.626774907112100488e-01,7.774331569671599773e-01,7.647929191589399878e-01,7.795650959014900350e-01
7.774331569671599773e-01,7.922161817550700258e-01,7.795650959014900350e-01,7.943587303161600000e-01
7.922161817550700258e-01,8.070253729820300315e-01,7.943587303161600000e-01,8.091728687286400268e-01
8.070253729820300315e-01,8.218593597412100493e-01,8.091728687286400268e-01,8.240064382553099476e-01
8.218593597412100493e-01,8.367169499397300036e-01,8.240064382553099476e-01,8.388584852218600174e-01
8.367169499397300036e-01,8.515968322753899589e-01,8.388584852218600174e-01,8.537281155586200487e-01
8.515968322753899589e-01,8.664978742599499517e-01,8.537281155586200487e-01,8.686144351959199650e-01
8.664978742599499517e-01,8.814190626144400298e-01,8.686144351959199650e-01,8.835164904594400292e-01
8.814190626144400298e-01,8.963592052459700144e-01,8.835164904594400292e-01,8.984335660934400503e-01
8.963592052459700144e-01,9.113172888755799450e-01,8.984335660934400503e-01,9.133648276328999449e-01
9.113172888755799450e-01,9.262923598289499738e-01,9.133648276328999449e-01,9.283095002174399646e-01
9.262923598289499738e-01,9.412834644317600308e-01,9.283095002174399646e-01,9.432668685913100370e-01
9.412834644317600308e-01,9.562896490097000379e-01,9.432668685913100370e-01,9.582362174987799630e-01
9.562896490097000379e-01,9.713100790977500232e-01,9.582362174987799630e-01,9.732168316841099953e-01
9.713100790977500232e-01,9.863438606262200370e-01,9.732168316841099953e-01,9.882081151008600406e-01
9.863438606262200370e-01,1.001390218734699911e+00,9.882081151008600406e-01,1.003209471702600109e+00
1.001390218734699911e+00,1.016448259353599948e+00,1.003209471702600109e+00,1.018220067024200093e+00
1.016448259353599948e+00,1.031517267227199941e+00,1.018220067024200093e+00,1.033239603042600097e+00
1.031517267227199941e+00,1.046596407890300062e+00,1.033239603042600097e+00,1.048267245292699990e+00
1.046596407890300062e+00,1.061684966087300008e+00,1.048267245292699990e+00,1.063302397728000059e+00
1.061684966087300008e+00,1.076782226562500000e+00,1.063302397728000059e+00,1.078344702720599901e+00
1.076782226562500000e+00,1.091887354850799907e+00,1.078344702720599901e+00,1.093393445015000021e+00
1.091887354850799907e+00,1.106999874115000004e+00,1.093393445015000021e+00,1.108448147773700043e+00
1.106999874115000004e+00,1.122118711471600028e+00,1.108448147773700043e+00,1.123508095741299950e+00
1.122118711471600028e+00,1.137243390083300110e+00,1.123508095741299950e+00,1.138572812080399954e+00
1.137243390083300110e+00,1.152373194694499947e+00,1.138572812080399954e+00,1.153641819953900027e+00
1.152373194694499947e+00,1.167507410049400063e+00,1.153641819953900027e+00,1.168714523315399934e+00
1.167507410049400063e+00,1.182645201683000025e+00,1.168714523315399934e+00,1.183790326118500102e+00
1.182645201683000025e+00,1.197785973548900040e+00,1.183790326118500102e+00,1.198868632316600014e+00
1.197785973548900040e+00,1.212928891181900060e+00,1.198868632316600014e+00,1.213948965072600084e+00
1.212928891181900060e+00,1.228073239326499921e+00,1.213948965072600084e+00,1.229030609130900009e+00
1.228073239326499921e+00,1.243218302726700086e+00,1.229030609130900009e+00,1.244113087654100003e+00
1.243218302726700086e+00,1.258363366126999949e+00,1.244113087654100003e+00,1.259195804595899970e+00
1.258363366126999949e+00,1.273507595062300046e+00,1.259195804595899970e+00,1.274278044700599910e+00
1.273507595062300046e+00,1.288650274276700092e+00,1.274278044700599910e+00,1.289359211921700110e+00
1.288650274276700092e+00,1.303790450096099951e+00,1.289359211921700110e+00,1.304438710212699970e+00
1.303790450096099951e+00,1.318927288055399938e+00,1.304438710212699970e+00,1.319515824317899932e+00
1.318927288055399938e+00,1.334060072898900051e+00,1.319515824317899932e+00,1.334589958190899983e+00
1.334060072898900051e+00,1.349187850952100032e+00,1.334589958190899983e+00,1.349660158157300005e+00
1.349187850952100032e+00,1.364309668541000109e+00,1.349660158157300005e+00,1.364725947380099891e+00
1.364309668541000109e+00,1.379424691200300090e+00,1.364725947380099891e+00,1.379786252975500060e+00
1.379424691200300090e+00,1.394531607627899961e+00,1.379786252975500060e+00,1.394840478897100056e+00
1.394531607627899961e+00,1.409629583358799954e+00,1.394840478897100056e+00,1.409887552261400057e+00
1.409629583358799954e+00,1.424717426299999978e+00,1.409887552261400057e+00,1.424926638603200013e+00
1.424717426299999978e+00,1.439794063568099913e+00,1.424926638603200013e+00,1.439956665039100026e+00
1.439794063568099913e+00,1.454858303070099890e+00,1.439956665039100026e+00,1.454976677894600057e+00
1.454858303070099890e+00,1.469909787178000027e+00,1.454976677894600057e+00,1.469986319541900066e+00
1.469909787178000027e+00,1.484951376915000010e+00,1.469986319541900066e+00,1.484988451003999899e+00
1.484951376915000010e+00,1.500000000000000000e+00,1.484988451003999899e+00,1.500000000000000000e+00
-4.433086607605199805e-03,-4.053368698805600093e-03,-3.746079280972499856e-03,-3.355180611833900092e-03
-4.053368698805600093e-03,-2.832288155332199873e-03,-3.355180611833900092e-03,-2.086639404296900153e-03
-2.832288155332199873e-03,-8.757566683925700193e-04,-2.086639404296900153e-03,-8.408152643824000252e-05
-8.757566683925700193e-04,1.743588596582399926e-03,-8.408152643824000252e-05,2.539051463827499914e-03
1.743588596582399926e-03,5.137558095157099616e-03,2.539051463827499914e-03,5.932607222348500187e-03
5.137558095157099616e-03,9.606199339032199178e-03,5.932607222348500187e-03,1.041411887854300049e-02
9.606199339032199178e-03,1.552731078118100086e-02,1.041411887854300049e-02,1.636209338903400062e-02
1.552731078118100086e-02,2.333170175552400083e-02,1.636209338903400062e-02,2.420784905552900157e-02
2.333170175552400083e-02,3.349079564213799931e-02,2.420784905552900157e-02,3.442542627453799853e-02
3.349079564213799931e-02,4.647691175341599895e-02,3.442542627453799853e-02,4.749164357781399809e-02
4.647691175341599895e-02,6.268753111362500297e-02,4.749164357781399809e-02,6.380957365035999640e-02
6.268753111362500297e-02,8.233640342950800106e-02,6.380957365035999640e-02,8.359785377979299381e-02
8.233640342950800106e-02,1.053323745727500066e-01,8.359785377979299381e-02,1.067662835121200027e-01
1.053323745727500066e-01,1.311849206685999913e-01,1.067662835121200027e-01,1.328175216913199952e-01
1.311849206685999913e-01,1.589873582124700091e-01,1.328175216913199952e-01,1.608283966779699981e-01
1.589873582124700091e-01,1.875132024288199972e-01,1.608283966779699981e-01,1.895482540130599969e-01
1.875132024288199972e-01,2.154186367988600026e-01,1.895482540130599969e-01,2.176076322793999984e-01
2.154186367988600026e-01,2.414904832839999960e-01,2.176076322793999984e-01,2.437731176614799933e-01
2.414904832839999960e-01,2.648501992225599788e-01,2.437731176614799933e-01,2.671554684638999810e-01
2.648501992225599788e-01,2.850459516048399755e-01,2.671554684638999810e-01,2.873019278049500080e-01
2.850459516048399755e-01,3.020240664482100046e-01,2.873019278049500080e-01,3.041669428348500182e-01
3.020240664482100046e-01,3.160214424133300226e-01,3.041669428348500182e-01,3.180072307586699898e-01
3.160214424133300226e-01,3.274194598197899819e-01,3.180072307586699898e-01,3.292464315891299731e-01
3.274194598197899819e-01,3.365805149078400227e-01,3.292464315891299731e-01,3.382992148399400212e-01
3.365805149078400227e-01,3.453347086906399799e-01,3.382992148399400212e-01,3.469841778278400235e-01
3.453347086906399799e-01,3.549102544784499824e-01,3.469841778278400235e-01,3.564812839031200054e-01
3.549102544784499824e-01,3.652602434158300215e-01,3.564812839031200054e-01,3.667316138744399767e-01
3.652602434158300215e-01,3.763587474823000267e-01,3.667316138744399767e-01,3.777172863483400089e-01
3.763587474823000267e-01,3.881817162036900193e-01,3.777172863483400089e-01,3.894217610359200221e-01
3.881817162036900193e-01,4.006936252117199726e-01,3.894217610359200221e-01,4.018149375915500143e-01
4.006936252117199726e-01,4.138420522212999941e-01,4.018149375915500143e-01,4.148493707179999879e-01
4.138420522212999941e-01,4.275559782981899759e-01,4.148493707179999879e-01,4.284592270851099727e-01
4.275559782981899759e-01,4.417454600334200232e-01,4.284592270851099727e-01,4.425601959228500082e-01
4.417454600334200232e-01,4.563027024269100118e-01,4.425601959228500082e-01,4.570505321025800094e-01
4.563027024269100118e-01,4.711042344570199880e-01,4.570505321025800094e-01,4.718129634857199939e-01
4.711042344570199880e-01,4.860147833824199903e-01,4.718129634857199939e-01,4.867178797721899985e-01
4.860147833824199903e-01,5.008932352066000071e-01,4.867178797721899985e-01,5.016288161277799862e-01
5.008932352066000071e-01,5.156049728393600207e-01,5.016288161277799862e-01,5.164133310317999825e-01
5.156049728393600207e-01,5.300573706626899861e-01,5.164133310317999825e-01,5.309738516807599451e-01
5.300573706626899861e-01,5.443334579467800083e-01,5.309738516807599451e-01,5.453598499298100144e-01
5.443334579467800083e-01,5.585669279098499640e-01,5.453598499298100144e-01,5.597009658813499877e-01
5.585669279098499640e-01,5.726972818374600482e-01,5.597009658813499877e-01,5.739631056785600149e-01
5.726972818374600482e-01,5.868521928787200359e-01,5.739631056785600149e-01,5.882467031478899600e-01
5.868521928787200359e-01,6.010562777519200539e-01,5.882467031478899600e-01,6.025698184966999937e-01
6.010562777519200539e-01,6.153129339218099680e-01,6.025698184966999937e-01,6.169347167015100109e-01
6.153129339218099680e-01,6.296212673187300268e-01,6.169347167015100109e-01,6.313409805297900412e-01
6.296212673187300268e-01,6.439799666404699696e-01,6.313409805297900412e-01,6.457876563072200149e-01
6.439799666404699696e-01,6.583875417709400546e-01,6.457876563072200149e-01,6.602737307548499635e-01
6.583875417709400546e-01,6.728424429893500314e-01,6.602737307548499635e-01,6.747982501983600390e-01
6.728424429893500314e-01,6.873431205749499506e-01,6.747982501983600390e-01,6.893598437309299554e-01
6.873431205749499506e-01,7.018878459930399938e-01,6.893598437309299554e-01,7.039572596550000005e-01
7.018878459930399938e-01,7.164748907089200092e-01,7.039572596550000005e-01,7.185891866683999929e-01
7.164748907089200092e-01,7.311026453971900541e-01,7.185891866683999929e-01,7.332541346550000005e-01
7.311026453971900541e-01,7.457692623138399979e-01,7.332541346550000005e-01,7.479507327079799595e-01
7.457692623138399979e-01,7.604730129241900061e-01,7.479507327079799595e-01,7.626774907112100488e-01
7.604730129241900061e-01,7.752121090889000365e-01,7.626774907112100488e-01,7.774331569671599773e-01
7.752121090889000365e-01,7.899849414825399485e-01,7.774331569671599773e-01,7.922161817550700258e-01
7.899849414825399485e-01,8.047897815704300184e-01,7.922161817550700258e-01,8.070253729820300315e-01
8.047897815704300184e-01,8.196250200271599784e-01,8.070253729820300315e-01,8.218593597412100493e-01
8.196250200271599784e-01,8.344891667366000076e-01,8.218593597412100493e-01,8.367169499397300036e-01
8.344891667366000076e-01,8.493806719780000458e-01,8.367169499397300036e-01,8.515968322753899589e-01
8.493806719780000458e-01,8.642981052398700514e-01,8.515968322753899589e-01,8.664978742599499517e-01
8.642981052398700514e-01,8.792400360107399671e-01,8.664978742599499517e-01,8.814190626144400298e-01
8.792400360107399671e-01,8.942052125930799455e-01,8.814190626144400298e-01,8.963592052459700144e-01
8.942052125930799455e-01,9.091922640800500499e-01,8.963592052459700144e-01,9.113172888755799450e-01
9.091922640800500499e-01,9.241999387741099969e-01,9.113172888755799450e-01,9.262923598289499738e-01
9.241999387741099969e-01,9.392271637916600469e-01,9.262923598289499738e-01,9.412834644317600308e-01
9.392271637916600469e-01,9.542726874351500355e-01,9.412834644317600308e-01,9.562896490097000379e-01
9.542726874351500355e-01,9.693354368209800009e-01,9.562896490097000379e-01,9.713100790977500232e-01
9.693354368209800009e-01,9.844143390655499815e-01,9.713100790977500232e-01,9.863438606262200370e-01
9.844143390655499815e-01,9.995083808898900246e-01,9.863438606262200370e-01,1.001390218734699911e+00
9.995083808898900246e-01,1.014616608619699933e+00,1.001390218734699911e+00,1.016448259353599948e+00
1.014616608619699933e+00,1.029737830161999934e+00,1.016448259353599948e+00,1.031517267227199941e+00
1.029737830161999934e+00,1.044871330261200049e+00,1.031517267227199941e+00,1.046596407890300062e+00
1.044871330261200049e+00,1.060016036033599951e+00,1.046596407890300062e+00,1.061684966087300008e+00
1.060016036033599951e+00,1.075171113014200097e+00,1.061684966087300008e+00,1.076782226562500000e+00
1.075171113014200097e+00,1.090335607528700068e+00,1.076782226562500000e+00,1.091887354850799907e+00
1.090335607528700068e+00,1.105508565902699969e+00,1.091887354850799907e+00,1.106999874115000004e+00
1.105508565902699969e+00,1.120689272880599940e+00,1.106999874115000004e+00,1.122118711471600028e+00
1.120689272880599940e+00,1.135876655578599959e+00,1.122118711471600028e+00,1.137243390083300110e+00
1.135876655578599959e+00,1.151069879531900098e+00,1.137243390083300110e+00,1.152373194694499947e+00
1.151069879531900098e+00,1.166268110275300085e+00,1.152373194694499947e+00,1.167507410049400063e+00
1.166268110275300085e+00,1.181470513343799933e+00,1.167507410049400063e+00,1.182645201683000025e+00
1.181470513343799933e+00,1.196676015853900044e+00,1.182645201683000025e+00,1.197785973548900040e+00
1.196676015853900044e+00,1.211884021758999896e+00,1.197785973548900040e+00,1.212928891181900060e+00
1.211884021758999896e+00,1.227093338966400049e+00,1.212928891181900060e+00,1.228073239326499921e+00
1.227093338966400049e+00,1.242303252220199994e+00,1.228073239326499921e+00,1.243218302726700086e+00
1.242303252220199994e+00,1.257512807846099978e+00,1.243218302726700086e+00,1.258363366126999949e+00
1.257512807846099978e+00,1.272721052169800027e+00,1.258363366126999949e+00,1.273507595062300046e+00
1.272721052169800027e+00,1.287926912307699956e+00,1.273507595062300046e+00,1.288650274276700092e+00
1.287926912307699956e+00,1.303129553794899920e+00,1.288650274276700092e+00,1.303790450096099951e+00
1.303129553794899920e+00,1.318327903747599894e+00,1.303790450096099951e+00,1.318927288055399938e+00
1.318327903747599894e+00,1.333521008491499904e+00,1.318927288055399938e+00,1.334060072898900051e+00
1.333521008491499904e+00,1.348707675933799921e+00,1.334060072898900051e+00,1.349187850952100032e+00
1.348707675933799921e+00,1.363886952400199970e+00,1.349187850952100032e+00,1.364309668541000109e+00
1.363886952400199970e+00,1.379057526588399973e+00,1.364309668541000109e+00,1.379424691200300090e+00
1.379057526588399973e+00,1.394218444824200098e+00,1.379424691200300090e+00,1.394531607627899961e+00
1.394218444824200098e+00,1.409368276596099978e+00,1.394531607627899961e+00,1.409629583358799954e+00
1.409368276596099978e+00,1.424505829811099966e+00,1.409629583358799954e+00,1.424717426299999978e+00
1.424505829811099966e+00,1.439629793167100047e+00,1.424717426299999978e+00,1.439794063568099913e+00
1.439629793167100047e+00,1.454738974571200050e+00,1.439794063568099913e+00,1.454858303070099890e+00
1.454738974571200050e+00,1.469833016395599934e+00,1.454858303070099890e+00,1.469909787178000027e+00
1.469833016395599934e+00,1.484914302825899979e+00,1.469909787178000027e+00,1.484951376915000010e+00
1.484914302825899979e+00,1.500000000000000000e+00,1.484951376915000010e+00,1.500000000000000000e+00
-5.149785429239299960e-03,-4.777661524713000367e-03,-4.433086607605199805e-03,-4.053368698805600093e-03
-4.777661524713000367e-03,-3.591820597648599789e-03,-4.053368698805600093e-03,-2.832288155332199873e-03
-3.591820597648599789e-03,-1.682266360148800075e-03,-2.832288155332199873e-03,-8.757566683925700193e-04
-1.682266360148800075e-03,9.215245954692399518e-04,-8.757566683925700193e-04,1.743588596582399926e-03
9.215245954692399518e-04,4.311450757086300427e-03,1.743588596582399926e-03,5.137558095157099616e-03
4.311450757086300427e-03,8.765800856053799703e-03,5.137558095157099616e-03,9.606199339032199178e-03
8.765800856053799703e-03,1.465871557593300019e-02,9.606199339032199178e-03,1.552731078118100086e-02
1.465871557593300019e-02,2.241988107562100166e-02,1.552731078118100086e-02,2.333170175552400083e-02
2.241988107562100166e-02,3.251792117953299782e-02,2.333170175552400083e-02,3.349079564213799931e-02
3.251792117953299782e-02,4.542049393057800283e-02,3.349079564213799931e-02,4.647691175341599895e-02
4.542049393057800283e-02,6.151924282312400127e-02,4.647691175341599895e-02,6.268753111362500297e-02
6.151924282312400127e-02,8.102279901504499948e-02,6.268753111362500297e-02,8.233640342950800106e-02
8.102279901504499948e-02,1.038389503955799986e-01,8.233640342950800106e-02,1.053323745727500066e-01
1.038389503955799986e-01,1.294839978218099985e-01,1.053323745727500066e-01,1.311849206685999913e-01
1.294839978218099985e-01,1.570681333541900093e-01,1.311849206685999913e-01,1.589873582124700091e-01
1.570681333541900093e-01,1.853896826505699869e-01,1.589873582124700091e-01,1.875132024288199972e-01
1.853896826505699869e-01,2.131315022706999907e-01,1.875132024288199972e-01,2.154186367988600026e-01
2.131315022706999907e-01,2.391017079353300046e-01,2.154186367988600026e-01,2.414904832839999960e-01
2.391017079353300046e-01,2.624332010745999977e-01,2.414904832839999960e-01,2.648501992225599788e-01
2.624332010745999977e-01,2.826747596263899931e-01,2.648501992225599788e-01,2.850459516048399755e-01
2.826747596263899931e-01,2.997627556324000131e-01,2.850459516048399755e-01,3.020240664482100046e-01
2.997627556324000131e-01,3.139103651046800114e-01,3.020240664482100046e-01,3.160214424133300226e-01
3.139103651046800114e-01,3.254574239254000023e-01,3.160214424133300226e-01,3.274194598197899819e-01
3.254574239254000023e-01,3.347320854663800027e-01,3.274194598197899819e-01,3.365805149078400227e-01
3.347320854663800027e-01,3.435754179954499943e-01,3.365805149078400227e-01,3.453347086906399799e-01
3.435754179954499943e-01,3.532429635524699796e-01,3.453347086906399799e-01,3.549102544784499824e-01
3.532429635524699796e-01,3.637001514434800020e-01,3.549102544784499824e-01,3.652602434158300215e-01
3.637001514434800020e-01,3.749179840087900062e-01,3.652602434158300215e-01,3.763587474823000267e-01
3.749179840087900062e-01,3.868664503097499763e-01,3.763587474823000267e-01,3.881817162036900193e-01
3.868664503097499763e-01,3.995044529437999925e-01,3.881817162036900193e-01,4.006936252117199726e-01
3.995044529437999925e-01,4.127741754054999879e-01,4.006936252117199726e-01,4.138420522212999941e-01
4.127741754054999879e-01,4.265989661216699758e-01,4.138420522212999941e-01,4.275559782981899759e-01
4.265989661216699758e-01,4.408827722072600208e-01,4.275559782981899759e-01,4.417454600334200232e-01
4.408827722072600208e-01,4.555113315582299816e-01,4.417454600334200232e-01,4.563027024269100118e-01
4.555113315582299816e-01,4.703548252582600009e-01,4.563027024269100118e-01,4.711042344570199880e-01
4.703548252582600009e-01,4.852719306945800226e-01,4.711042344570199880e-01,4.860147833824199903e-01
4.852719306945800226e-01,5.001167058944699928e-01,4.860147833824199903e-01,5.008932352066000071e-01
5.001167058944699928e-01,5.147520899772599634e-01,5.008932352066000071e-01,5.156049728393600207e-01
5.147520899772599634e-01,5.290908217430100313e-01,5.156049728393600207e-01,5.300573706626899861e-01
5.290908217430100313e-01,5.432518124580399954e-01,5.300573706626899861e-01,5.443334579467800083e-01
5.432518124580399954e-01,5.573738813400299641e-01,5.443334579467800083e-01,5.585669279098499640e-01
5.573738813400299641e-01,5.713709592819200545e-01,5.585669279098499640e-01,5.726972818374600482e-01
5.713709592819200545e-01,5.853953361511200493e-01,5.726972818374600482e-01,5.868521928787200359e-01
5.853953361511200493e-01,5.994777083396900519e-01,5.868521928787200359e-01,6.010562777519200539e-01
5.994777083396900519e-01,6.136229038238499855e-01,6.010562777519200539e-01,6.153129339218099680e-01
6.136229038238499855e-01,6.278301477432299826e-01,6.153129339218099680e-01,6.296212673187300268e-01
6.278301477432299826e-01,6.420978903770400148e-01,6.296212673187300268e-01,6.439799666404699696e-01
6.420978903770400148e-01,6.564242243766800211e-01,6.439799666404699696e-01,6.583875417709400546e-01
6.564242243766800211e-01,6.708071827888499872e-01,6.583875417709400546e-01,6.728424429893500314e-01
6.708071827888499872e-01,6.852449178695699805e-01,6.728424429893500314e-01,6.873431205749499506e-01
6.852449178695699805e-01,6.997353434562699759e-01,6.873431205749499506e-01,7.018878459930399938e-01
6.997353434562699759e-01,7.142764329910300525e-01,7.018878459930399938e-01,7.164748907089200092e-01
7.142764329910300525e-01,7.288660407066299696e-01,7.164748907089200092e-01,7.311026453971900541e-01
7.288660407066299696e-01,7.435021400451700124e-01,7.311026453971900541e-01,7.457692623138399979e-01
7.435021400451700124e-01,7.581825256347699549e-01,7.457692623138399979e-01,7.604730129241900061e-01
7.581825256347699549e-01,7.729052305221599806e-01,7.604730129241900061e-01,7.752121090889000365e-01
7.729052305221599806e-01,7.876681089401199598e-01,7.752121090889000365e-01,7.899849414825399485e-01
7.876681089401199598e-01,8.024692535400399507e-01,7.899849414825399485e-01,8.047897815704300184e-01
8.024692535400399507e-01,8.173066377639800484e-01,8.047897815704300184e-01,8.196250200271599784e-01
8.173066377639800484e-01,8.321784734725999888e-01,8.196250200271599784e-01,8.344891667366000076e-01
8.321784734725999888e-01,8.470829129219099585e-01,8.344891667366000076e-01,8.493806719780000458e-01
8.470829129219099585e-01,8.620181679725600343e-01,8.493806719780000458e-01,8.642981052398700514e-01
8.620181679725600343e-01,8.769825696945200422e-01,8.642981052398700514e-01,8.792400360107399671e-01
8.769825696945200422e-01,8.919745683669999536e-01,8.792400360107399671e-01,8.942052125930799455e-01
8.919745683669999536e-01,9.069925546646100400e-01,8.942052125930799455e-01,9.091922640800500499e-01
9.069925546646100400e-01,9.220350384712200364e-01,9.091922640800500499e-01,9.241999387741099969e-01
9.220350384712200364e-01,9.371005892753599964e-01,9.241999387741099969e-01,9.392271637916600469e-01
9.371005892753599964e-01,9.521877765655499815e-01,9.392271637916600469e-01,9.542726874351500355e-01
9.521877765655499815e-01,9.672953486442600335e-01,9.542726874351500355e-01,9.693354368209800009e-01
9.672953486442600335e-01,9.824219346046400014e-01,9.693354368209800009e-01,9.844143390655499815e-01
9.824219346046400014e-01,9.975662827491800222e-01,9.844143390655499815e-01,9.995083808898900246e-01
9.975662827491800222e-01,1.012727260589600053e+00,9.995083808898900246e-01,1.014616608619699933e+00
1.012727260589600053e+00,1.027903556823700049e+00,1.014616608619699933e+00,1.029737830161999934e+00
1.027903556823700049e+00,1.043094038963300108e+00,1.029737830161999934e+00,1.044871330261200049e+00
1.043094038963300108e+00,1.058297634124800046e+00,1.044871330261200049e+00,1.060016036033599951e+00
1.058297634124800046e+00,1.073513269424400063e+00,1.060016036033599951e+00,1.075171113014200097e+00
1.073513269424400063e+00,1.088739752769499969e+00,1.075171113014200097e+00,1.090335607528700068e+00
1.088739752769499969e+00,1.103976011276200042e+00,1.090335607528700068e+00,1.105508565902699969e+00
1.103976011276200042e+00,1.119220972061200081e+00,1.105508565902699969e+00,1.120689272880599940e+00
1.119220972061200081e+00,1.134473681449899907e+00,1.120689272880599940e+00,1.135876655578599959e+00
1.134473681449899907e+00,1.149732947349499934e+00,1.135876655578599959e+00,1.151069879531900098e+00
1.149732947349499934e+00,1.164997816085800109e+00,1.151069879531900098e+00,1.166268110275300085e+00
1.164997816085800109e+00,1.180267214775100104e+00,1.166268110275300085e+00,1.181470513343799933e+00
1.180267214775100104e+00,1.195540070533799959e+00,1.181470513343799933e+00,1.196676015853900044e+00
1.195540070533799959e+00,1.210815310478200013e+00,1.196676015853900044e+00,1.211884021758999896e+00
1.210815310478200013e+00,1.226091861724899923e+00,1.211884021758999896e+00,1.227093338966400049e+00
1.226091861724899923e+00,1.241368770599400095e+00,1.227093338966400049e+00,1.242303252220199994e+00
1.241368770599400095e+00,1.256644725799600071e+00,1.242303252220199994e+00,1.257512807846099978e+00
1.256644725799600071e+00,1.271918773651099954e+00,1.257512807846099978e+00,1.272721052169800027e+00
1.271918773651099954e+00,1.287189841270399926e+00,1.272721052169800027e+00,1.287926912307699956e+00
1.287189841270399926e+00,1.302456617355300050e+00,1.287926912307699956e+00,1.303129553794899920e+00
1.302456617355300050e+00,1.317718029022199921e+00,1.303129553794899920e+00,1.318327903747599894e+00
1.317718029022199921e+00,1.332972884178200035e+00,1.318327903747599894e+00,1.333521008491499904e+00
1.332972884178200035e+00,1.348219871521000091e+00,1.333521008491499904e+00,1.348707675933799921e+00
1.348219871521000091e+00,1.363457798957800060e+00,1.348707675933799921e+00,1.363886952400199970e+00
1.363457798957800060e+00,1.378685355186499928e+00,1.363886952400199970e+00,1.379057526588399973e+00
1.378685355186499928e+00,1.393901109695399931e+00,1.379057526588399973e+00,1.394218444824200098e+00
1.393901109695399931e+00,1.409103751182599895e+00,1.394218444824200098e+00,1.409368276596099978e+00
1.409103751182599895e+00,1.424291849136400057e+00,1.409368276596099978e+00,1.424505829811099966e+00
1.424291849136400057e+00,1.439463973045300049e+00,1.424505829811099966e+00,1.439629793167100047e+00
1.439463973045300049e+00,1.454618811607399920e+00,1.439629793167100047e+00,1.454738974571200050e+00
1.454618811607399920e+00,1.469755649566699907e+00,1.454738974571200050e+00,1.469833016395599934e+00
1.469755649566699907e+00,1.484877109527600103e+00,1.469833016395599934e+00,1.484914302825899979e+00
1.484877109527600103e+00,1.500000000000000000e+00,1.484914302825899979e+00,1.500000000000000000e+00
-5.900975782424200226e-03,-5.534321535378699738e-03,-5.149785429239299960e-03,-4.777661524713000367e-03
-5.534321535378699738e-03,-4.375369288027300407e-03,-4.777661524713000367e-03,-3.591820597648599789e-03
-4.375369288027300407e-03,-2.509762998670300119e-03,-3.591820597648599789e-03,-1.682266360148800075e-03
-2.509762998670300119e-03,6.935798592166999535e-05,-1.682266360148800075e-03,9.215245954692399518e-04
6.935798592166999535e-05,3.449805779382599923e-03,9.215245954692399518e-04,4.311450757086300427e-03
3.449805779382599923e-03,7.887875661253899648e-03,4.311450757086300427e-03,8.765800856053799703e-03
7.887875661253899648e-03,1.375101506710100022e-02,8.765800856053799703e-03,1.465871557593300019e-02
1.375101506710100022e-02,2.146691270172600141e-02,1.465871557593300019e-02,2.241988107562100166e-02
2.146691270172600141e-02,3.150114044547099729e-02,2.241988107562100166e-02,3.251792117953299782e-02
3.150114044547099729e-02,4.431648552417800230e-02,3.251792117953299782e-02,4.542049393057800283e-02
4.431648552417800230e-02,6.029854714870500065e-02,4.542049393057800283e-02,6.151924282312400127e-02
6.029854714870500065e-02,7.965062558650999602e-02,6.151924282312400127e-02,8.102279901504499948e-02
7.965062558650999602e-02,1.022793650627100009e-01,8.102279901504499948e-02,1.038389503955799986e-01
1.022793650627100009e-01,1.277080327272399896e-01,1.038389503955799986e-01,1.294839978218099985e-01
1.277080327272399896e-01,1.550640761852299931e-01,1.294839978218099985e-01,1.570681333541900093e-01
1.550640761852299931e-01,1.831713318824799985e-01,1.570681333541900093e-01,1.853896826505699869e-01
1.831713318824799985e-01,2.107403278350800102e-01,1.853896826505699869e-01,2.131315022706999907e-01
2.107403278350800102e-01,2.366013675928100024e-01,2.131315022706999907e-01,2.391017079353300046e-01
2.366013675928100024e-01,2.598993480205499806e-01,2.391017079353300046e-01,2.624332010745999977e-01
2.598993480205499806e-01,2.801832854747799972e-01,2.624332010745999977e-01,2.826747596263899931e-01
2.801832854747799972e-01,2.973775267600999861e-01,2.826747596263899931e-01,2.997627556324000131e-01
2.973775267600999861e-01,3.116688430309300095e-01,2.997627556324000131e-01,3.139103651046800114e-01
3.116688430309300095e-01,3.233591020107299818e-01,3.139103651046800114e-01,3.254574239254000023e-01
3.233591020107299818e-01,3.327533602714500272e-01,3.254574239254000023e-01,3.347320854663800027e-01
3.327533602714500272e-01,3.417012989520999966e-01,3.347320854663800027e-01,3.435754179954499943e-01
3.417012989520999966e-01,3.514746427536000195e-01,3.435754179954499943e-01,3.532429635524699796e-01
3.514746427536000195e-01,3.620485365390799792e-01,3.532429635524699796e-01,3.637001514434800020e-01
3.620485365390799792e-01,3.733936548233000030e-01,3.637001514434800020e-01,3.749179840087900062e-01
3.733936548233000030e-01,3.854754865169500166e-01,3.749179840087900062e-01,3.868664503097499763e-01
3.854754865169500166e-01,3.982475101947799967e-01,3.868664503097499763e-01,3.995044529437999925e-01
3.982475101947799967e-01,4.116463065147399902e-01,3.995044529437999925e-01,4.127741754054999879e-01
4.116463065147399902e-01,4.255890250205999759e-01,4.127741754054999879e-01,4.265989661216699758e-01
4.255890250205999759e-01,4.399731159210200082e-01,4.265989661216699758e-01,4.408827722072600208e-01
4.399731159210200082e-01,4.546774923801399915e-01,4.408827722072600208e-01,4.555113315582299816e-01
4.546774923801399915e-01,4.695655405521400039e-01,4.555113315582299816e-01,4.703548252582600009e-01
4.695655405521400039e-01,4.844897985458400114e-01,4.703548252582600009e-01,4.852719306945800226e-01
4.844897985458400114e-01,4.992991983890500141e-01,4.852719306945800226e-01,5.001167058944699928e-01
4.992991983890500141e-01,5.138542056083700293e-01,5.001167058944699928e-01,5.147520899772599634e-01
5.138542056083700293e-01,5.280739665031399799e-01,5.147520899772599634e-01,5.290908217430100313e-01
5.280739665031399799e-01,5.421152710914599604e-01,5.290908217430100313e-01,5.432518124580399954e-01
5.421152710914599604e-01,5.561219453811599989e-01,5.432518124580399954e-01,5.573738813400299641e-01
5.561219453811599989e-01,5.699837803840599459e-01,5.573738813400299641e-01,5.713709592819200545e-01
5.699837803840599459e-01,5.838758349418600169e-01,5.713709592819200545e-01,5.853953361511200493e-01
5.838758349418600169e-01,5.978342890739399840e-01,5.853953361511200493e-01,5.994777083396900519e-01
5.978342890739399840e-01,6.118655204772900369e-01,5.994777083396900519e-01,6.136229038238499855e-01
6.118655204772900369e-01,6.259691119193999675e-01,6.136229038238499855e-01,6.278301477432299826e-01
6.259691119193999675e-01,6.401433348655699573e-01,6.278301477432299826e-01,6.420978903770400148e-01
6.401433348655699573e-01,6.543861031532299810e-01,6.420978903770400148e-01,6.564242243766800211e-01
6.543861031532299810e-01,6.686952114105200184e-01,6.564242243766800211e-01,6.708071827888499872e-01
6.686952114105200184e-01,6.830683350563000467e-01,6.708071827888499872e-01,6.852449178695699805e-01
6.830683350563000467e-01,6.975030899047900412e-01,6.852449178695699805e-01,6.997353434562699759e-01
6.975030899047900412e-01,7.119970917701700097e-01,6.997353434562699759e-01,7.142764329910300525e-01
7.119970917701700097e-01,7.265478968620300293e-01,7.142764329910300525e-01,7.288660407066299696e-01
7.265478968620300293e-01,7.411530017852799856e-01,7.288660407066299696e-01,7.435021400451700124e-01
7.411530017852799856e-01,7.558099031448399785e-01,7.435021400451700124e-01,7.581825256347699549e-01
7.558099031448399785e-01,7.705162763595599928e-01,7.581825256347699549e-01,7.729052305221599806e-01
7.705162763595599928e-01,7.852696180343600174e-01,7.729052305221599806e-01,7.876681089401199598e-01
7.852696180343600174e-01,8.000676035881000292e-01,7.876681089401199598e-01,8.024692535400399507e-01
8.000676035881000292e-01,8.149079680442800067e-01,8.024692535400399507e-01,8.173066377639800484e-01
8.149079680442800067e-01,8.297885060310400407e-01,8.173066377639800484e-01,8.321784734725999888e-01
8.297885060310400407e-01,8.447070717811600016e-01,8.321784734725999888e-01,8.470829129219099585e-01
8.447070717811600016e-01,8.596616387367199685e-01,8.470829129219099585e-01,8.620181679725600343e-01
8.596616387367199685e-01,8.746501207351700113e-01,8.620181679725600343e-01,8.769825696945200422e-01
8.746501207351700113e-01,8.896707296371499929e-01,8.769825696945200422e-01,8.919745683669999536e-01
8.896707296371499929e-01,9.047215580940199953e-01,8.919745683669999536e-01,9.069925546646100400e-01
9.047215580940199953e-01,9.198008179664599604e-01,9.069925546646100400e-01,9.220350384712200364e-01
9.198008179664599604e-01,9.349068403243999681e-01,9.220350384712200364e-01,9.371005892753599964e-01
9.349068403243999681e-01,9.500379562377899711e-01,9.371005892753599964e-01,9.521877765655499815e-01
9.500379562377899711e-01,9.651926159858700283e-01,9.521877765655499815e-01,9.672953486442600335e-01
9.651926159858700283e-01,9.803692698478699841e-01,9.672953486442600335e-01,9.824219346046400014e-01
9.803692698478699841e-01,9.955664277076700097e-01,9.824219346046400014e-01,9.975662827491800222e-01
9.955664277076700097e-01,1.010782599449199903e+00,9.975662827491800222e-01,1.012727260589600053e+00
1.010782599449199903e+00,1.026016473770100079e+00,1.012727260589600053e+00,1.027903556823700049e+00
1.026016473770100079e+00,1.041266679763799941e+00,1.027903556823700049e+00,1.043094038963300108e+00
1.041266679763799941e+00,1.056531786918599947e+00,1.043094038963300108e+00,1.058297634124800046e+00
1.056531786918599947e+00,1.071810483932500002e+00,1.058297634124800046e+00,1.073513269424400063e+00
1.071810483932500002e+00,1.087101578712500016e+00,1.073513269424400063e+00,1.088739752769499969e+00
1.087101578712500016e+00,1.102403640747100066e+00,1.088739752769499969e+00,1.103976011276200042e+00
1.102403640747100066e+00,1.117715597152699969e+00,1.103976011276200042e+00,1.119220972061200081e+00
1.117715597152699969e+00,1.133036017417899943e+00,1.119220972061200081e+00,1.134473681449899907e+00
1.133036017417899943e+00,1.148363828659100028e+00,1.134473681449899907e+00,1.149732947349499934e+00
1.148363828659100028e+00,1.163697719573999922e+00,1.149732947349499934e+00,1.164997816085800109e+00
1.163697719573999922e+00,1.179036498069800043e+00,1.164997816085800109e+00,1.180267214775100104e+00
1.179036498069800043e+00,1.194378852844200090e+00,1.180267214775100104e+00,1.195540070533799959e+00
1.194378852844200090e+00,1.209723711013799941e+00,1.195540070533799959e+00,1.210815310478200013e+00
1.209723711013799941e+00,1.225069522857699988e+00,1.210815310478200013e+00,1.226091861724899923e+00
1.225069522857699988e+00,1.240415334701499894e+00,1.226091861724899923e+00,1.241368770599400095e+00
1.240415334701499894e+00,1.255759835243200007e+00,1.241368770599400095e+00,1.256644725799600071e+00
1.255759835243200007e+00,1.271101593971299959e+00,1.256644725799600071e+00,1.271918773651099954e+00
1.271101593971299959e+00,1.286439418792699962e+00,1.271918773651099954e+00,1.287189841270399926e+00
1.286439418792699962e+00,1.301771998405500064e+00,1.287189841270399926e+00,1.302456617355300050e+00
1.301771998405500064e+00,1.317098021507300043e+00,1.302456617355300050e+00,1.317718029022199921e+00
1.317098021507300043e+00,1.332416057586699898e+00,1.317718029022199921e+00,1.332972884178200035e+00
1.332416057586699898e+00,1.347724676132199928e+00,1.332972884178200035e+00,1.348219871521000091e+00
1.347724676132199928e+00,1.363022446632399909e+00,1.348219871521000091e+00,1.363457798957800060e+00
1.363022446632399909e+00,1.378307938575699998e+00,1.363457798957800060e+00,1.378685355186499928e+00
1.378307938575699998e+00,1.393579721450799891e+00,1.378685355186499928e+00,1.393901109695399931e+00
1.393579721450799891e+00,1.408836126327499993e+00,1.393901109695399931e+00,1.409103751182599895e+00
1.408836126327499993e+00,1.424075603485100094e+00,1.409103751182599895e+00,1.424291849136400057e+00
1.424075603485100094e+00,1.439296603202800062e+00,1.424291849136400057e+00,1.439463973045300049e+00
1.439296603202800062e+00,1.454497694969199895e+00,1.439463973045300049e+00,1.454618811607399920e+00
1.454497694969199895e+00,1.469677925109899919e+00,1.454618811607399920e+00,1.469755649566699907e+00
1.469677925109899919e+00,1.484839797020000018e+00,1.469755649566699907e+00,1.484877109527600103e+00
1.484839797020000018e+00,1.500000000000000000e+00,1.484877109527600103e+00,1.500000000000000000e+00
-6.691688206046799738e-03,-6.329142488539199821e-03,-5.900975782424200226e-03,-5.534321535378699738e-03
-6.329142488539199821e-03,-5.191384814679600099e-03,-5.534321535378699738e-03,-4.375369288027300407e-03
-5.191384814679600099e-03,-3.365312702953799848e-03,-4.375369288027300407e-03,-2.509762998670300119e-03
-3.365312702953799848e-03,-8.170523797161899924e-04,-2.509762998670300119e-03,6.935798592166999535e-05
-8.170523797161899924e-04,2.548001706600200051e-03,6.935798592166999535e-05,3.449805779382599923e-03
2.548001706600200051e-03,6.967202760279200303e-03,3.449805779382599923e-03,7.887875661253899648e-03
6.967202760279200303e-03,1.279870886355599993e-02,7.887875661253899648e-03,1.375101506710100022e-02
1.279870886355599993e-02,2.046710439026400152e-02,1.375101506710100022e-02,2.146691270172600141e-02
2.046710439026400152e-02,3.043456748127899847e-02,2.146691270172600141e-02,3.150114044547099729e-02
3.043456748127899847e-02,4.315878823399500047e-02,3.150114044547099729e-02,4.431648552417800230e-02
4.315878823399500047e-02,5.901910737156899900e-02,4.431648552417800230e-02,6.029854714870500065e-02
5.901910737156899900e-02,7.821331918239600445e-02,6.029854714870500065e-02,7.965062558650999602e-02
7.821331918239600445e-02,1.006468981504400062e-01,7.965062558650999602e-02,1.022793650627100009e-01
1.006468981504400062e-01,1.258502751588800039e-01,1.022793650627100009e-01,1.277080327272399896e-01
1.258502751588800039e-01,1.529686003923400039e-01,1.277080327272399896e-01,1.550640761852299931e-01
1.529686003923400039e-01,1.808519810438199982e-01,1.550640761852299931e-01,1.831713318824799985e-01
1.808519810438199982e-01,2.082394659519199998e-01,1.831713318824799985e-01,2.107403278350800102e-01
2.082394659519199998e-01,2.339844405651100023e-01,2.107403278350800102e-01,2.366013675928100024e-01
2.339844405651100023e-01,2.572441101074199876e-01,2.366013675928100024e-01,2.598993480205499806e-01
2.572441101074199876e-01,2.775670886039700025e-01,2.598993480205499806e-01,2.801832854747799972e-01
2.775670886039700025e-01,2.948638796806299922e-01,2.801832854747799972e-01,2.973775267600999861e-01
2.948638796806299922e-01,3.092933893203699824e-01,2.973775267600999861e-01,3.116688430309300095e-01
3.092933893203699824e-01,3.211238086223600074e-01,3.116688430309300095e-01,3.233591020107299818e-01
3.211238086223600074e-01,3.306442201137499981e-01,3.233591020107299818e-01,3.327533602714500272e-01
3.306442201137499981e-01,3.397098183631899748e-01,3.327533602714500272e-01,3.417012989520999966e-01
3.397098183631899748e-01,3.496022522449500070e-01,3.417012989520999966e-01,3.514746427536000195e-01
3.496022522449500070e-01,3.603036105632799746e-01,3.514746427536000195e-01,3.620485365390799792e-01
3.603036105632799746e-01,3.717853128910100224e-01,3.620485365390799792e-01,3.733936548233000030e-01
3.717853128910100224e-01,3.840093016624500089e-01,3.733936548233000030e-01,3.854754865169500166e-01
3.840093016624500089e-01,3.969239592552200047e-01,3.854754865169500166e-01,3.982475101947799967e-01
3.969239592552200047e-01,4.104599356651300046e-01,3.982475101947799967e-01,4.116463065147399902e-01
4.104599356651300046e-01,4.245279729366300270e-01,4.116463065147399902e-01,4.255890250205999759e-01
4.245279729366300270e-01,4.390184283256500231e-01,4.255890250205999759e-01,4.399731159210200082e-01
4.390184283256500231e-01,4.538030028343200128e-01,4.399731159210200082e-01,4.546774923801399915e-01
4.538030028343200128e-01,4.687379598617599785e-01,4.546774923801399915e-01,4.695655405521400039e-01
4.687379598617599785e-01,4.836694002151499805e-01,4.695655405521400039e-01,4.844897985458400114e-01
4.836694002151499805e-01,4.984410703182199920e-01,4.844897985458400114e-01,4.992991983890500141e-01
4.984410703182199920e-01,5.129113793373100139e-01,4.992991983890500141e-01,5.138542056083700293e-01
5.129113793373100139e-01,5.270071625709500385e-01,5.138542056083700293e-01,5.280739665031399799e-01
5.270071625709500385e-01,5.409247875213599732e-01,5.280739665031399799e-01,5.421152710914599604e-01
5.409247875213599732e-01,5.548120141029400099e-01,5.421152710914599604e-01,5.561219453811599989e-01
5.548120141029400099e-01,5.685364007949800236e-01,5.561219453811599989e-01,5.699837803840599459e-01
5.685364007949800236e-01,5.822942256927500226e-01,5.699837803840599459e-01,5.838758349418600169e-01
5.822942256927500226e-01,5.961269140243500297e-01,5.838758349418600169e-01,5.978342890739399840e-01
5.961269140243500297e-01,6.100420951843299466e-01,5.978342890739399840e-01,6.118655204772900369e-01
6.100420951843299466e-01,6.240399479866000076e-01,6.118655204772900369e-01,6.259691119193999675e-01
6.240399479866000076e-01,6.381186842918400437e-01,6.259691119193999675e-01,6.401433348655699573e-01
6.381186842918400437e-01,6.522760987281800427e-01,6.401433348655699573e-01,6.543861031532299810e-01
6.522760987281800427e-01,6.665096879005399932e-01,6.543861031532299810e-01,6.686952114105200184e-01
6.665096879005399932e-01,6.808168292045599923e-01,6.686952114105200184e-01,6.830683350563000467e-01
6.808168292045599923e-01,6.951948404312100482e-01,6.830683350563000467e-01,6.975030899047900412e-01
6.951948404312100482e-01,7.096409797668500330e-01,6.975030899047900412e-01,7.119970917701700097e-01
7.096409797668500330e-01,7.241523265838599732e-01,7.119970917701700097e-01,7.265478968620300293e-01
7.241523265838599732e-01,7.387261390685999629e-01,7.265478968620300293e-01,7.411530017852799856e-01
7.387261390685999629e-01,7.533595561981200062e-01,7.411530017852799856e-01,7.558099031448399785e-01
7.533595561981200062e-01,7.680497169494600040e-01,7.558099031448399785e-01,7.705162763595599928e-01
7.680497169494600040e-01,7.827939391136200520e-01,7.705162763595599928e-01,7.852696180343600174e-01
7.827939391136200520e-01,7.975894212722800525e-01,7.852696180343600174e-01,8.000676035881000292e-01
7.975894212722800525e-01,8.124336004257199928e-01,8.000676035881000292e-01,8.149079680442800067e-01
8.124336004257199928e-01,8.273238539695699778e-01,8.149079680442800067e-01,8.297885060310400407e-01
8.273238539695699778e-01,8.422577381133999896e-01,8.297885060310400407e-01,8.447070717811600016e-01
8.422577381133999896e-01,8.572329282760600133e-01,8.447070717811600016e-01,8.596616387367199685e-01
8.572329282760600133e-01,8.722469806671100390e-01,8.596616387367199685e-01,8.746501207351700113e-01
8.722469806671100390e-01,8.872978091239900333e-01,8.746501207351700113e-01,8.896707296371499929e-01
8.872978091239900333e-01,9.023832678794899698e-01,8.896707296371499929e-01,9.047215580940199953e-01
9.023832678794899698e-01,9.175012111663799486e-01,9.047215580940199953e-01,9.198008179664599604e-01
9.175012111663799486e-01,9.326497316360500278e-01,9.198008179664599604e-01,9.349068403243999681e-01
9.326497316360500278e-01,9.478268623352099631e-01,9.349068403243999681e-01,9.500379562377899711e-01
9.478268623352099631e-01,9.630308151245100534e-01,9.500379562377899711e-01,9.651926159858700283e-01
9.630308151245100534e-01,9.782597422599800252e-01,9.651926159858700283e-01,9.803692698478699841e-01
9.782597422599800252e-01,9.935120344161999517e-01,9.803692698478699841e-01,9.955664277076700097e-01
9.935120344161999517e-01,1.008785843849199892e+00,9.955664277076700097e-01,1.010782599449199903e+00
1.008785843849199892e+00,1.024079680442800067e+00,1.010782599449199903e+00,1.026016473770100079e+00
1.024079680442800067e+00,1.039391875266999943e+00,1.026016473770100079e+00,1.041266679763799941e+00
1.039391875266999943e+00,1.054720878601099976e+00,1.041266679763799941e+00,1.056531786918599947e+00
1.054720878601099976e+00,1.070065140724199892e+00,1.056531786918599947e+00,1.071810483932500002e+00
1.070065140724199892e+00,1.085423231124899912e+00,1.071810483932500002e+00,1.087101578712500016e+00
1.085423231124899912e+00,1.100793600082399903e+00,1.087101578712500016e+00,1.102403640747100066e+00
1.100793600082399903e+00,1.116174817085300086e+00,1.102403640747100066e+00,1.117715597152699969e+00
1.116174817085300086e+00,1.131565451621999951e+00,1.117715597152699969e+00,1.133036017417899943e+00
1.131565451621999951e+00,1.146964192390399928e+00,1.133036017417899943e+00,1.148363828659100028e+00
1.146964192390399928e+00,1.162369370460500040e+00,1.148363828659100028e+00,1.163697719573999922e+00
1.162369370460500040e+00,1.177779674529999987e+00,1.163697719573999922e+00,1.179036498069800043e+00
1.177779674529999987e+00,1.193193793296799976e+00,1.179036498069800043e+00,1.194378852844200090e+00
1.193193793296799976e+00,1.208610057830800111e+00,1.194378852844200090e+00,1.209723711013799941e+00
1.208610057830800111e+00,1.224027395248399985e+00,1.209723711013799941e+00,1.225069522857699988e+00
1.224027395248399985e+00,1.239444017410300081e+00,1.225069522857699988e+00,1.240415334701499894e+00
1.239444017410300081e+00,1.254858732223500084e+00,1.240415334701499894e+00,1.255759835243200007e+00
1.254858732223500084e+00,1.270269989967300006e+00,1.255759835243200007e+00,1.271101593971299959e+00
1.270269989967300006e+00,1.285676360130300067e+00,1.271101593971299959e+00,1.286439418792699962e+00
1.285676360130300067e+00,1.301076292991599992e+00,1.286439418792699962e+00,1.301771998405500064e+00
1.301076292991599992e+00,1.316468238830599935e+00,1.301771998405500064e+00,1.317098021507300043e+00
1.316468238830599935e+00,1.331850767135599911e+00,1.317098021507300043e+00,1.332416057586699898e+00
1.331850767135599911e+00,1.347222328186000073e+00,1.332416057586699898e+00,1.347724676132199928e+00
1.347222328186000073e+00,1.362581253051800001e+00,1.347724676132199928e+00,1.363022446632399909e+00
1.362581253051800001e+00,1.377925753593399971e+00,1.363022446632399909e+00,1.378307938575699998e+00
1.377925753593399971e+00,1.393254518508900031e+00,1.378307938575699998e+00,1.393579721450799891e+00
1.393254518508900031e+00,1.408565521240199958e+00,1.393579721450799891e+00,1.408836126327499993e+00
1.408565521240199958e+00,1.423857092857399920e+00,1.408836126327499993e+00,1.424075603485100094e+00
1.423857092857399920e+00,1.439127683639499944e+00,1.424075603485100094e+00,1.439296603202800062e+00
1.439127683639499944e+00,1.454375505447399908e+00,1.439296603202800062e+00,1.454497694969199895e+00
1.454375505447399908e+00,1.469599723815899983e+00,1.454497694969199895e+00,1.469677925109899919e+00
1.469599723815899983e+00,1.484802365303000027e+00,1.469677925109899919e+00,1.484839797020000018e+00
1.484802365303000027e+00,1.500000000000000000e+00,1.484839797020000018e+00,1.500000000000000000e+00
-7.527219597250199741e-03,-7.167857140302699714e-03,-6.691688206046799738e-03,-6.329142488539199821e-03
-7.167857140302699714e-03,-6.047355011105500118e-03,-6.329142488539199821e-03,-5.191384814679600099e-03
-6.047355011105500118e-03,-4.256356507539699706e-03,-5.191384814679600099e-03,-3.365312702953799848e-03
-4.256356507539699706e-03,-1.742579741403499968e-03,-3.365312702953799848e-03,-8.170523797161899924e-04
-1.742579741403499968e-03,1.601194147951900092e-03,-8.170523797161899924e-04,2.548001706600200051e-03
1.601194147951900092e-03,5.998359993100200148e-03,2.548001706600200051e-03,6.967202760279200303e-03
5.998359993100200148e-03,1.179605722427400083e-02,6.967202760279200303e-03,1.279870886355599993e-02
1.179605722427400083e-02,1.941451616585300119e-02,1.279870886355599993e-02,2.046710439026400152e-02
1.941451616585300119e-02,2.931207045912699941e-02,2.046710439026400152e-02,3.043456748127899847e-02
2.931207045912699941e-02,4.194108024239499855e-02,3.043456748127899847e-02,4.315878823399500047e-02
4.194108024239499855e-02,5.767439678311300083e-02,4.315878823399500047e-02,5.901910737156899900e-02
5.767439678311300083e-02,7.670418173074700086e-02,5.901910737156899900e-02,7.821331918239600445e-02
7.670418173074700086e-02,9.893475472927100445e-02,7.821331918239600445e-02,1.006468981504400062e-01
9.893475472927100445e-02,1.239039823412900060e-01,1.006468981504400062e-01,1.258502751588800039e-01
1.239039823412900060e-01,1.507752537727400088e-01,1.258502751588800039e-01,1.529686003923400039e-01
1.507752537727400088e-01,1.784256547689400119e-01,1.529686003923400039e-01,1.808519810438199982e-01
1.784256547689400119e-01,2.056236714124700105e-01,1.808519810438199982e-01,2.082394659519199998e-01
2.056236714124700105e-01,2.312464416027099900e-01,2.082394659519199998e-01,2.339844405651100023e-01
2.312464416027099900e-01,2.544635832309700141e-01,2.339844405651100023e-01,2.572441101074199876e-01
2.544635832309700141e-01,2.748225927352900277e-01,2.572441101074199876e-01,2.775670886039700025e-01
2.748225927352900277e-01,2.922184467315699918e-01,2.775670886039700025e-01,2.948638796806299922e-01
2.922184467315699918e-01,3.067819178104400080e-01,2.948638796806299922e-01,3.092933893203699824e-01
3.067819178104400080e-01,3.187519013881700003e-01,3.092933893203699824e-01,3.211238086223600074e-01
3.187519013881700003e-01,3.284053504466999951e-01,3.211238086223600074e-01,3.306442201137499981e-01
3.284053504466999951e-01,3.376002907753000160e-01,3.306442201137499981e-01,3.397098183631899748e-01
3.376002907753000160e-01,3.476245999336199932e-01,3.397098183631899748e-01,3.496022522449500070e-01
3.476245999336199932e-01,3.584650456905399962e-01,3.496022522449500070e-01,3.603036105632799746e-01
3.584650456905399962e-01,3.700936436653100015e-01,3.603036105632799746e-01,3.717853128910100224e-01
3.700936436653100015e-01,3.824695050716400146e-01,3.717853128910100224e-01,3.840093016624500089e-01
3.824695050716400146e-01,3.955360651016199824e-01,3.840093016624500089e-01,3.969239592552200047e-01
3.955360651016199824e-01,4.092178940773000262e-01,3.969239592552200047e-01,4.104599356651300046e-01
4.092178940773000262e-01,4.234187602996800082e-01,4.104599356651300046e-01,4.245279729366300270e-01
4.234187602996800082e-01,4.380216598510699999e-01,4.245279729366300270e-01,4.390184283256500231e-01
4.380216598510699999e-01,4.528906047344199992e-01,4.390184283256500231e-01,4.538030028343200128e-01
4.528906047344199992e-01,4.678743779659300106e-01,4.538030028343200128e-01,4.687379598617599785e-01
4.678743779659300106e-01,4.828123748302500240e-01,4.687379598617599785e-01,4.836694002151499805e-01
4.828123748302500240e-01,4.975433945655799994e-01,4.836694002151499805e-01,4.984410703182199920e-01
4.975433945655799994e-01,5.119243264198299892e-01,4.984410703182199920e-01,5.129113793373100139e-01
5.119243264198299892e-01,5.258913636207600550e-01,5.129113793373100139e-01,5.270071625709500385e-01
5.258913636207600550e-01,5.396816134452799840e-01,5.270071625709500385e-01,5.409247875213599732e-01
5.396816134452799840e-01,5.534456372260999624e-01,5.409247875213599732e-01,5.548120141029400099e-01
5.534456372260999624e-01,5.670300722122200154e-01,5.548120141029400099e-01,5.685364007949800236e-01
5.670300722122200154e-01,5.806518197059600261e-01,5.685364007949800236e-01,5.822942256927500226e-01
5.806518197059600261e-01,5.943570137023900246e-01,5.822942256927500226e-01,5.961269140243500297e-01
5.943570137023900246e-01,6.081545948982199912e-01,5.961269140243500297e-01,6.100420951843299466e-01
6.081545948982199912e-01,6.220450997352600098e-01,6.100420951843299466e-01,6.240399479866000076e-01
6.220450997352600098e-01,6.360268592834500412e-01,6.240399479866000076e-01,6.381186842918400437e-01
6.360268592834500412e-01,6.500974893569899660e-01,6.381186842918400437e-01,6.522760987281800427e-01
6.500974893569899660e-01,6.642543673515299840e-01,6.522760987281800427e-01,6.665096879005399932e-01
6.642543673515299840e-01,6.784945726394699950e-01,6.665096879005399932e-01,6.808168292045599923e-01
6.784945726394699950e-01,6.928151249885600160e-01,6.808168292045599923e-01,6.951948404312100482e-01
6.928151249885600160e-01,7.072128057479899477e-01,6.951948404312100482e-01,7.096409797668500330e-01
7.072128057479899477e-01,7.216844558715800328e-01,7.096409797668500330e-01,7.241523265838599732e-01
7.216844558715800328e-01,7.362268567085300530e-01,7.241523265838599732e-01,7.387261390685999629e-01
7.362268567085300530e-01,7.508367896080000436e-01,7.387261390685999629e-01,7.533595561981200062e-01
7.508367896080000436e-01,7.655110955238300097e-01,7.533595561981200062e-01,7.680497169494600040e-01
7.655110955238300097e-01,7.802466154098499640e-01,7.680497169494600040e-01,7.827939391136200520e-01
7.802466154098499640e-01,7.950402498245200400e-01,7.827939391136200520e-01,7.975894212722800525e-01
7.950402498245200400e-01,8.098889589309700154e-01,7.975894212722800525e-01,8.124336004257199928e-01
8.098889589309700154e-01,8.247899413108800148e-01,8.124336004257199928e-01,8.273238539695699778e-01
8.247899413108800148e-01,8.397402763366700329e-01,8.273238539695699778e-01,8.422577381133999896e-01
8.397402763366700329e-01,8.547372817993199590e-01,8.422577381133999896e-01,8.572329282760600133e-01
8.547372817993199590e-01,8.697783350944500169e-01,8.572329282760600133e-01,8.722469806671100390e-01
8.697783350944500169e-01,8.848608732223499640e-01,8.722469806671100390e-01,8.872978091239900333e-01
8.848608732223499640e-01,8.999825119972200138e-01,8.872978091239900333e-01,9.023832678794899698e-01
8.999825119972200138e-01,9.151408672332800309e-01,9.023832678794899698e-01,9.175012111663799486e-01
9.151408672332800309e-01,9.303336739540100098e-01,9.175012111663799486e-01,9.326497316360500278e-01
9.303336739540100098e-01,9.455587267875700253e-01,9.326497316360500278e-01,9.478268623352099631e-01
9.455587267875700253e-01,9.608139395713799491e-01,9.478268623352099631e-01,9.630308151245100534e-01
9.608139395713799491e-01,9.760972857475299636e-01,9.630308151245100534e-01,9.782597422599800252e-01
9.760972857475299636e-01,9.914066791534400513e-01,9.782597422599800252e-01,9.935120344161999517e-01
9.914066791534400513e-01,1.006740331649800035e+00,9.935120344161999517e-01,1.008785843849199892e+00
1.006740331649800035e+00,1.022096276283299909e+00,1.008785843849199892e+00,1.024079680442800067e+00
1.022096276283299909e+00,1.037472724914600075e+00,1.024079680442800067e+00,1.039391875266999943e+00
1.037472724914600075e+00,1.052867889404299984e+00,1.039391875266999943e+00,1.054720878601099976e+00
1.052867889404299984e+00,1.068279981613200036e+00,1.054720878601099976e+00,1.070065140724199892e+00
1.068279981613200036e+00,1.083707332611099972e+00,1.070065140724199892e+00,1.085423231124899912e+00
1.083707332611099972e+00,1.099148154258700050e+00,1.085423231124899912e+00,1.100793600082399903e+00
1.099148154258700050e+00,1.114600896835300059e+00,1.100793600082399903e+00,1.116174817085300086e+00
1.114600896835300059e+00,1.130064010620100090e+00,1.116174817085300086e+00,1.131565451621999951e+00
1.130064010620100090e+00,1.145535588264499971e+00,1.131565451621999951e+00,1.146964192390399928e+00
1.145535588264499971e+00,1.161014199256900081e+00,1.146964192390399928e+00,1.162369370460500040e+00
1.161014199256900081e+00,1.176498174667399921e+00,1.162369370460500040e+00,1.177779674529999987e+00
1.176498174667399921e+00,1.191985964775100104e+00,1.177779674529999987e+00,1.193193793296799976e+00
1.191985964775100104e+00,1.207475781440700002e+00,1.193193793296799976e+00,1.208610057830800111e+00
1.207475781440700002e+00,1.222966313362100044e+00,1.208610057830800111e+00,1.224027395248399985e+00
1.222966313362100044e+00,1.238455653190599914e+00,1.224027395248399985e+00,1.239444017410300081e+00
1.238455653190599914e+00,1.253942370414699914e+00,1.239444017410300081e+00,1.254858732223500084e+00
1.253942370414699914e+00,1.269424676895100079e+00,1.254858732223500084e+00,1.270269989967300006e+00
1.269424676895100079e+00,1.284901142120399964e+00,1.270269989967300006e+00,1.285676360130300067e+00
1.284901142120399964e+00,1.300369858741800000e+00,1.285676360130300067e+00,1.301076292991599992e+00
1.300369858741800000e+00,1.315829277038599976e+00,1.301076292991599992e+00,1.316468238830599935e+00
1.315829277038599976e+00,1.331277608871499929e+00,1.316468238830599935e+00,1.331850767135599911e+00
1.331277608871499929e+00,1.346713185310399963e+00,1.331850767135599911e+00,1.347222328186000073e+00
1.346713185310399963e+00,1.362134218215899972e+00,1.347222328186000073e+00,1.362581253051800001e+00
1.362134218215899972e+00,1.377538919448900057e+00,1.362581253051800001e+00,1.377925753593399971e+00
1.377538919448900057e+00,1.392925500869800048e+00,1.377925753593399971e+00,1.393254518508900031e+00
1.392925500869800048e+00,1.408291935920700011e+00,1.393254518508900031e+00,1.408565521240199958e+00
1.408291935920700011e+00,1.423636436462399901e+00,1.408565521240199958e+00,1.423857092857399920e+00
1.423636436462399901e+00,1.438957214355500058e+00,1.423857092857399920e+00,1.439127683639499944e+00
1.438957214355500058e+00,1.454252362251299946e+00,1.439127683639499944e+00,1.454375505447399908e+00
1.454252362251299946e+00,1.469520926475500033e+00,1.454375505447399908e+00,1.469599723815899983e+00
1.469520926475500033e+00,1.484764814376799968e+00,1.469599723815899983e+00,1.484802365303000027e+00
1.484764814376799968e+00,1.500000000000000000e+00,1.484802365303000027e+00,1.500000000000000000e+00
-8.413164876401400122e-03,-8.056334219873000080e-03,-7.527219597250199741e-03,-7.167857140302699714e-03
-8.056334219873000080e-03,-6.950319744646499785e-03,-7.167857140302699714e-03,-6.047355011105500118e-03
-6.950319744646499785e-03,-5.190456751734000111e-03,-6.047355011105500118e-03,-4.256356507539699706e-03
-5.190456751734000111e-03,-2.712841844186199801e-03,-4.256356507539699706e-03,-1.742579741403499968e-03
-2.712841844186199801e-03,6.042122258804699490e-04,-1.742579741403499968e-03,1.601194147951900092e-03
6.042122258804699490e-04,4.975677002221299931e-03,1.601194147951900092e-03,5.998359993100200148e-03
4.975677002221299931e-03,1.073704566806600071e-02,5.998359993100200148e-03,1.179605722427400083e-02
1.073704566806600071e-02,1.830291561782399976e-02,1.179605722427400083e-02,1.941451616585300119e-02
1.830291561782399976e-02,2.812724746763699962e-02,1.941451616585300119e-02,2.931207045912699941e-02
2.812724746763699962e-02,4.065678268670999684e-02,2.931207045912699941e-02,4.194108024239499855e-02
4.065678268670999684e-02,5.625767260789899665e-02,4.194108024239499855e-02,5.767439678311300083e-02
5.625767260789899665e-02,7.511633634567299600e-02,5.767439678311300083e-02,7.670418173074700086e-02
7.511633634567299600e-02,9.713604301214200099e-02,7.670418173074700086e-02,9.893475472927100445e-02
9.713604301214200099e-02,1.218624264001799962e-01,9.893475472927100445e-02,1.239039823412900060e-01
1.218624264001799962e-01,1.484776884317400014e-01,1.239039823412900060e-01,1.507752537727400088e-01
1.484776884317400014e-01,1.758867204189299982e-01,1.507752537727400088e-01,1.784256547689400119e-01
1.758867204189299982e-01,2.028881013393399879e-01,1.784256547689400119e-01,2.056236714124700105e-01
2.028881013393399879e-01,2.283833622932399943e-01,2.056236714124700105e-01,2.312464416027099900e-01
2.283833622932399943e-01,2.515545487403900160e-01,2.312464416027099900e-01,2.544635832309700141e-01
2.515545487403900160e-01,2.719470560550700244e-01,2.544635832309700141e-01,2.748225927352900277e-01
2.719470560550700244e-01,2.894390821456899743e-01,2.748225927352900277e-01,2.922184467315699918e-01
2.894390821456899743e-01,3.041337728500400073e-01,2.922184467315699918e-01,3.067819178104400080e-01
3.041337728500400073e-01,3.162446618080099747e-01,3.067819178104400080e-01,3.187519013881700003e-01
3.162446618080099747e-01,3.260385990142800061e-01,3.187519013881700003e-01,3.284053504466999951e-01
3.260385990142800061e-01,3.353739380836500139e-01,3.284053504466999951e-01,3.376002907753000160e-01
3.353739380836500139e-01,3.455425798892999834e-01,3.376002907753000160e-01,3.476245999336199932e-01
3.455425798892999834e-01,3.565341532230399957e-01,3.476245999336199932e-01,3.584650456905399962e-01
3.565341532230399957e-01,3.683209419250499939e-01,3.584650456905399962e-01,3.700936436653100015e-01
3.683209419250499939e-01,3.808592557907100051e-01,3.700936436653100015e-01,3.824695050716400146e-01
3.808592557907100051e-01,3.940876126289399872e-01,3.824695050716400146e-01,3.955360651016199824e-01
3.940876126289399872e-01,4.079242944717400010e-01,3.955360651016199824e-01,4.092178940773000262e-01
4.079242944717400010e-01,4.222657382488300137e-01,4.092178940773000262e-01,4.234187602996800082e-01
4.222657382488300137e-01,4.369870126247399900e-01,4.234187602996800082e-01,4.380216598510699999e-01
4.369870126247399900e-01,4.519440233707400223e-01,4.380216598510699999e-01,4.528906047344199992e-01
4.519440233707400223e-01,4.669778048992199726e-01,4.528906047344199992e-01,4.678743779659300106e-01
4.669778048992199726e-01,4.819210469722700063e-01,4.678743779659300106e-01,4.828123748302500240e-01
4.819210469722700063e-01,4.966076910495800245e-01,4.828123748302500240e-01,4.975433945655799994e-01
4.966076910495800245e-01,5.108941793441800217e-01,4.975433945655799994e-01,5.119243264198299892e-01
5.108941793441800217e-01,5.247277617454499943e-01,5.119243264198299892e-01,5.258913636207600550e-01
5.247277617454499943e-01,5.383875370025600349e-01,5.258913636207600550e-01,5.396816134452799840e-01
5.383875370025600349e-01,5.520247220992999804e-01,5.396816134452799840e-01,5.534456372260999624e-01
5.520247220992999804e-01,5.654668211936999533e-01,5.534456372260999624e-01,5.670300722122200154e-01
5.654668211936999533e-01,5.789505839347800498e-01,5.670300722122200154e-01,5.806518197059600261e-01
5.789505839347800498e-01,5.925267338752699953e-01,5.806518197059600261e-01,5.943570137023900246e-01
5.925267338752699953e-01,6.062054038047800519e-01,5.943570137023900246e-01,6.081545948982199912e-01
6.062054038047800519e-01,6.199874281883199778e-01,6.081545948982199912e-01,6.220450997352600098e-01
6.199874281883199778e-01,6.338711977005000442e-01,6.220450997352600098e-01,6.360268592834500412e-01
6.338711977005000442e-01,6.478542685508700272e-01,6.360268592834500412e-01,6.500974893569899660e-01
6.478542685508700272e-01,6.619337201118500325e-01,6.500974893569899660e-01,6.642543673515299840e-01
6.619337201118500325e-01,6.761064529418899793e-01,6.642543673515299840e-01,6.784945726394699950e-01
6.761064529418899793e-01,6.903690695762599860e-01,6.784945726394699950e-01,6.928151249885600160e-01
6.903690695762599860e-01,7.047181129455599713e-01,6.928151249885600160e-01,7.072128057479899477e-01
7.047181129455599713e-01,7.191500067710899780e-01,7.072128057479899477e-01,7.216844558715800328e-01
7.191500067710899780e-01,7.336611151695300315e-01,7.216844558715800328e-01,7.362268567085300530e-01
7.336611151695300315e-01,7.482478618621799527e-01,7.362268567085300530e-01,7.508367896080000436e-01
7.482478618621799527e-01,7.629066705703699824e-01,7.508367896080000436e-01,7.655110955238300097e-01
7.629066705703699824e-01,7.776340246200600381e-01,7.655110955238300097e-01,7.802466154098499640e-01
7.776340246200600381e-01,7.924264073371900530e-01,7.802466154098499640e-01,7.950402498245200400e-01
7.924264073371900530e-01,8.072805404663100370e-01,7.950402498245200400e-01,8.098889589309700154e-01
8.072805404663100370e-01,8.221930265426600215e-01,8.098889589309700154e-01,8.247899413108800148e-01
8.221930265426600215e-01,8.371608257293700062e-01,8.247899413108800148e-01,8.397402763366700329e-01
8.371608257293700062e-01,8.521808385849000134e-01,8.397402763366700329e-01,8.547372817993199590e-01
8.521808385849000134e-01,8.672500848770100523e-01,8.547372817993199590e-01,8.697783350944500169e-01
8.672500848770100523e-01,8.823657631874100016e-01,8.697783350944500169e-01,8.848608732223499640e-01
8.823657631874100016e-01,8.975250124931299922e-01,8.848608732223499640e-01,8.999825119972200138e-01
8.975250124931299922e-01,9.127252697944600035e-01,8.999825119972200138e-01,9.151408672332800309e-01
9.127252697944600035e-01,9.279639720916700307e-01,9.151408672332800309e-01,9.303336739540100098e-01
9.279639720916700307e-01,9.432386159896900546e-01,9.303336739540100098e-01,9.455587267875700253e-01
9.432386159896900546e-01,9.585468769073499651e-01,9.455587267875700253e-01,9.608139395713799491e-01
9.585468769073499651e-01,9.738863110542299584e-01,9.608139395713799491e-01,9.760972857475299636e-01
9.738863110542299584e-01,9.892548322677600092e-01,9.760972857475299636e-01,9.914066791534400513e-01
9.892548322677600092e-01,1.004650115966799984e+00,9.914066791534400513e-01,1.006740331649800035e+00
1.004650115966799984e+00,1.020070195198099938e+00,1.006740331649800035e+00,1.022096276283299909e+00
1.020070195198099938e+00,1.035512804984999979e+00,1.022096276283299909e+00,1.037472724914600075e+00
1.035512804984999979e+00,1.050976037979099997e+00,1.037472724914600075e+00,1.052867889404299984e+00
1.050976037979099997e+00,1.066457986831699900e+00,1.052867889404299984e+00,1.068279981613200036e+00
1.066457986831699900e+00,1.081956624984699911e+00,1.068279981613200036e+00,1.083707332611099972e+00
1.081956624984699911e+00,1.097470045089699919e+00,1.083707332611099972e+00,1.099148154258700050e+00
1.097470045089699919e+00,1.112996339798000056e+00,1.099148154258700050e+00,1.114600896835300059e+00
1.112996339798000056e+00,1.128533720970199994e+00,1.114600896835300059e+00,1.130064010620100090e+00
1.128533720970199994e+00,1.144080281257600085e+00,1.130064010620100090e+00,1.145535588264499971e+00
1.144080281257600085e+00,1.159634232521099984e+00,1.145535588264499971e+00,1.161014199256900081e+00
1.159634232521099984e+00,1.175193667411799980e+00,1.161014199256900081e+00,1.176498174667399921e+00
1.175193667411799980e+00,1.190757036209100006e+00,1.176498174667399921e+00,1.191985964775100104e+00
1.190757036209100006e+00,1.206322193145799915e+00,1.191985964775100104e+00,1.207475781440700002e+00
1.206322193145799915e+00,1.221887588501000099e+00,1.207475781440700002e+00,1.222966313362100044e+00
1.221887588501000099e+00,1.237451314926099943e+00,1.222966313362100044e+00,1.238455653190599914e+00
1.237451314926099943e+00,1.253011584281900070e+00,1.238455653190599914e+00,1.253942370414699914e+00
1.253011584281900070e+00,1.268566608428999931e+00,1.253942370414699914e+00,1.269424676895100079e+00
1.268566608428999931e+00,1.284114480018599957e+00,1.269424676895100079e+00,1.284901142120399964e+00
1.284114480018599957e+00,1.299653410911600027e+00,1.284901142120399964e+00,1.300369858741800000e+00
1.299653410911600027e+00,1.315181493759199904e+00,1.300369858741800000e+00,1.315829277038599976e+00
1.315181493759199904e+00,1.330696821212800085e+00,1.315829277038599976e+00,1.331277608871499929e+00
1.330696821212800085e+00,1.346197605133099939e+00,1.331277608871499929e+00,1.346713185310399963e+00
1.346197605133099939e+00,1.361681818962100055e+00,1.346713185310399963e+00,1.362134218215899972e+00
1.361681818962100055e+00,1.377147555351299957e+00,1.362134218215899972e+00,1.377538919448900057e+00
1.377147555351299957e+00,1.392592787742600091e+00,1.377538919448900057e+00,1.392925500869800048e+00
1.392592787742600091e+00,1.408015489578199997e+00,1.392925500869800048e+00,1.408291935920700011e+00
1.408015489578199997e+00,1.423413634300199959e+00,1.408291935920700011e+00,1.423636436462399901e+00
1.423413634300199959e+00,1.438785314559900108e+00,1.423636436462399901e+00,1.438957214355500058e+00
1.438785314559900108e+00,1.454128384590100076e+00,1.438957214355500058e+00,1.454252362251299946e+00
1.454128384590100076e+00,1.469441652298000056e+00,1.454252362251299946e+00,1.469520926475500033e+00
1.469441652298000056e+00,1.484727025031999936e+00,1.469520926475500033e+00,1.484764814376799968e+00
1.484727025031999936e+00,1.500000000000000000e+00,1.484764814376799968e+00,1.500000000000000000e+00
-9.355459362268399304e-03,-9.000694379210499863e-03,-8.413164876401400122e-03,-8.056334219873000080e-03
-9.000694379210499863e-03,-7.907202467322299241e-03,-8.056334219873000080e-03,-6.950319744646499785e-03
-7.907202467322299241e-03,-6.175236310809900132e-03,-6.950319744646499785e-03,-5.190456751734000111e-03
-6.175236310809900132e-03,-3.734164172783500067e-03,-5.190456751734000111e-03,-2.712841844186199801e-03
-3.734164172783500067e-03,-4.485509707592400083e-04,-2.712841844186199801e-03,6.042122258804699490e-04
-4.485509707592400083e-04,3.893174231052399983e-03,6.042122258804699490e-04,4.975677002221299931e-03
3.893174231052399983e-03,9.615334682166600672e-03,4.975677002221299931e-03,1.073704566806600071e-02
9.615334682166600672e-03,1.712574437260599991e-02,1.073704566806600071e-02,1.830291561782399976e-02
1.712574437260599991e-02,2.687337063252899852e-02,1.830291561782399976e-02,2.812724746763699962e-02
2.687337063252899852e-02,3.929902613162999936e-02,2.812724746763699962e-02,4.065678268670999684e-02
3.929902613162999936e-02,5.476195365190499736e-02,4.065678268670999684e-02,5.625767260789899665e-02
5.476195365190499736e-02,7.344274967908899499e-02,5.625767260789899665e-02,7.511633634567299600e-02
7.344274967908899499e-02,9.524378180503799418e-02,7.511633634567299600e-02,9.713604301214200099e-02
9.524378180503799418e-02,1.197189018130299931e-01,9.713604301214200099e-02,1.218624264001799962e-01
1.197189018130299931e-01,1.460697650909399958e-01,1.218624264001799962e-01,1.484776884317400014e-01
1.460697650909399958e-01,1.732297688722599927e-01,1.484776884317400014e-01,1.758867204189299982e-01
1.732297688722599927e-01,2.000283896923099880e-01,1.758867204189299982e-01,2.028881013393399879e-01
2.000283896923099880e-01,2.253919094800899969e-01,2.028881013393399879e-01,2.283833622932399943e-01
2.253919094800899969e-01,2.485145926475499922e-01,2.283833622932399943e-01,2.515545487403900160e-01
2.485145926475499922e-01,2.689388096332600009e-01,2.515545487403900160e-01,2.719470560550700244e-01
2.689388096332600009e-01,2.865250110626200164e-01,2.719470560550700244e-01,2.894390821456899743e-01
2.865250110626200164e-01,3.013498485088300094e-01,2.894390821456899743e-01,3.041337728500400073e-01
3.013498485088300094e-01,3.136047124862699764e-01,3.041337728500400073e-01,3.162446618080099747e-01
3.136047124862699764e-01,3.235470354557000161e-01,3.162446618080099747e-01,3.260385990142800061e-01
3.235470354557000161e-01,3.330336213111900201e-01,3.260385990142800061e-01,3.353739380836500139e-01
3.330336213111900201e-01,3.433590233325999885e-01,3.353739380836500139e-01,3.455425798892999834e-01
3.433590233325999885e-01,3.545142114162400104e-01,3.455425798892999834e-01,3.565341532230399957e-01
3.545142114162400104e-01,3.664711713790900216e-01,3.565341532230399957e-01,3.683209419250499939e-01
3.664711713790900216e-01,3.791832327842700190e-01,3.683209419250499939e-01,3.808592557907100051e-01
3.791832327842700190e-01,3.925839066505399932e-01,3.808592557907100051e-01,3.940876126289399872e-01
3.925839066505399932e-01,4.065847694873799822e-01,3.940876126289399872e-01,4.079242944717400010e-01
4.065847694873799822e-01,4.210745096206700011e-01,4.079242944717400010e-01,4.222657382488300137e-01
4.210745096206700011e-01,4.359197914600400070e-01,4.222657382488300137e-01,4.369870126247399900e-01
4.359197914600400070e-01,4.509679377079000018e-01,4.369870126247399900e-01,4.519440233707400223e-01
4.509679377079000018e-01,4.660520851612099946e-01,4.519440233707400223e-01,4.669778048992199726e-01
4.660520851612099946e-01,4.809981286525700228e-01,4.669778048992199726e-01,4.819210469722700063e-01
4.809981286525700228e-01,4.956358075141900077e-01,4.819210469722700063e-01,4.966076910495800245e-01
4.956358075141900077e-01,5.098222494125399518e-01,4.966076910495800245e-01,5.108941793441800217e-01
5.098222494125399518e-01,5.235176086425800124e-01,5.108941793441800217e-01,5.247277617454499943e-01
5.235176086425800124e-01,5.370441675186200525e-01,5.247277617454499943e-01,5.383875370025600349e-01
5.370441675186200525e-01,5.505514740943899810e-01,5.383875370025600349e-01,5.520247220992999804e-01
5.505514740943899810e-01,5.638488531112699764e-01,5.520247220992999804e-01,5.654668211936999533e-01
5.638488531112699764e-01,5.771929025649999989e-01,5.654668211936999533e-01,5.789505839347800498e-01
5.771929025649999989e-01,5.906386971473700509e-01,5.789505839347800498e-01,5.925267338752699953e-01
5.906386971473700509e-01,6.041975021362300247e-01,5.925267338752699953e-01,6.062054038047800519e-01
6.041975021362300247e-01,6.178703904151899851e-01,6.062054038047800519e-01,6.199874281883199778e-01
6.178703904151899851e-01,6.316556930541999959e-01,6.199874281883199778e-01,6.338711977005000442e-01
6.316556930541999959e-01,6.455507874488799480e-01,6.338711977005000442e-01,6.478542685508700272e-01
6.455507874488799480e-01,6.595526933669999536e-01,6.478542685508700272e-01,6.619337201118500325e-01
6.595526933669999536e-01,6.736578941345200411e-01,6.619337201118500325e-01,6.761064529418899793e-01
6.736578941345200411e-01,6.878626346588100349e-01,6.761064529418899793e-01,6.903690695762599860e-01
6.878626346588100349e-01,7.021632194518999670e-01,6.903690695762599860e-01,7.047181129455599713e-01
7.021632194518999670e-01,7.165555953979499959e-01,7.047181129455599713e-01,7.191500067710899780e-01
7.165555953979499959e-01,7.310357689857499564e-01,7.191500067710899780e-01,7.336611151695300315e-01
7.310357689857499564e-01,7.455997467041000082e-01,7.336611151695300315e-01,7.482478618621799527e-01
7.455997467041000082e-01,7.602435946464499716e-01,7.482478618621799527e-01,7.629066705703699824e-01
7.602435946464499716e-01,7.749633789062500000e-01,7.629066705703699824e-01,7.776340246200600381e-01
7.749633789062500000e-01,7.897552847862200354e-01,7.776340246200600381e-01,7.924264073371900530e-01
7.897552847862200354e-01,8.046154975891099959e-01,7.924264073371900530e-01,8.072805404663100370e-01
8.046154975891099959e-01,8.195405006408700288e-01,8.072805404663100370e-01,8.221930265426600215e-01
8.195405006408700288e-01,8.345266580581699456e-01,8.221930265426600215e-01,8.371608257293700062e-01
8.345266580581699456e-01,8.495706319808999929e-01,8.371608257293700062e-01,8.521808385849000134e-01
8.495706319808999929e-01,8.646691441535899747e-01,8.521808385849000134e-01,8.672500848770100523e-01
8.646691441535899747e-01,8.798190355300899990e-01,8.672500848770100523e-01,8.823657631874100016e-01
8.798190355300899990e-01,8.950171470642099836e-01,8.823657631874100016e-01,8.975250124931299922e-01
8.950171470642099836e-01,9.102606177330000436e-01,8.975250124931299922e-01,9.127252697944600035e-01
9.102606177330000436e-01,9.255465865135199532e-01,9.127252697944600035e-01,9.279639720916700307e-01
9.255465865135199532e-01,9.408722519874600509e-01,9.279639720916700307e-01,9.432386159896900546e-01
9.408722519874600509e-01,9.562349319458000041e-01,9.432386159896900546e-01,9.585468769073499651e-01
9.562349319458000041e-01,9.716321229934700154e-01,9.585468769073499651e-01,9.738863110542299584e-01
9.716321229934700154e-01,9.870612621307399692e-01,9.738863110542299584e-01,9.892548322677600092e-01
9.870612621307399692e-01,1.002519845962499989e+00,9.892548322677600092e-01,1.004650115966799984e+00
1.002519845962499989e+00,1.018005609512300014e+00,1.004650115966799984e+00,1.020070195198099938e+00
1.018005609512300014e+00,1.033516287803599942e+00,1.020070195198099938e+00,1.035512804984999979e+00
1.033516287803599942e+00,1.049049377441400033e+00,1.035512804984999979e+00,1.050976037979099997e+00
1.049049377441400033e+00,1.064602851867699984e+00,1.050976037979099997e+00,1.066457986831699900e+00
1.064602851867699984e+00,1.080174565315199953e+00,1.066457986831699900e+00,1.081956624984699911e+00
1.080174565315199953e+00,1.095762252807600090e+00,1.081956624984699911e+00,1.097470045089699919e+00
1.095762252807600090e+00,1.111363768577600109e+00,1.097470045089699919e+00,1.112996339798000056e+00
1.111363768577600109e+00,1.126977324485799903e+00,1.112996339798000056e+00,1.128533720970199994e+00
1.126977324485799903e+00,1.142600536346400020e+00,1.128533720970199994e+00,1.144080281257600085e+00
1.142600536346400020e+00,1.158231496810899985e+00,1.144080281257600085e+00,1.159634232521099984e+00
1.158231496810899985e+00,1.173868179321299943e+00,1.159634232521099984e+00,1.175193667411799980e+00
1.173868179321299943e+00,1.189508676528900022e+00,1.175193667411799980e+00,1.190757036209100006e+00
1.189508676528900022e+00,1.205150723457300010e+00,1.190757036209100006e+00,1.206322193145799915e+00
1.205150723457300010e+00,1.220792651176499932e+00,1.206322193145799915e+00,1.221887588501000099e+00
1.220792651176499932e+00,1.236432194709800036e+00,1.221887588501000099e+00,1.237451314926099943e+00
1.236432194709800036e+00,1.252067446708700071e+00,1.237451314926099943e+00,1.253011584281900070e+00
1.252067446708700071e+00,1.267696499824499945e+00,1.253011584281900070e+00,1.268566608428999931e+00
1.267696499824499945e+00,1.283317089080800111e+00,1.268566608428999931e+00,1.284114480018599957e+00
1.283317089080800111e+00,1.298927426338200020e+00,1.284114480018599957e+00,1.299653410911600027e+00
1.298927426338200020e+00,1.314525365829499970e+00,1.299653410911600027e+00,1.315181493759199904e+00
1.314525365829499970e+00,1.330108880996700105e+00,1.315181493759199904e+00,1.330696821212800085e+00
1.330108880996700105e+00,1.345675945281999963e+00,1.330696821212800085e+00,1.346197605133099939e+00
1.345675945281999963e+00,1.361224293708799937e+00,1.346197605133099939e+00,1.361681818962100055e+00
1.361224293708799937e+00,1.376751899719200090e+00,1.361681818962100055e+00,1.377147555351299957e+00
1.376751899719200090e+00,1.392256736755399960e+00,1.377147555351299957e+00,1.392592787742600091e+00
1.392256736755399960e+00,1.407736420631400032e+00,1.392592787742600091e+00,1.408015489578199997e+00
1.407736420631400032e+00,1.423188805580100080e+00,1.408015489578199997e+00,1.423413634300199959e+00
1.423188805580100080e+00,1.438611865043599947e+00,1.423413634300199959e+00,1.438785314559900108e+00
1.438611865043599947e+00,1.454003334045399942e+00,1.438785314559900108e+00,1.454128384590100076e+00
1.454003334045399942e+00,1.469362020492599896e+00,1.454128384590100076e+00,1.469441652298000056e+00
1.469362020492599896e+00,1.484689116478000059e+00,1.469441652298000056e+00,1.484727025031999936e+00
1.484689116478000059e+00,1.500000000000000000e+00,1.484727025031999936e+00,1.500000000000000000e+00
-1.036041323095599972e-02,-1.000738702714400012e-02,-9.355459362268399304e-03,-9.000694379210499863e-03
-1.000738702714400012e-02,-8.925030939281000664e-03,-9.000694379210499863e-03,-7.907202467322299241e-03
-8.925030939281000664e-03,-7.218423299491400283e-03,-7.907202467322299241e-03,-6.175236310809900132e-03
-7.218423299491400283e-03,-4.813529085367899800e-03,-6.175236310809900132e-03,-3.734164172783500067e-03
-4.813529085367899800e-03,-1.563246827572599982e-03,-3.734164172783500067e-03,-4.485509707592400083e-04
-1.563246827572599982e-03,2.744488185271599934e-03,-4.485509707592400083e-04,3.893174231052399983e-03
2.744488185271599934e-03,8.424208499491199140e-03,3.893174231052399983e-03,9.615334682166600672e-03
8.424208499491199140e-03,1.587606035172900096e-02,9.615334682166600672e-03,1.712574437260599991e-02
1.587606035172900096e-02,2.554335072636600146e-02,1.712574437260599991e-02,2.687337063252899852e-02
2.554335072636600146e-02,3.786060959100699674e-02,2.687337063252899852e-02,3.929902613162999936e-02
3.786060959100699674e-02,5.317996814847000125e-02,3.929902613162999936e-02,5.476195365190499736e-02
5.317996814847000125e-02,7.167616486549399646e-02,5.476195365190499736e-02,7.344274967908899499e-02
7.167616486549399646e-02,9.325089305639300274e-02,7.344274967908899499e-02,9.524378180503799418e-02
9.325089305639300274e-02,1.174667254090299984e-01,9.524378180503799418e-02,1.197189018130299931e-01
1.174667254090299984e-01,1.435454785823800095e-01,1.197189018130299931e-01,1.460697650909399958e-01
1.435454785823800095e-01,1.704497635364499997e-01,1.460697650909399958e-01,1.732297688722599927e-01
1.704497635364499997e-01,1.970406323671299864e-01,1.732297688722599927e-01,2.000283896923099880e-01
1.970406323671299864e-01,2.222693562507599974e-01,2.000283896923099880e-01,2.253919094800899969e-01
2.222693562507599974e-01,2.453421056270599920e-01,2.253919094800899969e-01,2.485145926475499922e-01
2.453421056270599920e-01,2.657972574233999907e-01,2.485145926475499922e-01,2.689388096332600009e-01
2.657972574233999907e-01,2.834769189357799757e-01,2.689388096332600009e-01,2.865250110626200164e-01
2.834769189357799757e-01,2.984325289726300068e-01,2.865250110626200164e-01,3.013498485088300094e-01
2.984325289726300068e-01,3.108359575271599784e-01,3.013498485088300094e-01,3.136047124862699764e-01
3.108359575271599784e-01,3.209352791309399988e-01,3.136047124862699764e-01,3.235470354557000161e-01
3.209352791309399988e-01,3.305841684341400133e-01,3.235470354557000161e-01,3.330336213111900201e-01
3.305841684341400133e-01,3.410787880420699802e-01,3.330336213111900201e-01,3.433590233325999885e-01
3.410787880420699802e-01,3.524105548858599835e-01,3.433590233325999885e-01,3.545142114162400104e-01
3.524105548858599835e-01,3.645503222942400035e-01,3.545142114162400104e-01,3.664711713790900216e-01
3.645503222942400035e-01,3.774481415748600077e-01,3.664711713790900216e-01,3.791832327842700190e-01
3.774481415748600077e-01,3.910320401191699768e-01,3.791832327842700190e-01,3.925839066505399932e-01
3.910320401191699768e-01,4.052065908908800140e-01,3.925839066505399932e-01,4.065847694873799822e-01
4.052065908908800140e-01,4.198521673679400101e-01,4.065847694873799822e-01,4.210745096206700011e-01
4.198521673679400101e-01,4.348264932632400215e-01,4.210745096206700011e-01,4.359197914600400070e-01
4.348264932632400215e-01,4.499679803848299908e-01,4.359197914600400070e-01,4.509679377079000018e-01
4.499679803848299908e-01,4.651015996933000052e-01,4.509679377079000018e-01,4.660520851612099946e-01
4.651015996933000052e-01,4.800467491149900123e-01,4.660520851612099946e-01,4.809981286525700228e-01
4.800467491149900123e-01,4.946297407150300196e-01,4.809981286525700228e-01,4.956358075141900077e-01
4.946297407150300196e-01,5.087099075317399466e-01,4.956358075141900077e-01,5.098222494125399518e-01
5.087099075317399466e-01,5.222621560096699644e-01,5.098222494125399518e-01,5.235176086425800124e-01
5.222621560096699644e-01,5.356529951095599928e-01,5.235176086425800124e-01,5.370441675186200525e-01
5.356529951095599928e-01,5.490277409553500076e-01,5.370441675186200525e-01,5.505514740943899810e-01
5.490277409553500076e-01,5.621783733367899938e-01,5.505514740943899810e-01,5.638488531112699764e-01
5.621783733367899938e-01,5.753812789916999959e-01,5.638488531112699764e-01,5.771929025649999989e-01
5.753812789916999959e-01,5.886958837509199682e-01,5.771929025649999989e-01,5.906386971473700509e-01
5.886958837509199682e-01,6.021343469619799826e-01,5.906386971473700509e-01,6.041975021362300247e-01
6.021343469619799826e-01,6.156978011131299944e-01,6.041975021362300247e-01,6.178703904151899851e-01
6.156978011131299944e-01,6.293846964836099511e-01,6.178703904151899851e-01,6.316556930541999959e-01
6.293846964836099511e-01,6.431921720504799600e-01,6.316556930541999959e-01,6.455507874488799480e-01
6.431921720504799600e-01,6.571168303489699491e-01,6.455507874488799480e-01,6.595526933669999536e-01
6.571168303489699491e-01,6.711549162864699491e-01,6.595526933669999536e-01,6.736578941345200411e-01
6.711549162864699491e-01,6.853023767471300154e-01,6.736578941345200411e-01,6.878626346588100349e-01
6.853023767471300154e-01,6.995550394058199783e-01,6.878626346588100349e-01,7.021632194518999670e-01
6.995550394058199783e-01,7.139085531234700133e-01,7.021632194518999670e-01,7.165555953979499959e-01
7.139085531234700133e-01,7.283584475517299595e-01,7.165555953979499959e-01,7.310357689857499564e-01
7.283584475517299595e-01,7.429003715515100081e-01,7.310357689857499564e-01,7.455997467041000082e-01
7.429003715515100081e-01,7.575299739837599855e-01,7.455997467041000082e-01,7.602435946464499716e-01
7.575299739837599855e-01,7.722429037094099558e-01,7.602435946464499716e-01,7.749633789062500000e-01
7.722429037094099558e-01,7.870349884033199794e-01,7.749633789062500000e-01,7.897552847862200354e-01
7.870349884033199794e-01,8.019021153449999995e-01,7.897552847862200354e-01,8.046154975891099959e-01
8.019021153449999995e-01,8.168402910232499536e-01,8.046154975891099959e-01,8.195405006408700288e-01
8.168402910232499536e-01,8.318456411361699887e-01,8.195405006408700288e-01,8.345266580581699456e-01
8.318456411361699887e-01,8.469144701957700416e-01,8.345266580581699456e-01,8.495706319808999929e-01
8.469144701957700416e-01,8.620431423187300268e-01,8.495706319808999929e-01,8.646691441535899747e-01
8.620431423187300268e-01,8.772281408309899886e-01,8.646691441535899747e-01,8.798190355300899990e-01
8.772281408309899886e-01,8.924661278724700386e-01,8.798190355300899990e-01,8.950171470642099836e-01
8.924661278724700386e-01,9.077538847923299903e-01,8.950171470642099836e-01,9.102606177330000436e-01
9.077538847923299903e-01,9.230881333351099727e-01,9.102606177330000436e-01,9.255465865135199532e-01
9.230881333351099727e-01,9.384659528732299805e-01,9.255465865135199532e-01,9.408722519874600509e-01
9.384659528732299805e-01,9.538843035697900374e-01,9.408722519874600509e-01,9.562349319458000041e-01
9.538843035697900374e-01,9.693404436111500155e-01,9.562349319458000041e-01,9.716321229934700154e-01
9.693404436111500155e-01,9.848314523696900524e-01,9.716321229934700154e-01,9.870612621307399692e-01
9.848314523696900524e-01,1.000354766845700016e+00,9.870612621307399692e-01,1.002519845962499989e+00
1.000354766845700016e+00,1.015907645225500033e+00,1.002519845962499989e+00,1.018005609512300014e+00
1.015907645225500033e+00,1.031487464904800033e+00,1.018005609512300014e+00,1.033516287803599942e+00
1.031487464904800033e+00,1.047091960906999963e+00,1.033516287803599942e+00,1.049049377441400033e+00
1.047091960906999963e+00,1.062718510627699953e+00,1.049049377441400033e+00,1.064602851867699984e+00
1.062718510627699953e+00,1.078364610671999957e+00,1.064602851867699984e+00,1.080174565315199953e+00
1.078364610671999957e+00,1.094027996063200003e+00,1.080174565315199953e+00,1.095762252807600090e+00
1.094027996063200003e+00,1.109706401825000022e+00,1.095762252807600090e+00,1.111363768577600109e+00
1.109706401825000022e+00,1.125397443771400052e+00,1.111363768577600109e+00,1.126977324485799903e+00
1.125397443771400052e+00,1.141098856926000105e+00,1.126977324485799903e+00,1.142600536346400020e+00
1.141098856926000105e+00,1.156808257103000059e+00,1.142600536346400020e+00,1.158231496810899985e+00
1.156808257103000059e+00,1.172523617744400060e+00,1.158231496810899985e+00,1.173868179321299943e+00
1.172523617744400060e+00,1.188242673873900035e+00,1.173868179321299943e+00,1.189508676528900022e+00
1.188242673873900035e+00,1.203963160514800013e+00,1.189508676528900022e+00,1.205150723457300010e+00
1.203963160514800013e+00,1.219682812690700002e+00,1.205150723457300010e+00,1.220792651176499932e+00
1.219682812690700002e+00,1.235399484634400080e+00,1.220792651176499932e+00,1.236432194709800036e+00
1.235399484634400080e+00,1.251111030578599959e+00,1.236432194709800036e+00,1.252067446708700071e+00
1.251111030578599959e+00,1.266815304756200078e+00,1.252067446708700071e+00,1.267696499824499945e+00
1.266815304756200078e+00,1.282509922981299955e+00,1.267696499824499945e+00,1.283317089080800111e+00
1.282509922981299955e+00,1.298192858696000096e+00,1.283317089080800111e+00,1.298927426338200020e+00
1.298192858696000096e+00,1.313861727714499938e+00,1.298927426338200020e+00,1.314525365829499970e+00
1.313861727714499938e+00,1.329514265060399936e+00,1.314525365829499970e+00,1.330108880996700105e+00
1.329514265060399936e+00,1.345148444175700009e+00,1.330108880996700105e+00,1.345675945281999963e+00
1.345148444175700009e+00,1.360761880874600038e+00,1.345675945281999963e+00,1.361224293708799937e+00
1.360761880874600038e+00,1.376352190971400047e+00,1.361224293708799937e+00,1.376751899719200090e+00
1.376352190971400047e+00,1.391917228698700049e+00,1.376751899719200090e+00,1.392256736755399960e+00
1.391917228698700049e+00,1.407454609870899986e+00,1.392256736755399960e+00,1.407736420631400032e+00
1.407454609870899986e+00,1.422961950302100043e+00,1.407736420631400032e+00,1.423188805580100080e+00
1.422961950302100043e+00,1.438436985015900005e+00,1.423188805580100080e+00,1.438611865043599947e+00
1.438436985015900005e+00,1.453877449035599900e+00,1.438611865043599947e+00,1.454003334045399942e+00
1.453877449035599900e+00,1.469281792640700024e+00,1.454003334045399942e+00,1.469362020492599896e+00
1.469281792640700024e+00,1.484651088714600053e+00,1.469362020492599896e+00,1.484689116478000059e+00
1.484651088714600053e+00,1.500000000000000000e+00,1.484689116478000059e+00,1.500000000000000000e+00
-1.143475715071000029e-02,-1.108325552195300011e-02,-1.036041323095599972e-02,-1.000738702714400012e-02
-1.108325552195300011e-02,-1.001109182834599917e-02,-1.000738702714400012e-02,-8.925030939281000664e-03
-1.001109182834599917e-02,-8.327944204211200352e-03,-8.925030939281000664e-03,-7.218423299491400283e-03
-8.327944204211200352e-03,-5.958536174148300335e-03,-7.218423299491400283e-03,-4.813529085367899800e-03
-5.958536174148300335e-03,-2.746668644249400208e-03,-4.813529085367899800e-03,-1.563246827572599982e-03
-2.746668644249400208e-03,1.522778766229699937e-03,-1.563246827572599982e-03,2.744488185271599934e-03
1.522778766229699937e-03,7.156500127166500087e-03,2.744488185271599934e-03,8.424208499491199140e-03
7.156500127166500087e-03,1.454647351056300060e-02,8.424208499491199140e-03,1.587606035172900096e-02
1.454647351056300060e-02,2.412967197597000110e-02,1.587606035172900096e-02,2.554335072636600146e-02
2.412967197597000110e-02,3.633395209908499984e-02,2.554335072636600146e-02,3.786060959100699674e-02
3.633395209908499984e-02,5.150413885712600004e-02,3.786060959100699674e-02,5.317996814847000125e-02
5.150413885712600004e-02,6.980910897254899439e-02,5.317996814847000125e-02,7.167616486549399646e-02
6.980910897254899439e-02,9.115018695592899678e-02,7.167616486549399646e-02,9.325089305639300274e-02
9.115018695592899678e-02,1.150992438197099982e-01,9.325089305639300274e-02,1.174667254090299984e-01
1.150992438197099982e-01,1.408989876508700001e-01,1.174667254090299984e-01,1.435454785823800095e-01
1.408989876508700001e-01,1.675420254468900083e-01,1.435454785823800095e-01,1.704497635364499997e-01
1.675420254468900083e-01,1.939214468002299907e-01,1.704497635364499997e-01,1.970406323671299864e-01
1.939214468002299907e-01,2.190137207508099926e-01,1.970406323671299864e-01,2.222693562507599974e-01
2.190137207508099926e-01,2.420364022254899994e-01,2.222693562507599974e-01,2.453421056270599920e-01
2.420364022254899994e-01,2.625229656696300151e-01,2.453421056270599920e-01,2.657972574233999907e-01
2.625229656696300151e-01,2.802968323230700110e-01,2.657972574233999907e-01,2.834769189357799757e-01
2.802968323230700110e-01,2.953857779502899739e-01,2.834769189357799757e-01,2.984325289726300068e-01
2.953857779502899739e-01,3.079438507556899740e-01,2.984325289726300068e-01,3.108359575271599784e-01
3.079438507556899740e-01,3.182095587253599978e-01,3.108359575271599784e-01,3.209352791309399988e-01
3.182095587253599978e-01,3.280321359634399969e-01,3.209352791309399988e-01,3.305841684341400133e-01
3.280321359634399969e-01,3.387088477611500115e-01,3.305841684341400133e-01,3.410787880420699802e-01
3.387088477611500115e-01,3.502306342124900107e-01,3.410787880420699802e-01,3.524105548858599835e-01
3.502306342124900107e-01,3.625664412975300177e-01,3.524105548858599835e-01,3.645503222942400035e-01
3.625664412975300177e-01,3.756625056266800211e-01,3.645503222942400035e-01,3.774481415748600077e-01
3.756625056266800211e-01,3.894409835338599746e-01,3.774481415748600077e-01,3.910320401191699768e-01
3.894409835338599746e-01,4.037986695766400125e-01,3.910320401191699768e-01,4.052065908908800140e-01
4.037986695766400125e-01,4.186071455478699854e-01,4.052065908908800140e-01,4.198521673679400101e-01
4.186071455478699854e-01,4.337146878242499892e-01,4.198521673679400101e-01,4.348264932632400215e-01
4.337146878242499892e-01,4.489503800869000250e-01,4.348264932632400215e-01,4.499679803848299908e-01
4.489503800869000250e-01,4.641309976577799867e-01,4.499679803848299908e-01,4.651015996933000052e-01
4.641309976577799867e-01,4.790699779987300233e-01,4.651015996933000052e-01,4.800467491149900123e-01
4.790699779987300233e-01,4.935912489891099986e-01,4.800467491149900123e-01,4.946297407150300196e-01
4.935912489891099986e-01,5.075581073760999651e-01,4.946297407150300196e-01,5.087099075317399466e-01
5.075581073760999651e-01,5.209621191024800257e-01,5.087099075317399466e-01,5.222621560096699644e-01
5.209621191024800257e-01,5.342150926590000237e-01,5.222621560096699644e-01,5.356529951095599928e-01
5.342150926590000237e-01,5.474553108215299835e-01,5.356529951095599928e-01,5.490277409553500076e-01
5.474553108215299835e-01,5.604575276374800241e-01,5.490277409553500076e-01,5.621783733367899938e-01
5.604575276374800241e-01,5.735183358192400549e-01,5.621783733367899938e-01,5.753812789916999959e-01
5.735183358192400549e-01,5.867013335227999615e-01,5.753812789916999959e-01,5.886958837509199682e-01
5.867013335227999615e-01,6.000194549560500246e-01,5.886958837509199682e-01,6.021343469619799826e-01
6.000194549560500246e-01,6.134740710258500540e-01,6.021343469619799826e-01,6.156978011131299944e-01
6.134740710258500540e-01,6.270631551742600340e-01,6.156978011131299944e-01,6.293846964836099511e-01
6.270631551742600340e-01,6.407837867736799753e-01,6.293846964836099511e-01,6.431921720504799600e-01
6.407837867736799753e-01,6.546322107315100114e-01,6.431921720504799600e-01,6.571168303489699491e-01
6.546322107315100114e-01,6.686042547225999888e-01,6.571168303489699491e-01,6.711549162864699491e-01
6.686042547225999888e-01,6.826955676078799717e-01,6.711549162864699491e-01,6.853023767471300154e-01
6.826955676078799717e-01,6.969013810157800304e-01,6.853023767471300154e-01,6.995550394058199783e-01
6.969013810157800304e-01,7.112169861793500303e-01,6.995550394058199783e-01,7.139085531234700133e-01
7.112169861793500303e-01,7.256375551223800402e-01,7.139085531234700133e-01,7.283584475517299595e-01
7.256375551223800402e-01,7.401583194732700433e-01,7.283584475517299595e-01,7.429003715515100081e-01
7.401583194732700433e-01,7.547745108604400066e-01,7.429003715515100081e-01,7.575299739837599855e-01
7.547745108604400066e-01,7.694814801216099953e-01,7.575299739837599855e-01,7.722429037094099558e-01
7.694814801216099953e-01,7.842745184898399780e-01,7.722429037094099558e-01,7.870349884033199794e-01
7.842745184898399780e-01,7.991492748260500267e-01,7.870349884033199794e-01,8.019021153449999995e-01
7.991492748260500267e-01,8.141013979911799758e-01,8.019021153449999995e-01,8.168402910232499536e-01
8.141013979911799758e-01,8.291266560554499954e-01,8.168402910232499536e-01,8.318456411361699887e-01
8.291266560554499954e-01,8.442209959030200217e-01,8.318456411361699887e-01,8.469144701957700416e-01
8.442209959030200217e-01,8.593804836273200021e-01,8.469144701957700416e-01,8.620431423187300268e-01
8.593804836273200021e-01,8.746013045310999656e-01,8.620431423187300268e-01,8.772281408309899886e-01
8.746013045310999656e-01,8.898798823356599552e-01,8.772281408309899886e-01,8.924661278724700386e-01
8.898798823356599552e-01,9.052125811576799963e-01,8.924661278724700386e-01,9.077538847923299903e-01
9.052125811576799963e-01,9.205959439277600076e-01,9.077538847923299903e-01,9.230881333351099727e-01
9.205959439277600076e-01,9.360266923904400072e-01,9.230881333351099727e-01,9.384659528732299805e-01
9.360266923904400072e-01,9.515016078949000145e-01,9.384659528732299805e-01,9.538843035697900374e-01
9.515016078949000145e-01,9.670175313949600504e-01,9.538843035697900374e-01,9.693404436111500155e-01
9.670175313949600504e-01,9.825713634491000104e-01,9.693404436111500155e-01,9.848314523696900524e-01
9.825713634491000104e-01,9.981602430343600174e-01,9.848314523696900524e-01,1.000354766845700016e+00
9.981602430343600174e-01,1.013781309127800068e+00,1.000354766845700016e+00,1.015907645225500033e+00
1.013781309127800068e+00,1.029431581497199932e+00,1.015907645225500033e+00,1.031487464904800033e+00
1.029431581497199932e+00,1.045108318328900054e+00,1.031487464904800033e+00,1.047091960906999963e+00
1.045108318328900054e+00,1.060809016227699964e+00,1.047091960906999963e+00,1.062718510627699953e+00
1.060809016227699964e+00,1.076530814170800099e+00,1.062718510627699953e+00,1.078364610671999957e+00
1.076530814170800099e+00,1.092271089553799923e+00,1.078364610671999957e+00,1.094027996063200003e+00
1.092271089553799923e+00,1.108027458190899983e+00,1.094027996063200003e+00,1.109706401825000022e+00
1.108027458190899983e+00,1.123797297477699964e+00,1.109706401825000022e+00,1.125397443771400052e+00
1.123797297477699964e+00,1.139577984809899913e+00,1.125397443771400052e+00,1.141098856926000105e+00
1.139577984809899913e+00,1.155367136001600015e+00,1.141098856926000105e+00,1.156808257103000059e+00
1.155367136001600015e+00,1.171162366867100069e+00,1.156808257103000059e+00,1.172523617744400060e+00
1.171162366867100069e+00,1.186961174011200049e+00,1.172523617744400060e+00,1.188242673873900035e+00
1.186961174011200049e+00,1.202761054038999911e+00,1.188242673873900035e+00,1.203963160514800013e+00
1.202761054038999911e+00,1.218559741973900046e+00,1.203963160514800013e+00,1.219682812690700002e+00
1.218559741973900046e+00,1.234354734420799904e+00,1.219682812690700002e+00,1.235399484634400080e+00
1.234354734420799904e+00,1.250143647193900032e+00,1.235399484634400080e+00,1.251111030578599959e+00
1.250143647193900032e+00,1.265924096107500008e+00,1.251111030578599959e+00,1.266815304756200078e+00
1.265924096107500008e+00,1.281693816185000001e+00,1.266815304756200078e+00,1.282509922981299955e+00
1.281693816185000001e+00,1.297450184822100061e+00,1.282509922981299955e+00,1.298192858696000096e+00
1.297450184822100061e+00,1.313190817832899926e+00,1.298192858696000096e+00,1.313861727714499938e+00
1.313190817832899926e+00,1.328913569450399956e+00,1.313861727714499938e+00,1.329514265060399936e+00
1.328913569450399956e+00,1.344615697860700010e+00,1.329514265060399936e+00,1.345148444175700009e+00
1.344615697860700010e+00,1.360294938087500016e+00,1.345148444175700009e+00,1.360761880874600038e+00
1.360294938087500016e+00,1.375948667526200042e+00,1.360761880874600038e+00,1.376352190971400047e+00
1.375948667526200042e+00,1.391574740409899924e+00,1.376352190971400047e+00,1.391917228698700049e+00
1.391574740409899924e+00,1.407170414924600044e+00,1.391917228698700049e+00,1.407454609870899986e+00
1.407170414924600044e+00,1.422733187675500055e+00,1.407454609870899986e+00,1.422961950302100043e+00
1.422733187675500055e+00,1.438260674476599998e+00,1.422961950302100043e+00,1.438436985015900005e+00
1.438260674476599998e+00,1.453750610351600026e+00,1.438436985015900005e+00,1.453877449035599900e+00
1.453750610351600026e+00,1.469201087951699902e+00,1.453877449035599900e+00,1.469281792640700024e+00
1.469201087951699902e+00,1.484612941741900061e+00,1.469281792640700024e+00,1.484651088714600053e+00
1.484612941741900061e+00,1.500000000000000000e+00,1.484651088714600053e+00,1.500000000000000000e+00
-1.258568651974199988e-02,-1.223559677600899974e-02,-1.143475715071000029e-02,-1.108325552195300011e-02
-1.223559677600899974e-02,-1.117304805666199941e-02,-1.108325552195300011e-02,-1.001109182834599917e-02
-1.117304805666199941e-02,-9.512036107480499950e-03,-1.001109182834599917e-02,-8.327944204211200352e-03
-9.512036107480499950e-03,-7.177392952144099995e-03,-8.327944204211200352e-03,-5.958536174148300335e-03
-7.177392952144099995e-03,-4.006338771432600004e-03,-5.958536174148300335e-03,-2.746668644249400208e-03
-4.006338771432600004e-03,2.206224016845199996e-04,-2.746668644249400208e-03,1.522778766229699937e-03
2.206224016845199996e-04,5.804514046758400304e-03,1.522778766229699937e-03,7.156500127166500087e-03
5.804514046758400304e-03,1.312907692044999915e-02,7.156500127166500087e-03,1.454647351056300060e-02
1.312907692044999915e-02,2.262432686984499827e-02,1.454647351056300060e-02,2.412967197597000110e-02
2.262432686984499827e-02,3.471104055643099706e-02,2.412967197597000110e-02,3.633395209908499984e-02
3.471104055643099706e-02,4.972652345895799825e-02,3.633395209908499984e-02,5.150413885712600004e-02
4.972652345895799825e-02,6.783384084701500616e-02,5.150413885712600004e-02,6.980910897254899439e-02
6.783384084701500616e-02,8.893432468175900552e-02,6.980910897254899439e-02,9.115018695592899678e-02
8.893432468175900552e-02,1.126097962260200064e-01,9.115018695592899678e-02,1.150992438197099982e-01
1.126097962260200064e-01,1.381246447563199975e-01,1.150992438197099982e-01,1.408989876508700001e-01
1.381246447563199975e-01,1.645021438598600061e-01,1.408989876508700001e-01,1.675420254468900083e-01
1.645021438598600061e-01,1.906679421663300122e-01,1.675420254468900083e-01,1.939214468002299907e-01
1.906679421663300122e-01,2.156236767768900109e-01,1.939214468002299907e-01,2.190137207508099926e-01
2.156236767768900109e-01,2.385976910591099953e-01,2.190137207508099926e-01,2.420364022254899994e-01
2.385976910591099953e-01,2.591176927089700044e-01,2.420364022254899994e-01,2.625229656696300151e-01
2.591176927089700044e-01,2.769883275032000158e-01,2.625229656696300151e-01,2.802968323230700110e-01
2.769883275032000158e-01,2.922150492668200150e-01,2.802968323230700110e-01,2.953857779502899739e-01
2.922150492668200150e-01,3.049353957176200169e-01,2.953857779502899739e-01,3.079438507556899740e-01
3.049353957176200169e-01,3.153778016567200249e-01,3.079438507556899740e-01,3.182095587253599978e-01
3.153778016567200249e-01,3.253861069679300222e-01,3.182095587253599978e-01,3.280321359634399969e-01
3.253861069679300222e-01,3.362583220004999873e-01,3.280321359634399969e-01,3.387088477611500115e-01
3.362583220004999873e-01,3.479840755462599855e-01,3.387088477611500115e-01,3.502306342124900107e-01
3.479840755462599855e-01,3.605297803878799723e-01,3.502306342124900107e-01,3.625664412975300177e-01
3.605297803878799723e-01,3.738370835781100188e-01,3.625664412975300177e-01,3.756625056266800211e-01
3.738370835781100188e-01,3.878214955329900016e-01,3.756625056266800211e-01,3.894409835338599746e-01
3.878214955329900016e-01,4.023714959621400022e-01,3.894409835338599746e-01,4.037986695766400125e-01
4.023714959621400022e-01,4.173491597175599810e-01,4.037986695766400125e-01,4.186071455478699854e-01
4.173491597175599810e-01,4.325926899909999790e-01,4.186071455478699854e-01,4.337146878242499892e-01
4.325926899909999790e-01,4.479216933250400046e-01,4.337146878242499892e-01,4.489503800869000250e-01
4.479216933250400046e-01,4.631448686122899838e-01,4.489503800869000250e-01,4.641309976577799867e-01
4.631448686122899838e-01,4.780704975128199918e-01,4.641309976577799867e-01,4.790699779987300233e-01
4.780704975128199918e-01,4.925215244293200123e-01,4.790699779987300233e-01,4.935912489891099986e-01
4.925215244293200123e-01,5.063670873641999970e-01,4.935912489891099986e-01,5.075581073760999651e-01
5.063670873641999970e-01,5.196172595024100005e-01,5.075581073760999651e-01,5.209621191024800257e-01
5.196172595024100005e-01,5.327303409576400473e-01,5.209621191024800257e-01,5.342150926590000237e-01
5.327303409576400473e-01,5.458350777625999850e-01,5.342150926590000237e-01,5.474553108215299835e-01
5.458350777625999850e-01,5.586881041526799985e-01,5.474553108215299835e-01,5.604575276374800241e-01
5.586881041526799985e-01,5.716065168380699557e-01,5.604575276374800241e-01,5.735183358192400549e-01
5.716065168380699557e-01,5.846581459045400164e-01,5.735183358192400549e-01,5.867013335227999615e-01
5.846581459045400164e-01,5.978567004203799717e-01,5.867013335227999615e-01,6.000194549560500246e-01
5.978567004203799717e-01,6.112035512924199887e-01,6.000194549560500246e-01,6.134740710258500540e-01
6.112035512924199887e-01,6.246963739395100523e-01,6.134740710258500540e-01,6.270631551742600340e-01
6.246963739395100523e-01,6.383317708969099558e-01,6.270631551742600340e-01,6.407837867736799753e-01
6.383317708969099558e-01,6.521055698394799816e-01,6.407837867736799753e-01,6.546322107315100114e-01
6.521055698394799816e-01,6.660133004188499850e-01,6.546322107315100114e-01,6.686042547225999888e-01
6.660133004188499850e-01,6.800499558448800386e-01,6.686042547225999888e-01,6.826955676078799717e-01
6.800499558448800386e-01,6.942105293273900246e-01,6.826955676078799717e-01,6.969013810157800304e-01
6.942105293273900246e-01,7.084897160530100324e-01,6.969013810157800304e-01,7.112169861793500303e-01
7.084897160530100324e-01,7.228823304176299480e-01,7.112169861793500303e-01,7.256375551223800402e-01
7.228823304176299480e-01,7.373831272125199732e-01,7.256375551223800402e-01,7.401583194732700433e-01
7.373831272125199732e-01,7.519869804382299794e-01,7.401583194732700433e-01,7.547745108604400066e-01
7.519869804382299794e-01,7.666887640953099492e-01,7.547745108604400066e-01,7.694814801216099953e-01
7.666887640953099492e-01,7.814836502075199753e-01,7.694814801216099953e-01,7.842745184898399780e-01
7.814836502075199753e-01,7.963666915893600207e-01,7.842745184898399780e-01,7.991492748260500267e-01
7.963666915893600207e-01,8.113333582878099470e-01,7.991492748260500267e-01,8.141013979911799758e-01
8.113333582878099470e-01,8.263790011405900415e-01,8.141013979911799758e-01,8.291266560554499954e-01
8.263790011405900415e-01,8.414993882179300222e-01,8.291266560554499954e-01,8.442209959030200217e-01
8.414993882179300222e-01,8.566901683807399692e-01,8.442209959030200217e-01,8.593804836273200021e-01
8.566901683807399692e-01,8.719472885131800410e-01,8.593804836273200021e-01,8.746013045310999656e-01
8.719472885131800410e-01,8.872668147087100499e-01,8.746013045310999656e-01,8.898798823356599552e-01
8.872668147087100499e-01,9.026449322700500488e-01,8.898798823356599552e-01,9.052125811576799963e-01
9.026449322700500488e-01,9.180778264999399640e-01,9.052125811576799963e-01,9.205959439277600076e-01
9.180778264999399640e-01,9.335620403289800473e-01,9.205959439277600076e-01,9.360266923904400072e-01
9.335620403289800473e-01,9.490939378738399990e-01,9.360266923904400072e-01,9.515016078949000145e-01
9.490939378738399990e-01,9.646701812744099547e-01,9.515016078949000145e-01,9.670175313949600504e-01
9.646701812744099547e-01,9.802874922752400355e-01,9.670175313949600504e-01,9.825713634491000104e-01
9.802874922752400355e-01,9.959425330161999490e-01,9.825713634491000104e-01,9.981602430343600174e-01
9.959425330161999490e-01,1.011632323265100109e+00,9.981602430343600174e-01,1.013781309127800068e+00
1.011632323265100109e+00,1.027353644371000074e+00,1.013781309127800068e+00,1.029431581497199932e+00
1.027353644371000074e+00,1.043103575706499919e+00,1.029431581497199932e+00,1.045108318328900054e+00
1.043103575706499919e+00,1.058879137039199891e+00,1.045108318328900054e+00,1.060809016227699964e+00
1.058879137039199891e+00,1.074677348136900079e+00,1.060809016227699964e+00,1.076530814170800099e+00
1.074677348136900079e+00,1.090495467186000100e+00,1.076530814170800099e+00,1.092271089553799923e+00
1.090495467186000100e+00,1.106330513954199901e+00,1.092271089553799923e+00,1.108027458190899983e+00
1.106330513954199901e+00,1.122179985046400041e+00,1.108027458190899983e+00,1.123797297477699964e+00
1.122179985046400041e+00,1.138040900230399943e+00,1.123797297477699964e+00,1.139577984809899913e+00
1.138040900230399943e+00,1.153910756111099944e+00,1.139577984809899913e+00,1.155367136001600015e+00
1.153910756111099944e+00,1.169786691665599898e+00,1.155367136001600015e+00,1.171162366867100069e+00
1.169786691665599898e+00,1.185666203498799920e+00,1.171162366867100069e+00,1.186961174011200049e+00
1.185666203498799920e+00,1.201546549797100072e+00,1.186961174011200049e+00,1.202761054038999911e+00
1.201546549797100072e+00,1.217425107955899977e+00,1.202761054038999911e+00,1.218559741973900046e+00
1.217425107955899977e+00,1.233299255371099967e+00,1.218559741973900046e+00,1.234354734420799904e+00
1.233299255371099967e+00,1.249166488647500017e+00,1.234354734420799904e+00,1.250143647193900032e+00
1.249166488647500017e+00,1.265024065971400047e+00,1.250143647193900032e+00,1.265924096107500008e+00
1.265024065971400047e+00,1.280869603156999936e+00,1.265924096107500008e+00,1.281693816185000001e+00
1.280869603156999936e+00,1.296700239181499903e+00,1.281693816185000001e+00,1.297450184822100061e+00
1.296700239181499903e+00,1.312513589858999907e+00,1.297450184822100061e+00,1.313190817832899926e+00
1.312513589858999907e+00,1.328307032585100078e+00,1.313190817832899926e+00,1.328913569450399956e+00
1.328307032585100078e+00,1.344077944755599940e+00,1.328913569450399956e+00,1.344615697860700010e+00
1.344077944755599940e+00,1.359823703765900005e+00,1.344615697860700010e+00,1.360294938087500016e+00
1.359823703765900005e+00,1.375541567802399889e+00,1.360294938087500016e+00,1.375948667526200042e+00
1.375541567802399889e+00,1.391229152679400061e+00,1.375948667526200042e+00,1.391574740409899924e+00
1.391229152679400061e+00,1.406883716583299915e+00,1.391574740409899924e+00,1.407170414924600044e+00
1.406883716583299915e+00,1.422502517700199975e+00,1.407170414924600044e+00,1.422733187675500055e+00
1.422502517700199975e+00,1.438083171844499963e+00,1.422733187675500055e+00,1.438260674476599998e+00
1.438083171844499963e+00,1.453622937202500021e+00,1.438260674476599998e+00,1.453750610351600026e+00
1.453622937202500021e+00,1.469119906425500055e+00,1.453750610351600026e+00,1.469201087951699902e+00
1.469119906425500055e+00,1.484574675560000001e+00,1.469201087951699902e+00,1.484612941741900061e+00
1.484574675560000001e+00,1.500000000000000000e+00,1.484612941741900061e+00,1.500000000000000000e+00
-1.382091082632500023e-02,-1.347221899777699926e-02,-1.258568651974199988e-02,-1.223559677600899974e-02
-1.347221899777699926e-02,-1.241903379559500080e-02,-1.223559677600899974e-02,-1.117304805666199941e-02
-1.241903379559500080e-02,-1.077935937792100056e-02,-1.117304805666199941e-02,-9.512036107480499950e-03
-1.077935937792100056e-02,-8.478934876620800726e-03,-9.512036107480499950e-03,-7.177392952144099995e-03
-8.478934876620800726e-03,-5.350587423890799596e-03,-7.177392952144099995e-03,-4.006338771432600004e-03
-5.350587423890799596e-03,-1.170109142549299961e-03,-4.006338771432600004e-03,2.206224016845199996e-04
-1.170109142549299961e-03,4.359920974820899985e-03,2.206224016845199996e-04,5.804514046758400304e-03
4.359920974820899985e-03,1.161535736173400016e-02,5.804514046758400304e-03,1.312907692044999915e-02
1.161535736173400016e-02,2.101874351501499885e-02,1.312907692044999915e-02,2.262432686984499827e-02
2.101874351501499885e-02,3.298334777355200337e-02,2.262432686984499827e-02,3.471104055643099706e-02
3.298334777355200337e-02,4.783875495195399896e-02,3.471104055643099706e-02,4.972652345895799825e-02
4.783875495195399896e-02,6.574230641126599384e-02,4.972652345895799825e-02,6.783384084701500616e-02
6.574230641126599384e-02,8.659578859806099649e-02,6.783384084701500616e-02,8.893432468175900552e-02
8.659578859806099649e-02,1.099916920065899945e-01,8.893432468175900552e-02,1.126097962260200064e-01
1.099916920065899945e-01,1.352169364690800069e-01,1.126097962260200064e-01,1.381246447563199975e-01
1.352169364690800069e-01,1.613260954618500054e-01,1.381246447563199975e-01,1.645021438598600061e-01
1.613260954618500054e-01,1.872777491807899874e-01,1.645021438598600061e-01,1.906679421663300122e-01
1.872777491807899874e-01,2.120985984802200019e-01,1.906679421663300122e-01,2.156236767768900109e-01
2.120985984802200019e-01,2.350270897149999982e-01,2.156236767768900109e-01,2.385976910591099953e-01
2.350270897149999982e-01,2.555843591690100114e-01,2.385976910591099953e-01,2.591176927089700044e-01
2.555843591690100114e-01,2.735563516616800195e-01,2.591176927089700044e-01,2.769883275032000158e-01
2.735563516616800195e-01,2.889273464679700254e-01,2.769883275032000158e-01,2.922150492668200150e-01
2.889273464679700254e-01,3.018192648887599860e-01,2.922150492668200150e-01,3.049353957176200169e-01
3.018192648887599860e-01,3.124496638774900137e-01,3.049353957176200169e-01,3.153778016567200249e-01
3.124496638774900137e-01,3.226565718650800108e-01,3.153778016567200249e-01,3.253861069679300222e-01
3.226565718650800108e-01,3.337383866310100200e-01,3.253861069679300222e-01,3.362583220004999873e-01
3.337383866310100200e-01,3.456828296184499827e-01,3.362583220004999873e-01,3.479840755462599855e-01
3.456828296184499827e-01,3.584528267383599864e-01,3.479840755462599855e-01,3.605297803878799723e-01
3.584528267383599864e-01,3.719845712184899900e-01,3.605297803878799723e-01,3.738370835781100188e-01
3.719845712184899900e-01,3.861862123012499981e-01,3.738370835781100188e-01,3.878214955329900016e-01
3.861862123012499981e-01,4.009370207786600027e-01,3.878214955329900016e-01,4.023714959621400022e-01
4.009370207786600027e-01,4.160887897014600156e-01,4.023714959621400022e-01,4.173491597175599810e-01
4.160887897014600156e-01,4.314692914485899755e-01,4.173491597175599810e-01,4.325926899909999790e-01
4.314692914485899755e-01,4.468884170055399951e-01,4.325926899909999790e-01,4.479216933250400046e-01
4.468884170055399951e-01,4.621473252773299900e-01,4.479216933250400046e-01,4.631448686122899838e-01
4.621473252773299900e-01,4.770501852035500256e-01,4.631448686122899838e-01,4.780704975128199918e-01
4.770501852035500256e-01,4.914208352565799798e-01,4.780704975128199918e-01,4.925215244293200123e-01
4.914208352565799798e-01,5.051363706588699598e-01,4.925215244293200123e-01,5.063670873641999970e-01
5.051363706588699598e-01,5.182269811630200174e-01,5.063670873641999970e-01,5.196172595024100005e-01
5.182269811630200174e-01,5.311987996101400489e-01,5.196172595024100005e-01,5.327303409576400473e-01
5.311987996101400489e-01,5.441677570342999815e-01,5.327303409576400473e-01,5.458350777625999850e-01
5.441677570342999815e-01,5.568714141845699794e-01,5.458350777625999850e-01,5.586881041526799985e-01
5.568714141845699794e-01,5.696479678153999471e-01,5.586881041526799985e-01,5.716065168380699557e-01
5.696479678153999471e-01,5.825693011283900047e-01,5.716065168380699557e-01,5.846581459045400164e-01
5.825693011283900047e-01,5.956499576568600185e-01,5.846581459045400164e-01,5.978567004203799717e-01
5.956499576568600185e-01,6.088910102844200534e-01,5.978567004203799717e-01,6.112035512924199887e-01
6.088910102844200534e-01,6.222897768020599907e-01,6.112035512924199887e-01,6.246963739395100523e-01
6.222897768020599907e-01,6.358423829078699852e-01,6.246963739395100523e-01,6.383317708969099558e-01
6.358423829078699852e-01,6.495441198349000134e-01,6.383317708969099558e-01,6.521055698394799816e-01
6.495441198349000134e-01,6.633898615837100499e-01,6.521055698394799816e-01,6.660133004188499850e-01
6.633898615837100499e-01,6.773742437362699764e-01,6.660133004188499850e-01,6.800499558448800386e-01
6.773742437362699764e-01,6.914916038513200247e-01,6.800499558448800386e-01,6.942105293273900246e-01
6.914916038513200247e-01,7.057362794876099743e-01,6.942105293273900246e-01,7.084897160530100324e-01
7.057362794876099743e-01,7.201025485992400554e-01,7.084897160530100324e-01,7.228823304176299480e-01
7.201025485992400554e-01,7.345848083496100411e-01,7.228823304176299480e-01,7.373831272125199732e-01
7.345848083496100411e-01,7.491775155067400549e-01,7.373831272125199732e-01,7.519869804382299794e-01
7.491775155067400549e-01,7.638752460479699691e-01,7.519869804382299794e-01,7.666887640953099492e-01
7.638752460479699691e-01,7.786726951599100000e-01,7.666887640953099492e-01,7.814836502075199753e-01
7.786726951599100000e-01,7.935647368431100190e-01,7.814836502075199753e-01,7.963666915893600207e-01
7.935647368431100190e-01,8.085464239120500052e-01,7.963666915893600207e-01,8.113333582878099470e-01
8.085464239120500052e-01,8.236129283905000431e-01,8.113333582878099470e-01,8.263790011405900415e-01
8.236129283905000431e-01,8.387596011161799758e-01,8.263790011405900415e-01,8.414993882179300222e-01
8.387596011161799758e-01,8.539818525314299968e-01,8.414993882179300222e-01,8.566901683807399692e-01
8.539818525314299968e-01,8.692754507064800462e-01,8.566901683807399692e-01,8.719472885131800410e-01
8.692754507064800462e-01,8.846360445022599661e-01,8.719472885131800410e-01,8.872668147087100499e-01
8.846360445022599661e-01,9.000596404075600354e-01,8.872668147087100499e-01,9.026449322700500488e-01
9.000596404075600354e-01,9.155421853065499604e-01,9.026449322700500488e-01,9.180778264999399640e-01
9.155421853065499604e-01,9.310798645019500164e-01,9.180778264999399640e-01,9.335620403289800473e-01
9.310798645019500164e-01,9.466688632965100103e-01,9.335620403289800473e-01,9.490939378738399990e-01
9.466688632965100103e-01,9.623056054115299851e-01,9.490939378738399990e-01,9.646701812744099547e-01
9.623056054115299851e-01,9.779864549636799742e-01,9.646701812744099547e-01,9.802874922752400355e-01
9.779864549636799742e-01,9.937079548835799914e-01,9.802874922752400355e-01,9.959425330161999490e-01
9.937079548835799914e-01,1.009466767311099966e+00,9.959425330161999490e-01,1.011632323265100109e+00
1.009466767311099966e+00,1.025259375572199927e+00,1.011632323265100109e+00,1.027353644371000074e+00
1.025259375572199927e+00,1.041082739829999992e+00,1.027353644371000074e+00,1.043103575706499919e+00
1.041082739829999992e+00,1.056933522224400068e+00,1.043103575706499919e+00,1.058879137039199891e+00
1.056933522224400068e+00,1.072808623313900034e+00,1.058879137039199891e+00,1.074677348136900079e+00
1.072808623313900034e+00,1.088704943656900070e+00,1.074677348136900079e+00,1.090495467186000100e+00
1.088704943656900070e+00,1.104619383811999977e+00,1.090495467186000100e+00,1.106330513954199901e+00
1.104619383811999977e+00,1.120549082756000070e+00,1.106330513954199901e+00,1.122179985046400041e+00
1.120549082756000070e+00,1.136490821838400000e+00,1.122179985046400041e+00,1.138040900230399943e+00
1.136490821838400000e+00,1.152441859245300071e+00,1.138040900230399943e+00,1.153910756111099944e+00
1.152441859245300071e+00,1.168399214744600068e+00,1.153910756111099944e+00,1.169786691665599898e+00
1.168399214744600068e+00,1.184360027313200003e+00,1.169786691665599898e+00,1.185666203498799920e+00
1.184360027313200003e+00,1.200321435928300096e+00,1.185666203498799920e+00,1.201546549797100072e+00
1.200321435928300096e+00,1.216280579566999975e+00,1.201546549797100072e+00,1.217425107955899977e+00
1.216280579566999975e+00,1.232234597206099957e+00,1.217425107955899977e+00,1.233299255371099967e+00
1.232234597206099957e+00,1.248180866241499931e+00,1.233299255371099967e+00,1.249166488647500017e+00
1.248180866241499931e+00,1.264116287231400015e+00,1.249166488647500017e+00,1.265024065971400047e+00
1.264116287231400015e+00,1.280038237571700099e+00,1.265024065971400047e+00,1.280869603156999936e+00
1.280038237571700099e+00,1.295943975448599961e+00,1.280869603156999936e+00,1.296700239181499903e+00
1.295943975448599961e+00,1.311830639839199897e+00,1.296700239181499903e+00,1.312513589858999907e+00
1.311830639839199897e+00,1.327695488929699907e+00,1.312513589858999907e+00,1.328307032585100078e+00
1.327695488929699907e+00,1.343535780906699895e+00,1.328307032585100078e+00,1.344077944755599940e+00
1.343535780906699895e+00,1.359348535537699965e+00,1.344077944755599940e+00,1.359823703765900005e+00
1.359348535537699965e+00,1.375131249427800073e+00,1.359823703765900005e+00,1.375541567802399889e+00
1.375131249427800073e+00,1.390880942344699944e+00,1.375541567802399889e+00,1.391229152679400061e+00
1.390880942344699944e+00,1.406594872474699942e+00,1.391229152679400061e+00,1.406883716583299915e+00
1.406594872474699942e+00,1.422270178794899920e+00,1.406883716583299915e+00,1.422502517700199975e+00
1.422270178794899920e+00,1.437904238700900006e+00,1.422502517700199975e+00,1.438083171844499963e+00
1.437904238700900006e+00,1.453494310378999899e+00,1.438083171844499963e+00,1.453622937202500021e+00
1.453494310378999899e+00,1.469038248062100038e+00,1.453622937202500021e+00,1.469119906425500055e+00
1.469038248062100038e+00,1.484536290168799955e+00,1.469119906425500055e+00,1.484574675560000001e+00
1.484536290168799955e+00,1.500000000000000000e+00,1.484574675560000001e+00,1.500000000000000000e+00
-1.514870300888999932e-02,-1.480150036513800012e-02,-1.382091082632500023e-02,-1.347221899777699926e-02
-1.480150036513800012e-02,-1.375774480402499993e-02,-1.347221899777699926e-02,-1.241903379559500080e-02
-1.375774480402499993e-02,-1.213911268860099965e-02,-1.241903379559500080e-02,-1.077935937792100056e-02
-1.213911268860099965e-02,-9.872681461274599585e-03,-1.077935937792100056e-02,-8.478934876620800726e-03
-9.872681461274599585e-03,-6.788635160774000345e-03,-8.478934876620800726e-03,-5.350587423890799596e-03
-6.788635160774000345e-03,-2.658382290974300143e-03,-5.350587423890799596e-03,-1.170109142549299961e-03
-2.658382290974300143e-03,2.813640283420700168e-03,-1.170109142549299961e-03,4.359920974820899985e-03
2.813640283420700168e-03,9.996093809604599673e-03,4.359920974820899985e-03,1.161535736173400016e-02
9.996093809604599673e-03,1.930369250476399873e-02,1.161535736173400016e-02,2.101874351501499885e-02
1.930369250476399873e-02,3.114177286624900121e-02,2.101874351501499885e-02,3.298334777355200337e-02
3.114177286624900121e-02,4.583198577165600168e-02,3.298334777355200337e-02,4.783875495195399896e-02
4.583198577165600168e-02,6.352610141038900204e-02,4.783875495195399896e-02,6.574230641126599384e-02
6.352610141038900204e-02,8.412683755159400256e-02,6.574230641126599384e-02,8.659578859806099649e-02
8.412683755159400256e-02,1.072382107377100047e-01,8.659578859806099649e-02,1.099916920065899945e-01
1.072382107377100047e-01,1.321704536676399921e-01,1.099916920065899945e-01,1.352169364690800069e-01
1.321704536676399921e-01,1.580101102590600048e-01,1.352169364690800069e-01,1.613260954618500054e-01
1.580101102590600048e-01,1.837489604950000022e-01,1.613260954618500054e-01,1.872777491807899874e-01
1.837489604950000022e-01,2.084384858608200053e-01,1.872777491807899874e-01,2.120985984802200019e-01
2.084384858608200053e-01,2.313265651464500028e-01,2.120985984802200019e-01,2.350270897149999982e-01
2.313265651464500028e-01,2.519270479679099894e-01,2.350270897149999982e-01,2.555843591690100114e-01
2.519270479679099894e-01,2.700072526931799888e-01,2.555843591690100114e-01,2.735563516616800195e-01
2.700072526931799888e-01,2.855312526225999847e-01,2.735563516616800195e-01,2.889273464679700254e-01
2.855312526225999847e-01,2.986056506633800178e-01,2.889273464679700254e-01,3.018192648887599860e-01
2.986056506633800178e-01,3.094367086887400142e-01,3.018192648887599860e-01,3.124496638774900137e-01
3.094367086887400142e-01,3.198560476303100031e-01,3.124496638774900137e-01,3.226565718650800108e-01
3.198560476303100031e-01,3.311625123024000139e-01,3.226565718650800108e-01,3.337383866310100200e-01
3.311625123024000139e-01,3.433409929275499928e-01,3.337383866310100200e-01,3.456828296184499827e-01
3.433409929275499928e-01,3.563501238822899819e-01,3.456828296184499827e-01,3.584528267383599864e-01
3.563501238822899819e-01,3.701196610927600106e-01,3.584528267383599864e-01,3.719845712184899900e-01
3.701196610927600106e-01,3.845492303371400022e-01,3.719845712184899900e-01,3.861862123012499981e-01
3.845492303371400022e-01,3.995081484317800080e-01,3.861862123012499981e-01,4.009370207786600027e-01
3.995081484317800080e-01,4.148371219634999774e-01,4.009370207786600027e-01,4.160887897014600156e-01
4.148371219634999774e-01,4.303530454635600133e-01,4.160887897014600156e-01,4.314692914485899755e-01
4.303530454635600133e-01,4.458563327789299979e-01,4.314692914485899755e-01,4.468884170055399951e-01
4.458563327789299979e-01,4.611413776874500048e-01,4.468884170055399951e-01,4.621473252773299900e-01
4.611413776874500048e-01,4.760097861290000232e-01,4.621473252773299900e-01,4.770501852035500256e-01
4.760097861290000232e-01,4.902884066104900018e-01,4.770501852035500256e-01,4.914208352565799798e-01
4.902884066104900018e-01,5.038644075393700072e-01,4.914208352565799798e-01,5.051363706588699598e-01
5.038644075393700072e-01,5.167899131774900123e-01,5.051363706588699598e-01,5.182269811630200174e-01
5.167899131774900123e-01,5.296196937560999629e-01,5.182269811630200174e-01,5.311987996101400489e-01
5.296196937560999629e-01,5.424534082412699743e-01,5.311987996101400489e-01,5.441677570342999815e-01
5.424534082412699743e-01,5.550084114074700370e-01,5.441677570342999815e-01,5.568714141845699794e-01
5.550084114074700370e-01,5.676444172859199666e-01,5.568714141845699794e-01,5.696479678153999471e-01
5.676444172859199666e-01,5.804376006126400478e-01,5.696479678153999471e-01,5.825693011283900047e-01
5.804376006126400478e-01,5.934029817581200072e-01,5.825693011283900047e-01,5.956499576568600185e-01
5.934029817581200072e-01,6.065412759780900442e-01,5.956499576568600185e-01,6.088910102844200534e-01
6.065412759780900442e-01,6.198492646217299562e-01,6.088910102844200534e-01,6.222897768020599907e-01
6.198492646217299562e-01,6.333224177360500251e-01,6.222897768020599907e-01,6.358423829078699852e-01
6.333224177360500251e-01,6.469553709030200217e-01,6.358423829078699852e-01,6.495441198349000134e-01
6.469553709030200217e-01,6.607424020767199702e-01,6.495441198349000134e-01,6.633898615837100499e-01
6.607424020767199702e-01,6.746773719787599877e-01,6.633898615837100499e-01,6.773742437362699764e-01
6.746773719787599877e-01,6.887542605400099882e-01,6.773742437362699764e-01,6.914916038513200247e-01
6.887542605400099882e-01,7.029667496681200056e-01,6.914916038513200247e-01,7.057362794876099743e-01
7.029667496681200056e-01,7.173087596893300555e-01,7.057362794876099743e-01,7.201025485992400554e-01
7.173087596893300555e-01,7.317741513252300489e-01,7.201025485992400554e-01,7.345848083496100411e-01
7.317741513252300489e-01,7.463571429252600087e-01,7.345848083496100411e-01,7.491775155067400549e-01
7.463571429252600087e-01,7.610518336296100417e-01,7.491775155067400549e-01,7.638752460479699691e-01
7.610518336296100417e-01,7.758527398109400508e-01,7.638752460479699691e-01,7.786726951599100000e-01
7.758527398109400508e-01,7.907543182373000246e-01,7.786726951599100000e-01,7.935647368431100190e-01
7.907543182373000246e-01,8.057514429092399455e-01,7.935647368431100190e-01,8.085464239120500052e-01
8.057514429092399455e-01,8.208389282226600248e-01,8.085464239120500052e-01,8.236129283905000431e-01
8.208389282226600248e-01,8.360119462013200220e-01,8.236129283905000431e-01,8.387596011161799758e-01
8.360119462013200220e-01,8.512656688690199980e-01,8.387596011161799758e-01,8.539818525314299968e-01
8.512656688690199980e-01,8.665955066680900432e-01,8.539818525314299968e-01,8.692754507064800462e-01
8.665955066680900432e-01,8.819969892501799968e-01,8.692754507064800462e-01,8.846360445022599661e-01
8.819969892501799968e-01,8.974658250808700277e-01,8.846360445022599661e-01,9.000596404075600354e-01
8.974658250808700277e-01,9.129976630210899780e-01,9.000596404075600354e-01,9.155421853065499604e-01
9.129976630210899780e-01,9.285885691642800088e-01,9.155421853065499604e-01,9.310798645019500164e-01
9.285885691642800088e-01,9.442343711852999588e-01,9.310798645019500164e-01,9.466688632965100103e-01
9.442343711852999588e-01,9.599313139915499615e-01,9.466688632965100103e-01,9.623056054115299851e-01
9.599313139915499615e-01,9.756754636764499722e-01,9.623056054115299851e-01,9.779864549636799742e-01
9.756754636764499722e-01,9.914631843566900082e-01,9.779864549636799742e-01,9.937079548835799914e-01
9.914631843566900082e-01,1.007290840148900024e+00,9.937079548835799914e-01,1.009466767311099966e+00
1.007290840148900024e+00,1.023154735565199980e+00,1.009466767311099966e+00,1.025259375572199927e+00
1.023154735565199980e+00,1.039051413536099977e+00,1.025259375572199927e+00,1.041082739829999992e+00
1.039051413536099977e+00,1.054977416992199934e+00,1.041082739829999992e+00,1.056933522224400068e+00
1.054977416992199934e+00,1.070929527282699967e+00,1.056933522224400068e+00,1.072808623313900034e+00
1.070929527282699967e+00,1.086904048919699939e+00,1.072808623313900034e+00,1.088704943656900070e+00
1.086904048919699939e+00,1.102898001670800099e+00,1.088704943656900070e+00,1.104619383811999977e+00
1.102898001670800099e+00,1.118908047676099971e+00,1.104619383811999977e+00,1.120549082756000070e+00
1.118908047676099971e+00,1.134930968284600050e+00,1.120549082756000070e+00,1.136490821838400000e+00
1.134930968284600050e+00,1.150963425636299942e+00,1.136490821838400000e+00,1.152441859245300071e+00
1.150963425636299942e+00,1.167002558708200022e+00,1.152441859245300071e+00,1.168399214744600068e+00
1.167002558708200022e+00,1.183045148849499961e+00,1.168399214744600068e+00,1.184360027313200003e+00
1.183045148849499961e+00,1.199087977409400096e+00,1.184360027313200003e+00,1.200321435928300096e+00
1.199087977409400096e+00,1.215128183364899916e+00,1.200321435928300096e+00,1.216280579566999975e+00
1.215128183364899916e+00,1.231162548065199980e+00,1.216280579566999975e+00,1.232234597206099957e+00
1.231162548065199980e+00,1.247188091278099931e+00,1.232234597206099957e+00,1.248180866241499931e+00
1.247188091278099931e+00,1.263201951980599924e+00,1.248180866241499931e+00,1.264116287231400015e+00
1.263201951980599924e+00,1.279200911521900075e+00,1.264116287231400015e+00,1.280038237571700099e+00
1.279200911521900075e+00,1.295182228088400000e+00,1.280038237571700099e+00,1.295943975448599961e+00
1.295182228088400000e+00,1.311142683029199896e+00,1.295943975448599961e+00,1.311830639839199897e+00
1.311142683029199896e+00,1.327079415321400058e+00,1.311830639839199897e+00,1.327695488929699907e+00
1.327079415321400058e+00,1.342989444732699988e+00,1.327695488929699907e+00,1.343535780906699895e+00
1.342989444732699988e+00,1.358869910240199985e+00,1.343535780906699895e+00,1.359348535537699965e+00
1.358869910240199985e+00,1.374717712402300007e+00,1.359348535537699965e+00,1.375131249427800073e+00
1.374717712402300007e+00,1.390529990196200050e+00,1.375131249427800073e+00,1.390880942344699944e+00
1.390529990196200050e+00,1.406303763389600059e+00,1.390880942344699944e+00,1.406594872474699942e+00
1.406303763389600059e+00,1.422036051750199981e+00,1.406594872474699942e+00,1.422270178794899920e+00
1.422036051750199981e+00,1.437724113464400100e+00,1.422270178794899920e+00,1.437904238700900006e+00
1.437724113464400100e+00,1.453364849090599931e+00,1.437904238700900006e+00,1.453494310378999899e+00
1.453364849090599931e+00,1.468956112861599994e+00,1.453494310378999899e+00,1.469038248062100038e+00
1.468956112861599994e+00,1.484497666358900014e+00,1.469038248062100038e+00,1.484536290168799955e+00
1.484497666358900014e+00,1.500000000000000000e+00,1.484536290168799955e+00,1.500000000000000000e+00
-1.657795533537900073e-02,-1.623245142400300128e-02,-1.514870300888999932e-02,-1.480150036513800012e-02
-1.623245142400300128e-02,-1.519853156059999995e-02,-1.480150036513800012e-02,-1.375774480402499993e-02
-1.519853156059999995e-02,-1.360115874558700047e-02,-1.375774480402499993e-02,-1.213911268860099965e-02
-1.360115874558700047e-02,-1.136892288923299979e-02,-1.213911268860099965e-02,-9.872681461274599585e-03
-1.136892288923299979e-02,-8.330679498612899789e-03,-9.872681461274599585e-03,-6.788635160774000345e-03
-8.330679498612899789e-03,-4.254148807376599735e-03,-6.788635160774000345e-03,-2.658382290974300143e-03
-4.254148807376599735e-03,1.155693200416900044e-03,-2.658382290974300143e-03,2.813640283420700168e-03
1.155693200416900044e-03,8.261234499514099466e-03,2.813640283420700168e-03,9.996093809604599673e-03
8.261234499514099466e-03,1.746918074786699832e-02,9.996093809604599673e-03,1.930369250476399873e-02
1.746918074786699832e-02,2.917653135955300056e-02,1.930369250476399873e-02,3.114177286624900121e-02
2.917653135955300056e-02,4.369681328535100079e-02,3.114177286624900121e-02,4.583198577165600168e-02
4.369681328535100079e-02,6.117637455463399709e-02,4.583198577165600168e-02,6.352610141038900204e-02
6.117637455463399709e-02,8.151948451995799649e-02,6.352610141038900204e-02,8.412683755159400256e-02
8.151948451995799649e-02,1.043425127863899932e-01,8.412683755159400256e-02,1.072382107377100047e-01
1.043425127863899932e-01,1.289799213409399958e-01,1.072382107377100047e-01,1.321704536676399921e-01
1.289799213409399958e-01,1.545507162809399981e-01,1.321704536676399921e-01,1.580101102590600048e-01
1.545507162809399981e-01,1.800800859928100017e-01,1.580101102590600048e-01,1.837489604950000022e-01
1.800800859928100017e-01,2.046439945697799967e-01,1.837489604950000022e-01,2.084384858608200053e-01
2.046439945697799967e-01,2.274989634752299927e-01,2.084384858608200053e-01,2.313265651464500028e-01
2.274989634752299927e-01,2.481509000062900039e-01,2.313265651464500028e-01,2.519270479679099894e-01
2.481509000062900039e-01,2.663486301899000153e-01,2.519270479679099894e-01,2.700072526931799888e-01
2.663486301899000153e-01,2.820367515087099930e-01,2.700072526931799888e-01,2.855312526225999847e-01
2.820367515087099930e-01,2.953065037727399811e-01,2.855312526225999847e-01,2.986056506633800178e-01
2.953065037727399811e-01,3.063521683216099967e-01,2.986056506633800178e-01,3.094367086887400142e-01
3.063521683216099967e-01,3.169990181922899830e-01,3.094367086887400142e-01,3.198560476303100031e-01
3.169990181922899830e-01,3.285461366176600229e-01,3.198560476303100031e-01,3.311625123024000139e-01
3.285461366176600229e-01,3.409748375415799782e-01,3.311625123024000139e-01,3.433409929275499928e-01
3.409748375415799782e-01,3.542382717132600001e-01,3.433409929275499928e-01,3.563501238822899819e-01
3.542382717132600001e-01,3.682586252689399875e-01,3.563501238822899819e-01,3.701196610927600106e-01
3.682586252689399875e-01,3.829259276390100109e-01,3.701196610927600106e-01,3.845492303371400022e-01
3.829259276390100109e-01,3.980983793735500265e-01,3.845492303371400022e-01,3.995081484317800080e-01
3.980983793735500265e-01,4.136050641536699879e-01,3.995081484317800080e-01,4.148371219634999774e-01
4.136050641536699879e-01,4.292517602443700064e-01,4.148371219634999774e-01,4.303530454635600133e-01
4.292517602443700064e-01,4.448299407958999918e-01,4.303530454635600133e-01,4.458563327789299979e-01
4.448299407958999918e-01,4.601285159587900075e-01,4.458563327789299979e-01,4.611413776874500048e-01
4.601285159587900075e-01,4.749485850334200232e-01,4.611413776874500048e-01,4.760097861290000232e-01
4.749485850334200232e-01,4.891222119331399831e-01,4.760097861290000232e-01,4.902884066104900018e-01
4.891222119331399831e-01,5.025487542152400344e-01,4.902884066104900018e-01,5.038644075393700072e-01
5.025487542152400344e-01,5.153031945228599975e-01,5.038644075393700072e-01,5.167899131774900123e-01
5.153031945228599975e-01,5.279902219772300009e-01,5.167899131774900123e-01,5.296196937560999629e-01
5.279902219772300009e-01,5.406907796859700133e-01,5.296196937560999629e-01,5.424534082412699743e-01
5.406907796859700133e-01,5.530992746353099454e-01,5.424534082412699743e-01,5.550084114074700370e-01
5.530992746353099454e-01,5.655974149703999476e-01,5.550084114074700370e-01,5.676444172859199666e-01
5.655974149703999476e-01,5.782657265663100343e-01,5.676444172859199666e-01,5.804376006126400478e-01
5.782657265663100343e-01,5.911195874214200119e-01,5.804376006126400478e-01,5.934029817581200072e-01
5.911195874214200119e-01,6.041593551635699999e-01,5.934029817581200072e-01,6.065412759780900442e-01
6.041593551635699999e-01,6.173809766769400298e-01,6.065412759780900442e-01,6.198492646217299562e-01
6.173809766769400298e-01,6.307791471481299928e-01,6.198492646217299562e-01,6.333224177360500251e-01
6.307791471481299928e-01,6.443475484848000256e-01,6.333224177360500251e-01,6.469553709030200217e-01
6.443475484848000256e-01,6.580798029899600499e-01,6.469553709030200217e-01,6.607424020767199702e-01
6.580798029899600499e-01,6.719691157341000087e-01,6.607424020767199702e-01,6.746773719787599877e-01
6.719691157341000087e-01,6.860086917877199486e-01,6.746773719787599877e-01,6.887542605400099882e-01
6.860086917877199486e-01,7.001917958259600283e-01,6.887542605400099882e-01,7.029667496681200056e-01
7.001917958259600283e-01,7.145118713378899589e-01,7.029667496681200056e-01,7.173087596893300555e-01
7.145118713378899589e-01,7.289624214172399919e-01,7.173087596893300555e-01,7.317741513252300489e-01
7.289624214172399919e-01,7.435371279716499471e-01,7.317741513252300489e-01,7.463571429252600087e-01
7.435371279716499471e-01,7.582299709320099446e-01,7.463571429252600087e-01,7.610518336296100417e-01
7.582299709320099446e-01,7.730350494384800042e-01,7.610518336296100417e-01,7.758527398109400508e-01
7.730350494384800042e-01,7.879467010498000246e-01,7.758527398109400508e-01,7.907543182373000246e-01
7.879467010498000246e-01,8.029594421386699876e-01,7.907543182373000246e-01,8.057514429092399455e-01
8.029594421386699876e-01,8.180679678916900066e-01,8.057514429092399455e-01,8.208389282226600248e-01
8.180679678916900066e-01,8.332670927047699516e-01,8.208389282226600248e-01,8.360119462013200220e-01
8.332670927047699516e-01,8.485519289970400170e-01,8.360119462013200220e-01,8.512656688690199980e-01
8.485519289970400170e-01,8.639175891876199609e-01,8.512656688690199980e-01,8.665955066680900432e-01
8.639175891876199609e-01,8.793593645095799660e-01,8.665955066680900432e-01,8.819969892501799968e-01
8.793593645095799660e-01,8.948727250099199892e-01,8.819969892501799968e-01,8.974658250808700277e-01
8.948727250099199892e-01,9.104532599449199903e-01,8.974658250808700277e-01,9.129976630210899780e-01
9.104532599449199903e-01,9.260966181755100335e-01,9.129976630210899780e-01,9.285885691642800088e-01
9.260966181755100335e-01,9.417985677719099558e-01,9.285885691642800088e-01,9.442343711852999588e-01
9.417985677719099558e-01,9.575549960136400252e-01,9.442343711852999588e-01,9.599313139915499615e-01
9.575549960136400252e-01,9.733617901802099626e-01,9.599313139915499615e-01,9.756754636764499722e-01
9.733617901802099626e-01,9.892150759697000417e-01,9.756754636764499722e-01,9.914631843566900082e-01
9.892150759697000417e-01,1.005110979080199973e+00,9.914631843566900082e-01,1.007290840148900024e+00
1.005110979080199973e+00,1.021045565605199990e+00,1.007290840148900024e+00,1.023154735565199980e+00
1.021045565605199990e+00,1.037015080451999971e+00,1.023154735565199980e+00,1.039051413536099977e+00
1.037015080451999971e+00,1.053016066551200058e+00,1.039051413536099977e+00,1.054977416992199934e+00
1.053016066551200058e+00,1.069044589996299921e+00,1.054977416992199934e+00,1.070929527282699967e+00
1.069044589996299921e+00,1.085097193718000064e+00,1.070929527282699967e+00,1.086904048919699939e+00
1.085097193718000064e+00,1.101170420646699899e+00,1.086904048919699939e+00,1.102898001670800099e+00
1.101170420646699899e+00,1.117260694503799945e+00,1.102898001670800099e+00,1.118908047676099971e+00
1.117260694503799945e+00,1.133364558219899898e+00,1.118908047676099971e+00,1.134930968284600050e+00
1.133364558219899898e+00,1.149478554725599899e+00,1.134930968284600050e+00,1.150963425636299942e+00
1.149478554725599899e+00,1.165599465370199983e+00,1.150963425636299942e+00,1.167002558708200022e+00
1.165599465370199983e+00,1.181723713874800019e+00,1.167002558708200022e+00,1.183045148849499961e+00
1.181723713874800019e+00,1.197848200798000029e+00,1.183045148849499961e+00,1.199087977409400096e+00
1.197848200798000029e+00,1.213969588279699918e+00,1.199087977409400096e+00,1.215128183364899916e+00
1.213969588279699918e+00,1.230084538459800036e+00,1.215128183364899916e+00,1.231162548065199980e+00
1.230084538459800036e+00,1.246189832687399912e+00,1.231162548065199980e+00,1.247188091278099931e+00
1.246189832687399912e+00,1.262282252311700104e+00,1.247188091278099931e+00,1.263201951980599924e+00
1.262282252311700104e+00,1.278358578681900060e+00,1.263201951980599924e+00,1.279200911521900075e+00
1.278358578681900060e+00,1.294415712356600023e+00,1.279200911521900075e+00,1.295182228088400000e+00
1.294415712356600023e+00,1.310450315475500060e+00,1.295182228088400000e+00,1.311142683029199896e+00
1.310450315475500060e+00,1.326459407806400037e+00,1.311142683029199896e+00,1.327079415321400058e+00
1.326459407806400037e+00,1.342439651489300001e+00,1.327079415321400058e+00,1.342989444732699988e+00
1.342439651489300001e+00,1.358388066291799978e+00,1.342989444732699988e+00,1.358869910240199985e+00
1.358388066291799978e+00,1.374301433563200003e+00,1.358869910240199985e+00,1.374717712402300007e+00
1.374301433563200003e+00,1.390176773071299943e+00,1.374717712402300007e+00,1.390529990196200050e+00
1.390176773071299943e+00,1.406010746955900004e+00,1.390529990196200050e+00,1.406303763389600059e+00
1.406010746955900004e+00,1.421800374984699911e+00,1.406303763389600059e+00,1.422036051750199981e+00
1.421800374984699911e+00,1.437542676925700036e+00,1.422036051750199981e+00,1.437724113464400100e+00
1.437542676925700036e+00,1.453234553337100055e+00,1.437724113464400100e+00,1.453364849090599931e+00
1.453234553337100055e+00,1.468873500823999922e+00,1.453364849090599931e+00,1.468956112861599994e+00
1.468873500823999922e+00,1.484458923339800007e+00,1.468956112861599994e+00,1.484497666358900014e+00
1.484458923339800007e+00,1.500000000000000000e+00,1.484497666358900014e+00,1.500000000000000000e+00
-1.811823993921300030e-02,-1.777478493750099878e-02,-1.657795533537900073e-02,-1.623245142400300128e-02
-1.777478493750099878e-02,-1.675148867070699876e-02,-1.623245142400300128e-02,-1.519853156059999995e-02
-1.675148867070699876e-02,-1.517614163458299963e-02,-1.519853156059999995e-02,-1.360115874558700047e-02
-1.517614163458299963e-02,-1.297883968800300075e-02,-1.360115874558700047e-02,-1.136892288923299979e-02
-1.297883968800300075e-02,-9.988010860979600405e-03,-1.136892288923299979e-02,-8.330679498612899789e-03
-9.988010860979600405e-03,-5.968506447970900117e-03,-8.330679498612899789e-03,-4.254148807376599735e-03
-5.968506447970900117e-03,-6.249633734114499540e-04,-4.254148807376599735e-03,1.155693200416900044e-03
-6.249633734114499540e-04,6.399746052920800114e-03,1.155693200416900044e-03,8.261234499514099466e-03
6.399746052920800114e-03,1.550432853400699959e-02,8.261234499514099466e-03,1.746918074786699832e-02
1.550432853400699959e-02,2.707707323133900015e-02,1.746918074786699832e-02,2.917653135955300056e-02
2.707707323133900015e-02,4.142319038510299672e-02,2.917653135955300056e-02,4.369681328535100079e-02
4.142319038510299672e-02,5.868381261825599687e-02,4.369681328535100079e-02,6.117637455463399709e-02
5.868381261825599687e-02,7.876540720462800460e-02,6.117637455463399709e-02,8.151948451995799649e-02
7.876540720462800460e-02,1.012976616620999970e-01,8.151948451995799649e-02,1.043425127863899932e-01
1.012976616620999970e-01,1.256400644779200049e-01,1.043425127863899932e-01,1.289799213409399958e-01
1.256400644779200049e-01,1.509446352720300033e-01,1.289799213409399958e-01,1.545507162809399981e-01
1.509446352720300033e-01,1.762700378894800080e-01,1.545507162809399981e-01,1.800800859928100017e-01
1.762700378894800080e-01,2.007163316011399967e-01,1.800800859928100017e-01,2.046439945697799967e-01
2.007163316011399967e-01,2.235478907823600092e-01,2.046439945697799967e-01,2.274989634752299927e-01
2.235478907823600092e-01,2.442621290683699986e-01,2.274989634752299927e-01,2.481509000062900039e-01
2.442621290683699986e-01,2.625894546508800165e-01,2.481509000062900039e-01,2.663486301899000153e-01
2.625894546508800165e-01,2.784552276134499849e-01,2.663486301899000153e-01,2.820367515087099930e-01
2.784552276134499849e-01,2.919352650642400016e-01,2.820367515087099930e-01,2.953065037727399811e-01
2.919352650642400016e-01,3.032111227512400142e-01,2.953065037727399811e-01,3.063521683216099967e-01
3.032111227512400142e-01,3.141019046306600115e-01,3.063521683216099967e-01,3.169990181922899830e-01
3.141019046306600115e-01,3.259068131446800076e-01,3.169990181922899830e-01,3.285461366176600229e-01
3.259068131446800076e-01,3.386026024818399871e-01,3.285461366176600229e-01,3.409748375415799782e-01
3.386026024818399871e-01,3.521355688571899956e-01,3.409748375415799782e-01,3.542382717132600001e-01
3.521355688571899956e-01,3.664190471172300012e-01,3.542382717132600001e-01,3.682586252689399875e-01
3.664190471172300012e-01,3.813321292400400075e-01,3.682586252689399875e-01,3.829259276390100109e-01
3.813321292400400075e-01,3.967210054397600216e-01,3.829259276390100109e-01,3.980983793735500265e-01
3.967210054397600216e-01,4.124026000499699807e-01,3.980983793735500265e-01,4.136050641536699879e-01
4.124026000499699807e-01,4.281717836856799853e-01,4.136050641536699879e-01,4.292517602443700064e-01
4.281717836856799853e-01,4.438120126724199865e-01,4.292517602443700064e-01,4.448299407958999918e-01
4.438120126724199865e-01,4.591086506843600201e-01,4.448299407958999918e-01,4.601285159587900075e-01
4.591086506843600201e-01,4.738645553588899939e-01,4.601285159587900075e-01,4.749485850334200232e-01
4.738645553588899939e-01,4.879194200038899920e-01,4.749485850334200232e-01,4.891222119331399831e-01
4.879194200038899920e-01,5.011866092681900309e-01,4.891222119331399831e-01,5.025487542152400344e-01
5.011866092681900309e-01,5.137650966644300432e-01,5.025487542152400344e-01,5.153031945228599975e-01
5.137650966644300432e-01,5.263097882270799666e-01,5.153031945228599975e-01,5.279902219772300009e-01
5.263097882270799666e-01,5.388795137405399949e-01,5.279902219772300009e-01,5.406907796859700133e-01
5.388795137405399949e-01,5.511441826820400181e-01,5.406907796859700133e-01,5.530992746353099454e-01
5.511441826820400181e-01,5.635080933570899564e-01,5.530992746353099454e-01,5.655974149703999476e-01
5.635080933570899564e-01,5.760559439659099779e-01,5.655974149703999476e-01,5.782657265663100343e-01
5.760559439659099779e-01,5.888035297393799938e-01,5.782657265663100343e-01,5.911195874214200119e-01
5.888035297393799938e-01,6.017503142356900314e-01,5.911195874214200119e-01,6.041593551635699999e-01
6.017503142356900314e-01,6.148912906646699650e-01,6.041593551635699999e-01,6.173809766769400298e-01
6.148912906646699650e-01,6.282199621200600381e-01,6.173809766769400298e-01,6.307791471481299928e-01
6.282199621200600381e-01,6.417292356491099969e-01,6.307791471481299928e-01,6.443475484848000256e-01
6.417292356491099969e-01,6.554116010665900216e-01,6.443475484848000256e-01,6.580798029899600499e-01
6.554116010665900216e-01,6.692595481872599672e-01,6.580798029899600499e-01,6.719691157341000087e-01
6.692595481872599672e-01,6.832656860351600248e-01,6.719691157341000087e-01,6.860086917877199486e-01
6.832656860351600248e-01,6.974226832389800457e-01,6.860086917877199486e-01,7.001917958259600283e-01
6.974226832389800457e-01,7.117234468460099661e-01,7.001917958259600283e-01,7.145118713378899589e-01
7.117234468460099661e-01,7.261611819267299595e-01,7.145118713378899589e-01,7.289624214172399919e-01
7.261611819267299595e-01,7.407292723655699573e-01,7.289624214172399919e-01,7.435371279716499471e-01
7.407292723655699573e-01,7.554214000701899856e-01,7.435371279716499471e-01,7.582299709320099446e-01
7.554214000701899856e-01,7.702314257621799554e-01,7.582299709320099446e-01,7.730350494384800042e-01
7.702314257621799554e-01,7.851535081863399990e-01,7.730350494384800042e-01,7.879467010498000246e-01
7.851535081863399990e-01,8.001818656921400041e-01,7.879467010498000246e-01,8.029594421386699876e-01
8.001818656921400041e-01,8.153111338615399717e-01,8.029594421386699876e-01,8.180679678916900066e-01
8.153111338615399717e-01,8.305360078811599989e-01,8.180679678916900066e-01,8.332670927047699516e-01
8.305360078811599989e-01,8.458511829376199609e-01,8.332670927047699516e-01,8.485519289970400170e-01
8.458511829376199609e-01,8.612518310546900535e-01,8.485519289970400170e-01,8.639175891876199609e-01
8.612518310546900535e-01,8.767330050468400415e-01,8.639175891876199609e-01,8.793593645095799660e-01
8.767330050468400415e-01,8.922899365425099871e-01,8.793593645095799660e-01,8.948727250099199892e-01
8.922899365425099871e-01,9.079180359840399728e-01,8.948727250099199892e-01,9.104532599449199903e-01
9.079180359840399728e-01,9.236127734184299554e-01,9.104532599449199903e-01,9.260966181755100335e-01
9.236127734184299554e-01,9.393696784973100122e-01,9.260966181755100335e-01,9.417985677719099558e-01
9.393696784973100122e-01,9.551844596862799630e-01,9.417985677719099558e-01,9.575549960136400252e-01
9.551844596862799630e-01,9.710528254508999924e-01,9.575549960136400252e-01,9.733617901802099626e-01
9.710528254508999924e-01,9.869706034660300498e-01,9.733617901802099626e-01,9.892150759697000417e-01
9.869706034660300498e-01,1.002933621406600029e+00,9.892150759697000417e-01,1.005110979080199973e+00
1.002933621406600029e+00,1.018937945365899989e+00,1.005110979080199973e+00,1.021045565605199990e+00
1.018937945365899989e+00,1.034979581832899953e+00,1.021045565605199990e+00,1.037015080451999971e+00
1.034979581832899953e+00,1.051054477691699907e+00,1.037015080451999971e+00,1.053016066551200058e+00
1.051054477691699907e+00,1.067158818244900109e+00,1.053016066551200058e+00,1.069044589996299921e+00
1.067158818244900109e+00,1.083288788795500057e+00,1.069044589996299921e+00,1.085097193718000064e+00
1.083288788795500057e+00,1.099440693855300077e+00,1.085097193718000064e+00,1.101170420646699899e+00
1.099440693855300077e+00,1.115610599517800061e+00,1.101170420646699899e+00,1.117260694503799945e+00
1.115610599517800061e+00,1.131795048713700069e+00,1.117260694503799945e+00,1.133364558219899898e+00
1.131795048713700069e+00,1.147990226745599918e+00,1.133364558219899898e+00,1.149478554725599899e+00
1.147990226745599918e+00,1.164192557334899902e+00,1.149478554725599899e+00,1.165599465370199983e+00
1.164192557334899902e+00,1.180398464202899955e+00,1.165599465370199983e+00,1.181723713874800019e+00
1.180398464202899955e+00,1.196604490280199995e+00,1.181723713874800019e+00,1.197848200798000029e+00
1.196604490280199995e+00,1.212806940078700046e+00,1.197848200798000029e+00,1.213969588279699918e+00
1.212806940078700046e+00,1.229002356529200091e+00,1.213969588279699918e+00,1.230084538459800036e+00
1.229002356529200091e+00,1.245187401771499891e+00,1.230084538459800036e+00,1.246189832687399912e+00
1.245187401771499891e+00,1.261358499526999966e+00,1.246189832687399912e+00,1.262282252311700104e+00
1.261358499526999966e+00,1.277512311935399936e+00,1.262282252311700104e+00,1.278358578681900060e+00
1.277512311935399936e+00,1.293645501136799991e+00,1.278358578681900060e+00,1.294415712356600023e+00
1.293645501136799991e+00,1.309754490852399922e+00,1.294415712356600023e+00,1.310450315475500060e+00
1.309754490852399922e+00,1.325836062431299922e+00,1.310450315475500060e+00,1.326459407806400037e+00
1.325836062431299922e+00,1.341886758804299973e+00,1.326459407806400037e+00,1.342439651489300001e+00
1.341886758804299973e+00,1.357903480529800033e+00,1.342439651489300001e+00,1.358388066291799978e+00
1.357903480529800033e+00,1.373882770538300102e+00,1.358388066291799978e+00,1.374301433563200003e+00
1.373882770538300102e+00,1.389821290969800005e+00,1.374301433563200003e+00,1.390176773071299943e+00
1.389821290969800005e+00,1.405715823173500079e+00,1.390176773071299943e+00,1.406010746955900004e+00
1.405715823173500079e+00,1.421563267707800060e+00,1.406010746955900004e+00,1.421800374984699911e+00
1.421563267707800060e+00,1.437360167503400010e+00,1.421800374984699911e+00,1.437542676925700036e+00
1.437360167503400010e+00,1.453103423118599968e+00,1.437542676925700036e+00,1.453234553337100055e+00
1.453103423118599968e+00,1.468790411949199903e+00,1.453234553337100055e+00,1.468873500823999922e+00
1.468790411949199903e+00,1.484420061111499933e+00,1.468873500823999922e+00,1.484458923339800007e+00
1.484420061111499933e+00,1.500000000000000000e+00,1.484458923339800007e+00,1.500000000000000000e+00
-1.977987401187400116e-02,-1.943899132311300085e-02,-1.811823993921300030e-02,-1.777478493750099878e-02
-1.943899132311300085e-02,-1.842756196856500106e-02,-1.777478493750099878e-02,-1.675148867070699876e-02
-1.842756196856500106e-02,-1.687563955783799932e-02,-1.675148867070699876e-02,-1.517614163458299963e-02
-1.687563955783799932e-02,-1.471465546637800055e-02,-1.517614163458299963e-02,-1.297883968800300075e-02
-1.471465546637800055e-02,-1.177315507084100016e-02,-1.297883968800300075e-02,-9.988010860979600405e-03
-1.177315507084100016e-02,-7.813884876668500054e-03,-9.988010860979600405e-03,-5.968506447970900117e-03
-7.813884876668500054e-03,-2.540635643526900026e-03,-5.968506447970900117e-03,-6.249633734114499540e-04
-2.540635643526900026e-03,4.399445839226199910e-03,-6.249633734114499540e-04,6.399746052920800114e-03
4.399445839226199910e-03,1.339722145348799971e-02,6.399746052920800114e-03,1.550432853400699959e-02
1.339722145348799971e-02,2.483194880187499995e-02,1.550432853400699959e-02,2.707707323133900015e-02
2.483194880187499995e-02,3.900032117962799749e-02,2.707707323133900015e-02,4.142319038510299672e-02
3.900032117962799749e-02,5.603851377964000346e-02,4.142319038510299672e-02,5.868381261825599687e-02
5.603851377964000346e-02,7.585591822862600142e-02,5.868381261825599687e-02,7.876540720462800460e-02
7.585591822862600142e-02,9.809648990631099352e-02,7.876540720462800460e-02,1.012976616620999970e-01
9.809648990631099352e-02,1.221456378698300010e-01,1.012976616620999970e-01,1.256400644779200049e-01
1.221456378698300010e-01,1.471887826919600073e-01,1.256400644779200049e-01,1.509446352720300033e-01
1.471887826919600073e-01,1.723180711269400034e-01,1.509446352720300033e-01,1.762700378894800080e-01
1.723180711269400034e-01,1.966572105884600019e-01,1.762700378894800080e-01,2.007163316011399967e-01
1.966572105884600019e-01,2.194776684045799953e-01,2.007163316011399967e-01,2.235478907823600092e-01
2.194776684045799953e-01,2.402678430080399941e-01,2.235478907823600092e-01,2.442621290683699986e-01
2.402678430080399941e-01,2.587397098541299734e-01,2.442621290683699986e-01,2.625894546508800165e-01
2.587397098541299734e-01,2.747994065284700138e-01,2.625894546508800165e-01,2.784552276134499849e-01
2.747994065284700138e-01,2.885068953037300266e-01,2.784552276134499849e-01,2.919352650642400016e-01
2.885068953037300266e-01,3.000304102897600189e-01,2.919352650642400016e-01,3.032111227512400142e-01
3.000304102897600189e-01,3.111830055713700194e-01,3.032111227512400142e-01,3.141019046306600115e-01
3.111830055713700194e-01,3.232640326023100141e-01,3.141019046306600115e-01,3.259068131446800076e-01
3.232640326023100141e-01,3.362442255020099968e-01,3.259068131446800076e-01,3.386026024818399871e-01
3.362442255020099968e-01,3.500616848468799946e-01,3.386026024818399871e-01,3.521355688571899956e-01
3.500616848468799946e-01,3.646191656589499730e-01,3.521355688571899956e-01,3.664190471172300012e-01
3.646191656589499730e-01,3.797836601734200235e-01,3.664190471172300012e-01,3.813321292400400075e-01
3.797836601734200235e-01,3.953884243965100076e-01,3.813321292400400075e-01,3.967210054397600216e-01
3.953884243965100076e-01,4.112380445003500085e-01,3.967210054397600216e-01,4.124026000499699807e-01
4.112380445003500085e-01,4.271172881126399923e-01,4.124026000499699807e-01,4.281717836856799853e-01
4.271172881126399923e-01,4.428032040595999974e-01,4.281717836856799853e-01,4.438120126724199865e-01
4.428032040595999974e-01,4.580799043178599983e-01,4.438120126724199865e-01,4.591086506843600201e-01
4.580799043178599983e-01,4.727545380592300117e-01,4.591086506843600201e-01,4.738645553588899939e-01
4.727545380592300117e-01,4.866766631603199889e-01,4.738645553588899939e-01,4.879194200038899920e-01
4.866766631603199889e-01,4.997748136520400175e-01,4.879194200038899920e-01,5.011866092681900309e-01
4.997748136520400175e-01,5.121724009513900500e-01,5.011866092681900309e-01,5.137650966644300432e-01
5.121724009513900500e-01,5.245758295059199661e-01,5.137650966644300432e-01,5.263097882270799666e-01
5.245758295059199661e-01,5.370180010795599923e-01,5.263097882270799666e-01,5.388795137405399949e-01
5.370180010795599923e-01,5.491424798965499621e-01,5.388795137405399949e-01,5.511441826820400181e-01
5.491424798965499621e-01,5.613769888877899739e-01,5.511441826820400181e-01,5.635080933570899564e-01
5.613769888877899739e-01,5.738104581832900175e-01,5.635080933570899564e-01,5.760559439659099779e-01
5.738104581832900175e-01,5.864585041999800241e-01,5.760559439659099779e-01,5.888035297393799938e-01
5.864585041999800241e-01,5.993193984031699451e-01,5.888035297393799938e-01,6.017503142356900314e-01
5.993193984031699451e-01,6.123868823051500376e-01,6.017503142356900314e-01,6.148912906646699650e-01
6.123868823051500376e-01,6.256530284881599568e-01,6.148912906646699650e-01,6.282199621200600381e-01
6.256530284881599568e-01,6.391094326973000284e-01,6.282199621200600381e-01,6.417292356491099969e-01
6.391094326973000284e-01,6.527476906776400467e-01,6.417292356491099969e-01,6.554116010665900216e-01
6.527476906776400467e-01,6.665593981742899965e-01,6.554116010665900216e-01,6.692595481872599672e-01
6.665593981742899965e-01,6.805363893508900031e-01,6.692595481872599672e-01,6.832656860351600248e-01
6.805363893508900031e-01,6.946708559989900333e-01,6.832656860351600248e-01,6.974226832389800457e-01
6.946708559989900333e-01,7.089552283286999490e-01,6.974226832389800457e-01,7.117234468460099661e-01
7.089552283286999490e-01,7.233824133873000273e-01,7.117234468460099661e-01,7.261611819267299595e-01
7.233824133873000273e-01,7.379454970359800026e-01,7.261611819267299595e-01,7.407292723655699573e-01
7.379454970359800026e-01,7.526379823684700154e-01,7.407292723655699573e-01,7.554214000701899856e-01
7.526379823684700154e-01,7.674536108970599901e-01,7.554214000701899856e-01,7.702314257621799554e-01
7.674536108970599901e-01,7.823862433433500518e-01,7.702314257621799554e-01,7.851535081863399990e-01
7.823862433433500518e-01,7.974300980567899932e-01,7.851535081863399990e-01,8.001818656921400041e-01
7.974300980567899932e-01,8.125796318054200329e-01,8.001818656921400041e-01,8.153111338615399717e-01
8.125796318054200329e-01,8.278294205665599481e-01,8.153111338615399717e-01,8.305360078811599989e-01
8.278294205665599481e-01,8.431740403175399523e-01,8.305360078811599989e-01,8.458511829376199609e-01
8.431740403175399523e-01,8.586084842681900309e-01,8.458511829376199609e-01,8.612518310546900535e-01
8.586084842681900309e-01,8.741277456283600422e-01,8.612518310546900535e-01,8.767330050468400415e-01
8.741277456283600422e-01,8.897268176078799717e-01,8.767330050468400415e-01,8.922899365425099871e-01
8.897268176078799717e-01,9.054010510444600035e-01,8.922899365425099871e-01,9.079180359840399728e-01
9.054010510444600035e-01,9.211456179618799922e-01,9.079180359840399728e-01,9.236127734184299554e-01
9.211456179618799922e-01,9.369559288024900123e-01,9.236127734184299554e-01,9.393696784973100122e-01
9.369559288024900123e-01,9.528275728225700236e-01,9.393696784973100122e-01,9.551844596862799630e-01
9.528275728225700236e-01,9.687559008598299881e-01,9.551844596862799630e-01,9.710528254508999924e-01
9.687559008598299881e-01,9.847366809844999569e-01,9.710528254508999924e-01,9.869706034660300498e-01
9.847366809844999569e-01,1.000765562057500002e+00,9.869706034660300498e-01,1.002933621406600029e+00
1.000765562057500002e+00,1.016838192939800045e+00,1.002933621406600029e+00,1.018937945365899989e+00
1.016838192939800045e+00,1.032950401306200083e+00,1.018937945365899989e+00,1.034979581832899953e+00
1.032950401306200083e+00,1.049098134040800101e+00,1.034979581832899953e+00,1.051054477691699907e+00
1.049098134040800101e+00,1.065277099609400091e+00,1.051054477691699907e+00,1.067158818244900109e+00
1.065277099609400091e+00,1.081483364105199962e+00,1.067158818244900109e+00,1.083288788795500057e+00
1.081483364105199962e+00,1.097712993621799971e+00,1.083288788795500057e+00,1.099440693855300077e+00
1.097712993621799971e+00,1.113961815833999891e+00,1.099440693855300077e+00,1.115610599517800061e+00
1.113961815833999891e+00,1.130225896835300059e+00,1.115610599517800061e+00,1.131795048713700069e+00
1.130225896835300059e+00,1.146501541137699975e+00,1.131795048713700069e+00,1.147990226745599918e+00
1.146501541137699975e+00,1.162784814834600056e+00,1.147990226745599918e+00,1.164192557334899902e+00
1.162784814834600056e+00,1.179071784019499969e+00,1.164192557334899902e+00,1.180398464202899955e+00
1.179071784019499969e+00,1.195358753204299962e+00,1.180398464202899955e+00,1.196604490280199995e+00
1.195358753204299962e+00,1.211642026901200042e+00,1.196604490280199995e+00,1.212806940078700046e+00
1.211642026901200042e+00,1.227917790412899945e+00,1.212806940078700046e+00,1.229002356529200091e+00
1.227917790412899945e+00,1.244182348251299919e+00,1.229002356529200091e+00,1.245187401771499891e+00
1.244182348251299919e+00,1.260432004928599969e+00,1.245187401771499891e+00,1.261358499526999966e+00
1.260432004928599969e+00,1.276663184166000109e+00,1.261358499526999966e+00,1.277512311935399936e+00
1.276663184166000109e+00,1.292872309684800047e+00,1.277512311935399936e+00,1.293645501136799991e+00
1.292872309684800047e+00,1.309055805206299938e+00,1.293645501136799991e+00,1.309754490852399922e+00
1.309055805206299938e+00,1.325209975242600091e+00,1.309754490852399922e+00,1.325836062431299922e+00
1.325209975242600091e+00,1.341331362724299980e+00,1.325836062431299922e+00,1.341886758804299973e+00
1.341331362724299980e+00,1.357416391372699982e+00,1.341886758804299973e+00,1.357903480529800033e+00
1.357416391372699982e+00,1.373461723327600081e+00,1.357903480529800033e+00,1.373882770538300102e+00
1.373461723327600081e+00,1.389463901519800038e+00,1.373882770538300102e+00,1.389821290969800005e+00
1.389463901519800038e+00,1.405419230461099955e+00,1.389821290969800005e+00,1.405715823173500079e+00
1.405419230461099955e+00,1.421324610710100078e+00,1.405715823173500079e+00,1.421563267707800060e+00
1.421324610710100078e+00,1.437176465988200036e+00,1.421563267707800060e+00,1.437360167503400010e+00
1.437176465988200036e+00,1.452971577644299961e+00,1.437360167503400010e+00,1.453103423118599968e+00
1.452971577644299961e+00,1.468706846237199937e+00,1.453103423118599968e+00,1.468790411949199903e+00
1.468706846237199937e+00,1.484381079673799952e+00,1.468790411949199903e+00,1.484420061111499933e+00
1.484381079673799952e+00,1.500000000000000000e+00,1.484420061111499933e+00,1.500000000000000000e+00
-2.157398872077500099e-02,-2.123641781508900025e-02,-1.977987401187400116e-02,-1.943899132311300085e-02
-2.123641781508900025e-02,-2.023867331445200132e-02,-1.943899132311300085e-02,-1.842756196856500106e-02
-2.023867331445200132e-02,-1.871232688426999885e-02,-1.842756196856500106e-02,-1.687563955783799932e-02
-1.871232688426999885e-02,-1.658983342349500123e-02,-1.687563955783799932e-02,-1.471465546637800055e-02
-1.658983342349500123e-02,-1.370006985962399920e-02,-1.471465546637800055e-02,-1.177315507084100016e-02
-1.370006985962399920e-02,-9.804263710975600135e-03,-1.177315507084100016e-02,-7.813884876668500054e-03
-9.804263710975600135e-03,-4.605123307555900047e-03,-7.813884876668500054e-03,-2.540635643526900026e-03
-4.605123307555900047e-03,2.246795687824499829e-03,-2.540635643526900026e-03,4.399445839226199910e-03
2.246795687824499829e-03,1.113474834710399992e-02,4.399445839226199910e-03,1.339722145348799971e-02
1.113474834710399992e-02,2.242867834866000068e-02,1.339722145348799971e-02,2.483194880187499995e-02
2.242867834866000068e-02,3.641657531261399683e-02,2.483194880187499995e-02,3.900032117962799749e-02
3.641657531261399683e-02,5.322993546724300029e-02,3.900032117962799749e-02,5.603851377964000346e-02
5.322993546724300029e-02,7.278187572956100471e-02,5.603851377964000346e-02,7.585591822862600142e-02
7.278187572956100471e-02,9.473163634538700473e-02,7.585591822862600142e-02,9.809648990631099352e-02
9.473163634538700473e-02,1.184913590550400048e-01,9.809648990631099352e-02,1.221456378698300010e-01
1.184913590550400048e-01,1.432801634073299912e-01,1.221456378698300010e-01,1.471887826919600073e-01
1.432801634073299912e-01,1.682237237691900089e-01,1.471887826919600073e-01,1.723180711269400034e-01
1.682237237691900089e-01,1.924688071012500001e-01,1.723180711269400034e-01,1.966572105884600019e-01
1.924688071012500001e-01,2.152932733297300005e-01,1.966572105884600019e-01,2.194776684045799953e-01
2.152932733297300005e-01,2.361760288476900116e-01,2.194776684045799953e-01,2.402678430080399941e-01
2.361760288476900116e-01,2.548105120658900047e-01,2.402678430080399941e-01,2.587397098541299734e-01
2.548105120658900047e-01,2.710833549499500061e-01,2.587397098541299734e-01,2.747994065284700138e-01
2.710833549499500061e-01,2.850378751754800155e-01,2.747994065284700138e-01,2.885068953037300266e-01
2.850378751754800155e-01,2.968284487724299758e-01,2.885068953037300266e-01,3.000304102897600189e-01
2.968284487724299758e-01,3.082624375820199880e-01,3.000304102897600189e-01,3.111830055713700194e-01
3.082624375820199880e-01,3.206389546394299850e-01,3.111830055713700194e-01,3.232640326023100141e-01
3.206389546394299850e-01,3.339211344718899799e-01,3.232640326023100141e-01,3.362442255020099968e-01
3.339211344718899799e-01,3.480370044708300248e-01,3.362442255020099968e-01,3.500616848468799946e-01
3.480370044708300248e-01,3.628771603107500132e-01,3.500616848468799946e-01,3.646191656589499730e-01
3.628771603107500132e-01,3.782952427864100242e-01,3.646191656589499730e-01,3.797836601734200235e-01
3.782952427864100242e-01,3.941110670566599916e-01,3.797836601734200235e-01,3.953884243965100076e-01
3.941110670566599916e-01,4.101173281669600046e-01,3.953884243965100076e-01,4.112380445003500085e-01
4.101173281669600046e-01,4.260900020599400206e-01,4.112380445003500085e-01,4.271172881126399923e-01
4.260900020599400206e-01,4.418021142482799757e-01,4.271172881126399923e-01,4.428032040595999974e-01
4.418021142482799757e-01,4.570391178131100185e-01,4.428032040595999974e-01,4.580799043178599983e-01
4.570391178131100185e-01,4.716150164604199779e-01,4.580799043178599983e-01,4.727545380592300117e-01
4.716150164604199779e-01,4.853906035423299903e-01,4.727545380592300117e-01,4.866766631603199889e-01
4.853906035423299903e-01,4.983102679252600087e-01,4.866766631603199889e-01,4.997748136520400175e-01
4.983102679252600087e-01,5.105221867561300364e-01,4.997748136520400175e-01,5.121724009513900500e-01
5.105221867561300364e-01,5.227861404418899793e-01,5.121724009513900500e-01,5.245758295059199661e-01
5.227861404418899793e-01,5.351043343543999686e-01,5.245758295059199661e-01,5.370180010795599923e-01
5.351043343543999686e-01,5.470929741859400508e-01,5.370180010795599923e-01,5.491424798965499621e-01
5.470929741859400508e-01,5.592043995857199912e-01,5.491424798965499621e-01,5.613769888877899739e-01
5.592043995857199912e-01,5.715311765670799682e-01,5.613769888877899739e-01,5.738104581832900175e-01
5.715311765670799682e-01,5.840882062911999517e-01,5.738104581832900175e-01,5.864585041999800241e-01
5.840882062911999517e-01,5.968722105026199598e-01,5.864585041999800241e-01,5.993193984031699451e-01
5.968722105026199598e-01,6.098748445510899785e-01,5.993193984031699451e-01,6.123868823051500376e-01
6.098748445510899785e-01,6.230866909027099609e-01,6.123868823051500376e-01,6.256530284881599568e-01
6.230866909027099609e-01,6.364977955818199584e-01,6.256530284881599568e-01,6.391094326973000284e-01
6.364977955818199584e-01,6.500986218452500243e-01,6.391094326973000284e-01,6.527476906776400467e-01
6.500986218452500243e-01,6.638797521591199846e-01,6.527476906776400467e-01,6.665593981742899965e-01
6.638797521591199846e-01,6.778323650360099650e-01,6.665593981742899965e-01,6.805363893508900031e-01
6.778323650360099650e-01,6.919481754302999610e-01,6.805363893508900031e-01,6.946708559989900333e-01
6.919481754302999610e-01,7.062191963195799671e-01,6.946708559989900333e-01,7.089552283286999490e-01
7.062191963195799671e-01,7.206381559371900503e-01,7.089552283286999490e-01,7.233824133873000273e-01
7.206381559371900503e-01,7.351978421211200487e-01,7.233824133873000273e-01,7.379454970359800026e-01
7.351978421211200487e-01,7.498916983604400066e-01,7.379454970359800026e-01,7.526379823684700154e-01
7.498916983604400066e-01,7.647132277488699614e-01,7.526379823684700154e-01,7.674536108970599901e-01
7.647132277488699614e-01,7.796564698219300427e-01,7.674536108970599901e-01,7.823862433433500518e-01
7.796564698219300427e-01,7.947154045105000453e-01,7.823862433433500518e-01,7.974300980567899932e-01
7.947154045105000453e-01,8.098844289779699723e-01,7.974300980567899932e-01,8.125796318054200329e-01
8.098844289779699723e-01,8.251579999923700504e-01,8.125796318054200329e-01,8.278294205665599481e-01
8.251579999923700504e-01,8.405308127403300356e-01,8.278294205665599481e-01,8.431740403175399523e-01
8.405308127403300356e-01,8.559975624084500412e-01,8.431740403175399523e-01,8.586084842681900309e-01
8.559975624084500412e-01,8.715531826019300432e-01,8.586084842681900309e-01,8.741277456283600422e-01
8.715531826019300432e-01,8.871926665306100190e-01,8.741277456283600422e-01,8.897268176078799717e-01
8.871926665306100190e-01,9.029111266136200520e-01,8.897268176078799717e-01,9.054010510444600035e-01
9.029111266136200520e-01,9.187036156654400099e-01,9.054010510444600035e-01,9.211456179618799922e-01
9.187036156654400099e-01,9.345654249191299723e-01,9.211456179618799922e-01,9.369559288024900123e-01
9.345654249191299723e-01,9.504919052124000123e-01,9.369559288024900123e-01,9.528275728225700236e-01
9.504919052124000123e-01,9.664783477783199794e-01,9.528275728225700236e-01,9.687559008598299881e-01
9.664783477783199794e-01,9.825202226638799496e-01,9.687559008598299881e-01,9.847366809844999569e-01
9.825202226638799496e-01,9.986129999160799908e-01,9.847366809844999569e-01,1.000765562057500002e+00
9.986129999160799908e-01,1.014752149581900076e+00,1.000765562057500002e+00,1.016838192939800045e+00
1.014752149581900076e+00,1.030933380126999976e+00,1.016838192939800045e+00,1.032950401306200083e+00
1.030933380126999976e+00,1.047152280807500002e+00,1.032950401306200083e+00,1.049098134040800101e+00
1.047152280807500002e+00,1.063404321670500030e+00,1.049098134040800101e+00,1.065277099609400091e+00
1.063404321670500030e+00,1.079685449600199965e+00,1.065277099609400091e+00,1.081483364105199962e+00
1.079685449600199965e+00,1.095991373062100038e+00,1.081483364105199962e+00,1.097712993621799971e+00
1.095991373062100038e+00,1.112317800521900102e+00,1.097712993621799971e+00,1.113961815833999891e+00
1.112317800521900102e+00,1.128660559654200091e+00,1.113961815833999891e+00,1.130225896835300059e+00
1.128660559654200091e+00,1.145015597343399971e+00,1.130225896835300059e+00,1.146501541137699975e+00
1.145015597343399971e+00,1.161378860473599950e+00,1.146501541137699975e+00,1.162784814834600056e+00
1.161378860473599950e+00,1.177746176719699944e+00,1.162784814834600056e+00,1.179071784019499969e+00
1.177746176719699944e+00,1.194113492965700019e+00,1.179071784019499969e+00,1.195358753204299962e+00
1.194113492965700019e+00,1.210476875305199984e+00,1.195358753204299962e+00,1.211642026901200042e+00
1.210476875305199984e+00,1.226832389831499892e+00,1.211642026901200042e+00,1.227917790412899945e+00
1.226832389831499892e+00,1.243175983428999931e+00,1.227917790412899945e+00,1.244182348251299919e+00
1.243175983428999931e+00,1.259503960609400064e+00,1.244182348251299919e+00,1.260432004928599969e+00
1.259503960609400064e+00,1.275812387466400022e+00,1.260432004928599969e+00,1.276663184166000109e+00
1.275812387466400022e+00,1.292097330093399998e+00,1.276663184166000109e+00,1.292872309684800047e+00
1.292097330093399998e+00,1.308355093002300018e+00,1.292872309684800047e+00,1.309055805206299938e+00
1.308355093002300018e+00,1.324581742286699892e+00,1.309055805206299938e+00,1.325209975242600091e+00
1.324581742286699892e+00,1.340773820877100064e+00,1.325209975242600091e+00,1.341331362724299980e+00
1.340773820877100064e+00,1.356927394866900061e+00,1.341331362724299980e+00,1.357416391372699982e+00
1.356927394866900061e+00,1.373038887977600098e+00,1.357416391372699982e+00,1.373461723327600081e+00
1.373038887977600098e+00,1.389104723930399965e+00,1.373461723327600081e+00,1.389463901519800038e+00
1.389104723930399965e+00,1.405121088028000065e+00,1.389463901519800038e+00,1.405419230461099955e+00
1.405121088028000065e+00,1.421084642410300081e+00,1.405419230461099955e+00,1.421324610710100078e+00
1.421084642410300081e+00,1.436991691589400100e+00,1.421324610710100078e+00,1.437176465988200036e+00
1.436991691589400100e+00,1.452838897705100107e+00,1.437176465988200036e+00,1.452971577644299961e+00
1.452838897705100107e+00,1.468622922897300009e+00,1.452971577644299961e+00,1.468706846237199937e+00
1.468622922897300009e+00,1.484341859817499998e+00,1.468706846237199937e+00,1.484381079673799952e+00
1.484341859817499998e+00,1.500000000000000000e+00,1.484381079673799952e+00,1.500000000000000000e+00
-2.351259626448199899e-02,-2.317936345934900125e-02,-2.157398872077500099e-02,-2.123641781508900025e-02
-2.317936345934900125e-02,-2.219786308705800140e-02,-2.123641781508900025e-02,-2.023867331445200132e-02
-2.219786308705800140e-02,-2.070019580423800021e-02,-2.023867331445200132e-02,-1.871232688426999885e-02
-2.070019580423800021e-02,-1.861932873725900134e-02,-1.871232688426999885e-02,-1.658983342349500123e-02
-1.861932873725900134e-02,-1.578439772129100124e-02,-1.658983342349500123e-02,-1.370006985962399920e-02
-1.578439772129100124e-02,-1.195543911308099942e-02,-1.370006985962399920e-02,-9.804263710975600135e-03
-1.195543911308099942e-02,-6.833990570157800169e-03,-9.804263710975600135e-03,-4.605123307555900047e-03
-6.833990570157800169e-03,-7.333395478781300507e-05,-4.605123307555900047e-03,2.246795687824499829e-03
-7.333395478781300507e-05,8.702406659722300430e-03,2.246795687824499829e-03,1.113474834710399992e-02
8.702406659722300430e-03,1.985359750688099958e-02,1.113474834710399992e-02,2.242867834866000068e-02
1.985359750688099958e-02,3.365933895111099944e-02,2.242867834866000068e-02,3.641657531261399683e-02
3.365933895111099944e-02,5.024679005146000244e-02,3.641657531261399683e-02,5.322993546724300029e-02
5.024679005146000244e-02,6.953360885381699996e-02,5.322993546724300029e-02,7.278187572956100471e-02
6.953360885381699996e-02,9.119539707899100567e-02,7.278187572956100471e-02,9.473163634538700473e-02
9.119539707899100567e-02,1.146718412637700024e-01,9.473163634538700473e-02,1.184913590550400048e-01
1.146718412637700024e-01,1.392159163951899870e-01,1.184913590550400048e-01,1.432801634073299912e-01
1.392159163951899870e-01,1.639867573976500070e-01,1.432801634073299912e-01,1.682237237691900089e-01
1.639867573976500070e-01,1.881536841392499881e-01,1.682237237691900089e-01,1.924688071012500001e-01
1.881536841392499881e-01,2.110002189874599920e-01,1.924688071012500001e-01,2.152932733297300005e-01
2.110002189874599920e-01,2.319954186677899988e-01,2.152932733297300005e-01,2.361760288476900116e-01
2.319954186677899988e-01,2.508139014244100129e-01,2.361760288476900116e-01,2.548105120658900047e-01
2.508139014244100129e-01,2.673221826553299763e-01,2.548105120658900047e-01,2.710833549499500061e-01
2.673221826553299763e-01,2.815461456775700255e-01,2.710833549499500061e-01,2.850378751754800155e-01
2.815461456775700255e-01,2.936253249645199848e-01,2.850378751754800155e-01,2.968284487724299758e-01
2.936253249645199848e-01,3.053619563579599849e-01,2.968284487724299758e-01,3.082624375820199880e-01
3.053619563579599849e-01,3.180541992187500000e-01,3.082624375820199880e-01,3.206389546394299850e-01
3.180541992187500000e-01,3.316555619239799912e-01,3.206389546394299850e-01,3.339211344718899799e-01
3.316555619239799912e-01,3.460819423198699951e-01,3.339211344718899799e-01,3.480370044708300248e-01
3.460819423198699951e-01,3.612101078033400081e-01,3.480370044708300248e-01,3.628771603107500132e-01
3.612101078033400081e-01,3.768795132637000056e-01,3.628771603107500132e-01,3.782952427864100242e-01
3.768795132637000056e-01,3.928966224193600199e-01,3.782952427864100242e-01,3.941110670566599916e-01
3.928966224193600199e-01,4.090433418750800132e-01,3.941110670566599916e-01,4.101173281669600046e-01
4.090433418750800132e-01,4.250890612602200025e-01,4.101173281669600046e-01,4.260900020599400206e-01
4.250890612602200025e-01,4.408055543899500051e-01,4.260900020599400206e-01,4.418021142482799757e-01
4.408055543899500051e-01,4.559824764728500068e-01,4.418021142482799757e-01,4.570391178131100185e-01
4.559824764728500068e-01,4.704426527023299887e-01,4.570391178131100185e-01,4.716150164604199779e-01
4.704426527023299887e-01,4.840588271617899951e-01,4.716150164604199779e-01,4.853906035423299903e-01
4.840588271617899951e-01,4.967902600765199961e-01,4.853906035423299903e-01,4.983102679252600087e-01
4.967902600765199961e-01,5.088095068931599574e-01,4.983102679252600087e-01,5.105221867561300364e-01
5.088095068931599574e-01,5.209333300590499594e-01,5.105221867561300364e-01,5.227861404418899793e-01
5.209333300590499594e-01,5.331335067749000123e-01,5.227861404418899793e-01,5.351043343543999686e-01
5.331335067749000123e-01,5.449930429458600400e-01,5.351043343543999686e-01,5.470929741859400508e-01
5.449930429458600400e-01,5.569897294044500180e-01,5.470929741859400508e-01,5.592043995857199912e-01
5.569897294044500180e-01,5.692197680473299881e-01,5.592043995857199912e-01,5.715311765670799682e-01
5.692197680473299881e-01,5.816966295242299578e-01,5.715311765670799682e-01,5.840882062911999517e-01
5.816966295242299578e-01,5.944145917892500464e-01,5.840882062911999517e-01,5.968722105026199598e-01
5.944145917892500464e-01,6.073629260063200253e-01,5.968722105026199598e-01,6.098748445510899785e-01
6.073629260063200253e-01,6.205301284790000205e-01,6.098748445510899785e-01,6.230866909027099609e-01
6.205301284790000205e-01,6.339045166969300427e-01,6.230866909027099609e-01,6.364977955818199584e-01
6.339045166969300427e-01,6.474752426147499795e-01,6.364977955818199584e-01,6.500986218452500243e-01
6.474752426147499795e-01,6.612319946289100248e-01,6.500986218452500243e-01,6.638797521591199846e-01
6.612319946289100248e-01,6.751653552055399965e-01,6.638797521591199846e-01,6.778323650360099650e-01
6.751653552055399965e-01,6.892665624618500297e-01,6.778323650360099650e-01,6.919481754302999610e-01
6.892665624618500297e-01,7.035273909568799944e-01,6.919481754302999610e-01,7.062191963195799671e-01
7.035273909568799944e-01,7.179402709007299821e-01,7.062191963195799671e-01,7.206381559371900503e-01
7.179402709007299821e-01,7.324980497360199516e-01,7.206381559371900503e-01,7.351978421211200487e-01
7.324980497360199516e-01,7.471940517425500472e-01,7.351978421211200487e-01,7.498916983604400066e-01
7.471940517425500472e-01,7.620218396186799747e-01,7.498916983604400066e-01,7.647132277488699614e-01
7.620218396186799747e-01,7.769753336906399799e-01,7.647132277488699614e-01,7.796564698219300427e-01
7.769753336906399799e-01,7.920486330985999635e-01,7.796564698219300427e-01,7.947154045105000453e-01
7.920486330985999635e-01,8.072361350059500396e-01,7.947154045105000453e-01,8.098844289779699723e-01
8.072361350059500396e-01,8.225321769714399878e-01,8.098844289779699723e-01,8.251579999923700504e-01
8.225321769714399878e-01,8.379314541816700324e-01,8.251579999923700504e-01,8.405308127403300356e-01
8.379314541816700324e-01,8.534287214279200340e-01,8.405308127403300356e-01,8.559975624084500412e-01
8.534287214279200340e-01,8.690187335014299963e-01,8.559975624084500412e-01,8.715531826019300432e-01
8.690187335014299963e-01,8.846964240074199903e-01,8.715531826019300432e-01,8.871926665306100190e-01
8.846964240074199903e-01,9.004568457603500109e-01,8.871926665306100190e-01,9.029111266136200520e-01
9.004568457603500109e-01,9.162949919700600354e-01,9.029111266136200520e-01,9.187036156654400099e-01
9.162949919700600354e-01,9.322059154510500267e-01,9.187036156654400099e-01,9.345654249191299723e-01
9.322059154510500267e-01,9.481849074363699614e-01,9.345654249191299723e-01,9.504919052124000123e-01
9.481849074363699614e-01,9.642271399498000273e-01,9.504919052124000123e-01,9.664783477783199794e-01
9.642271399498000273e-01,9.803278446197499774e-01,9.664783477783199794e-01,9.825202226638799496e-01
9.803278446197499774e-01,9.964822530746499929e-01,9.825202226638799496e-01,9.986129999160799908e-01
9.964822530746499929e-01,1.012685894966099953e+00,9.986129999160799908e-01,1.014752149581900076e+00
1.012685894966099953e+00,1.028933882713300108e+00,1.014752149581900076e+00,1.030933380126999976e+00
1.028933882713300108e+00,1.045221924781799983e+00,1.030933380126999976e+00,1.047152280807500002e+00
1.045221924781799983e+00,1.061545252800000005e+00,1.047152280807500002e+00,1.063404321670500030e+00
1.061545252800000005e+00,1.077899336814899911e+00,1.063404321670500030e+00,1.079685449600199965e+00
1.077899336814899911e+00,1.094279885292100074e+00,1.079685449600199965e+00,1.095991373062100038e+00
1.094279885292100074e+00,1.110682368278500087e+00,1.095991373062100038e+00,1.112317800521900102e+00
1.110682368278500087e+00,1.127102375030500037e+00,1.112317800521900102e+00,1.128660559654200091e+00
1.127102375030500037e+00,1.143535494804400088e+00,1.128660559654200091e+00,1.145015597343399971e+00
1.143535494804400088e+00,1.159977555275000016e+00,1.145015597343399971e+00,1.161378860473599950e+00
1.159977555275000016e+00,1.176424026489300001e+00,1.161378860473599950e+00,1.177746176719699944e+00
1.176424026489300001e+00,1.192870736122100039e+00,1.177746176719699944e+00,1.194113492965700019e+00
1.192870736122100039e+00,1.209313392639199902e+00,1.194113492965700019e+00,1.210476875305199984e+00
1.209313392639199902e+00,1.225747942924499956e+00,1.210476875305199984e+00,1.226832389831499892e+00
1.225747942924499956e+00,1.242170095443700051e+00,1.226832389831499892e+00,1.243175983428999931e+00
1.242170095443700051e+00,1.258575677871700105e+00,1.243175983428999931e+00,1.259503960609400064e+00
1.258575677871700105e+00,1.274960875511200076e+00,1.259503960609400064e+00,1.275812387466400022e+00
1.274960875511200076e+00,1.291321277618399987e+00,1.275812387466400022e+00,1.292097330093399998e+00
1.291321277618399987e+00,1.307653069496200082e+00,1.292097330093399998e+00,1.308355093002300018e+00
1.307653069496200082e+00,1.323952198028599980e+00,1.308355093002300018e+00,1.324581742286699892e+00
1.323952198028599980e+00,1.340214729309100017e+00,1.324581742286699892e+00,1.340773820877100064e+00
1.340214729309100017e+00,1.356436729431200083e+00,1.340773820877100064e+00,1.356927394866900061e+00
1.356436729431200083e+00,1.372614502906799983e+00,1.356927394866900061e+00,1.373038887977600098e+00
1.372614502906799983e+00,1.388743996620199983e+00,1.373038887977600098e+00,1.389104723930399965e+00
1.388743996620199983e+00,1.404821515083300110e+00,1.389104723930399965e+00,1.405121088028000065e+00
1.404821515083300110e+00,1.420843482017499992e+00,1.405121088028000065e+00,1.421084642410300081e+00
1.420843482017499992e+00,1.436805963516200046e+00,1.421084642410300081e+00,1.436991691589400100e+00
1.436805963516200046e+00,1.452705383300799902e+00,1.436991691589400100e+00,1.452838897705100107e+00
1.452705383300799902e+00,1.468538522720300055e+00,1.452838897705100107e+00,1.468622922897300009e+00
1.468538522720300055e+00,1.484302639961200043e+00,1.468622922897300009e+00,1.484341859817499998e+00
1.484302639961200043e+00,1.500000000000000000e+00,1.484341859817499998e+00,1.500000000000000000e+00
-2.560868300497499972e-02,-2.528119646012800051e-02,-2.351259626448199899e-02,-2.317936345934900125e-02
-2.528119646012800051e-02,-2.431948855519299943e-02,-2.317936345934900125e-02,-2.219786308705800140e-02
-2.431948855519299943e-02,-2.285482361912699947e-02,-2.219786308705800140e-02,-2.070019580423800021e-02
-2.285482361912699947e-02,-2.081992477178599976e-02,-2.070019580423800021e-02,-1.861932873725900134e-02
-2.081992477178599976e-02,-1.804382540285600148e-02,-1.861932873725900134e-02,-1.578439772129100124e-02
-1.804382540285600148e-02,-1.428535953164099953e-02,-1.578439772129100124e-02,-1.195543911308099942e-02
-1.428535953164099953e-02,-9.244889952242400441e-03,-1.195543911308099942e-02,-6.833990570157800169e-03
-9.244889952242400441e-03,-2.577934646978999930e-03,-6.833990570157800169e-03,-7.333395478781300507e-05
-2.577934646978999930e-03,6.084090098738699839e-03,-7.333395478781300507e-05,8.702406659722300430e-03
6.084090098738699839e-03,1.709169521927799903e-02,8.702406659722300430e-03,1.985359750688099958e-02
1.709169521927799903e-02,3.071491606533499966e-02,1.985359750688099958e-02,3.365933895111099944e-02
3.071491606533499966e-02,4.707694426178900271e-02,3.365933895111099944e-02,5.024679005146000244e-02
4.707694426178900271e-02,6.610088050365399426e-02,5.024679005146000244e-02,6.953360885381699996e-02
6.610088050365399426e-02,8.747975528240199694e-02,6.953360885381699996e-02,9.119539707899100567e-02
8.747975528240199694e-02,1.106815487146400045e-01,9.119539707899100567e-02,1.146718412637700024e-01
1.106815487146400045e-01,1.349931359291099975e-01,1.146718412637700024e-01,1.392159163951899870e-01
1.349931359291099975e-01,1.596070975065199959e-01,1.392159163951899870e-01,1.639867573976500070e-01
1.596070975065199959e-01,1.837147027254099896e-01,1.639867573976500070e-01,1.881536841392499881e-01
1.837147027254099896e-01,2.066044956445700076e-01,1.881536841392499881e-01,2.110002189874599920e-01
2.066044956445700076e-01,2.277354001998899979e-01,2.110002189874599920e-01,2.319954186677899988e-01
2.277354001998899979e-01,2.467627525329600113e-01,2.319954186677899988e-01,2.508139014244100129e-01
2.467627525329600113e-01,2.635321915149699823e-01,2.508139014244100129e-01,2.673221826553299763e-01
2.635321915149699823e-01,2.780508399009700149e-01,2.673221826553299763e-01,2.815461456775700255e-01
2.780508399009700149e-01,2.904426455497700066e-01,2.815461456775700255e-01,2.936253249645199848e-01
2.904426455497700066e-01,3.025048077106500255e-01,2.936253249645199848e-01,3.053619563579599849e-01
3.025048077106500255e-01,3.155334889888800065e-01,3.053619563579599849e-01,3.180541992187500000e-01
3.155334889888800065e-01,3.294700384140000216e-01,3.180541992187500000e-01,3.316555619239799912e-01
3.294700384140000216e-01,3.442159891128500071e-01,3.316555619239799912e-01,3.460819423198699951e-01
3.442159891128500071e-01,3.596330881118799949e-01,3.460819423198699951e-01,3.612101078033400081e-01
3.596330881118799949e-01,3.755462169647200144e-01,3.612101078033400081e-01,3.768795132637000056e-01
3.755462169647200144e-01,3.917494118213700194e-01,3.768795132637000056e-01,3.928966224193600199e-01
3.917494118213700194e-01,4.080158770084399977e-01,3.928966224193600199e-01,4.090433418750800132e-01
4.080158770084399977e-01,4.241113066673299903e-01,4.090433418750800132e-01,4.250890612602200025e-01
4.241113066673299903e-01,4.398093521595000110e-01,4.250890612602200025e-01,4.408055543899500051e-01
4.398093521595000110e-01,4.549065232276899851e-01,4.408055543899500051e-01,4.559824764728500068e-01
4.549065232276899851e-01,4.692356288433099931e-01,4.559824764728500068e-01,4.704426527023299887e-01
4.692356288433099931e-01,4.826805591583300248e-01,4.704426527023299887e-01,4.840588271617899951e-01
4.826805591583300248e-01,4.952134191989899792e-01,4.840588271617899951e-01,4.967902600765199961e-01
4.952134191989899792e-01,5.070301294326799990e-01,4.967902600765199961e-01,5.088095068931599574e-01
5.070301294326799990e-01,5.190120339393600180e-01,5.088095068931599574e-01,5.209333300590499594e-01
5.190120339393600180e-01,5.311007499694799794e-01,5.209333300590499594e-01,5.331335067749000123e-01
5.311007499694799794e-01,5.428390502929699712e-01,5.331335067749000123e-01,5.449930429458600400e-01
5.428390502929699712e-01,5.547318458557100040e-01,5.449930429458600400e-01,5.569897294044500180e-01
5.547318458557100040e-01,5.668777227401700092e-01,5.569897294044500180e-01,5.692197680473299881e-01
5.668777227401700092e-01,5.792878866195699805e-01,5.692197680473299881e-01,5.816966295242299578e-01
5.792878866195699805e-01,5.919530987739599626e-01,5.816966295242299578e-01,5.944145917892500464e-01
5.919530987739599626e-01,6.048595309257499553e-01,5.944145917892500464e-01,6.073629260063200253e-01
6.048595309257499553e-01,6.179930567741399594e-01,6.073629260063200253e-01,6.205301284790000205e-01
6.179930567741399594e-01,6.313402652740499610e-01,6.205301284790000205e-01,6.339045166969300427e-01
6.313402652740499610e-01,6.448889374733000057e-01,6.339045166969300427e-01,6.474752426147499795e-01
6.448889374733000057e-01,6.586279273033099901e-01,6.474752426147499795e-01,6.612319946289100248e-01
6.586279273033099901e-01,6.725472807884199655e-01,6.612319946289100248e-01,6.751653552055399965e-01
6.725472807884199655e-01,6.866378784179699712e-01,6.751653552055399965e-01,6.892665624618500297e-01
6.866378784179699712e-01,7.008914947509800042e-01,6.892665624618500297e-01,7.035273909568799944e-01
7.008914947509800042e-01,7.153003811836200487e-01,7.035273909568799944e-01,7.179402709007299821e-01
7.153003811836200487e-01,7.298575043678300345e-01,7.179402709007299821e-01,7.324980497360199516e-01
7.298575043678300345e-01,7.445562481880200201e-01,7.324980497360199516e-01,7.471940517425500472e-01
7.445562481880200201e-01,7.593902349472000379e-01,7.471940517425500472e-01,7.620218396186799747e-01
7.593902349472000379e-01,7.743535041809099795e-01,7.620218396186799747e-01,7.769753336906399799e-01
7.743535041809099795e-01,7.894402146339399851e-01,7.769753336906399799e-01,7.920486330985999635e-01
7.894402146339399851e-01,8.046447038650500483e-01,7.920486330985999635e-01,8.072361350059500396e-01
8.046447038650500483e-01,8.199615478515599465e-01,8.072361350059500396e-01,8.225321769714399878e-01
8.199615478515599465e-01,8.353853821754499975e-01,8.225321769714399878e-01,8.379314541816700324e-01
8.353853821754499975e-01,8.509109616279599830e-01,8.379314541816700324e-01,8.534287214279200340e-01
8.509109616279599830e-01,8.665330410003699857e-01,8.534287214279200340e-01,8.690187335014299963e-01
8.665330410003699857e-01,8.822464942932100040e-01,8.690187335014299963e-01,8.846964240074199903e-01
8.822464942932100040e-01,8.980463147163399995e-01,8.846964240074199903e-01,9.004568457603500109e-01
8.980463147163399995e-01,9.139274358749399640e-01,9.004568457603500109e-01,9.162949919700600354e-01
9.139274358749399640e-01,9.298849105834999795e-01,9.162949919700600354e-01,9.322059154510500267e-01
9.298849105834999795e-01,9.459137320518500314e-01,9.322059154510500267e-01,9.481849074363699614e-01
9.459137320518500314e-01,9.620090126991299728e-01,9.481849074363699614e-01,9.642271399498000273e-01
9.620090126991299728e-01,9.781658649444600062e-01,9.642271399498000273e-01,9.803278446197499774e-01
9.781658649444600062e-01,9.943794012069699928e-01,9.803278446197499774e-01,9.964822530746499929e-01
9.943794012069699928e-01,1.010644793510399930e+00,9.964822530746499929e-01,1.012685894966099953e+00
1.010644793510399930e+00,1.026957273483299904e+00,1.012685894966099953e+00,1.028933882713300108e+00
1.026957273483299904e+00,1.043311953544600046e+00,1.028933882713300108e+00,1.045221924781799983e+00
1.043311953544600046e+00,1.059704303741499931e+00,1.045221924781799983e+00,1.061545252800000005e+00
1.059704303741499931e+00,1.076129317283599951e+00,1.061545252800000005e+00,1.077899336814899911e+00
1.076129317283599951e+00,1.092582583427399889e+00,1.077899336814899911e+00,1.094279885292100074e+00
1.092582583427399889e+00,1.109059214591999964e+00,1.094279885292100074e+00,1.110682368278500087e+00
1.109059214591999964e+00,1.125554561615000004e+00,1.110682368278500087e+00,1.127102375030500037e+00
1.125554561615000004e+00,1.142064213752699953e+00,1.127102375030500037e+00,1.143535494804400088e+00
1.142064213752699953e+00,1.158583402633700077e+00,1.143535494804400088e+00,1.159977555275000016e+00
1.158583402633700077e+00,1.175107717513999894e+00,1.159977555275000016e+00,1.176424026489300001e+00
1.175107717513999894e+00,1.191632628440900010e+00,1.176424026489300001e+00,1.192870736122100039e+00
1.191632628440900010e+00,1.208153486251799968e+00,1.192870736122100039e+00,1.209313392639199902e+00
1.208153486251799968e+00,1.224666118621799971e+00,1.209313392639199902e+00,1.225747942924499956e+00
1.224666118621799971e+00,1.241165876388500067e+00,1.225747942924499956e+00,1.242170095443700051e+00
1.241165876388500067e+00,1.257648468017600107e+00,1.242170095443700051e+00,1.258575677871700105e+00
1.257648468017600107e+00,1.274109721183799948e+00,1.258575677871700105e+00,1.274960875511200076e+00
1.274109721183799948e+00,1.290545105934099990e+00,1.274960875511200076e+00,1.291321277618399987e+00
1.290545105934099990e+00,1.306950569152800057e+00,1.291321277618399987e+00,1.307653069496200082e+00
1.306950569152800057e+00,1.323321700096099951e+00,1.307653069496200082e+00,1.323952198028599980e+00
1.323321700096099951e+00,1.339654564857500008e+00,1.323952198028599980e+00,1.340214729309100017e+00
1.339654564857500008e+00,1.355944871902500015e+00,1.340214729309100017e+00,1.356436729431200083e+00
1.355944871902500015e+00,1.372188687324499945e+00,1.356436729431200083e+00,1.372614502906799983e+00
1.372188687324499945e+00,1.388381958007800066e+00,1.372614502906799983e+00,1.388743996620199983e+00
1.388381958007800066e+00,1.404520750045799904e+00,1.388743996620199983e+00,1.404821515083300110e+00
1.404520750045799904e+00,1.420601129531900098e+00,1.404821515083300110e+00,1.420843482017499992e+00
1.420601129531900098e+00,1.436619281768799938e+00,1.420843482017499992e+00,1.436805963516200046e+00
1.436619281768799938e+00,1.452571272849999984e+00,1.436805963516200046e+00,1.452705383300799902e+00
1.452571272849999984e+00,1.468453645706200072e+00,1.452705383300799902e+00,1.468538522720300055e+00
1.468453645706200072e+00,1.484263181686400035e+00,1.468538522720300055e+00,1.484302639961200043e+00
1.484263181686400035e+00,1.500000000000000000e+00,1.484302639961200043e+00,1.500000000000000000e+00
-2.787628769874600163e-02,-2.755647711455800133e-02,-2.560868300497499972e-02,-2.528119646012800051e-02
-2.755647711455800133e-02,-2.661948092281800002e-02,-2.528119646012800051e-02,-2.431948855519299943e-02
-2.661948092281800002e-02,-2.519377321004900167e-02,-2.431948855519299943e-02,-2.285482361912699947e-02
-2.519377321004900167e-02,-2.321068570017800065e-02,-2.285482361912699947e-02,-2.081992477178599976e-02
-2.321068570017800065e-02,-2.049854025244699993e-02,-2.081992477178599976e-02,-1.804382540285600148e-02
-2.049854025244699993e-02,-1.681455969810500065e-02,-1.804382540285600148e-02,-1.428535953164099953e-02
-1.681455969810500065e-02,-1.185794826596999960e-02,-1.428535953164099953e-02,-9.244889952242400441e-03
-1.185794826596999960e-02,-5.286161322146700099e-03,-9.244889952242400441e-03,-2.577934646978999930e-03
-5.286161322146700099e-03,3.261849284172100173e-03,-2.577934646978999930e-03,6.084090098738699839e-03
3.261849284172100173e-03,1.412642095238000016e-02,6.084090098738699839e-03,1.709169521927799903e-02
1.412642095238000016e-02,2.756836265325500121e-02,1.709169521927799903e-02,3.071491606533499966e-02
2.756836265325500121e-02,4.370732977986299672e-02,3.071491606533499966e-02,4.707694426178900271e-02
4.370732977986299672e-02,6.247277185320899984e-02,4.707694426178900271e-02,6.610088050365399426e-02
6.247277185320899984e-02,8.357626944780299771e-02,6.610088050365399426e-02,8.747975528240199694e-02
8.357626944780299771e-02,1.065147742629100058e-01,8.747975528240199694e-02,1.106815487146400045e-01
1.065147742629100058e-01,1.306089013814900057e-01,1.106815487146400045e-01,1.349931359291099975e-01
1.306089013814900057e-01,1.550847887992899965e-01,1.349931359291099975e-01,1.596070975065199959e-01
1.550847887992899965e-01,1.791549623012499981e-01,1.596070975065199959e-01,1.837147027254099896e-01
1.791549623012499981e-01,2.021124958991999954e-01,1.837147027254099896e-01,2.066044956445700076e-01
2.021124958991999954e-01,2.234058678150200039e-01,2.066044956445700076e-01,2.277354001998899979e-01
2.234058678150200039e-01,2.426707446575200045e-01,2.277354001998899979e-01,2.467627525329600113e-01
2.426707446575200045e-01,2.597306370735200098e-01,2.467627525329600113e-01,2.635321915149699823e-01
2.597306370735200098e-01,2.745725214481399834e-01,2.635321915149699823e-01,2.780508399009700149e-01
2.745725214481399834e-01,2.873033881187400107e-01,2.780508399009700149e-01,2.904426455497700066e-01
2.873033881187400107e-01,2.997155189514200124e-01,2.904426455497700066e-01,3.025048077106500255e-01
2.997155189514200124e-01,3.131010830402399803e-01,3.025048077106500255e-01,3.155334889888800065e-01
3.131010830402399803e-01,3.273863792419399732e-01,3.155334889888800065e-01,3.294700384140000216e-01
3.273863792419399732e-01,3.424566388130200201e-01,3.294700384140000216e-01,3.442159891128500071e-01
3.424566388130200201e-01,3.581579327583300221e-01,3.442159891128500071e-01,3.596330881118799949e-01
3.581579327583300221e-01,3.743012249469799824e-01,3.596330881118799949e-01,3.755462169647200144e-01
3.743012249469799824e-01,3.906700313091299726e-01,3.755462169647200144e-01,3.917494118213700194e-01
3.906700313091299726e-01,4.070317447185500259e-01,3.917494118213700194e-01,4.080158770084399977e-01
4.070317447185500259e-01,4.231518805026999730e-01,4.080158770084399977e-01,4.241113066673299903e-01
4.231518805026999730e-01,4.388091862201700111e-01,4.241113066673299903e-01,4.398093521595000110e-01
4.388091862201700111e-01,4.538090527057599965e-01,4.398093521595000110e-01,4.549065232276899851e-01
4.538090527057599965e-01,4.679943621158599854e-01,4.549065232276899851e-01,4.692356288433099931e-01
4.679943621158599854e-01,4.812579452991500029e-01,4.692356288433099931e-01,4.826805591583300248e-01
4.812579452991500029e-01,4.935804903507199914e-01,4.826805591583300248e-01,4.952134191989899792e-01
4.935804903507199914e-01,5.051795244216900072e-01,4.952134191989899792e-01,5.070301294326799990e-01
5.051795244216900072e-01,5.170155167579699729e-01,5.070301294326799990e-01,5.190120339393600180e-01
5.170155167579699729e-01,5.289989113807700427e-01,5.190120339393600180e-01,5.311007499694799794e-01
5.289989113807700427e-01,5.406259894371000518e-01,5.311007499694799794e-01,5.428390502929699712e-01
5.406259894371000518e-01,5.524287223815900205e-01,5.428390502929699712e-01,5.547318458557100040e-01
5.524287223815900205e-01,5.645067691802999610e-01,5.547318458557100040e-01,5.668777227401700092e-01
5.645067691802999610e-01,5.768668651580800555e-01,5.668777227401700092e-01,5.792878866195699805e-01
5.768668651580800555e-01,5.894951224327099615e-01,5.792878866195699805e-01,5.919530987739599626e-01
5.894951224327099615e-01,6.023738384246799527e-01,5.919530987739599626e-01,6.048595309257499553e-01
6.023738384246799527e-01,6.154860854148900273e-01,6.048595309257499553e-01,6.179930567741399594e-01
6.154860854148900273e-01,6.288163661956800432e-01,6.179930567741399594e-01,6.313402652740499610e-01
6.288163661956800432e-01,6.423513889312699732e-01,6.313402652740499610e-01,6.448889374733000057e-01
6.423513889312699732e-01,6.560793519020100550e-01,6.448889374733000057e-01,6.586279273033099901e-01
6.560793519020100550e-01,6.699898838996900530e-01,6.586279273033099901e-01,6.725472807884199655e-01
6.699898838996900530e-01,6.840737462043799955e-01,6.725472807884199655e-01,6.866378784179699712e-01
6.840737462043799955e-01,6.983228325843799933e-01,6.866378784179699712e-01,7.008914947509800042e-01
6.983228325843799933e-01,7.127295732498200032e-01,7.008914947509800042e-01,7.153003811836200487e-01
7.127295732498200032e-01,7.272870540618899815e-01,7.153003811836200487e-01,7.298575043678300345e-01
7.272870540618899815e-01,7.419887781143199579e-01,7.298575043678300345e-01,7.445562481880200201e-01
7.419887781143199579e-01,7.568286657333399559e-01,7.445562481880200201e-01,7.593902349472000379e-01
7.568286657333399559e-01,7.718008160591099953e-01,7.593902349472000379e-01,7.743535041809099795e-01
7.718008160591099953e-01,7.868996262550399523e-01,7.743535041809099795e-01,7.894402146339399851e-01
7.868996262550399523e-01,8.021195530891399583e-01,7.894402146339399851e-01,8.046447038650500483e-01
8.021195530891399583e-01,8.174552321433999902e-01,8.046447038650500483e-01,8.199615478515599465e-01
8.174552321433999902e-01,8.329013586044300421e-01,8.199615478515599465e-01,8.353853821754499975e-01
8.329013586044300421e-01,8.484528064727799856e-01,8.353853821754499975e-01,8.509109616279599830e-01
8.484528064727799856e-01,8.641043305397000385e-01,8.509109616279599830e-01,8.665330410003699857e-01
8.641043305397000385e-01,8.798508048057599451e-01,8.665330410003699857e-01,8.822464942932100040e-01
8.798508048057599451e-01,8.956871628761300386e-01,8.822464942932100040e-01,8.980463147163399995e-01
8.956871628761300386e-01,9.116083383560199538e-01,8.980463147163399995e-01,9.139274358749399640e-01
9.116083383560199538e-01,9.276092648506200078e-01,9.139274358749399640e-01,9.298849105834999795e-01
9.276092648506200078e-01,9.436849355697599639e-01,9.298849105834999795e-01,9.459137320518500314e-01
9.436849355697599639e-01,9.598302245140100109e-01,9.459137320518500314e-01,9.620090126991299728e-01
9.598302245140100109e-01,9.760402441024800257e-01,9.620090126991299728e-01,9.781658649444600062e-01
9.760402441024800257e-01,9.923099279403699846e-01,9.781658649444600062e-01,9.943794012069699928e-01
9.923099279403699846e-01,1.008634328842199945e+00,9.943794012069699928e-01,1.010644793510399930e+00
1.008634328842199945e+00,1.025008440017699973e+00,1.010644793510399930e+00,1.026957273483299904e+00
1.025008440017699973e+00,1.041427254676799974e+00,1.026957273483299904e+00,1.043311953544600046e+00
1.041427254676799974e+00,1.057885885238599943e+00,1.043311953544600046e+00,1.059704303741499931e+00
1.057885885238599943e+00,1.074379444122300020e+00,1.059704303741499931e+00,1.076129317283599951e+00
1.074379444122300020e+00,1.090902924537699992e+00,1.076129317283599951e+00,1.092582583427399889e+00
1.090902924537699992e+00,1.107451558113099921e+00,1.092582583427399889e+00,1.109059214591999964e+00
1.107451558113099921e+00,1.124020338058500101e+00,1.109059214591999964e+00,1.125554561615000004e+00
1.124020338058500101e+00,1.140604496002199930e+00,1.125554561615000004e+00,1.142064213752699953e+00
1.140604496002199930e+00,1.157199263572699977e+00,1.142064213752699953e+00,1.158583402633700077e+00
1.157199263572699977e+00,1.173799753189100015e+00,1.158583402633700077e+00,1.175107717513999894e+00
1.173799753189100015e+00,1.190401196479800028e+00,1.175107717513999894e+00,1.191632628440900010e+00
1.190401196479800028e+00,1.206999063491799973e+00,1.191632628440900010e+00,1.208153486251799968e+00
1.206999063491799973e+00,1.223588466644299988e+00,1.208153486251799968e+00,1.224666118621799971e+00
1.223588466644299988e+00,1.240164875984200110e+00,1.224666118621799971e+00,1.241165876388500067e+00
1.240164875984200110e+00,1.256723523140000021e+00,1.241165876388500067e+00,1.257648468017600107e+00
1.256723523140000021e+00,1.273259997367899965e+00,1.257648468017600107e+00,1.274109721183799948e+00
1.273259997367899965e+00,1.289769768714899900e+00,1.274109721183799948e+00,1.290545105934099990e+00
1.289769768714899900e+00,1.306248307228099925e+00,1.290545105934099990e+00,1.306950569152800057e+00
1.306248307228099925e+00,1.322691082954400077e+00,1.306950569152800057e+00,1.323321700096099951e+00
1.322691082954400077e+00,1.339093923568700051e+00,1.323321700096099951e+00,1.339654564857500008e+00
1.339093923568700051e+00,1.355452299118000026e+00,1.339654564857500008e+00,1.355944871902500015e+00
1.355452299118000026e+00,1.371762037277199919e+00,1.355944871902500015e+00,1.372188687324499945e+00
1.371762037277199919e+00,1.388018965721099951e+00,1.372188687324499945e+00,1.388381958007800066e+00
1.388018965721099951e+00,1.404218912124600038e+00,1.388381958007800066e+00,1.404520750045799904e+00
1.404218912124600038e+00,1.420357823371900086e+00,1.404520750045799904e+00,1.420601129531900098e+00
1.420357823371900086e+00,1.436431646346999935e+00,1.420601129531900098e+00,1.436619281768799938e+00
1.436431646346999935e+00,1.452436327934299998e+00,1.436619281768799938e+00,1.452571272849999984e+00
1.452436327934299998e+00,1.468368291854899921e+00,1.452571272849999984e+00,1.468453645706200072e+00
1.468368291854899921e+00,1.484223484993000053e+00,1.468453645706200072e+00,1.484263181686400035e+00
1.484223484993000053e+00,1.500000000000000000e+00,1.484263181686400035e+00,1.500000000000000000e+00
-3.033059649169399935e-02,-3.002113103866600047e-02,-2.787628769874600163e-02,-2.755647711455800133e-02
-3.002113103866600047e-02,-2.911573089659200142e-02,-2.755647711455800133e-02,-2.661948092281800002e-02
-2.911573089659200142e-02,-2.773717232048500056e-02,-2.661948092281800002e-02,-2.519377321004900167e-02
-2.773717232048500056e-02,-2.581358514726200121e-02,-2.519377321004900167e-02,-2.321068570017800065e-02
-2.581358514726200121e-02,-2.317187935113899921e-02,-2.321068570017800065e-02,-2.049854025244699993e-02
-2.317187935113899921e-02,-1.956670545041599985e-02,-2.049854025244699993e-02,-1.681455969810500065e-02
-1.956670545041599985e-02,-1.469623949378700070e-02,-1.681455969810500065e-02,-1.185794826596999960e-02
-1.469623949378700070e-02,-8.219642564654400588e-03,-1.185794826596999960e-02,-5.286161322146700099e-03
-8.219642564654400588e-03,2.156544069293899976e-04,-5.286161322146700099e-03,3.261849284172100173e-03
2.156544069293899976e-04,1.093949563801300054e-02,3.261849284172100173e-03,1.412642095238000016e-02
1.093949563801300054e-02,2.420335821807400103e-02,1.412642095238000016e-02,2.756836265325500121e-02
2.420335821807400103e-02,4.012386128306399957e-02,2.756836265325500121e-02,4.370732977986299672e-02
4.012386128306399957e-02,5.863768607377999736e-02,4.370732977986299672e-02,6.247277185320899984e-02
5.863768607377999736e-02,7.947608828544600046e-02,6.247277185320899984e-02,8.357626944780299771e-02
7.947608828544600046e-02,1.021656170487399984e-01,8.357626944780299771e-02,1.065147742629100058e-01
1.021656170487399984e-01,1.260601878166200118e-01,1.065147742629100058e-01,1.306089013814900057e-01
1.260601878166200118e-01,1.504199206829099911e-01,1.306089013814900057e-01,1.550847887992899965e-01
1.504199206829099911e-01,1.744777858257300085e-01,1.550847887992899965e-01,1.791549623012499981e-01
1.744777858257300085e-01,1.975308954715699894e-01,1.791549623012499981e-01,2.021124958991999954e-01
1.975308954715699894e-01,2.190171927213699909e-01,2.021124958991999954e-01,2.234058678150200039e-01
2.190171927213699909e-01,2.385521382093399867e-01,2.234058678150200039e-01,2.426707446575200045e-01
2.385521382093399867e-01,2.559357285499599954e-01,2.426707446575200045e-01,2.597306370735200098e-01
2.559357285499599954e-01,2.711328268051100276e-01,2.597306370735200098e-01,2.745725214481399834e-01
2.711328268051100276e-01,2.842319011688200225e-01,2.745725214481399834e-01,2.873033881187400107e-01
2.842319011688200225e-01,2.970194220542899943e-01,2.873033881187400107e-01,2.997155189514200124e-01
2.970194220542899943e-01,3.107809424400300169e-01,2.997155189514200124e-01,3.131010830402399803e-01
3.107809424400300169e-01,3.254244923591599892e-01,3.131010830402399803e-01,3.273863792419399732e-01
3.254244923591599892e-01,3.408179581165299843e-01,3.273863792419399732e-01,3.424566388130200201e-01
3.408179581165299843e-01,3.567920923233000030e-01,3.424566388130200201e-01,3.581579327583300221e-01
3.567920923233000030e-01,3.731458485126499802e-01,3.581579327583300221e-01,3.743012249469799824e-01
3.731458485126499802e-01,3.896551430225400070e-01,3.743012249469799824e-01,3.906700313091299726e-01
3.896551430225400070e-01,4.060852229595199869e-01,3.906700313091299726e-01,4.070317447185500259e-01
4.060852229595199869e-01,4.222050607204400063e-01,4.070317447185500259e-01,4.231518805026999730e-01
4.222050607204400063e-01,4.378014504909499838e-01,4.231518805026999730e-01,4.388091862201700111e-01
4.378014504909499838e-01,4.526899456977799829e-01,4.388091862201700111e-01,4.538090527057599965e-01
4.526899456977799829e-01,4.667225778102899736e-01,4.538090527057599965e-01,4.679943621158599854e-01
4.667225778102899736e-01,4.797973334789299993e-01,4.679943621158599854e-01,4.812579452991500029e-01
4.797973334789299993e-01,4.918960630893700059e-01,4.812579452991500029e-01,4.935804903507199914e-01
4.918960630893700059e-01,5.032519102096599806e-01,4.935804903507199914e-01,5.051795244216900072e-01
5.032519102096599806e-01,5.149276852607700405e-01,5.051795244216900072e-01,5.170155167579699729e-01
5.149276852607700405e-01,5.268158316612200354e-01,5.170155167579699729e-01,5.289989113807700427e-01
5.268158316612200354e-01,5.383462905883800165e-01,5.289989113807700427e-01,5.406259894371000518e-01
5.383462905883800165e-01,5.500778555870099451e-01,5.406259894371000518e-01,5.524287223815900205e-01
5.500778555870099451e-01,5.621088147163399995e-01,5.524287223815900205e-01,5.645067691802999610e-01
5.621088147163399995e-01,5.744394063949600504e-01,5.645067691802999610e-01,5.768668651580800555e-01
5.744394063949600504e-01,5.870493650436400257e-01,5.768668651580800555e-01,5.894951224327099615e-01
5.870493650436400257e-01,5.999164581298800369e-01,5.894951224327099615e-01,6.023738384246799527e-01
5.999164581298800369e-01,6.130206584930399938e-01,6.023738384246799527e-01,6.154860854148900273e-01
6.130206584930399938e-01,6.263448596000700253e-01,6.154860854148900273e-01,6.288163661956800432e-01
6.263448596000700253e-01,6.398746967315700473e-01,6.288163661956800432e-01,6.423513889312699732e-01
6.398746967315700473e-01,6.535980105400099882e-01,6.423513889312699732e-01,6.560793519020100550e-01
6.535980105400099882e-01,6.675045490264900350e-01,6.560793519020100550e-01,6.699898838996900530e-01
6.675045490264900350e-01,6.815853118896499918e-01,6.699898838996900530e-01,6.840737462043799955e-01
6.815853118896499918e-01,6.958322525024399630e-01,6.840737462043799955e-01,6.983228325843799933e-01
6.958322525024399630e-01,7.102382183075000022e-01,6.983228325843799933e-01,7.127295732498200032e-01
7.102382183075000022e-01,7.247965931892399460e-01,7.127295732498200032e-01,7.272870540618899815e-01
7.247965931892399460e-01,7.395012974739100242e-01,7.272870540618899815e-01,7.419887781143199579e-01
7.395012974739100242e-01,7.543463706970200411e-01,7.419887781143199579e-01,7.568286657333399559e-01
7.543463706970200411e-01,7.693263292312599866e-01,7.568286657333399559e-01,7.718008160591099953e-01
7.693263292312599866e-01,7.844356298446699682e-01,7.718008160591099953e-01,7.868996262550399523e-01
7.844356298446699682e-01,7.996690869331399831e-01,7.868996262550399523e-01,8.021195530891399583e-01
7.996690869331399831e-01,8.150213360786400241e-01,8.021195530891399583e-01,8.174552321433999902e-01
8.150213360786400241e-01,8.304873704910300525e-01,8.174552321433999902e-01,8.329013586044300421e-01
8.304873704910300525e-01,8.460619449615499610e-01,8.329013586044300421e-01,8.484528064727799856e-01
8.460619449615499610e-01,8.617399930953999476e-01,8.484528064727799856e-01,8.641043305397000385e-01
8.617399930953999476e-01,8.775164484977699964e-01,8.641043305397000385e-01,8.798508048057599451e-01
8.775164484977699964e-01,8.933862447738599721e-01,8.798508048057599451e-01,8.956871628761300386e-01
8.933862447738599721e-01,9.093442559242199685e-01,8.956871628761300386e-01,9.116083383560199538e-01
9.093442559242199685e-01,9.253854155540499615e-01,9.116083383560199538e-01,9.276092648506200078e-01
9.253854155540499615e-01,9.415045976638799496e-01,9.276092648506200078e-01,9.436849355697599639e-01
9.415045976638799496e-01,9.576967358589200119e-01,9.436849355697599639e-01,9.598302245140100109e-01
9.576967358589200119e-01,9.739567041397100278e-01,9.598302245140100109e-01,9.760402441024800257e-01
9.739567041397100278e-01,9.902793169021599784e-01,9.760402441024800257e-01,9.923099279403699846e-01
9.902793169021599784e-01,1.006659507751499927e+00,9.923099279403699846e-01,1.008634328842199945e+00
1.006659507751499927e+00,1.023092150688200030e+00,1.008634328842199945e+00,1.025008440017699973e+00
1.023092150688200030e+00,1.039572119712800058e+00,1.025008440017699973e+00,1.041427254676799974e+00
1.039572119712800058e+00,1.056094288826000094e+00,1.041427254676799974e+00,1.057885885238599943e+00
1.056094288826000094e+00,1.072653532028200019e+00,1.057885885238599943e+00,1.074379444122300020e+00
1.072653532028200019e+00,1.089244723319999997e+00,1.074379444122300020e+00,1.090902924537699992e+00
1.089244723319999997e+00,1.105862855911299958e+00,1.090902924537699992e+00,1.107451558113099921e+00
1.105862855911299958e+00,1.122502684593200017e+00,1.107451558113099921e+00,1.124020338058500101e+00
1.122502684593200017e+00,1.139159202575700025e+00,1.124020338058500101e+00,1.140604496002199930e+00
1.139159202575700025e+00,1.155827403068500070e+00,1.140604496002199930e+00,1.157199263572699977e+00
1.155827403068500070e+00,1.172502160072300015e+00,1.157199263572699977e+00,1.173799753189100015e+00
1.172502160072300015e+00,1.189178705215500065e+00,1.173799753189100015e+00,1.190401196479800028e+00
1.189178705215500065e+00,1.205851793289199891e+00,1.190401196479800028e+00,1.206999063491799973e+00
1.205851793289199891e+00,1.222516655921900064e+00,1.206999063491799973e+00,1.223588466644299988e+00
1.222516655921900064e+00,1.239168405532800055e+00,1.223588466644299988e+00,1.240164875984200110e+00
1.239168405532800055e+00,1.255802035331700095e+00,1.240164875984200110e+00,1.256723523140000021e+00
1.255802035331700095e+00,1.272412896156299933e+00,1.256723523140000021e+00,1.273259997367899965e+00
1.272412896156299933e+00,1.288996100425700009e+00,1.273259997367899965e+00,1.289769768714899900e+00
1.288996100425700009e+00,1.305546998977699991e+00,1.289769768714899900e+00,1.306248307228099925e+00
1.305546998977699991e+00,1.322060942649800008e+00,1.306248307228099925e+00,1.322691082954400077e+00
1.322060942649800008e+00,1.338533163070700027e+00,1.322691082954400077e+00,1.339093923568700051e+00
1.338533163070700027e+00,1.354959368705699996e+00,1.339093923568700051e+00,1.355452299118000026e+00
1.354959368705699996e+00,1.371334791183500101e+00,1.355452299118000026e+00,1.371762037277199919e+00
1.371334791183500101e+00,1.387655138969400070e+00,1.371762037277199919e+00,1.388018965721099951e+00
1.387655138969400070e+00,1.403916120529199896e+00,1.388018965721099951e+00,1.404218912124600038e+00
1.403916120529199896e+00,1.420113563537600099e+00,1.404218912124600038e+00,1.420357823371900086e+00
1.420113563537600099e+00,1.436243057251000099e+00,1.420357823371900086e+00,1.436431646346999935e+00
1.436243057251000099e+00,1.452300786971999935e+00,1.436431646346999935e+00,1.452436327934299998e+00
1.452300786971999935e+00,1.468282461166400044e+00,1.452436327934299998e+00,1.468368291854899921e+00
1.468282461166400044e+00,1.484183788299600071e+00,1.468368291854899921e+00,1.484223484993000053e+00
1.484183788299600071e+00,1.500000000000000000e+00,1.484223484993000053e+00,1.500000000000000000e+00
-3.298804908990900231e-02,-3.269265964627299931e-02,-3.033059649169399935e-02,-3.002113103866600047e-02
-3.269265964627299931e-02,-3.182869777083399687e-02,-3.002113103866600047e-02,-2.911573089659200142e-02
-3.182869777083399687e-02,-3.050863556563900014e-02,-2.911573089659200142e-02,-2.773717232048500056e-02
-3.050863556563900014e-02,-2.865434996783700061e-02,-2.773717232048500056e-02,-2.581358514726200121e-02
-2.865434996783700061e-02,-2.609116211533499957e-02,-2.581358514726200121e-02,-2.317187935113899921e-02
-2.609116211533499957e-02,-2.256922237575099965e-02,-2.317187935113899921e-02,-1.956670545041599985e-02
-2.256922237575099965e-02,-1.778632774949100159e-02,-1.956670545041599985e-02,-1.469623949378700070e-02
-1.778632774949100159e-02,-1.140268426388500039e-02,-1.469623949378700070e-02,-8.219642564654400588e-03
-1.140268426388500039e-02,-3.076755208894599997e-03,-8.219642564654400588e-03,2.156544069293899976e-04
-3.076755208894599997e-03,7.510755676776200221e-03,2.156544069293899976e-04,1.093949563801300054e-02
7.510755676776200221e-03,2.060212381184100064e-02,1.093949563801300054e-02,2.420335821807400103e-02
2.060212381184100064e-02,3.631151840090800220e-02,2.420335821807400103e-02,4.012386128306399957e-02
3.631151840090800220e-02,5.458347126841500002e-02,4.012386128306399957e-02,5.863768607377999736e-02
5.458347126841500002e-02,7.517012953758199501e-02,5.863768607377999736e-02,7.947608828544600046e-02
7.517012953758199501e-02,9.762816876172999980e-02,7.947608828544600046e-02,1.021656170487399984e-01
9.762816876172999980e-02,1.213440746068999987e-01,1.021656170487399984e-01,1.260601878166200118e-01
1.213440746068999987e-01,1.456128656864200122e-01,1.260601878166200118e-01,1.504199206829099911e-01
1.456128656864200122e-01,1.696867942810099950e-01,1.504199206829099911e-01,1.744777858257300085e-01
1.696867942810099950e-01,1.928666830062900073e-01,1.744777858257300085e-01,1.975308954715699894e-01
1.928666830062900073e-01,2.145800739526700085e-01,1.975308954715699894e-01,2.190171927213699909e-01
2.145800739526700085e-01,2.344216704368599913e-01,2.190171927213699909e-01,2.385521382093399867e-01
2.344216704368599913e-01,2.521663010120400172e-01,2.385521382093399867e-01,2.559357285499599954e-01
2.521663010120400172e-01,2.677543163299599960e-01,2.559357285499599954e-01,2.711328268051100276e-01
2.677543163299599960e-01,2.812532186508199805e-01,2.711328268051100276e-01,2.842319011688200225e-01
2.812532186508199805e-01,2.944417595863300097e-01,2.842319011688200225e-01,2.970194220542899943e-01
2.944417595863300097e-01,3.085950016975400056e-01,2.970194220542899943e-01,3.107809424400300169e-01
3.085950016975400056e-01,3.236003816127799859e-01,3.107809424400300169e-01,3.254244923591599892e-01
3.236003816127799859e-01,3.393086194992099847e-01,3.254244923591599892e-01,3.408179581165299843e-01
3.393086194992099847e-01,3.555372059345199842e-01,3.408179581165299843e-01,3.567920923233000030e-01
3.555372059345199842e-01,3.720760643482199925e-01,3.567920923233000030e-01,3.731458485126499802e-01
3.720760643482199925e-01,3.886972665786699865e-01,3.731458485126499802e-01,3.896551430225400070e-01
3.886972665786699865e-01,4.051680564880399960e-01,3.896551430225400070e-01,4.060852229595199869e-01
4.051680564880399960e-01,4.212644100189200103e-01,4.060852229595199869e-01,4.222050607204400063e-01
4.212644100189200103e-01,4.367834031581899756e-01,4.222050607204400063e-01,4.378014504909499838e-01
4.367834031581899756e-01,4.515512585640000243e-01,4.378014504909499838e-01,4.526899456977799829e-01
4.515512585640000243e-01,4.654275476932500100e-01,4.526899456977799829e-01,4.667225778102899736e-01
4.654275476932500100e-01,4.783104360103599961e-01,4.667225778102899736e-01,4.797973334789299993e-01
4.783104360103599961e-01,4.901717901229900032e-01,4.797973334789299993e-01,4.918960630893700059e-01
4.901717901229900032e-01,5.012456774711600005e-01,4.918960630893700059e-01,5.032519102096599806e-01
5.012456774711600005e-01,5.127295851707499574e-01,5.032519102096599806e-01,5.149276852607700405e-01
5.127295851707499574e-01,5.245372653007499553e-01,5.149276852607700405e-01,5.268158316612200354e-01
5.245372653007499553e-01,5.359911322593700067e-01,5.268158316612200354e-01,5.383462905883800165e-01
5.359911322593700067e-01,5.476767420768700045e-01,5.383462905883800165e-01,5.500778555870099451e-01
5.476767420768700045e-01,5.596873760223399774e-01,5.500778555870099451e-01,5.621088147163399995e-01
5.596873760223399774e-01,5.720133781433099918e-01,5.621088147163399995e-01,5.744394063949600504e-01
5.720133781433099918e-01,5.846265554428099476e-01,5.744394063949600504e-01,5.870493650436400257e-01
5.846265554428099476e-01,5.974995493888900500e-01,5.870493650436400257e-01,5.999164581298800369e-01
5.974995493888900500e-01,6.106095910072300015e-01,5.999164581298800369e-01,6.130206584930399938e-01
6.106095910072300015e-01,6.239383220672599650e-01,6.130206584930399938e-01,6.263448596000700253e-01
6.239383220672599650e-01,6.374710202217099830e-01,6.263448596000700253e-01,6.398746967315700473e-01
6.374710202217099830e-01,6.511958241462699748e-01,6.398746967315700473e-01,6.535980105400099882e-01
6.511958241462699748e-01,6.651027202606200062e-01,6.535980105400099882e-01,6.675045490264900350e-01
6.651027202606200062e-01,6.791831851005599718e-01,6.675045490264900350e-01,6.815853118896499918e-01
6.791831851005599718e-01,6.934298276901199598e-01,6.815853118896499918e-01,6.958322525024399630e-01
6.934298276901199598e-01,7.078360319137599888e-01,6.958322525024399630e-01,7.102382183075000022e-01
7.078360319137599888e-01,7.223955392837499989e-01,7.102382183075000022e-01,7.247965931892399460e-01
7.223955392837499989e-01,7.371026873588599759e-01,7.247965931892399460e-01,7.395012974739100242e-01
7.371026873588599759e-01,7.519520521163900462e-01,7.395012974739100242e-01,7.543463706970200411e-01
7.519520521163900462e-01,7.669383287429799578e-01,7.543463706970200411e-01,7.693263292312599866e-01
7.669383287429799578e-01,7.820563912391700345e-01,7.693263292312599866e-01,7.844356298446699682e-01
7.820563912391700345e-01,7.973011136055000447e-01,7.844356298446699682e-01,7.996690869331399831e-01
7.973011136055000447e-01,8.126675486564599593e-01,7.996690869331399831e-01,8.150213360786400241e-01
8.126675486564599593e-01,8.281506896018999697e-01,8.150213360786400241e-01,8.304873704910300525e-01
8.281506896018999697e-01,8.437455296516399583e-01,8.304873704910300525e-01,8.460619449615499610e-01
8.437455296516399583e-01,8.594470620155300056e-01,8.460619449615499610e-01,8.617399930953999476e-01
8.594470620155300056e-01,8.752503395080599713e-01,8.617399930953999476e-01,8.775164484977699964e-01
8.752503395080599713e-01,8.911501765251199636e-01,8.775164484977699964e-01,8.933862447738599721e-01
8.911501765251199636e-01,9.071416258811999533e-01,8.933862447738599721e-01,9.093442559242199685e-01
9.071416258811999533e-01,9.232195019722000406e-01,9.093442559242199685e-01,9.253854155540499615e-01
9.232195019722000406e-01,9.393787384033199794e-01,9.253854155540499615e-01,9.415045976638799496e-01
9.393787384033199794e-01,9.556141495704699729e-01,9.415045976638799496e-01,9.576967358589200119e-01
9.556141495704699729e-01,9.719204902648900246e-01,9.576967358589200119e-01,9.739567041397100278e-01
9.719204902648900246e-01,9.882926344871499902e-01,9.739567041397100278e-01,9.902793169021599784e-01
9.882926344871499902e-01,1.004725217819200100e+00,9.902793169021599784e-01,1.006659507751499927e+00
1.004725217819200100e+00,1.021213173866299950e+00,1.006659507751499927e+00,1.023092150688200030e+00
1.021213173866299950e+00,1.037750959396400052e+00,1.023092150688200030e+00,1.039572119712800058e+00
1.037750959396400052e+00,1.054333567619299972e+00,1.039572119712800058e+00,1.056094288826000094e+00
1.054333567619299972e+00,1.070955514907800055e+00,1.056094288826000094e+00,1.072653532028200019e+00
1.070955514907800055e+00,1.087611556053200035e+00,1.072653532028200019e+00,1.089244723319999997e+00
1.087611556053200035e+00,1.104296326637300041e+00,1.089244723319999997e+00,1.105862855911299958e+00
1.104296326637300041e+00,1.121004581451400028e+00,1.105862855911299958e+00,1.122502684593200017e+00
1.121004581451400028e+00,1.137731075286900095e+00,1.122502684593200017e+00,1.139159202575700025e+00
1.137731075286900095e+00,1.154470443725599926e+00,1.139159202575700025e+00,1.155827403068500070e+00
1.154470443725599926e+00,1.171217560768099908e+00,1.155827403068500070e+00,1.172502160072300015e+00
1.171217560768099908e+00,1.187966942787199942e+00,1.172502160072300015e+00,1.189178705215500065e+00
1.187966942787199942e+00,1.204713702201799963e+00,1.189178705215500065e+00,1.205851793289199891e+00
1.204713702201799963e+00,1.221452355384800015e+00,1.205851793289199891e+00,1.222516655921900064e+00
1.221452355384800015e+00,1.238178014755199952e+00,1.222516655921900064e+00,1.239168405532800055e+00
1.238178014755199952e+00,1.254885435104400093e+00,1.239168405532800055e+00,1.255802035331700095e+00
1.254885435104400093e+00,1.271569490432699956e+00,1.255802035331700095e+00,1.272412896156299933e+00
1.271569490432699956e+00,1.288225173950199975e+00,1.272412896156299933e+00,1.288996100425700009e+00
1.288225173950199975e+00,1.304847717285199993e+00,1.288996100425700009e+00,1.305546998977699991e+00
1.304847717285199993e+00,1.321431994438200030e+00,1.305546998977699991e+00,1.322060942649800008e+00
1.321431994438200030e+00,1.337973117828400005e+00,1.322060942649800008e+00,1.338533163070700027e+00
1.337973117828400005e+00,1.354466557502699953e+00,1.338533163070700027e+00,1.354959368705699996e+00
1.354466557502699953e+00,1.370907306671099946e+00,1.354959368705699996e+00,1.371334791183500101e+00
1.370907306671099946e+00,1.387290954589800007e+00,1.371334791183500101e+00,1.387655138969400070e+00
1.387290954589800007e+00,1.403612852096600028e+00,1.387655138969400070e+00,1.403916120529199896e+00
1.403612852096600028e+00,1.419868469238299902e+00,1.403916120529199896e+00,1.420113563537600099e+00
1.419868469238299902e+00,1.436053872108500107e+00,1.420113563537600099e+00,1.436243057251000099e+00
1.436053872108500107e+00,1.452164411544800027e+00,1.436243057251000099e+00,1.452300786971999935e+00
1.452164411544800027e+00,1.468196034431499930e+00,1.452300786971999935e+00,1.468282461166400044e+00
1.468196034431499930e+00,1.484143733978299906e+00,1.468282461166400044e+00,1.484183788299600071e+00
1.484143733978299906e+00,1.500000000000000000e+00,1.484183788299600071e+00,1.500000000000000000e+00
-3.586644679307900152e-02,-3.559035807848000277e-02,-3.298804908990900231e-02,-3.269265964627299931e-02
-3.559035807848000277e-02,-3.478236868977500201e-02,-3.269265964627299931e-02,-3.182869777083399687e-02
-3.478236868977500201e-02,-3.353675827383999913e-02,-3.182869777083399687e-02,-3.050863556563900014e-02
-3.353675827383999913e-02,-3.176338598132100177e-02,-3.050863556563900014e-02,-2.865434996783700061e-02
-3.176338598132100177e-02,-2.928857505321499910e-02,-2.865434996783700061e-02,-2.609116211533499957e-02
-2.928857505321499910e-02,-2.585372328758199847e-02,-2.609116211533499957e-02,-2.256922237575099965e-02
-2.585372328758199847e-02,-2.115875482559199938e-02,-2.256922237575099965e-02,-1.778632774949100159e-02
-2.115875482559199938e-02,-1.486191246658600043e-02,-1.778632774949100159e-02,-1.140268426388500039e-02
-1.486191246658600043e-02,-6.639542989432799594e-03,-1.140268426388500039e-02,-3.076755208894599997e-03
-6.639542989432799594e-03,3.818318480625700062e-03,-3.076755208894599997e-03,7.510755676776200221e-03
3.818318480625700062e-03,1.674567908048599923e-02,7.510755676776200221e-03,2.060212381184100064e-02
1.674567908048599923e-02,3.225497156381600117e-02,2.060212381184100064e-02,3.631151840090800220e-02
3.225497156381600117e-02,5.029829964041700185e-02,3.631151840090800220e-02,5.458347126841500002e-02
5.029829964041700185e-02,7.065004855394399486e-02,5.458347126841500002e-02,7.517012953758199501e-02
7.065004855394399486e-02,9.289751201868100272e-02,7.517012953758199501e-02,9.762816876172999980e-02
9.289751201868100272e-02,1.164584383368500037e-01,9.762816876172999980e-02,1.213440746068999987e-01
1.164584383368500037e-01,1.406649202108400110e-01,1.213440746068999987e-01,1.456128656864200122e-01
1.406649202108400110e-01,1.647864431142800068e-01,1.456128656864200122e-01,1.696867942810099950e-01
1.647864431142800068e-01,1.881273835897399882e-01,1.696867942810099950e-01,1.928666830062900073e-01
1.881273835897399882e-01,2.101053744554499947e-01,1.928666830062900073e-01,2.145800739526700085e-01
2.101053744554499947e-01,2.302939444780300049e-01,2.145800739526700085e-01,2.344216704368599913e-01
2.302939444780300049e-01,2.484407275915100077e-01,2.344216704368599913e-01,2.521663010120400172e-01
2.484407275915100077e-01,2.644586265087099930e-01,2.521663010120400172e-01,2.677543163299599960e-01
2.644586265087099930e-01,2.783908843994100102e-01,2.677543163299599960e-01,2.812532186508199805e-01
2.783908843994100102e-01,2.920043468475300164e-01,2.812532186508199805e-01,2.944417595863300097e-01
2.920043468475300164e-01,3.065588474273699959e-01,2.944417595863300097e-01,3.085950016975400056e-01
3.065588474273699959e-01,3.219211101532000185e-01,3.085950016975400056e-01,3.236003816127799859e-01
3.219211101532000185e-01,3.379273712634999760e-01,3.236003816127799859e-01,3.393086194992099847e-01
3.379273712634999760e-01,3.543850183486900174e-01,3.393086194992099847e-01,3.555372059345199842e-01
3.543850183486900174e-01,3.710789084434499840e-01,3.555372059345199842e-01,3.720760643482199925e-01
3.710789084434499840e-01,3.877818584442099814e-01,3.720760643482199925e-01,3.886972665786699865e-01
3.877818584442099814e-01,4.042670130729700273e-01,3.886972665786699865e-01,4.051680564880399960e-01
4.042670130729700273e-01,4.203201532363899928e-01,4.051680564880399960e-01,4.212644100189200103e-01
4.203201532363899928e-01,4.357502758503000173e-01,4.212644100189200103e-01,4.367834031581899756e-01
4.357502758503000173e-01,4.503943920135500267e-01,4.367834031581899756e-01,4.515512585640000243e-01
4.503943920135500267e-01,4.641177654266400165e-01,4.515512585640000243e-01,4.654275476932500100e-01
4.641177654266400165e-01,4.768142700195299732e-01,4.654275476932500100e-01,4.783104360103599961e-01
4.768142700195299732e-01,4.884313642978699854e-01,4.783104360103599961e-01,4.901717901229900032e-01
4.884313642978699854e-01,4.991753101348900268e-01,4.901717901229900032e-01,5.012456774711600005e-01
4.991753101348900268e-01,5.104232430458099934e-01,5.012456774711600005e-01,5.127295851707499574e-01
5.104232430458099934e-01,5.221529603004499975e-01,5.127295851707499574e-01,5.245372653007499553e-01
5.221529603004499975e-01,5.335522294044500180e-01,5.245372653007499553e-01,5.359911322593700067e-01
5.335522294044500180e-01,5.452250838279699696e-01,5.359911322593700067e-01,5.476767420768700045e-01
5.452250838279699696e-01,5.572497248649600499e-01,5.476767420768700045e-01,5.596873760223399774e-01
5.572497248649600499e-01,5.696010589599600493e-01,5.596873760223399774e-01,5.720133781433099918e-01
5.696010589599600493e-01,5.822413563728300323e-01,5.720133781433099918e-01,5.846265554428099476e-01
5.822413563728300323e-01,5.951385498046900535e-01,5.846265554428099476e-01,5.974995493888900500e-01
5.951385498046900535e-01,6.082680821418799955e-01,5.974995493888900500e-01,6.106095910072300015e-01
6.082680821418799955e-01,6.216113567352300473e-01,6.106095910072300015e-01,6.239383220672599650e-01
6.216113567352300473e-01,6.351542472839399878e-01,6.239383220672599650e-01,6.374710202217099830e-01
6.351542472839399878e-01,6.488856077194200545e-01,6.374710202217099830e-01,6.511958241462699748e-01
6.488856077194200545e-01,6.627963185310400407e-01,6.511958241462699748e-01,6.651027202606200062e-01
6.627963185310400407e-01,6.768788099288900462e-01,6.651027202606200062e-01,6.791831851005599718e-01
6.768788099288900462e-01,6.911264061927799851e-01,6.791831851005599718e-01,6.934298276901199598e-01
6.911264061927799851e-01,7.055332064628599964e-01,6.934298276901199598e-01,7.078360319137599888e-01
7.055332064628599964e-01,7.200936079025299641e-01,7.078360319137599888e-01,7.223955392837499989e-01
7.200936079025299641e-01,7.348024249076799963e-01,7.223955392837499989e-01,7.371026873588599759e-01
7.348024249076799963e-01,7.496547698974600493e-01,7.371026873588599759e-01,7.519520521163900462e-01
7.496547698974600493e-01,7.646456956863399990e-01,7.519520521163900462e-01,7.669383287429799578e-01
7.646456956863399990e-01,7.797703742981000330e-01,7.669383287429799578e-01,7.820563912391700345e-01
7.797703742981000330e-01,7.950240969657900170e-01,7.820563912391700345e-01,7.973011136055000447e-01
7.950240969657900170e-01,8.104020357132000196e-01,7.973011136055000447e-01,8.126675486564599593e-01
8.104020357132000196e-01,8.258994221687300241e-01,8.126675486564599593e-01,8.281506896018999697e-01
8.258994221687300241e-01,8.415114283561699882e-01,8.281506896018999697e-01,8.437455296516399583e-01
8.415114283561699882e-01,8.572331666946400031e-01,8.437455296516399583e-01,8.594470620155300056e-01
8.572331666946400031e-01,8.730597496032700411e-01,8.594470620155300056e-01,8.752503395080599713e-01
8.730597496032700411e-01,8.889862298965499621e-01,8.752503395080599713e-01,8.911501765251199636e-01
8.889862298965499621e-01,9.050074815750099866e-01,8.911501765251199636e-01,9.071416258811999533e-01
9.050074815750099866e-01,9.211184382438699636e-01,9.071416258811999533e-01,9.232195019722000406e-01
9.211184382438699636e-01,9.373139739036600027e-01,9.232195019722000406e-01,9.393787384033199794e-01
9.373139739036600027e-01,9.535889625549299753e-01,9.393787384033199794e-01,9.556141495704699729e-01
9.535889625549299753e-01,9.699380397796599773e-01,9.556141495704699729e-01,9.719204902648900246e-01
9.699380397796599773e-01,9.863559603691099964e-01,9.719204902648900246e-01,9.882926344871499902e-01
9.863559603691099964e-01,1.002837300300599921e+00,9.882926344871499902e-01,1.004725217819200100e+00
1.002837300300599921e+00,1.019376873969999986e+00,1.004725217819200100e+00,1.021213173866299950e+00
1.019376873969999986e+00,1.035969138145399926e+00,1.021213173866299950e+00,1.037750959396400052e+00
1.035969138145399926e+00,1.052608728408799932e+00,1.037750959396400052e+00,1.054333567619299972e+00
1.052608728408799932e+00,1.069290041923500079e+00,1.054333567619299972e+00,1.070955514907800055e+00
1.069290041923500079e+00,1.086007714271499891e+00,1.070955514907800055e+00,1.087611556053200035e+00
1.086007714271499891e+00,1.102756261825599937e+00,1.087611556053200035e+00,1.104296326637300041e+00
1.102756261825599937e+00,1.119530081748999928e+00,1.104296326637300041e+00,1.121004581451400028e+00
1.119530081748999928e+00,1.136323809623700054e+00,1.121004581451400028e+00,1.137731075286900095e+00
1.136323809623700054e+00,1.153131842613200009e+00,1.137731075286900095e+00,1.154470443725599926e+00
1.153131842613200009e+00,1.169948816299400063e+00,1.154470443725599926e+00,1.171217560768099908e+00
1.169948816299400063e+00,1.186769127845799909e+00,1.171217560768099908e+00,1.187966942787199942e+00
1.186769127845799909e+00,1.203587293624899912e+00,1.187966942787199942e+00,1.204713702201799963e+00
1.203587293624899912e+00,1.220398068428000027e+00,1.204713702201799963e+00,1.221452355384800015e+00
1.220398068428000027e+00,1.237195849418599947e+00,1.221452355384800015e+00,1.238178014755199952e+00
1.237195849418599947e+00,1.253975391387899929e+00,1.238178014755199952e+00,1.254885435104400093e+00
1.253975391387899929e+00,1.270731449127199930e+00,1.254885435104400093e+00,1.271569490432699956e+00
1.270731449127199930e+00,1.287458539009100011e+00,1.271569490432699956e+00,1.288225173950199975e+00
1.287458539009100011e+00,1.304151535034199894e+00,1.288225173950199975e+00,1.304847717285199993e+00
1.304151535034199894e+00,1.320805311203000043e+00,1.304847717285199993e+00,1.321431994438200030e+00
1.320805311203000043e+00,1.337414741516099959e+00,1.321431994438200030e+00,1.337973117828400005e+00
1.337414741516099959e+00,1.353974699974100027e+00,1.337973117828400005e+00,1.354466557502699953e+00
1.353974699974100027e+00,1.370480418205300088e+00,1.354466557502699953e+00,1.370907306671099946e+00
1.370480418205300088e+00,1.386926770210300086e+00,1.370907306671099946e+00,1.387290954589800007e+00
1.386926770210300086e+00,1.403309345245399964e+00,1.387290954589800007e+00,1.403612852096600028e+00
1.403309345245399964e+00,1.419623136520399953e+00,1.403612852096600028e+00,1.419868469238299902e+00
1.419623136520399953e+00,1.435863971710199971e+00,1.419868469238299902e+00,1.436053872108500107e+00
1.435863971710199971e+00,1.452027440071099962e+00,1.436053872108500107e+00,1.452164411544800027e+00
1.452027440071099962e+00,1.468109130859400091e+00,1.452164411544800027e+00,1.468196034431499930e+00
1.468109130859400091e+00,1.484103560447699977e+00,1.468196034431499930e+00,1.484143733978299906e+00
1.484103560447699977e+00,1.500000000000000000e+00,1.484143733978299906e+00,1.500000000000000000e+00
-3.898506239056599709e-02,-3.873528167605400085e-02,-3.586644679307900152e-02,-3.559035807848000277e-02
-3.873528167605400085e-02,-3.800566494464899941e-02,-3.559035807848000277e-02,-3.478236868977500201e-02
-3.800566494464899941e-02,-3.685719519853600246e-02,-3.478236868977500201e-02,-3.353675827383999913e-02
-3.685719519853600246e-02,-3.517565503716500036e-02,-3.353675827383999913e-02,-3.176338598132100177e-02
-3.517565503716500036e-02,-3.280099853873300053e-02,-3.176338598132100177e-02,-2.928857505321499910e-02
-3.280099853873300053e-02,-2.945450693368899947e-02,-2.928857505321499910e-02,-2.585372328758199847e-02
-2.945450693368899947e-02,-2.484747394919399957e-02,-2.585372328758199847e-02,-2.115875482559199938e-02
-2.484747394919399957e-02,-1.862333156168500051e-02,-2.115875482559199938e-02,-1.486191246658600043e-02
-1.862333156168500051e-02,-1.049597095698099995e-02,-1.486191246658600043e-02,-6.639542989432799594e-03
-1.049597095698099995e-02,-1.592651242390299938e-04,-6.639542989432799594e-03,3.818318480625700062e-03
-1.592651242390299938e-04,1.261612400412599928e-02,3.818318480625700062e-03,1.674567908048599923e-02
1.261612400412599928e-02,2.794211544096500063e-02,1.674567908048599923e-02,3.225497156381600117e-02
2.794211544096500063e-02,4.577487334608999758e-02,3.225497156381600117e-02,5.029829964041700185e-02
4.577487334608999758e-02,6.591284275054899722e-02,5.029829964041700185e-02,7.065004855394399486e-02
6.591284275054899722e-02,8.797439932823200581e-02,7.065004855394399486e-02,9.289751201868100272e-02
8.797439932823200581e-02,1.114064380526500059e-01,9.289751201868100272e-02,1.164584383368500037e-01
1.114064380526500059e-01,1.355822682380699862e-01,1.164584383368500037e-01,1.406649202108400110e-01
1.355822682380699862e-01,1.597852408885999942e-01,1.406649202108400110e-01,1.647864431142800068e-01
1.597852408885999942e-01,1.833226829767199972e-01,1.647864431142800068e-01,1.881273835897399882e-01
1.833226829767199972e-01,2.056041508912999916e-01,1.881273835897399882e-01,2.101053744554499947e-01
2.056041508912999916e-01,2.261812090873699943e-01,2.101053744554499947e-01,2.302939444780300049e-01
2.261812090873699943e-01,2.447721511125600102e-01,2.302939444780300049e-01,2.484407275915100077e-01
2.447721511125600102e-01,2.612590789794900226e-01,2.484407275915100077e-01,2.644586265087099930e-01
2.612590789794900226e-01,2.756566703319500156e-01,2.644586265087099930e-01,2.783908843994100102e-01
2.756566703319500156e-01,2.897119820117999844e-01,2.783908843994100102e-01,2.920043468475300164e-01
2.897119820117999844e-01,3.046656548976899859e-01,2.920043468475300164e-01,3.065588474273699959e-01
3.046656548976899859e-01,3.203681409358999921e-01,3.065588474273699959e-01,3.219211101532000185e-01
3.203681409358999921e-01,3.366460800170900103e-01,3.219211101532000185e-01,3.379273712634999760e-01
3.366460800170900103e-01,3.533009886741599881e-01,3.379273712634999760e-01,3.543850183486900174e-01
3.533009886741599881e-01,3.701168894767800088e-01,3.543850183486900174e-01,3.710789084434499840e-01
3.701168894767800088e-01,3.868721127510100222e-01,3.710789084434499840e-01,3.877818584442099814e-01
3.868721127510100222e-01,4.033494293689700028e-01,3.877818584442099814e-01,4.042670130729700273e-01
4.033494293689700028e-01,4.193454682826999735e-01,4.042670130729700273e-01,4.203201532363899928e-01
4.193454682826999735e-01,4.346821010112800199e-01,4.203201532363899928e-01,4.357502758503000173e-01
4.346821010112800199e-01,4.492078125476799966e-01,4.357502758503000173e-01,4.503943920135500267e-01
4.492078125476799966e-01,4.627914428710899752e-01,4.503943920135500267e-01,4.641177654266400165e-01
4.627914428710899752e-01,4.753224253654499964e-01,4.641177654266400165e-01,4.768142700195299732e-01
4.753224253654499964e-01,4.867091774940500160e-01,4.768142700195299732e-01,4.884313642978699854e-01
4.867091774940500160e-01,4.970801174640699926e-01,4.884313642978699854e-01,4.991753101348900268e-01
4.970801174640699926e-01,5.080026388168300544e-01,4.991753101348900268e-01,5.104232430458099934e-01
5.080026388168300544e-01,5.196520090103099454e-01,5.104232430458099934e-01,5.221529603004499975e-01
5.196520090103099454e-01,5.310247540473900241e-01,5.221529603004499975e-01,5.335522294044500180e-01
5.310247540473900241e-01,5.427318215370200427e-01,5.335522294044500180e-01,5.452250838279699696e-01
5.427318215370200427e-01,5.548147559166000109e-01,5.452250838279699696e-01,5.572497248649600499e-01
5.548147559166000109e-01,5.672261118888900500e-01,5.572497248649600499e-01,5.696010589599600493e-01
5.672261118888900500e-01,5.799188017845200438e-01,5.696010589599600493e-01,5.822413563728300323e-01
5.799188017845200438e-01,5.928580760955800555e-01,5.822413563728300323e-01,5.951385498046900535e-01
5.928580760955800555e-01,6.060194969177199464e-01,5.951385498046900535e-01,6.082680821418799955e-01
6.060194969177199464e-01,6.193858981132499553e-01,6.082680821418799955e-01,6.216113567352300473e-01
6.193858981132499553e-01,6.329448223114000349e-01,6.216113567352300473e-01,6.351542472839399878e-01
6.329448223114000349e-01,6.466866135597200138e-01,6.351542472839399878e-01,6.488856077194200545e-01
6.466866135597200138e-01,6.606035828590399728e-01,6.488856077194200545e-01,6.627963185310400407e-01
6.606035828590399728e-01,6.746894717216499471e-01,6.627963185310400407e-01,6.768788099288900462e-01
6.746894717216499471e-01,6.889384984970100545e-01,6.768788099288900462e-01,6.911264061927799851e-01
6.889384984970100545e-01,7.033457159996000518e-01,6.911264061927799851e-01,7.055332064628599964e-01
7.033457159996000518e-01,7.179062962532000158e-01,7.055332064628599964e-01,7.200936079025299641e-01
7.179062962532000158e-01,7.326156497001600210e-01,7.200936079025299641e-01,7.348024249076799963e-01
7.326156497001600210e-01,7.474693059921300176e-01,7.348024249076799963e-01,7.496547698974600493e-01
7.474693059921300176e-01,7.624629139900199748e-01,7.496547698974600493e-01,7.646456956863399990e-01
7.624629139900199748e-01,7.775920033454899460e-01,7.646456956863399990e-01,7.797703742981000330e-01
7.775920033454899460e-01,7.928521037101700086e-01,7.797703742981000330e-01,7.950240969657900170e-01
7.928521037101700086e-01,8.082387447357199939e-01,7.950240969657900170e-01,8.104020357132000196e-01
8.082387447357199939e-01,8.237473368644699923e-01,8.104020357132000196e-01,8.258994221687300241e-01
8.237473368644699923e-01,8.393732905387899512e-01,8.258994221687300241e-01,8.415114283561699882e-01
8.393732905387899512e-01,8.551118373870799649e-01,8.415114283561699882e-01,8.572331666946400031e-01
8.551118373870799649e-01,8.709582090377799846e-01,8.572331666946400031e-01,8.730597496032700411e-01
8.709582090377799846e-01,8.869075179099999984e-01,8.730597496032700411e-01,8.889862298965499621e-01
8.869075179099999984e-01,9.029547572135899758e-01,8.889862298965499621e-01,9.050074815750099866e-01
9.029547572135899758e-01,9.190949201583900052e-01,9.050074815750099866e-01,9.211184382438699636e-01
9.190949201583900052e-01,9.353228211402899728e-01,9.211184382438699636e-01,9.373139739036600027e-01
9.353228211402899728e-01,9.516333341598499640e-01,9.373139739036600027e-01,9.535889625549299753e-01
9.516333341598499640e-01,9.680210947990399717e-01,9.535889625549299753e-01,9.699380397796599773e-01
9.680210947990399717e-01,9.844807982444799821e-01,9.699380397796599773e-01,9.863559603691099964e-01
9.844807982444799821e-01,1.001006960868799922e+00,9.863559603691099964e-01,1.002837300300599921e+00
1.001006960868799922e+00,1.017594218254100014e+00,1.002837300300599921e+00,1.019376873969999986e+00
1.017594218254100014e+00,1.034237027168299905e+00,1.019376873969999986e+00,1.035969138145399926e+00
1.034237027168299905e+00,1.050929784774800035e+00,1.035969138145399926e+00,1.052608728408799932e+00
1.050929784774800035e+00,1.067666769027699969e+00,1.052608728408799932e+00,1.069290041923500079e+00
1.067666769027699969e+00,1.084442615508999896e+00,1.069290041923500079e+00,1.086007714271499891e+00
1.084442615508999896e+00,1.101251363754299994e+00,1.086007714271499891e+00,1.102756261825599937e+00
1.101251363754299994e+00,1.118087530136099961e+00,1.102756261825599937e+00,1.119530081748999928e+00
1.118087530136099961e+00,1.134945273399400101e+00,1.119530081748999928e+00,1.136323809623700054e+00
1.134945273399400101e+00,1.151818990707399903e+00,1.136323809623700054e+00,1.153131842613200009e+00
1.151818990707399903e+00,1.168702960014299963e+00,1.153131842613200009e+00,1.169948816299400063e+00
1.168702960014299963e+00,1.185591459274299986e+00,1.169948816299400063e+00,1.186769127845799909e+00
1.185591459274299986e+00,1.202478647232100073e+00,1.186769127845799909e+00,1.203587293624899912e+00
1.202478647232100073e+00,1.219359159469600051e+00,1.203587293624899912e+00,1.220398068428000027e+00
1.219359159469600051e+00,1.236227035522500017e+00,1.220398068428000027e+00,1.237195849418599947e+00
1.236227035522500017e+00,1.253076791763299891e+00,1.237195849418599947e+00,1.253975391387899929e+00
1.253076791763299891e+00,1.269902944564800018e+00,1.253975391387899929e+00,1.270731449127199930e+00
1.269902944564800018e+00,1.286699891090399950e+00,1.270731449127199930e+00,1.287458539009100011e+00
1.286699891090399950e+00,1.303462028503399983e+00,1.287458539009100011e+00,1.304151535034199894e+00
1.303462028503399983e+00,1.320183992385900007e+00,1.304151535034199894e+00,1.320805311203000043e+00
1.320183992385900007e+00,1.336860537528999915e+00,1.320805311203000043e+00,1.337414741516099959e+00
1.336860537528999915e+00,1.353486299514800040e+00,1.337414741516099959e+00,1.353974699974100027e+00
1.353486299514800040e+00,1.370056033134499973e+00,1.353974699974100027e+00,1.370480418205300088e+00
1.370056033134499973e+00,1.386564612388599960e+00,1.370480418205300088e+00,1.386926770210300086e+00
1.386564612388599960e+00,1.403007030487100071e+00,1.386926770210300086e+00,1.403309345245399964e+00
1.403007030487100071e+00,1.419378638267499992e+00,1.403309345245399964e+00,1.419623136520399953e+00
1.419378638267499992e+00,1.435674428939800018e+00,1.419623136520399953e+00,1.435863971710199971e+00
1.435674428939800018e+00,1.451890230178799923e+00,1.435863971710199971e+00,1.452027440071099962e+00
1.451890230178799923e+00,1.468021631240800096e+00,1.452027440071099962e+00,1.468109130859400091e+00
1.468021631240800096e+00,1.484062910080000020e+00,1.468109130859400091e+00,1.484103560447699977e+00
1.484062910080000020e+00,1.500000000000000000e+00,1.484103560447699977e+00,1.500000000000000000e+00
-4.236478358507200087e-02,-4.214843362569799939e-02,-3.898506239056599709e-02,-3.873528167605400085e-02
-4.214843362569799939e-02,-4.153286665678000006e-02,-3.873528167605400085e-02,-3.800566494464899941e-02
-4.153286665678000006e-02,-4.051267355680499699e-02,-3.800566494464899941e-02,-3.685719519853600246e-02
-4.051267355680499699e-02,-3.892323747277300072e-02,-3.685719519853600246e-02,-3.517565503716500036e-02
-3.892323747277300072e-02,-3.666254505515099960e-02,-3.517565503716500036e-02,-3.280099853873300053e-02
-3.666254505515099960e-02,-3.339661657810200079e-02,-3.280099853873300053e-02,-2.945450693368899947e-02
-3.339661657810200079e-02,-2.888227626681300064e-02,-2.945450693368899947e-02,-2.484747394919399957e-02
-2.888227626681300064e-02,-2.269819937646400110e-02,-2.484747394919399957e-02,-1.862333156168500051e-02
-2.269819937646400110e-02,-1.465368457138500023e-02,-1.862333156168500051e-02,-1.049597095698099995e-02
-1.465368457138500023e-02,-4.429787863045899637e-03,-1.049597095698099995e-02,-1.592651242390299938e-04
-4.429787863045899637e-03,8.209593594074200695e-03,-1.592651242390299938e-04,1.261612400412599928e-02
8.209593594074200695e-03,2.338073775172199928e-02,1.261612400412599928e-02,2.794211544096500063e-02
2.338073775172199928e-02,4.102966934442500019e-02,2.794211544096500063e-02,4.577487334608999758e-02
4.102966934442500019e-02,6.098173186183000055e-02,4.577487334608999758e-02,6.591284275054899722e-02
6.098173186183000055e-02,8.288699388504000565e-02,6.591284275054899722e-02,8.797439932823200581e-02
8.288699388504000565e-02,1.062174364924400038e-01,8.797439932823200581e-02,1.114064380526500059e-01
1.062174364924400038e-01,1.303943991661100088e-01,1.114064380526500059e-01,1.355822682380699862e-01
1.303943991661100088e-01,1.547101736068700051e-01,1.355822682380699862e-01,1.597852408885999942e-01
1.547101736068700051e-01,1.784722805023200021e-01,1.597852408885999942e-01,1.833226829767199972e-01
1.784722805023200021e-01,2.010876089334500127e-01,1.833226829767199972e-01,2.056041508912999916e-01
2.010876089334500127e-01,2.220836579799700117e-01,2.056041508912999916e-01,2.261812090873699943e-01
2.220836579799700117e-01,2.411475032568000110e-01,2.261812090873699943e-01,2.447721511125600102e-01
2.411475032568000110e-01,2.581271529197700088e-01,2.447721511125600102e-01,2.612590789794900226e-01
2.581271529197700088e-01,2.730048298835799914e-01,2.612590789794900226e-01,2.756566703319500156e-01
2.730048298835799914e-01,2.874969840049699799e-01,2.756566703319500156e-01,2.897119820117999844e-01
2.874969840049699799e-01,3.028236627578699824e-01,2.897119820117999844e-01,3.046656548976899859e-01
3.028236627578699824e-01,3.188300728797899830e-01,3.046656548976899859e-01,3.203681409358999921e-01
3.188300728797899830e-01,3.353406488895400162e-01,3.203681409358999921e-01,3.366460800170900103e-01
3.353406488895400162e-01,3.521559536457100070e-01,3.366460800170900103e-01,3.533009886741599881e-01
3.521559536457100070e-01,3.690611422061900182e-01,3.533009886741599881e-01,3.701168894767800088e-01
3.690611422061900182e-01,3.858442604541800214e-01,3.701168894767800088e-01,3.868721127510100222e-01
3.858442604541800214e-01,4.023016095161400241e-01,3.868721127510100222e-01,4.033494293689700028e-01
4.023016095161400241e-01,4.182390868663800054e-01,4.033494293689700028e-01,4.193454682826999735e-01
4.182390868663800054e-01,4.334894120693200126e-01,4.193454682826999735e-01,4.346821010112800199e-01
4.334894120693200126e-01,4.479167759418499761e-01,4.346821010112800199e-01,4.492078125476799966e-01
4.479167759418499761e-01,4.613902866840399741e-01,4.492078125476799966e-01,4.627914428710899752e-01
4.613902866840399741e-01,4.738031923770900100e-01,4.627914428710899752e-01,4.753224253654499964e-01
4.738031923770900100e-01,4.850205481052399792e-01,4.753224253654499964e-01,4.867091774940500160e-01
4.850205481052399792e-01,4.950267672538800068e-01,4.867091774940500160e-01,4.970801174640699926e-01
4.950267672538800068e-01,5.054273009300199737e-01,4.970801174640699926e-01,5.080026388168300544e-01
5.054273009300199737e-01,5.170081853866600463e-01,5.080026388168300544e-01,5.196520090103099454e-01
5.170081853866600463e-01,5.284255146980300077e-01,5.196520090103099454e-01,5.310247540473900241e-01
5.284255146980300077e-01,5.402438640594500185e-01,5.310247540473900241e-01,5.427318215370200427e-01
5.402438640594500185e-01,5.524421334266700345e-01,5.427318215370200427e-01,5.548147559166000109e-01
5.524421334266700345e-01,5.649510622024499495e-01,5.548147559166000109e-01,5.672261118888900500e-01
5.649510622024499495e-01,5.777198076248200032e-01,5.672261118888900500e-01,5.799188017845200438e-01
5.777198076248200032e-01,5.907158851623499629e-01,5.799188017845200438e-01,5.928580760955800555e-01
5.907158851623499629e-01,6.039185523986799753e-01,5.928580760955800555e-01,6.060194969177199464e-01
6.039185523986799753e-01,6.173139214515700468e-01,6.060194969177199464e-01,6.193858981132499553e-01
6.173139214515700468e-01,6.308923959732100073e-01,6.193858981132499553e-01,6.329448223114000349e-01
6.308923959732100073e-01,6.446467041969300427e-01,6.329448223114000349e-01,6.466866135597200138e-01
6.446467041969300427e-01,6.585710644722000406e-01,6.466866135597200138e-01,6.606035828590399728e-01
6.585710644722000406e-01,6.726605892181399815e-01,6.606035828590399728e-01,6.746894717216499471e-01
6.726605892181399815e-01,6.869108080864000376e-01,6.746894717216499471e-01,6.889384984970100545e-01
6.869108080864000376e-01,7.013176679611200504e-01,6.889384984970100545e-01,7.033457159996000518e-01
7.013176679611200504e-01,7.158772349357600540e-01,7.033457159996000518e-01,7.179062962532000158e-01
7.158772349357600540e-01,7.305855751037599877e-01,7.179062962532000158e-01,7.326156497001600210e-01
7.305855751037599877e-01,7.454388141632100062e-01,7.326156497001600210e-01,7.474693059921300176e-01
7.454388141632100062e-01,7.604328989982600540e-01,7.474693059921300176e-01,7.624629139900199748e-01
7.604328989982600540e-01,7.755638957023599511e-01,7.624629139900199748e-01,7.775920033454899460e-01
7.755638957023599511e-01,7.908276319503799723e-01,7.775920033454899460e-01,7.928521037101700086e-01
7.908276319503799723e-01,8.062199354171799559e-01,7.928521037101700086e-01,8.082387447357199939e-01
8.062199354171799559e-01,8.217365145683299676e-01,8.082387447357199939e-01,8.237473368644699923e-01
8.217365145683299676e-01,8.373728990554799578e-01,8.237473368644699923e-01,8.393732905387899512e-01
8.373728990554799578e-01,8.531244993209800009e-01,8.393732905387899512e-01,8.551118373870799649e-01
8.531244993209800009e-01,8.689866662025500510e-01,8.551118373870799649e-01,8.709582090377799846e-01
8.689866662025500510e-01,8.849546909332299816e-01,8.709582090377799846e-01,8.869075179099999984e-01
8.849546909332299816e-01,9.010236263275099855e-01,8.869075179099999984e-01,9.029547572135899758e-01
9.010236263275099855e-01,9.171885251998900257e-01,9.029547572135899758e-01,9.190949201583900052e-01
9.171885251998900257e-01,9.334442615508999896e-01,9.190949201583900052e-01,9.353228211402899728e-01
9.334442615508999896e-01,9.497855901718099680e-01,9.353228211402899728e-01,9.516333341598499640e-01
9.497855901718099680e-01,9.662073254585300530e-01,9.516333341598499640e-01,9.680210947990399717e-01
9.662073254585300530e-01,9.827039241790800350e-01,9.680210947990399717e-01,9.844807982444799821e-01
9.827039241790800350e-01,9.992700815200800113e-01,9.844807982444799821e-01,1.001006960868799922e+00
9.992700815200800113e-01,1.015900135040300079e+00,1.001006960868799922e+00,1.017594218254100014e+00
1.015900135040300079e+00,1.032588601112399918e+00,1.017594218254100014e+00,1.034237027168299905e+00
1.032588601112399918e+00,1.049329638481099947e+00,1.034237027168299905e+00,1.050929784774800035e+00
1.049329638481099947e+00,1.066117644310000001e+00,1.050929784774800035e+00,1.067666769027699969e+00
1.066117644310000001e+00,1.082946658134499973e+00,1.067666769027699969e+00,1.084442615508999896e+00
1.082946658134499973e+00,1.099811077117899938e+00,1.084442615508999896e+00,1.101251363754299994e+00
1.099811077117899938e+00,1.116704940795899992e+00,1.101251363754299994e+00,1.118087530136099961e+00
1.116704940795899992e+00,1.133622407913200014e+00,1.118087530136099961e+00,1.134945273399400101e+00
1.133622407913200014e+00,1.150557398796099973e+00,1.134945273399400101e+00,1.151818990707399903e+00
1.150557398796099973e+00,1.167504191398599955e+00,1.151818990707399903e+00,1.168702960014299963e+00
1.167504191398599955e+00,1.184456706047100072e+00,1.168702960014299963e+00,1.185591459274299986e+00
1.184456706047100072e+00,1.201409220695500046e+00,1.185591459274299986e+00,1.202478647232100073e+00
1.201409220695500046e+00,1.218355655670199988e+00,1.202478647232100073e+00,1.219359159469600051e+00
1.218355655670199988e+00,1.235290169715899999e+00,1.219359159469600051e+00,1.236227035522500017e+00
1.235290169715899999e+00,1.252206921577500021e+00,1.236227035522500017e+00,1.253076791763299891e+00
1.252206921577500021e+00,1.269099950790399944e+00,1.253076791763299891e+00,1.269902944564800018e+00
1.269099950790399944e+00,1.285963654518099908e+00,1.269902944564800018e+00,1.286699891090399950e+00
1.285963654518099908e+00,1.302792191505399932e+00,1.286699891090399950e+00,1.303462028503399983e+00
1.302792191505399932e+00,1.319579958915700013e+00,1.303462028503399983e+00,1.320183992385900007e+00
1.319579958915700013e+00,1.336321234703099936e+00,1.320183992385900007e+00,1.336860537528999915e+00
1.336321234703099936e+00,1.353010416030899998e+00,1.336860537528999915e+00,1.353486299514800040e+00
1.353010416030899998e+00,1.369642257690399934e+00,1.353486299514800040e+00,1.370056033134499973e+00
1.369642257690399934e+00,1.386211156845100101e+00,1.370056033134499973e+00,1.386564612388599960e+00
1.386211156845100101e+00,1.402711868286099950e+00,1.386564612388599960e+00,1.403007030487100071e+00
1.402711868286099950e+00,1.419139385223399996e+00,1.403007030487100071e+00,1.419378638267499992e+00
1.419139385223399996e+00,1.435488820076000094e+00,1.419378638267499992e+00,1.435674428939800018e+00
1.435488820076000094e+00,1.451755285263099937e+00,1.435674428939800018e+00,1.451890230178799923e+00
1.451755285263099937e+00,1.467934727668799955e+00,1.451890230178799923e+00,1.468021631240800096e+00
1.467934727668799955e+00,1.484021782875099893e+00,1.468021631240800096e+00,1.484062910080000020e+00
1.484021782875099893e+00,1.500000000000000000e+00,1.484062910080000020e+00,1.500000000000000000e+00
-4.602825269103100192e-02,-4.584112018346799683e-02,-4.236478358507200087e-02,-4.214843362569799939e-02
-4.584112018346799683e-02,-4.539114236831699734e-02,-4.214843362569799939e-02,-4.153286665678000006e-02
-4.539114236831699734e-02,-4.452862963080399944e-02,-4.153286665678000006e-02,-4.051267355680499699e-02
-4.452862963080399944e-02,-4.299153760075599684e-02,-4.051267355680499699e-02,-3.892323747277300072e-02
-4.299153760075599684e-02,-4.085772112011899770e-02,-3.892323747277300072e-02,-3.666254505515099960e-02
-4.085772112011899770e-02,-3.763444349169699915e-02,-3.666254505515099960e-02,-3.339661657810200079e-02
-3.763444349169699915e-02,-3.323706611990900200e-02,-3.339661657810200079e-02,-2.888227626681300064e-02
-3.323706611990900200e-02,-2.702108584344399891e-02,-2.888227626681300064e-02,-2.269819937646400110e-02
-2.702108584344399891e-02,-1.903482340276200016e-02,-2.269819937646400110e-02,-1.465368457138500023e-02
-1.903482340276200016e-02,-8.913869038224199459e-03,-1.465368457138500023e-02,-4.429787863045899637e-03
-8.913869038224199459e-03,3.608191153034599925e-03,-4.429787863045899637e-03,8.209593594074200695e-03
3.608191153034599925e-03,1.867806911468499961e-02,8.209593594074200695e-03,2.338073775172199928e-02
1.867806911468499961e-02,3.619038686156299950e-02,2.338073775172199928e-02,4.102966934442500019e-02
3.619038686156299950e-02,5.600047111511199938e-02,4.102966934442500019e-02,6.098173186183000055e-02
5.600047111511199938e-02,7.778915017843200663e-02,6.098173186183000055e-02,8.288699388504000565e-02
7.778915017843200663e-02,1.010437905788399982e-01,8.288699388504000565e-02,1.062174364924400038e-01
1.010437905788399982e-01,1.252397894859300087e-01,1.062174364924400038e-01,1.303943991661100088e-01
1.252397894859300087e-01,1.496738642454099877e-01,1.303943991661100088e-01,1.547101736068700051e-01
1.496738642454099877e-01,1.736464351415600016e-01,1.547101736068700051e-01,1.784722805023200021e-01
1.736464351415600016e-01,1.965745240449900122e-01,1.784722805023200021e-01,2.010876089334500127e-01
1.965745240449900122e-01,2.179559171199799972e-01,2.010876089334500127e-01,2.220836579799700117e-01
2.179559171199799972e-01,2.374490499496499929e-01,2.220836579799700117e-01,2.411475032568000110e-01
2.374490499496499929e-01,2.548671960830700134e-01,2.411475032568000110e-01,2.581271529197700088e-01
2.548671960830700134e-01,2.701610326766999970e-01,2.581271529197700088e-01,2.730048298835799914e-01
2.701610326766999970e-01,2.850157618522600189e-01,2.730048298835799914e-01,2.874969840049699799e-01
2.850157618522600189e-01,3.006331026554099894e-01,2.874969840049699799e-01,3.028236627578699824e-01
3.006331026554099894e-01,3.168659806251499789e-01,3.028236627578699824e-01,3.188300728797899830e-01
3.168659806251499789e-01,3.335447907447799953e-01,3.188300728797899830e-01,3.353406488895400162e-01
3.335447907447799953e-01,3.504785299301100276e-01,3.353406488895400162e-01,3.521559536457100070e-01
3.504785299301100276e-01,3.674484491348299908e-01,3.521559536457100070e-01,3.690611422061900182e-01
3.674484491348299908e-01,3.842517137527500237e-01,3.690611422061900182e-01,3.858442604541800214e-01
3.842517137527500237e-01,4.006999135017400016e-01,3.858442604541800214e-01,4.023016095161400241e-01
4.006999135017400016e-01,4.166076481342300131e-01,4.023016095161400241e-01,4.182390868663800054e-01
4.166076481342300131e-01,4.318081140518200134e-01,4.182390868663800054e-01,4.334894120693200126e-01
4.318081140518200134e-01,4.461880922317499887e-01,4.334894120693200126e-01,4.479167759418499761e-01
4.461880922317499887e-01,4.596185386180899890e-01,4.479167759418499761e-01,4.613902866840399741e-01
4.596185386180899890e-01,4.720117449760399819e-01,4.613902866840399741e-01,4.738031923770900100e-01
4.720117449760399819e-01,4.832226634025599821e-01,4.738031923770900100e-01,4.850205481052399792e-01
4.832226634025599821e-01,4.930926561355600257e-01,4.850205481052399792e-01,4.950267672538800068e-01
4.930926561355600257e-01,5.027500987052899717e-01,4.950267672538800068e-01,5.054273009300199737e-01
5.027500987052899717e-01,5.142852067947399908e-01,5.054273009300199737e-01,5.170081853866600463e-01
5.142852067947399908e-01,5.259172320365900211e-01,5.170081853866600463e-01,5.284255146980300077e-01
5.259172320365900211e-01,5.379673242568999703e-01,5.284255146980300077e-01,5.402438640594500185e-01
5.379673242568999703e-01,5.503445863723800402e-01,5.402438640594500185e-01,5.524421334266700345e-01
5.503445863723800402e-01,5.629819035530100324e-01,5.524421334266700345e-01,5.649510622024499495e-01
5.629819035530100324e-01,5.758410692215000237e-01,5.649510622024499495e-01,5.777198076248200032e-01
5.758410692215000237e-01,5.889002680778500087e-01,5.777198076248200032e-01,5.907158851623499629e-01
5.889002680778500087e-01,6.021465063095100545e-01,5.907158851623499629e-01,6.039185523986799753e-01
6.021465063095100545e-01,6.155713200569199461e-01,6.039185523986799753e-01,6.173139214515700468e-01
6.155713200569199461e-01,6.291689872741700329e-01,6.173139214515700468e-01,6.308923959732100073e-01
6.291689872741700329e-01,6.429350376129200351e-01,6.308923959732100073e-01,6.446467041969300427e-01
6.429350376129200351e-01,6.568658351898200021e-01,6.446467041969300427e-01,6.585710644722000406e-01
6.568658351898200021e-01,6.709579825401299491e-01,6.585710644722000406e-01,6.726605892181399815e-01
6.709579825401299491e-01,6.852083206176800001e-01,6.726605892181399815e-01,6.869108080864000376e-01
6.852083206176800001e-01,6.996136903762799619e-01,6.869108080864000376e-01,7.013176679611200504e-01
6.996136903762799619e-01,7.141708731651299491e-01,7.013176679611200504e-01,7.158772349357600540e-01
7.141708731651299491e-01,7.288765907287599877e-01,7.158772349357600540e-01,7.305855751037599877e-01
7.288765907287599877e-01,7.437273859977699964e-01,7.305855751037599877e-01,7.454388141632100062e-01
7.437273859977699964e-01,7.587198615074199903e-01,7.454388141632100062e-01,7.604328989982600540e-01
7.587198615074199903e-01,7.738502621650700242e-01,7.604328989982600540e-01,7.755638957023599511e-01
7.738502621650700242e-01,7.891147732734700160e-01,7.755638957023599511e-01,7.908276319503799723e-01
7.891147732734700160e-01,8.045095205307000175e-01,7.908276319503799723e-01,8.062199354171799559e-01
8.045095205307000175e-01,8.200303316116299701e-01,8.062199354171799559e-01,8.217365145683299676e-01
8.200303316116299701e-01,8.356730341911300375e-01,8.217365145683299676e-01,8.373728990554799578e-01
8.356730341911300375e-01,8.514331579208399559e-01,8.373728990554799578e-01,8.531244993209800009e-01
8.514331579208399559e-01,8.673062920570400181e-01,8.531244993209800009e-01,8.689866662025500510e-01
8.673062920570400181e-01,8.832876682281499692e-01,8.689866662025500510e-01,8.849546909332299816e-01
8.832876682281499692e-01,8.993725180625899984e-01,8.849546909332299816e-01,9.010236263275099855e-01
8.993725180625899984e-01,9.155559539794899671e-01,9.010236263275099855e-01,9.171885251998900257e-01
9.155559539794899671e-01,9.318329095840499621e-01,9.171885251998900257e-01,9.334442615508999896e-01
9.318329095840499621e-01,9.481981992721599806e-01,9.334442615508999896e-01,9.497855901718099680e-01
9.481981992721599806e-01,9.646465182304400088e-01,9.497855901718099680e-01,9.662073254585300530e-01
9.646465182304400088e-01,9.811725020408600395e-01,9.662073254585300530e-01,9.827039241790800350e-01
9.811725020408600395e-01,9.977706074714699502e-01,9.827039241790800350e-01,9.992700815200800113e-01
9.977706074714699502e-01,1.014435291290300079e+00,9.992700815200800113e-01,1.015900135040300079e+00
1.014435291290300079e+00,1.031160950660700015e+00,1.015900135040300079e+00,1.032588601112399918e+00
1.031160950660700015e+00,1.047941684722899947e+00,1.032588601112399918e+00,1.049329638481099947e+00
1.047941684722899947e+00,1.064771652221699894e+00,1.049329638481099947e+00,1.066117644310000001e+00
1.064771652221699894e+00,1.081645011901900100e+00,1.066117644310000001e+00,1.082946658134499973e+00
1.081645011901900100e+00,1.098555922508200000e+00,1.082946658134499973e+00,1.099811077117899938e+00
1.098555922508200000e+00,1.115498185157800082e+00,1.099811077117899938e+00,1.116704940795899992e+00
1.115498185157800082e+00,1.132465958595300082e+00,1.116704940795899992e+00,1.133622407913200014e+00
1.132465958595300082e+00,1.149452924728399994e+00,1.133622407913200014e+00,1.150557398796099973e+00
1.149452924728399994e+00,1.166453242301900062e+00,1.150557398796099973e+00,1.167504191398599955e+00
1.166453242301900062e+00,1.183460593223599977e+00,1.167504191398599955e+00,1.184456706047100072e+00
1.183460593223599977e+00,1.200469017028799934e+00,1.184456706047100072e+00,1.201409220695500046e+00
1.200469017028799934e+00,1.217472195625300069e+00,1.201409220695500046e+00,1.218355655670199988e+00
1.217472195625300069e+00,1.234464287757899958e+00,1.218355655670199988e+00,1.235290169715899999e+00
1.234464287757899958e+00,1.251438975334199899e+00,1.235290169715899999e+00,1.252206921577500021e+00
1.251438975334199899e+00,1.268390417098999912e+00,1.252206921577500021e+00,1.269099950790399944e+00
1.268390417098999912e+00,1.285312414169299977e+00,1.269099950790399944e+00,1.285963654518099908e+00
1.285312414169299977e+00,1.302199006080599908e+00,1.285963654518099908e+00,1.302792191505399932e+00
1.302199006080599908e+00,1.319044351577800089e+00,1.302792191505399932e+00,1.319579958915700013e+00
1.319044351577800089e+00,1.335842490196200050e+00,1.319579958915700013e+00,1.336321234703099936e+00
1.335842490196200050e+00,1.352587699890100081e+00,1.336321234703099936e+00,1.353010416030899998e+00
1.352587699890100081e+00,1.369274377822899957e+00,1.353010416030899998e+00,1.369642257690399934e+00
1.369274377822899957e+00,1.385896563530000014e+00,1.369642257690399934e+00,1.386211156845100101e+00
1.385896563530000014e+00,1.402449011802699985e+00,1.386211156845100101e+00,1.402711868286099950e+00
1.402449011802699985e+00,1.418926239013700075e+00,1.402711868286099950e+00,1.419139385223399996e+00
1.418926239013700075e+00,1.435322999954200096e+00,1.419139385223399996e+00,1.435488820076000094e+00
1.435322999954200096e+00,1.451634168624899912e+00,1.435488820076000094e+00,1.451755285263099937e+00
1.451634168624899912e+00,1.467855334281900070e+00,1.451755285263099937e+00,1.467934727668799955e+00
1.467855334281900070e+00,1.483981847763099937e+00,1.467934727668799955e+00,1.484021782875099893e+00
1.483981847763099937e+00,1.500000000000000000e+00,1.484021782875099893e+00,1.500000000000000000e+00
-5.000000074505799724e-02,-4.981246963143300122e-02,-4.602825269103100192e-02,-4.584112018346799683e-02
-4.981246963143300122e-02,-4.948476701974899999e-02,-4.584112018346799683e-02,-4.539114236831699734e-02
-4.948476701974899999e-02,-4.871563240885699864e-02,-4.539114236831699734e-02,-4.452862963080399944e-02
-4.871563240885699864e-02,-4.713860154151899851e-02,-4.452862963080399944e-02,-4.299153760075599684e-02
-4.713860154151899851e-02,-4.509206116199499653e-02,-4.299153760075599684e-02,-4.085772112011899770e-02
-4.509206116199499653e-02,-4.180786758661299979e-02,-4.085772112011899770e-02,-3.763444349169699915e-02
-4.180786758661299979e-02,-3.749101236462600018e-02,-3.763444349169699915e-02,-3.323706611990900200e-02
-3.749101236462600018e-02,-3.119580447673800036e-02,-3.323706611990900200e-02,-2.702108584344399891e-02
-3.119580447673800036e-02,-2.318575792014599887e-02,-2.702108584344399891e-02,-1.903482340276200016e-02
-2.318575792014599887e-02,-1.309222541749499938e-02,-1.903482340276200016e-02,-8.913869038224199459e-03
-1.309222541749499938e-02,-6.398779805749700306e-04,-8.913869038224199459e-03,3.608191153034599925e-03
-6.398779805749700306e-04,1.439877413213300032e-02,3.608191153034599925e-03,1.867806911468499961e-02
1.439877413213300032e-02,3.186116367578500225e-02,1.867806911468499961e-02,3.619038686156299950e-02
3.186116367578500225e-02,5.161242559552200321e-02,3.619038686156299950e-02,5.600047111511199938e-02
5.161242559552200321e-02,7.334396988153500663e-02,5.600047111511199938e-02,7.778915017843200663e-02
7.334396988153500663e-02,9.653810411691700344e-02,7.778915017843200663e-02,1.010437905788399982e-01
9.653810411691700344e-02,1.207135543227200042e-01,1.010437905788399982e-01,1.252397894859300087e-01
1.207135543227200042e-01,1.451596766710299968e-01,1.252397894859300087e-01,1.496738642454099877e-01
1.451596766710299968e-01,1.691815257072399881e-01,1.496738642454099877e-01,1.736464351415600016e-01
1.691815257072399881e-01,1.922051310539200086e-01,1.736464351415600016e-01,1.965745240449900122e-01
1.922051310539200086e-01,2.137060165405300083e-01,1.965745240449900122e-01,2.179559171199799972e-01
2.137060165405300083e-01,2.333386540412900056e-01,2.179559171199799972e-01,2.374490499496499929e-01
2.333386540412900056e-01,2.509003281593299994e-01,2.374490499496499929e-01,2.548671960830700134e-01
2.509003281593299994e-01,2.663198411464700044e-01,2.548671960830700134e-01,2.701610326766999970e-01
2.663198411464700044e-01,2.812829613685600139e-01,2.701610326766999970e-01,2.850157618522600189e-01
2.812829613685600139e-01,2.969814240932500127e-01,2.850157618522600189e-01,3.006331026554099894e-01
2.969814240932500127e-01,3.132707178592700203e-01,3.006331026554099894e-01,3.168659806251499789e-01
3.132707178592700203e-01,3.299794793129000037e-01,3.168659806251499789e-01,3.335447907447799953e-01
3.299794793129000037e-01,3.469361662864700047e-01,3.335447907447799953e-01,3.504785299301100276e-01
3.469361662864700047e-01,3.639191985130300067e-01,3.504785299301100276e-01,3.674484491348299908e-01
3.639191985130300067e-01,3.807232975959800036e-01,3.674484491348299908e-01,3.842517137527500237e-01
3.807232975959800036e-01,3.971581459045400164e-01,3.842517137527500237e-01,4.006999135017400016e-01
3.971581459045400164e-01,4.130600690841699785e-01,4.006999135017400016e-01,4.166076481342300131e-01
4.130600690841699785e-01,4.282532334327699974e-01,4.166076481342300131e-01,4.318081140518200134e-01
4.282532334327699974e-01,4.426279366016400152e-01,4.318081140518200134e-01,4.461880922317499887e-01
4.426279366016400152e-01,4.560896158218399887e-01,4.461880922317499887e-01,4.596185386180899890e-01
4.560896158218399887e-01,4.685728549957299816e-01,4.596185386180899890e-01,4.720117449760399819e-01
4.685728549957299816e-01,4.800538718700400054e-01,4.720117449760399819e-01,4.832226634025599821e-01
4.800538718700400054e-01,4.905271232128100012e-01,4.832226634025599821e-01,4.930926561355600257e-01
4.905271232128100012e-01,5.000000000000000000e-01,4.930926561355600257e-01,5.027500987052899717e-01
5.000000000000000000e-01,5.120660066604599825e-01,5.027500987052899717e-01,5.142852067947399908e-01
5.120660066604599825e-01,5.243076086044300421e-01,5.142852067947399908e-01,5.259172320365900211e-01
5.243076086044300421e-01,5.367240905761699876e-01,5.259172320365900211e-01,5.379673242568999703e-01
5.367240905761699876e-01,5.493147373199499528e-01,5.379673242568999703e-01,5.503445863723800402e-01
5.493147373199499528e-01,5.620783567428599969e-01,5.503445863723800402e-01,5.629819035530100324e-01
5.620783567428599969e-01,5.750139951705900421e-01,5.629819035530100324e-01,5.758410692215000237e-01
5.750139951705900421e-01,5.881201624870300293e-01,5.758410692215000237e-01,5.889002680778500087e-01
5.881201624870300293e-01,6.013954877853400216e-01,5.889002680778500087e-01,6.021465063095100545e-01
6.013954877853400216e-01,6.148383617401099732e-01,6.021465063095100545e-01,6.155713200569199461e-01
6.148383617401099732e-01,6.284468770027199502e-01,6.155713200569199461e-01,6.291689872741700329e-01
6.284468770027199502e-01,6.422191262245200427e-01,6.291689872741700329e-01,6.429350376129200351e-01
6.422191262245200427e-01,6.561529636383099939e-01,6.429350376129200351e-01,6.568658351898200021e-01
6.561529636383099939e-01,6.702460646629300189e-01,6.568658351898200021e-01,6.709579825401299491e-01
6.702460646629300189e-01,6.844959855079699729e-01,6.709579825401299491e-01,6.852083206176800001e-01
6.844959855079699729e-01,6.989001035690299846e-01,6.852083206176800001e-01,6.996136903762799619e-01
6.989001035690299846e-01,7.134554982185400407e-01,6.996136903762799619e-01,7.141708731651299491e-01
7.134554982185400407e-01,7.281592488288900489e-01,7.141708731651299491e-01,7.288765907287599877e-01
7.281592488288900489e-01,7.430081963539100220e-01,7.288765907287599877e-01,7.437273859977699964e-01
7.430081963539100220e-01,7.579990029334999768e-01,7.437273859977699964e-01,7.587198615074199903e-01
7.579990029334999768e-01,7.731281518936200525e-01,7.587198615074199903e-01,7.738502621650700242e-01
7.731281518936200525e-01,7.883920073509199655e-01,7.738502621650700242e-01,7.891147732734700160e-01
7.883920073509199655e-01,8.037866950035099656e-01,7.891147732734700160e-01,8.045095205307000175e-01
8.037866950035099656e-01,8.193082809448199999e-01,8.045095205307000175e-01,8.200303316116299701e-01
8.193082809448199999e-01,8.349525928497300020e-01,8.200303316116299701e-01,8.356730341911300375e-01
8.349525928497300020e-01,8.507152795791600441e-01,8.356730341911300375e-01,8.514331579208399559e-01
8.507152795791600441e-01,8.665919303893999670e-01,8.514331579208399559e-01,8.673062920570400181e-01
8.665919303893999670e-01,8.825778961181599547e-01,8.673062920570400181e-01,8.832876682281499692e-01
8.825778961181599547e-01,8.986684679984999757e-01,8.832876682281499692e-01,8.993725180625899984e-01
8.986684679984999757e-01,9.148587584495500025e-01,8.993725180625899984e-01,9.155559539794899671e-01
9.148587584495500025e-01,9.311436414718600174e-01,9.155559539794899671e-01,9.318329095840499621e-01
9.311436414718600174e-01,9.475181102752699980e-01,9.318329095840499621e-01,9.481981992721599806e-01
9.475181102752699980e-01,9.639768004417399450e-01,9.481981992721599806e-01,9.646465182304400088e-01
9.639768004417399450e-01,9.805143475532499542e-01,9.646465182304400088e-01,9.811725020408600395e-01
9.805143475532499542e-01,9.971252679824800236e-01,9.811725020408600395e-01,9.977706074714699502e-01
9.971252679824800236e-01,1.013803958892800061e+00,9.977706074714699502e-01,1.014435291290300079e+00
1.013803958892800061e+00,1.030544638633700050e+00,1.014435291290300079e+00,1.031160950660700015e+00
1.030544638633700050e+00,1.047341585159299981e+00,1.031160950660700015e+00,1.047941684722899947e+00
1.047341585159299981e+00,1.064188838005099891e+00,1.047941684722899947e+00,1.064771652221699894e+00
1.064188838005099891e+00,1.081080675125100088e+00,1.064771652221699894e+00,1.081645011901900100e+00
1.081080675125100088e+00,1.098010897636400029e+00,1.081645011901900100e+00,1.098555922508200000e+00
1.098010897636400029e+00,1.114973425865199985e+00,1.098555922508200000e+00,1.115498185157800082e+00
1.114973425865199985e+00,1.131962418556200056e+00,1.115498185157800082e+00,1.132465958595300082e+00
1.131962418556200056e+00,1.148971438407899948e+00,1.132465958595300082e+00,1.149452924728399994e+00
1.148971438407899948e+00,1.165994405746499929e+00,1.149452924728399994e+00,1.166453242301900062e+00
1.165994405746499929e+00,1.183025121688799919e+00,1.166453242301900062e+00,1.183460593223599977e+00
1.183025121688799919e+00,1.200057506561299947e+00,1.183460593223599977e+00,1.200469017028799934e+00
1.200057506561299947e+00,1.217085123062100038e+00,1.200469017028799934e+00,1.217472195625300069e+00
1.217085123062100038e+00,1.234102010726900067e+00,1.217472195625300069e+00,1.234464287757899958e+00
1.234102010726900067e+00,1.251101851463300108e+00,1.234464287757899958e+00,1.251438975334199899e+00
1.251101851463300108e+00,1.268078446388199998e+00,1.251438975334199899e+00,1.268390417098999912e+00
1.268078446388199998e+00,1.285025835037199915e+00,1.268390417098999912e+00,1.285312414169299977e+00
1.285025835037199915e+00,1.301937818527199919e+00,1.285312414169299977e+00,1.302199006080599908e+00
1.301937818527199919e+00,1.318808317184400059e+00,1.302199006080599908e+00,1.319044351577800089e+00
1.318808317184400059e+00,1.335631370544400065e+00,1.319044351577800089e+00,1.335842490196200050e+00
1.335631370544400065e+00,1.352401137351999960e+00,1.335842490196200050e+00,1.352587699890100081e+00
1.352401137351999960e+00,1.369111895561200054e+00,1.352587699890100081e+00,1.369274377822899957e+00
1.369111895561200054e+00,1.385757684707600079e+00,1.369274377822899957e+00,1.385896563530000014e+00
1.385757684707600079e+00,1.402332901954699951e+00,1.385896563530000014e+00,1.402449011802699985e+00
1.402332901954699951e+00,1.418832063674899890e+00,1.402449011802699985e+00,1.418926239013700075e+00
1.418832063674899890e+00,1.435249686241099942e+00,1.418926239013700075e+00,1.435322999954200096e+00
1.435249686241099942e+00,1.451580405235300075e+00,1.435322999954200096e+00,1.451634168624899912e+00
1.451580405235300075e+00,1.467819094657899948e+00,1.451634168624899912e+00,1.467855334281900070e+00
1.467819094657899948e+00,1.483960628509499946e+00,1.467855334281900070e+00,1.483981847763099937e+00
1.483960628509499946e+00,1.500000000000000000e+00,1.483981847763099937e+00,1.500000000000000000e+00
